Date,Quadrant,Active_Quadrant,Strategy_Value,Benchmark_Value,Strategy_Return,Benchmark_Return,Outperformance
2015-01-02,Unknown,Unknown,99955.0,99999.99999999999,-0.044999999999995044,-1.1102230246251565e-14,-0.04499999999998394
2015-01-05,Unknown,Unknown,99336.38346845715,98194.05783308407,-0.6636165315428544,-1.8059421669159303,1.1633347888676537
2015-01-06,Unknown,Unknown,99263.14626506441,97269.15425733647,-0.7368537349355941,-2.7308457426635235,2.0499736251973655
2015-01-07,Unknown,Unknown,99889.08427677806,98481.26435630102,-0.11091572322194931,-1.5187356436989763,1.429530712952265
2015-01-08,Unknown,Unknown,100621.32993555075,100228.79739815523,0.6213299355507518,0.2287973981552449,0.39163648331146383
2015-01-09,Unknown,Unknown,100478.17110956224,99425.57800883024,0.47817110956225317,-0.5744219911697601,1.058674359065348
2015-01-12,Unknown,Unknown,100242.65523837924,98646.75985888785,0.2426552383792524,-1.3532401411121553,1.617787935228976
2015-01-13,Unknown,Unknown,100041.1025031455,98369.27626353338,0.04110250314550701,-1.6307237364666216,1.6995410590734394
2015-01-14,Unknown,Unknown,99825.18920901952,97775.39052716695,-0.17481079098048413,-2.22460947283305,2.0964362001530734
2015-01-15,Unknown,Unknown,99876.42770924716,96879.70045868604,-0.12357229075283804,-3.1202995413139534,3.0932457845893824
2015-01-16,Unknown,Unknown,100507.07368793945,98150.24651691985,0.5070736879394522,-1.849753483080141,2.4012442705513948
2015-01-20,Unknown,Unknown,101057.97690433101,98359.57122514257,1.0579769043310039,-1.6404287748574276,2.7434093556709893
2015-01-21,Unknown,Unknown,101113.44015302442,98856.05773290302,1.1134401530244142,-1.1439422670969757,2.283504392032887
2015-01-22,Unknown,Unknown,102007.76526610172,100326.16979255367,2.007765266101713,0.3261697925536655,1.6761284488634676
2015-01-23,Unknown,Unknown,101880.64298520869,99776.05959340808,1.8806429852086914,-0.22394040659192704,2.1093069824333455
2015-01-26,Unknown,Unknown,101847.7606594604,100009.74976207002,1.8477606594603957,0.00974976207002154,1.837831713171112
2015-01-27,Unknown,Unknown,101212.85066878807,98690.58011978789,1.212850668788068,-1.3094198802121149,2.5557358624690663
2015-01-28,Unknown,Unknown,100713.12875790724,97424.91788732495,0.7131287579072332,-2.5750821126750534,3.3751230608017657
2015-01-29,Unknown,Unknown,100878.91476256239,98325.47389210502,0.8789147625623883,-1.6745261078949802,2.5969270926264
2015-01-30,Unknown,Unknown,100751.41885790556,97089.02516690876,0.7514188579055725,-2.91097483309124,3.772201528134267
2015-02-02,Unknown,Unknown,101300.55699488411,98291.41233801082,1.3005569948841167,-1.7085876619891804,3.0614522523343624
2015-02-03,Unknown,Unknown,101575.2698384872,99712.80242151888,1.5752698384872144,-0.28719757848112426,1.8678317846238635
2015-02-04,Unknown,Unknown,101430.10164546002,99333.10732967433,1.4301016454600246,-0.6668926703256695,2.1110729062627787
2015-02-05,Unknown,Unknown,101817.23642144808,100335.90166515202,1.8172364214480874,0.33590166515202746,1.4763755861183947
2015-02-06,Unknown,Unknown,101003.16008639104,100058.43595926925,1.0031600863910528,0.05843595926924294,0.9441723909279887
2015-02-09,Unknown,Unknown,100747.85263735909,99610.58198029295,0.747852637359081,-0.38941801970705514,1.1417167076597678
2015-02-10,Unknown,Unknown,101159.51072601174,100671.76755136067,1.1595107260117476,0.6717675513606691,0.48448853786364765
2015-02-11,Unknown,Unknown,101109.60570622876,100730.18562115823,1.1096057062287557,0.7301856211582303,0.3766696971030159
2015-02-12,Unknown,Unknown,101646.79903486559,101698.87367886251,1.646799034865598,1.6988736788625003,-0.05120474014428389
2015-02-13,Unknown,Unknown,101744.73860125495,102117.49626110042,1.744738601254947,2.1174962611004267,-0.36502820133033076
2015-02-17,Unknown,Unknown,101364.65962743046,102278.14371685975,1.3646596274304645,2.2781437168597485,-0.8931371417515321
2015-02-18,Unknown,Unknown,101517.48500267019,102287.89347892978,1.5174850026701936,2.28789347892977,-0.753176597989369
2015-02-19,Unknown,Unknown,101306.38838215462,102214.86865549885,1.3063883821546218,2.2148686554988473,-0.8887946394630086
2015-02-20,Unknown,Unknown,101674.75948251082,102828.17341338274,1.6747594825108347,2.8281734133827507,-1.1216905762149842
2015-02-23,Unknown,Unknown,101907.41686994435,102813.6292729003,1.907416869944356,2.8136292729002976,-0.8814127167426133
2015-02-24,Unknown,Unknown,102332.18034140555,103105.69278768059,2.332180341405543,3.1056927876805807,-0.7502131311681204
2015-02-25,Unknown,Unknown,102406.33846781828,103018.0969895597,2.406338467818281,3.0180969895597043,-0.593835976026047
2015-02-26,Unknown,Unknown,102085.56162893213,102896.37702419372,2.085561628932142,2.8963770241937192,-0.7879921710663762
2015-02-27,Unknown,Unknown,102053.16103479902,102545.89543961587,2.0531610347990226,2.545895439615875,-0.4805013430371652
2015-03-02,Unknown,Unknown,102019.76783840757,103193.315420009,2.01976783840756,3.193315420009002,-1.1372321713135736
2015-03-03,Unknown,Unknown,101674.722277255,102769.80901200025,1.674722277255003,2.769809012000235,-1.0655724139930767
2015-03-04,Unknown,Unknown,101389.53516548204,102336.579676129,1.3895351654820365,2.3365796761289914,-0.9254213045268189
2015-03-05,Unknown,Unknown,101421.81597930296,102448.51410048158,1.421815979302954,2.4485141004815913,-1.0021600900640082
2015-03-06,Unknown,Unknown,99842.05348827317,101007.66921651269,-0.15794651172682528,1.0076692165126966,-1.1539873529216704
2015-03-09,Unknown,Unknown,100282.64354263654,101426.25601980722,0.28264354263654035,1.426256019807215,-1.1275309984303816
2015-03-10,Unknown,Unknown,99505.88265070158,99780.95236391478,-0.49411734929842854,-0.21904763608522337,-0.2756735696508361
2015-03-11,Unknown,Unknown,99452.0466485851,99547.28008472452,-0.5479533514148982,-0.45271991527547906,-0.0956665376074195
2015-03-12,Unknown,Unknown,100194.61840717826,100812.94231718748,0.19461840717827084,0.8129423171874706,-0.613337827264071
2015-03-13,Unknown,Unknown,99776.20737621193,100194.72689932521,-0.22379262378807718,0.19472689932520382,-0.41770613690459424
2015-03-16,Unknown,Unknown,100765.65681269807,101533.360286804,0.7656568126980678,1.5333602868039975,-0.7561095899292436
2015-03-17,Unknown,Unknown,100699.16537922343,101231.58278889707,0.699165379223432,1.2315827888970565,-0.525940022872029
2015-03-18,Unknown,Unknown,102011.35508959979,102448.51410048158,2.011355089599798,2.4485141004815913,-0.42671093350659106
2015-03-19,Unknown,Unknown,101618.31451062474,101981.22321051614,1.6183145106247299,1.9812232105161476,-0.35585835163229884
2015-03-20,Unknown,Unknown,102379.42854575123,102881.36775744738,2.3794285457512387,2.881367757447384,-0.4878815500193645
2015-03-23,Unknown,Unknown,102297.0349790586,102680.93411665366,2.2970349790585987,2.680934116653666,-0.3738757744051302
2015-03-24,Unknown,Unknown,102175.68014051561,102103.9539310325,2.1756801405156123,2.1039539310325095,0.07024821931143066
2015-03-25,Unknown,Unknown,101115.34499350411,100607.74113218888,1.1153449935041193,0.6077411321888881,0.5045375789207718
2015-03-26,Unknown,Unknown,100714.03277825462,100368.14743786986,0.7140327782546141,0.36814743786985904,0.3446166430429276
2015-03-27,Unknown,Unknown,101069.0124549476,100597.97348064717,1.0690124549475932,0.5979734806471626,0.4682390290804861
2015-03-30,Unknown,Unknown,101588.06436623668,101825.27174107493,1.5880643662366856,1.8252717410749408,-0.23295530744217308
2015-03-31,Unknown,Unknown,101090.36964267679,100935.35102721346,1.0903696426767917,0.9353510272134491,0.15358208386428984
2015-04-01,Unknown,Unknown,101225.7109388782,100578.4113433562,1.2257109388781995,0.578411343356211,0.6435770727300838
2015-04-02,Unknown,Unknown,101201.66829761807,100940.252742456,1.2016682976180748,0.9402527424559937,0.2589804840583021
2015-04-06,Unknown,Unknown,101624.06241029414,101619.87377188777,1.624062410294136,1.6198737718877698,0.004121869326234595
2015-04-07,Unknown,Unknown,101577.86008315058,101350.9771229436,1.577860083150573,1.3509771229436085,0.22385868064376258
2015-04-08,Unknown,Unknown,101734.7539295241,101693.2295505449,1.734753929524091,1.6932295505448947,0.04083298284727199
2015-04-09,Unknown,Unknown,101675.81920889164,102143.07820561442,1.675819208891638,2.1430782056144126,-0.4574553703797668
2015-04-10,Unknown,Unknown,102155.80057316826,102700.48730920878,2.155800573168265,2.7004873092087767,-0.5303643150208037
2015-04-13,Unknown,Unknown,101829.91023188469,102235.969287355,1.8299102318846794,2.2359692873549886,-0.3971782713078187
2015-04-14,Unknown,Unknown,102027.85235383578,102431.53699184954,2.0278523538357796,2.4315369918495477,-0.39410190442215054
2015-04-15,Unknown,Unknown,102375.5523450705,102891.18013266832,2.3755523450704974,2.891180132668314,-0.501138957618108
2015-04-16,Unknown,Unknown,102223.08331128495,102861.83245436395,2.223083311284957,2.861832454363955,-0.6209777988958054
2015-04-17,Unknown,Unknown,101786.36622270552,101678.56018376065,1.7863662227055155,1.6785601837606468,0.10602632329768102
2015-04-20,Unknown,Unknown,102092.83249403247,102607.56044852483,2.0928324940324705,2.607560448524837,-0.5016472005009653
2015-04-21,Unknown,Unknown,101986.3451969259,102485.36641215911,1.9863451969259094,2.485366412159107,-0.4869194819739686
2015-04-22,Unknown,Unknown,101851.24461422446,102988.99976385897,1.8512446142244565,2.9889997638589794,-1.104734634032023
2015-04-23,Unknown,Unknown,102164.93923823696,103248.11087178973,2.1649392382369514,3.2481108717897333,-1.0490958375963144
2015-04-24,Unknown,Unknown,102291.32180476437,103487.67773190122,2.291321804764368,3.4876777319012175,-1.1560370793479047
2015-04-27,Unknown,Unknown,102231.08871977004,103057.4001588585,2.231088719770047,3.057400158858492,-0.801797287545325
2015-04-28,Unknown,Unknown,102243.76314603846,103385.01005388307,2.243763146038469,3.385010053883075,-1.1038804438378569
2015-04-29,Unknown,Unknown,101675.5506642654,102959.64314081876,1.6755506642654128,2.9596431408187573,-1.2471803877535659
2015-04-30,Unknown,Unknown,100906.94182062357,101927.94836382891,0.9069418206235635,1.927948363828902,-1.0016943925535315
2015-05-01,Unknown,Unknown,101280.61704470853,103032.96314053252,1.2806170447085208,3.0329631405325186,-1.7007625932623727
2015-05-04,Unknown,Unknown,101367.5413212147,103326.34153148188,1.3675413212147047,3.32634153148188,-1.8957413774979837
2015-05-05,Unknown,Unknown,100654.28526242566,102143.07820561442,0.6542852624256579,2.1430782056144126,-1.4575563702826866
2015-05-06,Unknown,Unknown,100072.14286263069,101722.55039464173,0.07214286263068637,1.7225503946417309,-1.6224598435726767
2015-05-07,Unknown,Unknown,100483.9941029123,102128.38200462263,0.4839941029123107,2.128382004622642,-1.6101184307765748
2015-05-08,Unknown,Unknown,101395.62529730413,103473.03519932448,1.395625297304126,3.4730351993244923,-2.007682386061793
2015-05-11,Unknown,Unknown,100600.64301633273,102979.21422284556,0.6006430163327359,2.979214222845572,-2.3097585512408703
2015-05-12,Unknown,Unknown,100547.10428544783,102671.14857564025,0.5471042854478192,2.6711485756402586,-2.0687839959514953
2015-05-13,Unknown,Unknown,100591.05133354667,102690.68387872369,0.5910513335466661,2.6906838787236875,-2.044618329406256
2015-05-14,Unknown,Unknown,101342.66223945015,103761.5118750313,1.342662239450143,3.761511875031287,-2.331162674744347
2015-05-15,Unknown,Unknown,101808.59095449962,103873.97403879868,1.8085909544996337,3.8739740387986776,-1.988354737951592
2015-05-18,Unknown,Unknown,101689.2719218646,104196.7001080524,1.689271921864588,4.196700108052398,-2.4064372322612937
2015-05-19,Unknown,Unknown,101362.83032136239,104162.46860397718,1.362830321362396,4.162468603977176,-2.6877610718491485
2015-05-20,Unknown,Unknown,101365.90056121428,104089.1486042634,1.3659005612142838,4.089148604263415,-2.616265076201796
2015-05-21,Unknown,Unknown,101770.03689909297,104392.2767572828,1.7700368990929638,4.392276757282798,-2.511909826707459
2015-05-22,Unknown,Unknown,101619.10613057484,104142.90646668621,1.6191061305748544,4.1429064666862025,-2.423401095415645
2015-05-26,Unknown,Unknown,101110.80870091116,103023.2133784625,1.110808700911159,3.023213378462497,-1.8562852146010944
2015-05-27,Unknown,Unknown,101743.12238150819,104001.09662461447,1.7431223815081998,4.001096624614475,-2.1711061867513703
2015-05-28,Unknown,Unknown,101637.50005519127,103883.76852454792,1.6375000551912766,3.883768524547926,-2.162290126032407
2015-05-29,Unknown,Unknown,101295.89382419184,103238.31638604047,1.2958938241918405,3.238316386040485,-1.8814938385718238
2015-06-01,Unknown,Unknown,101211.53645448355,103448.58029152683,1.2115364544835527,3.448580291526837,-2.1624693453879296
2015-06-02,Unknown,Unknown,100929.52656910573,103345.90366877285,0.9295265691057208,3.345903668772854,-2.338145019672666
2015-06-03,Unknown,Unknown,100727.46609508914,103619.71992243125,0.7274660950891354,3.6197199224312415,-2.791219499055997
2015-06-04,Unknown,Unknown,100363.9902102317,102744.49540956155,0.36399021023170164,2.744495409561565,-2.316917504768168
2015-06-05,Unknown,Unknown,99981.67930988246,102568.4361739429,-0.01832069011754589,2.5684361739428896,-2.5219813819464254
2015-06-08,Unknown,Unknown,99609.37844310603,101937.72496010647,-0.3906215568939664,1.9377249601064683,-2.284087189420436
2015-06-09,Unknown,Unknown,99479.21136662737,101923.06453805805,-0.5207886333726375,1.9230645380580613,-2.3977430255917698
2015-06-10,Unknown,Unknown,100145.05827830666,103145.43424903575,0.1450582783066645,3.14543424903575,-2.9088790915213325
2015-06-11,Unknown,Unknown,100674.68938033935,103477.94585930287,0.6746893803393439,3.477945859302878,-2.7090376173248165
2015-06-12,Unknown,Unknown,100193.26629256639,102685.7732187453,0.19326629256639638,2.685773218745302,-2.4273147565137987
2015-06-15,Unknown,Unknown,100000.37856015582,102245.72799416087,0.0003785601558226048,2.245727994160873,-2.196032517009694
2015-06-16,Unknown,Unknown,100444.58605160566,102803.15498722691,0.44458605160566655,2.803154987226919,-2.2942573463959337
2015-06-17,Unknown,Unknown,100449.83916613499,102969.39290288878,0.449839166134991,2.969392902888779,-2.4468957869160257
2015-06-18,Unknown,Unknown,101136.5539077076,104040.21195446055,1.1365539077075937,4.04021195446056,-2.790899780196443
2015-06-19,Unknown,Unknown,101072.42066533976,103578.34157441661,1.0724206653397461,3.5783415744166103,-2.4193483608505706
2015-06-22,Unknown,Unknown,100889.21631565318,104109.01486257307,0.889216315653174,4.109014862573068,-3.092718292618668
2015-06-23,Unknown,Unknown,100760.23888777827,104182.72843066398,0.7602388877782751,4.1827284306639845,-3.2850834245173988
2015-06-24,Unknown,Unknown,100430.61331771458,103426.06639140732,0.4306133177145899,3.426066391407323,-2.8962264332442977
2015-06-25,Unknown,Unknown,100164.25158578285,103111.57842386598,0.1642515857828597,3.1115784238659794,-2.8583859185700833
2015-06-26,Unknown,Unknown,99961.13662116848,103091.92683921658,-0.0388633788315218,3.0919268392165744,-3.036891747043313
2015-06-29,Unknown,Unknown,99168.91172299998,100930.07363306546,-0.8310882770000139,0.9300736330654535,-1.7449327506370849
2015-06-30,Unknown,Unknown,99108.97973315042,101141.35723843802,-0.8910202668495737,1.1413572384380233,-2.0094425868701027
2015-07-01,Unknown,Unknown,99231.28398820086,101952.05442692866,-0.7687160117991421,1.952054426928651,-2.668676422482341
2015-07-02,Unknown,Unknown,99222.48385341356,101858.6982189242,-0.7775161465864322,1.858698218924193,-2.588109225433688
2015-07-06,Unknown,Unknown,99449.03057395507,101568.80827495402,-0.5509694260449338,1.5688082749540255,-2.0870361058688003
2015-07-07,Unknown,Unknown,99897.7707574326,102207.53397210673,-0.10222924256739763,2.2075339721067344,-2.2598756910664486
2015-07-08,Unknown,Unknown,99101.71685219006,100492.783387121,-0.8982831478099418,0.49278338712099856,-1.3842452045260134
2015-07-09,Unknown,Unknown,98824.74093839414,100674.5761984157,-1.17525906160586,0.6745761984157106,-1.8374403249294957
2015-07-10,Unknown,Unknown,99255.95021335236,101942.21521750018,-0.7440497866476381,1.9422152175001761,-2.6350859635691726
2015-07-13,Unknown,Unknown,99807.42056067273,103067.37353932463,-0.1925794393272673,3.067373539324625,-3.16293397872226
2015-07-14,Unknown,Unknown,100111.87222451495,103514.47616049003,0.11187222451496392,3.514476160490032,-3.2870802830510693
2015-07-15,Unknown,Unknown,100251.65988504182,103480.11048537714,0.2516598850418328,3.4801104853771303,-3.1198754864023237
2015-07-16,Unknown,Unknown,100840.68250018323,104310.43242430963,0.8406825001832319,4.31043242430964,-3.326369034702392
2015-07-17,Unknown,Unknown,100898.72903630721,104398.88691707156,0.8987290363072109,4.398886917071554,-3.3526773935288023
2015-07-20,Unknown,Unknown,100582.76034390854,104452.92206630553,0.5827603439085394,4.45292206630552,-3.7051732453595276
2015-07-21,Unknown,Unknown,100422.21430301123,104040.21195446055,0.42221430301123686,4.04021195446056,-3.477499308664378
2015-07-22,Unknown,Unknown,100389.64523987847,103853.48164897994,0.38964523987847777,3.8534816489799395,-3.335310818763959
2015-07-23,Unknown,Unknown,100262.21038265296,103268.82688000458,0.26221038265297203,3.2688268800045828,-2.911446356261227
2015-07-24,Unknown,Unknown,99778.13460306489,102197.70370741411,-0.22186539693511698,2.1977037074141226,-2.3675376418205163
2015-07-27,Unknown,Unknown,99498.8499060943,101603.20078427444,-0.5011500939057001,1.6032007842744278,-2.071146245331512
2015-07-28,Unknown,Unknown,100089.585565419,102851.16138450199,0.08958556541900364,2.851161384501988,-2.6850215222743445
2015-07-29,Unknown,Unknown,100439.14173707359,103558.69893450306,0.4391417370735784,3.5586989345030684,-3.012356498803137
2015-07-30,Unknown,Unknown,100533.45221319367,103583.27012386669,0.5334522131936748,3.5832701238666997,-2.9443151457045125
2015-07-31,Unknown,Unknown,100654.72891512146,103426.06639140732,0.6547289151214608,3.426066391407323,-2.6795348338957026
2015-08-03,Unknown,Unknown,100598.79561822698,103077.18591454557,0.5987956182269771,3.077185914545577,-2.404402365401448
2015-08-04,Unknown,Unknown,100330.96218585414,102875.78624228068,0.3309621858541334,2.875786242280687,-2.4736861309942015
2015-08-05,Unknown,Unknown,100337.00494408798,103214.80067550644,0.33700494408797077,3.214800675506435,-2.7881618843269007
2015-08-06,Unknown,Unknown,100069.77850386153,102369.68414348787,0.0697785038615173,2.3696841434878824,-2.2466667342673996
2015-08-07,Unknown,Unknown,100255.1523546243,102173.13251805046,0.2551523546242995,2.173132518050469,-1.877186415017007
2015-08-10,Unknown,Unknown,100837.37109903201,103460.46784546359,0.8373710990320138,3.4604678454635884,-2.535361381073231
2015-08-11,Unknown,Unknown,100675.35896156731,102526.91471015477,0.6753589615673183,2.5269147101547818,-1.8059216487903096
2015-08-12,Unknown,Unknown,100762.20161824033,102649.71698855789,0.7622016182403213,2.649716988557893,-1.8387925711747966
2015-08-13,Unknown,Unknown,100539.72494445373,102521.98616070469,0.5397249444537344,2.5219861607046923,-1.9334986479326854
2015-08-14,Unknown,Unknown,100807.04090471912,102895.40204798672,0.8070409047191252,2.895402047986728,-2.029596174077497
2015-08-17,Unknown,Unknown,101264.31801404273,103470.27127594867,1.2643180140427202,3.4702712759486776,-2.131968182457755
2015-08-18,Unknown,Unknown,100918.6171705954,103170.56001202171,0.9186171705954038,3.170560012021717,-2.182737828663439
2015-08-19,Unknown,Unknown,100779.6623182888,102354.94321881686,0.7796623182888096,2.354943218816863,-1.539037442637614
2015-08-20,Unknown,Unknown,99914.97107862933,100217.66120202937,-0.08502892137066675,0.21766120202937334,-0.30203271536126675
2015-08-21,Unknown,Unknown,98278.22051917267,97200.83436495953,-1.7217794808273346,-2.799165635040468,1.108412454740737
2015-08-24,Unknown,Unknown,95825.81593661911,93108.02736373589,-4.174184063380892,-6.89197263626411,2.918962682203441
2015-08-25,Unknown,Unknown,94714.32892422046,92012.32405704595,-5.2856710757795415,-7.987675942954054,2.936568437831566
2015-08-26,Unknown,Unknown,96233.86266719732,95545.0564233937,-3.766137332802677,-4.454943576606296,0.7209229546647267
2015-08-27,Unknown,Unknown,97632.62343709632,97908.34508075306,-2.367376562903678,-2.0916549192469436,-0.2816119947991469
2015-08-28,Unknown,Unknown,97783.50344030216,97913.26468546731,-2.2164965596978448,-2.086735314532695,-0.13252672718245817
2015-08-31,Unknown,Unknown,97169.92292855158,97122.21908162607,-2.8300770714484225,-2.877780918373929,0.049117336255899424
2015-09-01,Unknown,Unknown,95659.85408757912,94223.36436560354,-4.340145912420878,-5.776635634396454,1.5245578754774058
2015-09-02,Unknown,Unknown,96472.60642557903,96011.82851868018,-3.5273935744209783,-3.9881714813198244,0.47991785388108443
2015-09-03,Unknown,Unknown,96545.44348130484,96080.61353732101,-3.454556518695162,-3.9193864626789865,0.48379160672540333
2015-09-04,Unknown,Unknown,95855.81316146048,94626.21737854838,-4.144186838539521,-5.373782621451628,1.2994240042303984
2015-09-08,Unknown,Unknown,96936.16657210112,97004.27379478629,-3.0638334278988766,-2.9957262052137112,-0.07021053817612977
2015-09-09,Unknown,Unknown,96154.77030361314,95707.15292635978,-3.8452296963868537,-4.292847073640226,0.4676947997792613
2015-09-10,Unknown,Unknown,96339.8852573579,96227.98700508777,-3.6601147426420955,-3.7720129949122327,0.11628451945506768
2015-09-11,Unknown,Unknown,96707.13860109124,96665.30408523975,-3.292861398908764,-3.334695914760244,0.043277695391719107
2015-09-14,Unknown,Unknown,96535.57877128376,96306.61123315706,-3.4644212287162413,-3.693388766842942,0.23774851507585293
2015-09-15,Unknown,Unknown,96808.75657010739,97510.36694884326,-3.1912434298926096,-2.4896330511567366,-0.7195238831415263
2015-09-16,Unknown,Unknown,97350.14030167495,98355.47453612598,-2.649859698325041,-1.6445254638740137,-1.0221436470033707
2015-09-17,Unknown,Unknown,97568.6685003521,98134.35172132496,-2.431331499647904,-1.8656482786750472,-0.5764375175975611
2015-09-18,Unknown,Unknown,97021.49583708365,96530.71264499416,-2.978504162916351,-3.4692873550058456,0.5084218054977274
2015-09-21,Unknown,Unknown,96909.37604552838,97029.54267354576,-3.0906239544716274,-2.9704573264542455,-0.12384540286011214
2015-09-22,Unknown,Unknown,96395.74013904386,95770.08808775859,-3.6042598609561383,-4.229911912241413,0.6532854503714658
2015-09-23,Unknown,Unknown,96342.67612871506,95617.03471273086,-3.6573238712849454,-4.382965287269136,0.758903910965536
2015-09-24,Unknown,Unknown,96485.14544051753,95271.28489341451,-3.514854559482472,-4.72871510658549,1.2741095582588624
2015-09-25,Unknown,Unknown,96227.49560888983,95246.60636722075,-3.7725043911101652,-4.753393632779246,1.0298416700404989
2015-09-28,Unknown,Unknown,95065.8900630849,92856.1793813105,-4.93410993691511,-7.1438206186895,2.37971311817633
2015-09-29,Unknown,Unknown,95118.9887336343,92910.47392788396,-4.881011266365709,-7.089526072116048,2.3770353463750116
2015-09-30,Unknown,Unknown,95958.75770795514,94644.04423708559,-4.041242292044855,-5.355955762914411,1.3891137910127416
2015-10-01,Unknown,Unknown,96096.07251378475,94890.98155953258,-3.903927486215253,-5.109018440467416,1.2699741687213217
2015-10-02,Unknown,Unknown,97278.31576684907,96308.44490400508,-2.721684233150923,-3.691555095994914,1.0070465407376439
2015-10-05,Unknown,Unknown,98038.19239288903,98022.24734699134,-1.9618076071109658,-1.9777526530086575,0.016266762219041553
2015-10-06,Unknown,Unknown,98014.51484004641,97686.41723972607,-1.9854851599535928,-2.3135827602739245,0.335868188834465
2015-10-07,Unknown,Unknown,98422.98577244679,98486.50597150564,-1.5770142275532084,-1.5134940284943554,-0.0644963474257354
2015-10-08,Unknown,Unknown,98753.1642175468,99375.51432231102,-1.246835782453204,-0.6244856776889796,-0.6262610151085202
2015-10-09,Unknown,Unknown,98994.80402128947,99434.75530780625,-1.005195978710527,-0.565244692193756,-0.44245222422972796
2015-10-12,Unknown,Unknown,99236.03438426941,99528.63031048967,-0.7639656157305885,-0.471369689510337,-0.29398166668974657
2015-10-13,Unknown,Unknown,98936.78364665995,98901.39859889657,-1.0632163533400463,-1.0986014011034273,0.035778106543160604
2015-10-14,Unknown,Unknown,98991.92888866802,98427.22920706705,-1.0080711113319873,-1.5727707929329426,0.5737230298467288
2015-10-15,Unknown,Unknown,99769.42037905523,99938.54072001544,-0.2305796209447708,-0.061459279984554804,-0.16922434502423256
2015-10-16,Unknown,Unknown,99979.88252412506,100392.9243561579,-0.02011747587493673,0.39292435615789767,-0.41142524204945685
2015-10-19,Unknown,Unknown,99914.74683330976,100442.3171874888,-0.08525316669023564,0.44231718748881654,-0.5252470959966615
2015-10-20,Unknown,Unknown,99782.54562776003,100313.90655971147,-0.2174543722399669,0.3139065597114632,-0.5296981746345852
2015-10-21,Unknown,Unknown,99503.51123826229,99691.58550809677,-0.4964887617377123,-0.30841449190323056,-0.1886561126256847
2015-10-22,Unknown,Unknown,100556.78578867426,101375.76298596749,0.5567857886742633,1.375762985967488,-0.8078629182860952
2015-10-23,Unknown,Unknown,101050.77823554275,102486.97646461104,1.0507782355427375,2.486976464611046,-1.4013470575592768
2015-10-26,Unknown,Unknown,101018.70961323351,102235.12848218565,1.018709613233515,2.2351284821856554,-1.1898247569220755
2015-10-27,Unknown,Unknown,100969.26028826348,102037.57504633372,0.9692602882634738,2.037575046333706,-1.0469817198077602
2015-10-28,Unknown,Unknown,101516.32443697179,103198.20819051571,1.5163244369717832,3.1982081905157056,-1.6297606160360578
2015-10-29,Unknown,Unknown,101078.67069745797,103138.93142607712,1.078670697457973,3.1389314260771295,-1.9975587298922126
2015-10-30,Unknown,Unknown,100913.44815914962,102694.45855724988,0.9134481591496213,2.694458557249879,-1.7342809175116214
2015-11-02,Unknown,Unknown,101500.7140982862,103909.45780589207,1.5007140982862044,3.9094578058920693,-2.318117867678149
2015-11-03,Unknown,Unknown,101383.12877492487,104210.69861964836,1.38312877492488,4.2106986196483565,-2.7133201122119366
2015-11-04,Unknown,Unknown,101121.6624913195,103894.60059965508,1.1216624913195083,3.8946005996550737,-2.6689915475210824
2015-11-05,Unknown,Unknown,100979.01769190346,103790.87744280735,0.9790176919034499,3.79087744280735,-2.709158858834515
2015-11-06,Unknown,Unknown,100531.60184550614,103736.57395149805,0.5316018455061355,3.7365739514980456,-3.089529549617087
2015-11-09,Unknown,Unknown,99865.57485998447,102768.52991477455,-0.13442514001553718,2.7685299147745646,-2.824750978920776
2015-11-10,Unknown,Unknown,100044.4373470556,103005.5922488497,0.044437347055592546,3.005592248849709,-2.874751590807112
2015-11-11,Unknown,Unknown,99727.67463381446,102600.61038877399,-0.27232536618554404,2.600610388773994,-2.800115656304003
2015-11-12,Unknown,Unknown,98947.15532112427,101168.33456174372,-1.0528446788757306,1.1683345617437224,-2.195528126702373
2015-11-13,Unknown,Unknown,98336.06115937424,100032.38888849133,-1.6639388406257671,0.03238888849133037,-1.6957784853144253
2015-11-16,Unknown,Unknown,99257.5983967504,101553.57538981158,-0.7424016032495984,1.553575389811579,-2.2608529382132647
2015-11-17,Unknown,Unknown,99120.20722718905,101479.49508755107,-0.87979277281095,1.4794950875510748,-2.3248912091320073
2015-11-18,Unknown,Unknown,100146.44910096591,103089.57437368958,0.14644910096590635,3.089574373689574,-2.854920384145865
2015-11-19,Unknown,Unknown,100318.79714486992,103000.69053360715,0.31879714486993116,3.000690533607142,-2.6037625328950376
2015-11-20,Unknown,Unknown,100447.0797324165,103376.00270488812,0.447079732416511,3.3760027048881147,-2.8332716450963358
2015-11-23,Unknown,Unknown,100357.81298956921,103257.47601021845,0.35781298956920615,3.257476010218441,-2.808187002713769
2015-11-24,Unknown,Unknown,100501.64322112472,103395.77951583933,0.5016432211247146,3.3957795158393367,-2.799085521930089
2015-11-25,Unknown,Unknown,100492.95301936583,103380.93125433818,0.49295301936582714,3.380931254338182,-2.793530876470185
2015-11-27,Unknown,Unknown,100437.32443804861,103499.47583847953,0.437324438048603,3.4994758384795377,-2.9586153703905493
2015-11-30,Unknown,Unknown,100311.13070904935,103069.79756273837,0.31113070904935647,3.0697975627383745,-2.6765036110697915
2015-12-01,Unknown,Unknown,101196.72937686642,104052.62724781211,1.1967293768664344,4.052627247812102,-2.7446667580474204
2015-12-02,Unknown,Unknown,100413.91884288557,102990.79765576363,0.41391884288557446,2.9907976557636218,-2.502047630984483
2015-12-03,Unknown,Unknown,99112.0912098892,101548.62895088982,-0.8879087901108029,1.5486289508898299,-2.3993802439016276
2015-12-04,Unknown,Unknown,100684.05537231461,103529.10080359507,0.6840553723146181,3.5291008035950755,-2.7480635002111953
2015-12-07,Unknown,Unknown,100363.50885129508,102901.88698147365,0.36350885129508015,2.9018869814736448,-2.466794540546746
2015-12-08,Unknown,Unknown,99967.67304912719,102210.42312178436,-0.03232695087280746,2.210423121784366,-2.1942479095159673
2015-12-09,Unknown,Unknown,99445.76048614988,101415.25399471902,-0.5542395138501188,1.4152539947190235,-1.9420091465448541
2015-12-10,Unknown,Unknown,99621.8304663703,101677.048523403,-0.37816953362970196,1.677048523403002,-2.021319547409617
2015-12-11,Unknown,Unknown,98773.44224376496,99706.44271433375,-1.226557756235036,-0.29355728566624606,-0.9357474253112286
2015-12-14,Unknown,Unknown,98711.17152705649,100210.17445812789,-1.288828472943515,0.2101744581278986,-1.4958590174870445
2015-12-15,Unknown,Unknown,99214.27258488302,101262.15589601207,-0.785727415116988,1.2621558960120849,-2.02235800038868
2015-12-16,Unknown,Unknown,100185.65706520504,102743.84244384494,0.185657065205036,2.743842443844935,-2.489867341722296
2015-12-17,Unknown,Unknown,99244.51053867933,101178.2184948514,-0.7554894613206686,1.1782184948514018,-1.9111899625614326
2015-12-18,Unknown,Unknown,98393.17551083707,99375.72005123543,-1.606824489162928,-0.6242799487645723,-0.988716901766129
2015-12-21,Unknown,Unknown,98987.07084871079,100195.46931240025,-1.0129291512892102,0.19546931240024268,-1.2060410235933738
2015-12-22,Unknown,Unknown,99352.46960964841,101104.65698726985,-0.6475303903515917,1.1046569872698475,-1.7330431948768266
2015-12-23,Unknown,Unknown,99943.32341656611,102356.6784975706,-0.05667658343389004,2.3566784975705968,-2.3577895613931643
2015-12-24,Unknown,Unknown,100015.78684847719,102187.7571611555,0.015786848477183923,2.1877571611555124,-2.1254701864656833
2015-12-28,Unknown,Unknown,99859.79780036055,101954.28166615382,-0.1402021996394498,1.9542816661538343,-2.0543363471988263
2015-12-29,Unknown,Unknown,100197.7711649568,103042.31038948958,0.1977711649567837,3.0423103894895664,-2.7605545855684976
2015-12-30,Unknown,Unknown,99664.55323321054,102311.99059729367,-0.33544676678946006,2.3119905972936783,-2.587612017543095
2015-12-31,Unknown,Unknown,99130.14162221477,101288.48919833699,-0.8698583777852376,1.288489198336995,-2.1308912722509676
2016-01-04,Unknown,Unknown,98445.07106827002,99872.53751422212,-1.554928931729982,-0.127462485777885,-1.4292882522873973
2016-01-05,Unknown,Unknown,98493.3396747889,100041.45885063721,-1.5066603252110955,0.04145885063719934,-1.547477609417569
2016-01-06,Unknown,Unknown,98153.50763713835,98779.53551775709,-1.8464923628616514,-1.2204644822429112,-0.6337627296356341
2016-01-07,Unknown,Unknown,96928.05801015103,96409.64564534479,-3.0719419898489697,-3.590354354655212,0.5377183593364476
2016-01-08,Unknown,Unknown,96345.85480289807,95351.41183710562,-3.6541451971019323,-4.648588162894374,1.0429242175158393
2016-01-11,Unknown,Unknown,96092.66936195642,95445.805634468,-3.9073306380435824,-4.554194365532005,0.6777288149944827
2016-01-12,Unknown,Unknown,96783.35336540552,96215.89372222658,-3.2166466345944777,-3.7841062777734136,0.5897774486377294
2016-01-13,Unknown,Unknown,95609.6480462496,93816.23576892527,-4.390351953750404,-6.183764231074729,1.911622506089028
2016-01-14,Unknown,Unknown,96168.696321344,95356.35827602739,-3.831303678655995,-4.643641723972614,0.85189709422957
2016-01-15,Unknown,Unknown,95371.67412260635,93309.42703600076,-4.6283258773936575,-6.69057296399923,2.2101165467556916
2016-01-19,Unknown,Unknown,95372.34931674675,93433.6336379314,-4.627650683253249,-6.566366362068599,2.0749655165164027
2016-01-20,Unknown,Unknown,95010.8658269605,92236.28235310953,-4.989134173039512,-7.763717646890466,3.008125873101619
2016-01-21,Unknown,Unknown,95188.66756654409,92752.98396387757,-4.811332433455917,-7.247016036122423,2.625989481497526
2016-01-22,Unknown,Unknown,96190.26610458687,94655.82445419222,-3.8097338954131255,-5.344175545807783,1.621074729677341
2016-01-25,Unknown,Unknown,95557.0254187884,93224.97084016114,-4.442974581211601,-6.775029159838852,2.5015342537630714
2016-01-26,Unknown,Unknown,96435.53180753703,94496.84071929987,-3.564468192462966,-5.503159280700132,2.051593549033015
2016-01-27,Unknown,Unknown,95860.18773869498,93468.41971562894,-4.13981226130502,-6.531580284371053,2.5589049545748477
2016-01-28,Unknown,Unknown,96067.47647474003,93955.30852182873,-3.9325235252599677,-6.044691478171272,2.24805600252016
2016-01-29,Unknown,Unknown,97636.16862351133,96245.6796925873,-2.3638313764886676,-3.754320307412695,1.4447286728768605
2016-02-01,Unknown,Unknown,97657.70689213731,96210.92939383314,-2.3422931078626807,-3.7890706061668555,1.5037558699613873
2016-02-02,Unknown,Unknown,97017.13373641839,94476.95657151852,-2.9828662635816183,-5.523043428481489,2.688673785736273
2016-02-03,Unknown,Unknown,97289.5705717688,95043.38196884369,-2.710429428231209,-4.956618031156312,2.363329835696959
2016-02-04,Unknown,Unknown,97605.00675173957,95192.42810221328,-2.3949932482604352,-4.807571897786723,2.5344228502457877
2016-02-05,Unknown,Unknown,96723.52133572381,93379.00813613171,-3.2764786642761945,-6.620991863868286,3.581654235089249
2016-02-08,Unknown,Unknown,96574.35106544364,92122.00440796581,-3.425648934556358,-7.877995592034193,4.833097896741845
2016-02-09,Unknown,Unknown,96576.0814601693,92126.94190215174,-3.423918539830706,-7.873058097848262,4.829357695106173
2016-02-10,Unknown,Unknown,96801.90851785266,92047.48581364895,-3.198091482147336,-7.952514186351056,5.165184754561447
2016-02-11,Unknown,Unknown,96684.82636182685,90850.1166393554,-3.315173638173141,-9.149883360644594,6.422346980173188
2016-02-12,Unknown,Unknown,97365.66514629812,92723.189048781,-2.6343348537018807,-7.276810951219003,5.006812368235902
2016-02-16,Unknown,Unknown,97722.31286373977,94288.18686626546,-2.2776871362602202,-5.711813133734545,3.642159332584405
2016-02-17,Unknown,Unknown,98571.9670532666,95828.3540970468,-1.428032946733393,-4.171645902953203,2.8630492322150314
2016-02-18,Unknown,Unknown,98867.23317409464,95435.88592241693,-1.1327668259053625,-4.564114077583071,3.5954475808682274
2016-02-19,Unknown,Unknown,98790.63986660674,95391.15329846078,-1.2093601333932558,-4.6088467015392265,3.5637335859748154
2016-02-22,Unknown,Unknown,99396.71196417455,96772.33679434979,-0.6032880358254444,-3.227663205650211,2.711906374031048
2016-02-23,Unknown,Unknown,98925.05906962315,95550.13703335312,-1.0749409303768442,-4.449862966646878,3.5320954433502916
2016-02-24,Unknown,Unknown,99178.93169758133,95987.33783193913,-0.8210683024186705,-4.012662168060865,3.3250155048890395
2016-02-25,Unknown,Unknown,99973.23109469275,97149.92092853512,-0.026768905307250623,-2.8500790714648727,2.906137379395801
2016-02-26,Unknown,Unknown,99556.86172141942,96926.36514558451,-0.4431382785805793,-3.0736348544154857,2.713912331163848
2016-02-29,Unknown,Unknown,99346.08372216838,96166.21465934867,-0.6539162778316232,-3.83378534065133,3.306638484299107
2016-03-01,Unknown,Unknown,100225.96938161216,98426.78197027485,0.22596938161216773,-1.573218029725143,1.827944971197648
2016-03-02,Unknown,Unknown,100661.17874177532,98868.92920778262,0.6611787417753145,-1.1310707922173702,1.8127530543252002
2016-03-03,Unknown,Unknown,101163.47739301031,99256.49566716995,1.1634773930103037,-0.7435043328300472,1.9212664249551148
2016-03-04,Unknown,Unknown,101201.24518579594,99579.4095758764,1.2012451857959405,-0.42059042412360137,1.628685706038202
2016-03-07,Unknown,Unknown,101299.25231111725,99658.90144332257,1.2992523111172494,-0.3410985566774327,1.6459652314425366
2016-03-08,Unknown,Unknown,100832.81446733569,98570.85483051513,0.8328144673356963,-1.429145169484869,2.2947550173018305
2016-03-09,Unknown,Unknown,100896.60543744212,99057.73469197907,0.8966054374421217,-0.9422653080209287,1.856362606293227
2016-03-10,Unknown,Unknown,101041.2077632269,99137.25339363277,1.0412077632269146,-0.8627466063672373,1.9205236219671518
2016-03-11,Unknown,Unknown,101576.3109840292,100737.0015098714,1.5763109840291945,0.7370015098714155,0.8331690060037644
2016-03-14,Unknown,Unknown,101417.5088239033,100607.83057954731,1.4175088239033018,0.6078305795473193,0.804786505873234
2016-03-15,Unknown,Unknown,101348.63050767157,100443.9004057332,1.3486305076715555,0.44390040573321077,0.9007317500453471
2016-03-16,Unknown,Unknown,102006.48486180381,101025.17406455951,2.0064848618038145,1.0251740645595087,0.9713527408695244
2016-03-17,Unknown,Unknown,102428.1523211027,101666.08227725817,2.4281523211026945,1.666082277258174,0.7495814009693458
2016-03-18,Unknown,Unknown,102677.02663571999,102065.61679320486,2.6770266357199812,2.0656167932048497,0.5990360532028172
2016-03-21,Unknown,Unknown,102521.05957397973,102210.42312178436,2.5210595739797226,2.210423121784366,0.30391856594238487
2016-03-22,Unknown,Unknown,102517.17301781512,102155.48455423013,2.517173017815111,2.155484554230136,0.35405682344249456
2016-03-23,Unknown,Unknown,102095.69235789723,101481.31981366326,2.0956923578972386,1.4813198136632622,0.6054045664384944
2016-03-24,Unknown,Unknown,102050.40397074618,101436.363571311,2.050403970746184,1.4363635713110057,0.6053454380819723
2016-03-28,Unknown,Unknown,102139.4349413555,101496.28435673036,2.1394349413555114,1.4962843567303707,0.6336690931114664
2016-03-29,Unknown,Unknown,103123.58091965364,102435.16855460223,3.1235809196536346,2.4351685546022406,0.6720468905017318
2016-03-30,Unknown,Unknown,103005.88985858794,102884.61469655877,3.00588985858794,2.8846146965587627,0.11787492462973503
2016-03-31,Unknown,Unknown,103059.6186122972,102634.90450600012,3.059618612297199,2.634904506000124,0.413810592352859
2016-04-01,Unknown,Unknown,103367.61377043932,103334.078727987,3.367613770439326,3.334078727986989,0.0324530327894923
2016-04-04,Unknown,Unknown,103110.23851171396,102999.46510479652,3.1102385117139697,2.999465104796517,0.10754755551860562
2016-04-05,Unknown,Unknown,102852.2920952446,101970.7399801069,2.852292095244602,1.9707399801069059,0.8645147767974315
2016-04-06,Unknown,Unknown,103305.57145947347,103084.37748216419,3.3055714594734775,3.084377482164191,0.21457565415046176
2016-04-07,Unknown,Unknown,102968.85301353068,101850.88946453233,2.96885301353067,1.8508894645323348,1.097647310569294
2016-04-08,Unknown,Unknown,102984.88906901878,102125.5107444167,2.9848890690187924,2.125510744416692,0.8414923150326326
2016-04-11,Unknown,Unknown,102955.53928281489,101885.80971326755,2.9555392828148896,1.88580971326755,1.0499298897047815
2016-04-12,Unknown,Unknown,103383.24547513718,102834.69412581307,3.3832454751371754,2.8346941258130753,0.5334302338206864
2016-04-13,Unknown,Unknown,103966.83604687588,103873.41946517634,3.9668360468758657,3.873419465176342,0.08993309566636132
2016-04-14,Unknown,Unknown,103723.18475455653,103878.39273830564,3.72318475455653,3.878392738305636,-0.14941315480315742
2016-04-15,Unknown,Unknown,103903.21211992405,103763.55127480374,3.90321211992406,3.7635512748037447,0.13459528264452292
2016-04-18,Unknown,Unknown,104235.03229284321,104492.65458292485,4.2350322928432105,4.492654582924849,-0.24654583722647505
2016-04-19,Unknown,Unknown,104530.91120112968,104822.23231983512,4.530911201129673,4.822232319835118,-0.2779192087958515
2016-04-20,Unknown,Unknown,104308.938407828,104922.13607447744,4.308938407828,4.922136074477446,-0.5844311692378978
2016-04-21,Unknown,Unknown,103887.82272315177,104357.83057954731,3.887822723151757,4.357830579547306,-0.4503810148077769
2016-04-22,Unknown,Unknown,103700.19765058537,104357.83057954731,3.7001976505853573,4.357830579547306,-0.6301711383897124
2016-04-25,Unknown,Unknown,103538.36281381127,104178.05033381753,3.53836281381128,4.178050333817529,-0.6140329157212188
2016-04-26,Unknown,Unknown,103581.11101775776,104332.85687707069,3.5811110177577543,4.332856877070701,-0.7205264782489951
2016-04-27,Unknown,Unknown,103941.28004631377,104547.59315047908,3.9412800463137776,4.547593150479079,-0.5799398014764701
2016-04-28,Unknown,Unknown,103654.27092331929,103598.72662740524,3.6542709233192916,3.5987266274052354,0.053614844238203396
2016-04-29,Unknown,Unknown,103579.32994652339,103039.4122950761,3.5793299465233908,3.039412295076094,0.5239913926344153
2016-05-02,Unknown,Unknown,103828.7995573743,103858.41019843,3.828799557374296,3.8584101984300068,-0.028510585709085046
2016-05-03,Unknown,Unknown,103516.4672361704,102954.5178071801,3.5164672361704064,2.9545178071801015,0.5458229915104251
2016-05-04,Unknown,Unknown,103217.74491271378,102380.19420810464,3.2177449127137825,2.3801942081046468,0.8180788394547056
2016-05-05,Unknown,Unknown,103331.41181291397,102360.25639190823,3.3314118129139647,2.360256391908222,0.9487622005238672
2016-05-06,Unknown,Unknown,103565.76633584629,102734.7814264349,3.5657663358462877,2.734781426434907,0.8088642403998536
2016-05-09,Unknown,Unknown,103457.95780134576,102819.66696959504,3.457957801345768,2.819666969595036,0.6207867138292578
2016-05-10,Unknown,Unknown,104256.77084494385,104098.1380637867,4.256770844943847,4.098138063786694,0.15238772192058825
2016-05-11,Unknown,Unknown,103890.04115686043,103124.32467244376,3.8900411568604243,3.124324672443768,0.7425178170609392
2016-05-12,Unknown,Unknown,103727.91020146047,103154.30742699305,3.7279102014604826,3.1543074269930527,0.5560628429146064
2016-05-13,Unknown,Unknown,103438.04089411757,102255.35252992908,3.4380408941175666,2.2553525299290778,1.1566028916113025
2016-05-16,Unknown,Unknown,103871.15540943928,103264.16667262981,3.8711554094392753,3.264166672629809,0.5878019029909476
2016-05-17,Unknown,Unknown,103364.2008818738,102300.30877228134,3.364200881873791,2.3003087722813342,1.0399695977073353
2016-05-18,Unknown,Unknown,102897.92593370703,102330.2646926231,2.897925933707035,2.3302646926230963,0.5547344598287207
2016-05-19,Unknown,Unknown,102753.43099496079,101975.7132532362,2.7534309949607927,1.9757132532361998,0.7626499652846563
2016-05-20,Unknown,Unknown,103142.13576365293,102619.93101819717,3.14213576365292,2.6199310181971747,0.508872633487889
2016-05-23,Unknown,Unknown,103074.08817897961,102480.11585221865,3.074088178979606,2.480115852218656,0.5795976339619813
2016-05-24,Unknown,Unknown,103596.91044716071,103808.49857242015,3.596910447160706,3.8084985724201603,-0.20382543642304407
2016-05-25,Unknown,Unknown,103913.85224965778,104512.62817806464,3.91385224965779,4.512628178064637,-0.5729220849624905
2016-05-26,Unknown,Unknown,104002.77094499103,104542.61093261393,4.002770944991041,4.542610932613922,-0.516382729307252
2016-05-27,Unknown,Unknown,104157.66652608509,104992.03918509878,4.157666526085091,4.992039185098784,-0.7947008796949984
2016-05-31,Unknown,Unknown,104125.79330474327,104792.28534422921,4.125793304743275,4.792285344229219,-0.6360125054020838
2016-06-01,Unknown,Unknown,104327.95504994612,105007.01267290174,4.3279550499461195,5.007012672901734,-0.646678355731245
2016-06-02,Unknown,Unknown,104645.50408044884,105326.60808461004,4.645504080448837,5.326608084610029,-0.646659012900197
2016-06-03,Unknown,Unknown,105037.83418544444,105011.99489076687,5.037834185444434,5.011994890766869,0.024606041152197555
2016-06-06,Unknown,Unknown,105204.99797375858,105546.37129956277,5.204997973758574,5.546371299562769,-0.3234344502809128
2016-06-07,Unknown,Unknown,105346.03698967051,105711.19594696129,5.346036989670511,5.7111959469613005,-0.34543073136169555
2016-06-08,Unknown,Unknown,105821.63379463923,106055.73822693867,5.821633794639225,6.055738226938678,-0.22073716727943893
2016-06-09,Unknown,Unknown,105930.63504252954,105910.90506415164,5.930635042529531,5.910905064151639,0.01862884503343043
2016-06-10,Unknown,Unknown,105474.33548224428,104907.13575246694,5.474335482244275,4.907135752466951,0.54066839753939
2016-06-13,Unknown,Unknown,105163.35714796049,104098.1380637867,5.163357147960479,4.098138063786694,1.0232835130260076
2016-06-14,Unknown,Unknown,105035.94543466033,103893.37517084445,5.035945434660327,3.8933751708444486,1.0997527628080483
2016-06-15,Unknown,Unknown,105112.14692601626,103748.55095279326,5.112146926016248,3.7485509527932503,1.3143277286286503
2016-06-16,Unknown,Unknown,105288.04161004198,104058.16403929959,5.288041610041994,4.058164039299594,1.1819135789075563
2016-06-17,Unknown,Unknown,105059.02426087622,103670.63335885564,5.05902426087621,3.670633358855646,1.339232584038208
2016-06-20,Unknown,Unknown,105164.08650353093,104338.2773869922,5.164086503530929,4.338277386992195,0.7914728297418572
2016-06-21,Unknown,Unknown,105033.75009820798,104634.4644249966,5.03375009820799,4.634464424996598,0.38160053229649993
2016-06-22,Unknown,Unknown,104971.48956525642,104463.78992035607,4.971489565256415,4.463789920356076,0.48600538549044003
2016-06-23,Unknown,Unknown,105475.5828277915,105824.16796067178,5.475582827791503,5.824167960671778,-0.3294003058071149
2016-06-24,Unknown,Unknown,104278.31507633295,102024.12216362426,4.278315076332939,2.0241221636242646,2.20947053001197
2016-06-27,Unknown,Unknown,103779.74127107445,100196.86469119193,3.779741271074455,0.19686469119193362,3.575837019376804
2016-06-28,Unknown,Unknown,104791.15731512268,102004.05912112603,4.791157315122674,2.004059121126023,2.7323404754776126
2016-06-29,Unknown,Unknown,105710.46017551476,103740.93003785411,5.710460175514753,3.7409300378541177,1.8985082714623625
2016-06-30,Unknown,Unknown,106697.68005461809,105156.52393253522,6.697680054618083,5.156523932535206,1.4655829847243895
2016-07-01,Unknown,Unknown,107211.83465083875,105377.40523946845,7.211834650838744,5.377405239468458,1.7408185437870483
2016-07-05,Unknown,Unknown,107105.99409711434,104619.40148983519,7.105994097114343,4.619401489835195,2.3767987312761862
2016-07-06,Unknown,Unknown,107587.99682466283,105246.87470929608,7.587996824662824,5.246874709296079,2.2244101041795306
2016-07-07,Unknown,Unknown,107505.6657568882,105181.64075078534,7.505665756888202,5.181640750785355,2.209534848015293
2016-07-08,Unknown,Unknown,108688.0926895394,106747.81927340121,8.688092689539385,6.747819273401201,1.8176234693551674
2016-07-11,Unknown,Unknown,108622.9648250283,107124.32109454942,8.622964825028312,7.124321094549413,1.398976175686717
2016-07-12,Unknown,Unknown,108562.28971118641,107902.4236656243,8.562289711186422,7.902423665624303,0.6115395958175673
2016-07-13,Unknown,Unknown,108902.75746202712,107887.33389625537,8.902757462027111,7.887333896255377,0.9411888579508254
2016-07-14,Unknown,Unknown,108873.58379916266,108489.73502114534,8.873583799162654,8.48973502114534,0.3538111489925777
2016-07-15,Unknown,Unknown,108560.47390371843,108344.15944528325,8.560473903718435,8.34415944528326,0.1996549325249397
2016-07-18,Unknown,Unknown,108735.22753310489,108635.31954174329,8.735227533104894,8.63531954174328,0.09196639894193392
2016-07-19,Unknown,Unknown,108801.03621069316,108524.85205406912,8.801036210693148,8.524852054069122,0.25448931871054903
2016-07-20,Unknown,Unknown,108808.95903818979,108976.6596062885,8.80895903818979,8.976659606288484,-0.15388668427218644
2016-07-21,Unknown,Unknown,108759.81293161275,108565.02286274481,8.759812931612743,8.565022862744808,0.17942249145399547
2016-07-22,Unknown,Unknown,109014.60131779811,109051.98322683133,9.0146013177981,9.05198322683134,-0.03427898138768093
2016-07-25,Unknown,Unknown,108744.81620220943,108755.7872440911,8.744816202209439,8.755787244091096,-0.0100877775424002
2016-07-26,Unknown,Unknown,108853.35162635139,108805.96721217629,8.85335162635139,8.80596721217628,0.0435494627631039
2016-07-27,Unknown,Unknown,109216.59103318081,108690.53539610868,9.216591033180821,8.69053539610869,0.4839939698106921
2016-07-28,Unknown,Unknown,109222.6626894739,108816.03004000086,9.222662689473893,8.816030040000866,0.3736881866794439
2016-07-29,Unknown,Unknown,109618.94274079696,108991.7225414499,9.618942740796953,8.991722541449887,0.5754750771174599
2016-08-01,Unknown,Unknown,109349.47607815872,108901.37176468904,9.349476078158725,8.901371764689037,0.41147719832026475
2016-08-02,Unknown,Unknown,108790.62391085492,108203.60186622968,8.790623910854922,8.203601866229683,0.5425161773736198
2016-08-03,Unknown,Unknown,108944.25579398348,108519.81616778893,8.94425579398348,8.519816167788917,0.3911171629136456
2016-08-04,Unknown,Unknown,109192.2825998207,108635.31954174329,9.1922825998207,8.63531954174328,0.5126905875794785
2016-08-05,Unknown,Unknown,109319.50153319619,109523.8269873414,9.319501533196185,9.5238269873414,-0.18655799360336456
2016-08-08,Unknown,Unknown,109310.20904147616,109458.57513935897,9.31020904147617,9.45857513935897,-0.13554543140537056
2016-08-09,Unknown,Unknown,109601.55689932607,109523.8269873414,9.60155689932607,9.5238269873414,0.07097077788713602
2016-08-10,Unknown,Unknown,109568.64203940766,109252.72098864375,9.56864203940766,9.252720988643759,0.28916538453696017
2016-08-11,Unknown,Unknown,109612.87855662749,109759.7622847002,9.612878556627491,9.759762284700212,-0.13382292838036713
2016-08-12,Unknown,Unknown,109711.0160354832,109664.4114006025,9.711016035483212,9.664411400602502,0.042497501500693424
2016-08-15,Unknown,Unknown,109739.09435027876,109980.64359163344,9.739094350278755,9.980643591633442,-0.21962886692278305
2016-08-16,Unknown,Unknown,109388.57404088159,109413.39527861062,9.388574040881581,9.413395278610626,-0.022685739406791416
2016-08-17,Unknown,Unknown,109643.7827642183,109619.21365038247,9.64378276421829,9.619213650382473,0.022413145485766783
2016-08-18,Unknown,Unknown,109878.69876566107,109865.19388609414,9.878698765661076,9.865193886094147,0.012292227491927932
2016-08-19,Unknown,Unknown,109573.6093517612,109704.53748559896,9.573609351761192,9.704537485598962,-0.11934614268342969
2016-08-22,Unknown,Unknown,109733.61836464853,109699.50159931876,9.733618364648521,9.699501599318761,0.03110020085086429
2016-08-23,Unknown,Unknown,109889.8570010966,109920.39185098784,9.889857001096614,9.920391850987853,-0.027779058441335103
2016-08-24,Unknown,Unknown,109377.19194712846,109358.1704795094,9.377191947128471,9.358170479509397,0.017393732480774915
2016-08-25,Unknown,Unknown,109240.92370322622,109282.86474843824,9.240923703226223,9.282864748438246,-0.03837842767808741
2016-08-26,Unknown,Unknown,108976.20985227166,109077.01954245886,8.976209852271655,9.077019542458853,-0.09242064974828157
2016-08-29,Unknown,Unknown,109608.28660363794,109614.19565357394,9.60828660363795,9.614195653573955,-0.005390770694224667
2016-08-30,Unknown,Unknown,109309.14827812948,109433.48515531639,9.309148278129475,9.43348515531639,-0.11361867623099764
2016-08-31,Unknown,Unknown,109128.68933044455,109122.25307162228,9.128689330444551,9.12225307162229,0.0058982092479675785
2016-09-01,Unknown,Unknown,109197.96044809808,109127.25317895912,9.197960448098087,9.127253178959105,0.06479341051772725
2016-09-02,Unknown,Unknown,109430.8240631651,109619.21365038247,9.430824063165089,9.619213650382473,-0.1718581815576825
2016-09-06,Unknown,Unknown,109966.859497848,109950.52666604648,9.966859497847992,9.950526666046478,0.014854709928879828
2016-09-07,Unknown,Unknown,109908.62886625118,109940.49067242946,9.90862886625119,9.940490672429458,-0.028980956864388396
2016-09-08,Unknown,Unknown,109430.27577347714,109689.48349517341,9.430275773477149,9.689483495173402,-0.23631045879404233
2016-09-09,Unknown,Unknown,107408.14830265332,107064.10513284721,7.408148302653328,7.064105132847209,0.3213431517306464
2016-09-12,Unknown,Unknown,108344.03496175614,108600.17567461196,8.344034961756153,8.600175674611954,-0.2358566284674013
2016-09-13,Unknown,Unknown,107083.9692031225,107038.96148038955,7.083969203122509,7.038961480389561,0.042047981511106336
2016-09-14,Unknown,Unknown,107126.03989865493,106998.85328486479,7.126039898654923,6.998853284864781,0.11886726809260395
2016-09-15,Unknown,Unknown,107622.75062775862,108068.05333924877,7.622750627758612,8.06805333924876,-0.412057678222677
2016-09-16,Unknown,Unknown,107507.08771303754,107650.29839638775,7.507087713037541,7.650298396387756,-0.13303324327339494
2016-09-19,Unknown,Unknown,107473.7475915787,107670.51349939533,7.4737475915787055,7.670513499395315,-0.1827481837148648
2016-09-20,Unknown,Unknown,107558.87876780023,107675.55833041138,7.558878767800237,7.675558330411381,-0.10836216168307322
2016-09-21,Unknown,Unknown,108618.64168196473,108886.38933215024,8.618641681964734,8.886389332150246,-0.24589634372829128
2016-09-22,Unknown,Unknown,109228.45603296331,109572.55790821985,9.228456032963317,9.572557908219848,-0.3140401956708616
2016-09-23,Unknown,Unknown,108848.38521233258,108972.16934889478,8.848385212332577,8.972169348894777,-0.11359243126185525
2016-09-26,Unknown,Unknown,108433.90018786989,108089.27025267089,8.433900187869892,8.0892702526709,0.3188382476756457
2016-09-27,Unknown,Unknown,108920.92105088058,108760.26855674897,8.920921050880581,8.760268556748962,0.14771248385414548
2016-09-28,Unknown,Unknown,109171.36019795956,109300.0923096739,9.171360197959565,9.300092309673902,-0.11777859377246624
2016-09-29,Unknown,Unknown,108608.2567046512,108311.2428173771,8.608256704651197,8.311242817377096,0.2742225825761002
2016-09-30,Unknown,Unknown,108881.69687286858,109128.5501656565,8.881696872868572,9.128550165656502,-0.22620413486040825
2016-10-03,Unknown,Unknown,108527.23656232574,108866.21000808603,8.527236562325747,8.866210008086028,-0.3113669941620212
2016-10-04,Unknown,Unknown,107563.88479343106,108311.2428173771,7.563884793431064,8.311242817377096,-0.6900096467419847
2016-10-05,Unknown,Unknown,107734.30686565922,108790.52859810943,7.734306865659213,8.790528598109425,-0.9708765515351714
2016-10-06,Unknown,Unknown,107563.43737012579,108866.21000808603,7.563437370125792,8.866210008086028,-1.1966730887972288
2016-10-07,Unknown,Unknown,107361.15722991552,108492.88356816246,7.361157229915527,8.492883568162469,-1.0431341679068895
2016-10-10,Unknown,Unknown,107610.39067924678,109057.93147616764,7.610390679246781,9.057931476167646,-1.3273136371903305
2016-10-11,Unknown,Unknown,106685.3108502973,107680.58527195574,6.68531085029731,7.680585271955742,-0.9242840008203856
2016-10-12,Unknown,Unknown,106806.98182812313,107821.84054040516,6.806981828123138,7.821840540405156,-0.9412366800599425
2016-10-13,Unknown,Unknown,106700.08809219774,107468.68447980993,6.700088092197731,7.468684479809928,-0.7151817213847056
2016-10-14,Unknown,Unknown,106378.27974865152,107524.16867625064,6.3782797486515275,7.524168676250653,-1.0657035917657987
2016-10-17,Unknown,Unknown,106315.9117210155,107150.83329159122,6.315911721015488,7.150833291591208,-0.7792021255715653
2016-10-18,Unknown,Unknown,106850.0489309233,107821.84054040516,6.8500489309232915,7.821840540405156,-0.9012938423340056
2016-10-19,Unknown,Unknown,107099.47877328607,108109.42274252756,7.099478773286072,8.10942274252755,-0.93418681149261
2016-10-20,Unknown,Unknown,106968.8137053105,107907.60266767802,6.968813705310506,7.907602667678026,-0.8699933453796493
2016-10-21,Unknown,Unknown,107038.58462678583,107958.05992257436,7.038584626785838,7.958059922574368,-0.8516967574704215
2016-10-24,Unknown,Unknown,107197.94248751822,108417.17532397833,7.197942487518216,8.41717532397832,-1.1245753570103045
2016-10-25,Unknown,Unknown,107114.93247551049,108053.929601351,7.114932475510494,8.053929601351006,-0.8690078457163075
2016-10-26,Unknown,Unknown,106783.21435925388,107837.02870186837,6.783214359253886,7.837028701868376,-0.9772286526253615
2016-10-27,Unknown,Unknown,106401.4476929318,107549.43755501011,6.401447692931805,7.549437555010119,-1.0674066626253809
2016-10-28,Unknown,Unknown,106214.49319554225,107231.55058784803,6.214493195542259,7.231550587848035,-0.9484684187911374
2016-10-31,Unknown,Unknown,106375.75716564027,107236.59541886408,6.375757165640272,7.236595418864078,-0.8027467208012173
2016-11-01,Unknown,Unknown,105980.6868187957,106459.63777397724,5.980686818795711,6.459637773977245,-0.44988970956146845
2016-11-02,Unknown,Unknown,105766.67875410875,105818.92634546716,5.766678754108745,5.818926345467168,-0.049374524163880995
2016-11-03,Unknown,Unknown,105373.20709086132,105334.54206530371,5.373207090861332,5.334542065303705,0.036706881521952894
2016-11-04,Unknown,Unknown,105497.66459444661,105218.47517299118,5.497664594446605,5.218475172991188,0.26534258455694903
2016-11-07,Unknown,Unknown,106514.75073464819,107539.33894824218,6.514750734648178,7.539338948242169,-0.9527566596695514
2016-11-08,Unknown,Unknown,106676.1709713007,108023.66955999055,6.67617097130071,8.023669559990543,-1.2474104926990304
2016-11-09,Unknown,Unknown,106476.63829570777,109168.93564799243,6.476638295707771,9.168935647992438,-2.466175323872155
2016-11-10,Unknown,Unknown,106190.11605787496,109441.36546759501,6.190116057874961,9.44136546759502,-2.970768315827288
2016-11-11,Unknown,Unknown,105699.6188141941,109189.11497205663,5.699618814194096,9.189114972056633,-3.195827861372047
2016-11-14,Unknown,Unknown,105549.02609961858,109274.92182300871,5.549026099618581,9.274921823008707,-3.409653066990903
2016-11-15,Unknown,Unknown,106242.46486651819,110127.52509892877,6.2424648665181826,10.12752509892878,-3.5277831122787817
2016-11-16,Unknown,Unknown,106263.29511105701,109920.65124832733,6.26329511105701,9.920651248327328,-3.327269349057793
2016-11-17,Unknown,Unknown,106261.61898414852,110485.74388001172,6.26161898414852,10.485743880011732,-3.823230715132475
2016-11-18,Unknown,Unknown,105969.50625202851,110238.50243654604,5.9695062520285225,10.23850243654605,-3.872509232402521
2016-11-21,Unknown,Unknown,106552.88132513913,111070.97111208111,6.552881325139115,11.070971112081107,-4.067750323694219
2016-11-22,Unknown,Unknown,106672.92418706787,111287.90779050712,6.6729241870678635,11.287907790507123,-4.146886840685948
2016-11-23,Unknown,Unknown,106435.91572055676,111348.48154164311,6.435915720556751,11.348481541643118,-4.41188398177581
2016-11-25,Unknown,Unknown,106656.76340732237,111762.20240863846,6.656763407322375,11.762202408638455,-4.568126693360042
2016-11-28,Unknown,Unknown,106587.36514211594,111237.47736981831,6.587365142115953,11.237477369818304,-4.1803467119653215
2016-11-29,Unknown,Unknown,106752.45481015873,111454.42299298017,6.752454810158737,11.454422992980163,-4.218736283904667
2016-11-30,Unknown,Unknown,106145.59464287739,111187.02011492195,6.145594642877383,11.187020114921943,-4.534185255467582
2016-12-01,Unknown,Unknown,105680.7541639917,110778.3530236785,5.680754163991697,10.77835302367851,-4.601620010181229
2016-12-02,Unknown,Unknown,105904.67823244545,110833.84616485504,5.904678232445448,10.833846164855053,-4.447348984964316
2016-12-05,Unknown,Unknown,106230.62256745854,111499.79069318125,6.230622567458544,11.499790693181255,-4.725720194598482
2016-12-06,Unknown,Unknown,106418.21529100664,111853.02725639906,6.418215291006635,11.853027256399052,-4.858886789835637
2016-12-07,Unknown,Unknown,107491.41000638166,113316.11769841213,7.491410006381649,13.316117698412121,-5.140228777986177
2016-12-08,Unknown,Unknown,107408.61015028805,113593.59234903073,7.408610150288042,13.593592349030725,-5.4448337013046855
2016-12-09,Unknown,Unknown,107482.04711109909,114279.7698698362,7.482047111099099,14.27976986983619,-5.948316807497656
2016-12-12,Unknown,Unknown,107474.99258568669,114148.59531868304,7.474992585686691,14.148595318683043,-5.846416869489124
2016-12-13,Unknown,Unknown,107965.96195821707,114910.42741525757,7.96596195821706,14.910427415257566,-6.04337274975485
2016-12-14,Unknown,Unknown,107047.24517342563,113961.9007921458,7.047245173425631,13.961900792145787,-6.067515170119664
2016-12-15,Unknown,Unknown,107293.07517112653,114431.11480031771,7.29307517112654,14.431114800317712,-6.237848544643699
2016-12-16,Unknown,Unknown,107177.57350359258,114207.30856476346,7.1775735035925825,14.207308564763466,-6.155240981959165
2016-12-19,Unknown,Unknown,107574.13710463834,114455.99011070005,7.574137104638345,14.455990110700046,-6.012663032669307
2016-12-20,Unknown,Unknown,107675.03973005562,114897.48438249121,7.675039730055611,14.89748438249121,-6.285990238386963
2016-12-21,Unknown,Unknown,107571.76065177022,114577.79057868863,7.571760651770232,14.57779057868862,-6.114649175493458
2016-12-22,Unknown,Unknown,107396.99992923312,114379.87935340292,7.396999929233128,14.379879353402924,-6.104989324734811
2016-12-23,Unknown,Unknown,107565.0887203037,114547.3337531396,7.565088720303703,14.54733375313959,-6.095510741335364
2016-12-27,Unknown,Unknown,107729.08837882087,114831.51695564126,7.72908837882087,14.831516955641266,-6.185086433687026
2016-12-28,Unknown,Unknown,107324.4137788013,113882.51626152976,7.324413778801309,13.882516261529766,-5.758656111591232
2016-12-29,Unknown,Unknown,107500.31599347662,113857.16688014769,7.500315993476625,13.857166880147687,-5.583180278289069
2016-12-30,Unknown,Unknown,107221.02257323128,113441.01304500275,7.221022573231273,13.441013045002759,-5.483017389225853
2017-01-03,Unknown,Unknown,107799.48739558429,114308.83131659355,7.7994873955842925,14.308831316593551,-5.694524076605045
2017-01-04,Unknown,Unknown,108305.67176028436,114988.8369696666,8.305671760284362,14.988836969666597,-5.812012179186777
2017-01-05,Unknown,Unknown,108761.02679793481,114897.48438249121,8.761026797934823,14.89748438249121,-5.340811086975816
2017-01-06,Unknown,Unknown,108710.77525238304,115308.5933866201,8.71077525238304,15.308593386620096,-5.72187895148033
2017-01-09,Unknown,Unknown,108760.01204563412,114927.95909751192,8.760012045634124,14.927959097511923,-5.366794207704095
2017-01-10,Unknown,Unknown,108792.46883630613,114927.95909751192,8.792468836306133,14.927959097511923,-5.33855322010901
2017-01-11,Unknown,Unknown,109084.55776004473,115252.77823495316,9.084557760044731,15.252778234953169,-5.351906105320914
2017-01-12,Unknown,Unknown,108912.08591488597,114963.50547775622,8.91208591488597,14.963505477756222,-5.263774393206122
2017-01-13,Unknown,Unknown,108986.21380537309,115227.39307462772,8.986213805373078,15.227393074627727,-5.416402387245267
2017-01-17,Unknown,Unknown,109145.52761228345,114821.39151466578,9.145527612283445,14.821391514665772,-4.943211214834797
2017-01-18,Unknown,Unknown,108910.34535076219,115075.14472582594,8.910345350762183,15.07514472582594,-5.357194544270872
2017-01-19,Unknown,Unknown,108509.42955487713,114648.82967076215,8.509429554877123,14.648829670762154,-5.354961000051706
2017-01-20,Unknown,Unknown,108732.05931089875,115070.07306060237,8.732059310898755,15.070073060602374,-5.507960133444656
2017-01-23,Unknown,Unknown,108851.18874149796,114770.6211940149,8.85118874149795,14.770621194014888,-5.157619947451875
2017-01-24,Unknown,Unknown,109067.44722582302,115506.49566716995,9.067447225823022,15.50649566716995,-5.574620201361602
2017-01-25,Unknown,Unknown,109268.52866705826,116506.27562666818,9.268528667058252,16.506275626668177,-6.212323688727728
2017-01-26,Unknown,Unknown,109168.17024532097,116384.49304815129,9.168170245320972,16.384493048151285,-6.200416063886394
2017-01-27,Unknown,Unknown,109164.6927488795,116201.75209485713,9.1646927488795,16.201752094857124,-6.055897797679655
2017-01-30,Unknown,Unknown,108738.54345074718,115481.16417525956,8.738543450747184,15.481164175259554,-5.838719043635088
2017-01-31,Unknown,Unknown,109036.8026169154,115470.97612113318,9.036802616915395,15.470976121133173,-5.572113201388462
2017-02-01,Unknown,Unknown,108894.5337623419,115516.63899761712,8.894533762341904,15.516638997617127,-5.732598604614713
2017-02-02,Unknown,Unknown,108991.1416544523,115592.79447859345,8.991141654452296,15.592794478593452,-5.711128322417802
2017-02-03,Unknown,Unknown,109461.64861648002,116389.54682390319,9.461648616480023,16.38954682390319,-5.952337126894269
2017-02-06,Unknown,Unknown,109627.31675904612,116181.50121290617,9.627316759046135,16.181501212906156,-5.641332213335149
2017-02-07,Unknown,Unknown,109765.81327773852,116186.5639333939,9.765813277738511,16.186563933393906,-5.526241966615175
2017-02-08,Unknown,Unknown,110219.77459037013,116338.81228219568,10.219774590370134,16.33881228219567,-5.259670072084788
2017-02-09,Unknown,Unknown,110267.9077250804,117029.0238788668,10.267907725080395,17.029023878866802,-5.77729859627355
2017-02-10,Unknown,Unknown,110547.0726480962,117490.82270102398,10.5470726480962,17.49082270102398,-5.910036114563066
2017-02-13,Unknown,Unknown,110762.39395893211,118130.28186651591,10.762393958932105,18.130281866515908,-6.237086537988057
2017-02-14,Unknown,Unknown,110885.12876703042,118602.24190859194,10.885128767030405,18.602241908591942,-6.506717762982239
2017-02-15,Unknown,Unknown,111187.14584451314,119221.39652371785,11.187145844513147,19.22139652371786,-6.738933541687187
2017-02-16,Unknown,Unknown,111308.69021288192,119119.89166135945,11.308690212881922,19.119891661359457,-6.557428267886312
2017-02-17,Unknown,Unknown,111504.30319975087,119307.67744566966,11.504303199750865,19.307677445669658,-6.540546604364417
2017-02-21,Unknown,Unknown,111875.59535249506,120018.20253744266,11.87559535249505,20.018202537442665,-6.7844768650049625
2017-02-22,Unknown,Unknown,111866.99515284321,119911.59917565313,11.866995152843218,19.911599175653127,-6.708778865525544
2017-02-23,Unknown,Unknown,112078.65395513467,119992.79054290967,12.078653955134655,19.992790542909677,-6.595510073536371
2017-02-24,Unknown,Unknown,112481.32501740966,120145.04783644728,12.481325017409661,20.145047836447283,-6.3787255130733245
2017-02-27,Unknown,Unknown,112400.8723565794,120332.81573128581,12.400872356579406,20.3328157312858,-6.591671047089232
2017-02-28,Unknown,Unknown,112309.01369603907,120008.02342805211,12.309013696039074,20.008023428052102,-6.415412496672602
2017-03-01,Unknown,Unknown,112875.04633294536,121687.86270903847,12.875046332945361,21.687862709038463,-7.242149035984779
2017-03-02,Unknown,Unknown,112218.59276221407,120921.51352086269,12.218592762214065,20.92151352086269,-7.197164925616894
2017-03-03,Unknown,Unknown,112311.0129164363,120997.62427815981,12.311012916436304,20.99762427815981,-7.179158610382275
2017-03-06,Unknown,Unknown,111926.55681844594,120637.31242888935,11.926556818445944,20.637312428889352,-7.220614779177903
2017-03-07,Unknown,Unknown,111565.49376868535,120277.00952435471,11.565493768685343,20.277009524354717,-7.2428769139836096
2017-03-08,Unknown,Unknown,111252.79724422569,120053.69524927188,11.252797244225675,20.053695249271875,-7.33080142745508
2017-03-09,Unknown,Unknown,111111.14768564947,120205.94359807365,11.11114768564947,20.205943598073638,-7.5660118295264756
2017-03-10,Unknown,Unknown,111448.3699989815,120627.16015370633,11.448369998981512,20.627160153706313,-7.60922344771191
2017-03-13,Unknown,Unknown,111350.79941741568,120688.06486006854,11.35079941741568,20.688064860068533,-7.736693312200282
2017-03-14,Unknown,Unknown,111130.12602764329,120226.24814843967,11.130126027643295,20.226248148439673,-7.5658371286490445
2017-03-15,Unknown,Unknown,112186.34599460539,121266.61931919826,12.186345994605396,21.266619319198266,-7.487858881174669
2017-03-16,Unknown,Unknown,111989.48156814986,121028.10793791637,11.989481568149852,21.028107937916364,-7.468204307054894
2017-03-17,Unknown,Unknown,112028.5260271793,120815.55418005395,12.028526027179298,20.81555418005394,-7.27309344604683
2017-03-20,Unknown,Unknown,112096.60688053665,120683.01108431665,12.096606880536642,20.68301108431665,-7.1148408766342435
2017-03-21,Unknown,Unknown,111498.95911130492,119133.52343878579,11.498959111304918,19.133523438785783,-6.408409746567867
2017-03-22,Unknown,Unknown,111772.97458860086,119413.84251540282,11.77297458860087,19.413842515402813,-6.398645053077823
2017-03-23,Unknown,Unknown,111654.40283434537,119286.42475330418,11.65440283434538,19.286424753304175,-6.39806410053999
2017-03-24,Unknown,Unknown,111701.74237761929,119199.75920771107,11.701742377619295,19.199759207711065,-6.290295282414238
2017-03-27,Unknown,Unknown,111797.52869123642,119077.44888977938,11.797528691236426,19.07744888977938,-6.113601077632591
2017-03-28,Unknown,Unknown,112093.68880285732,119943.91650625772,12.093688802857304,19.94391650625773,-6.544915267120565
2017-03-29,Unknown,Unknown,112315.93335586833,120056.0924384781,12.315933355868335,20.056092438478103,-6.447118946984021
2017-03-30,Unknown,Unknown,112270.95202180806,120438.36361424574,12.270952021808057,20.438363614245738,-6.781403655231677
2017-03-31,Unknown,Unknown,112199.99095794407,120158.01770342117,12.199990957944063,20.15801770342116,-6.622967736634456
2017-04-03,Unknown,Unknown,112262.28073949658,119949.05078463221,12.262280739496578,19.949050784632206,-6.408362546309087
2017-04-04,Unknown,Unknown,112208.77751442636,120025.51038662725,12.20877751442635,20.025510386627253,-6.512559577561106
2017-04-05,Unknown,Unknown,112076.58283156664,119668.72276327935,12.07658283156665,19.668722763279355,-6.344297621301576
2017-04-06,Unknown,Unknown,112190.99320105957,120005.13427837448,12.190993201059563,20.00513427837447,-6.511505632074488
2017-04-07,Unknown,Unknown,112058.054826376,119882.75240255604,12.058054826376008,19.882752402556036,-6.526958565236618
2017-04-10,Unknown,Unknown,112201.622829819,119954.1403393275,12.201622829819003,19.9541403393275,-6.462901145036016
2017-04-11,Unknown,Unknown,112496.70809657643,119811.45391314302,12.496708096576437,19.81145391314303,-6.105214132422931
2017-04-12,Unknown,Unknown,112403.49947081094,119286.42475330418,12.403499470810942,19.286424753304175,-5.770082636584828
2017-04-13,Unknown,Unknown,112092.84108541487,118511.67645817083,12.092841085414863,18.51167645817082,-5.416205022651511
2017-04-17,Unknown,Unknown,112578.91652934164,119561.67216469762,12.578916529341644,19.56167216469762,-5.840296065562844
2017-04-18,Unknown,Unknown,112730.3558161274,119204.88454134972,12.730355816127403,19.20488454134972,-5.431429047671655
2017-04-19,Unknown,Unknown,112378.94999590778,118985.70273422684,12.378949995907785,18.98570273422684,-5.552560170255305
2017-04-20,Unknown,Unknown,112856.26471090205,119954.1403393275,12.856264710902042,19.9541403393275,-5.917157680716068
2017-04-21,Unknown,Unknown,112674.35256193546,119571.860218824,12.674352561935454,19.571860218824,-5.768504098092708
2017-04-24,Unknown,Unknown,113222.66701605069,120886.88844841033,13.222667016050682,20.886888448410335,-6.339993965210233
2017-04-25,Unknown,Unknown,113228.84701300475,121590.2845857156,13.228847013004753,21.590284585715615,-6.876731641183409
2017-04-26,Unknown,Unknown,113365.18415112213,121513.84287319226,13.365184151122133,21.513842873192267,-6.705950967721264
2017-04-27,Unknown,Unknown,113372.71766565069,121615.76813813533,13.37271766565069,21.615768138135326,-6.777945490688264
2017-04-28,Unknown,Unknown,113309.37051005759,121350.70878086827,13.309370510057583,21.350708780868267,-6.626527649979785
2017-05-01,Unknown,Unknown,113189.8516098003,121656.53824411257,13.189851609800307,21.65653824411258,-6.959499880987286
2017-05-02,Unknown,Unknown,113328.51580390862,121702.43368372844,13.328515803908614,21.70243368372844,-6.880649487734447
2017-05-03,Unknown,Unknown,113103.02440123734,121554.62192390533,13.10302440123734,21.554621923905337,-6.95292156637104
2017-05-04,Unknown,Unknown,112960.13958622291,121697.32623956149,12.960139586222908,21.697326239561487,-7.179440110409163
2017-05-05,Unknown,Unknown,113270.51615799934,122176.45995978446,13.270516157999346,22.176459959784456,-7.289410582625
2017-05-08,Unknown,Unknown,113112.41090436834,122156.05701732416,13.112410904368343,22.156057017324148,-7.403354638135751
2017-05-09,Unknown,Unknown,112981.63886797141,122043.93475351884,12.981638867971412,22.043934753518847,-7.425437326197104
2017-05-10,Unknown,Unknown,113077.9590745136,122263.08078169834,13.07795907451359,22.263080781698342,-7.512588140638177
2017-05-11,Unknown,Unknown,112980.89986223653,122013.34375693215,12.980899862236539,22.01334375693216,-7.402832851371999
2017-05-12,Unknown,Unknown,113065.80287187887,121809.45744810264,13.065802871878862,21.80945744810263,-7.1781409747671105
2017-05-15,Unknown,Unknown,113412.05835989509,122482.27153355707,13.412058359895095,22.482271533557064,-7.405327367052439
2017-05-16,Unknown,Unknown,113480.34489441002,122370.12243554422,13.480344894410035,22.370122435544214,-7.264663435976127
2017-05-17,Unknown,Unknown,112789.00584214418,120198.77886466256,12.789005842144174,20.198778864662547,-6.1645992517622705
2017-05-18,Unknown,Unknown,112994.81353981026,120683.01108431665,12.994813539810268,20.68301108431665,-6.370571529024027
2017-05-19,Unknown,Unknown,113545.21893382046,121467.93848884053,13.545218933820458,21.467938488840545,-6.522477991793652
2017-05-22,Unknown,Unknown,113876.01471120272,122084.71380423193,13.876014711202721,22.08471380423194,-6.723773056627069
2017-05-23,Unknown,Unknown,113802.67497617884,122354.85377145841,13.802674976178842,22.354853771458405,-6.989652254624756
2017-05-24,Unknown,Unknown,114135.07662062022,122640.30712644993,14.135076620620236,22.640307126449933,-6.935102092544721
2017-05-25,Unknown,Unknown,114459.68947188965,123226.4646110471,14.459689471889646,23.226464611047092,-7.1143606747373305
2017-05-26,Unknown,Unknown,114584.01427484637,123200.94527968399,14.584014274846368,23.200945279683992,-6.99420851461483
2017-05-30,Unknown,Unknown,114599.10445276715,123093.91257057396,14.599104452767154,23.09391257057396,-6.901078973289154
2017-05-31,Unknown,Unknown,114684.47661228856,123063.32157398727,14.684476612288556,23.063321573987274,-6.808563960839653
2017-06-01,Unknown,Unknown,115246.36117189097,124041.97406742183,15.246361171890976,24.041974067421833,-7.09083595424731
2017-06-02,Unknown,Unknown,115834.84840093985,124454.82729504032,15.83484840093985,24.454827295040317,-6.926190877004245
2017-06-05,Unknown,Unknown,115649.92518814566,124363.10797369531,15.649925188145652,24.36310797369532,-7.006243995922512
2017-06-06,Unknown,Unknown,115681.57975132161,123965.54129963434,15.681579751321607,23.96554129963433,-6.6824711621189525
2017-06-07,Unknown,Unknown,115638.01033210961,124194.91116088358,15.638010332109609,24.194911160883592,-6.889896493173753
2017-06-08,Unknown,Unknown,115535.84672249189,124256.04843037775,15.535846722491886,24.256048430377742,-7.01792936282849
2017-06-09,Unknown,Unknown,115290.1070922482,124067.46656457741,15.290107092248206,24.067466564577412,-7.074666482176106
2017-06-12,Unknown,Unknown,115251.41150885943,124041.97406742183,15.251411508859425,24.041974067421833,-7.086764480049612
2017-06-13,Unknown,Unknown,115607.35391427598,124648.5344944793,15.60735391427599,24.6485344944793,-7.25333885141165
2017-06-14,Unknown,Unknown,115812.5241276592,124490.52573579396,15.812524127659188,24.490525735793955,-6.9708128846303286
2017-06-15,Unknown,Unknown,115593.691166253,124250.94098621079,15.593691166252999,24.25094098621079,-6.967552721325909
2017-06-16,Unknown,Unknown,115657.2115798135,124278.1061489692,15.657211579813502,24.278106148969194,-6.936776586233162
2017-06-19,Unknown,Unknown,116119.67724384197,125312.73479931589,16.119677243841977,25.312734799315884,-7.336092034218467
2017-06-20,Unknown,Unknown,115830.72334013403,124467.60932256147,15.830723340134046,24.46760932256147,-6.9390631260898505
2017-06-21,Unknown,Unknown,115893.67683773865,124436.87521020128,15.893676837738656,24.43687521020128,-6.865487708552054
2017-06-22,Unknown,Unknown,115951.5954006123,124380.51442964785,15.951595400612305,24.38051442964786,-6.776719864591907
2017-06-23,Unknown,Unknown,116071.9696778061,124529.05965781017,16.07196967780611,24.52905965781016,-6.791258203702055
2017-06-26,Unknown,Unknown,116106.33160091726,124611.02027234931,16.106331600917258,24.611020272349315,-6.824989196657127
2017-06-27,Unknown,Unknown,115330.34469582344,123607.12573436281,15.330344695823438,23.60712573436281,-6.696038751298639
2017-06-28,Unknown,Unknown,115882.73810590972,124713.45538723549,15.882738105909722,24.713455387235484,-7.080805558555303
2017-06-29,Unknown,Unknown,115015.473216925,123617.39429111179,15.015473216925002,23.617394291111783,-6.958503795938098
2017-06-30,Unknown,Unknown,115062.97125853895,123847.84646539818,15.062971258538948,23.84784646539817,-7.09328055156263
2017-07-03,Unknown,Unknown,114820.9598725714,124057.8420288092,14.820959872571393,24.057842028809205,-7.445625367312758
2017-07-05,Unknown,Unknown,115028.49345960455,124344.66392838486,15.028493459604553,24.344663928384858,-7.492215728811546
2017-07-06,Unknown,Unknown,114201.32989578122,123207.61805262366,14.201329895781223,23.20761805262366,-7.309846825377086
2017-07-07,Unknown,Unknown,114390.97938817093,124006.6423608378,14.390979388170933,24.006642360837805,-7.754151543501154
2017-07-10,Unknown,Unknown,114517.07496399828,124139.84736702754,14.517074963998278,24.139847367027546,-7.75155810734881
2017-07-11,Unknown,Unknown,114519.4523506506,124047.64502994697,14.519452350650596,24.047645029946963,-7.681075023226869
2017-07-12,Unknown,Unknown,115235.13752280631,124979.8027864641,15.235137522806319,24.9798027864641,-7.796992031030136
2017-07-13,Unknown,Unknown,115187.01597916128,125189.78940513928,15.187015979161277,25.189789405139273,-7.9900872695032765
2017-07-14,Unknown,Unknown,115633.32635139441,125773.71965051127,15.633326351394405,25.773719650511275,-8.062410277197873
2017-07-17,Unknown,Unknown,115739.04687508373,125758.32576012364,15.73904687508374,25.758325760123647,-7.967089911924463
2017-07-18,Unknown,Unknown,116056.68687573762,125824.91931848267,16.056686875737626,25.824919318482674,-7.763352836348824
2017-07-19,Unknown,Unknown,116441.59612272214,126506.15040036637,16.441596122722135,26.50615040036637,-7.95578258115669
2017-07-20,Unknown,Unknown,116555.2390822789,126562.4932914481,16.555239082278895,26.562493291448106,-7.906966707841711
2017-07-21,Unknown,Unknown,116691.44698731696,126449.79856454878,16.69144698731695,26.449798564548786,-7.7171744739873755
2017-07-24,Unknown,Unknown,116588.82393358905,126419.06445218858,16.588823933589047,26.41906445218858,-7.775916204725042
2017-07-25,Unknown,Unknown,116420.0059914848,126726.36979684715,16.420005991484786,26.72636979684715,-8.132769700484843
2017-07-26,Unknown,Unknown,116554.83872241524,126731.50407522164,16.554838722415234,26.731504075221647,-8.03009908788428
2017-07-27,Unknown,Unknown,116367.78658993811,126613.69295941951,16.367786589938117,26.61369295941951,-8.092257740847408
2017-07-28,Unknown,Unknown,116509.14251682612,126465.16562072888,16.509142516826113,26.465165620728868,-7.872541861654647
2017-07-31,Unknown,Unknown,116502.9051881044,126393.4288392595,16.5029051881044,26.393428839259503,-7.8251881778864885
2017-08-01,Unknown,Unknown,116810.4420662066,126675.15223940405,16.810442066206587,26.675152239404042,-7.78740739506204
2017-08-02,Unknown,Unknown,116832.81968862374,126736.63835359614,16.832819688623736,26.736638353596142,-7.814487423392647
2017-08-03,Unknown,Unknown,116953.72079039508,126490.77439945043,16.953720790395078,26.490774399450423,-7.539722682808392
2017-08-04,Unknown,Unknown,116790.74162309086,126721.25340794434,16.790741623090867,26.721253407944335,-7.836500600956753
2017-08-07,Unknown,Unknown,116933.74168410029,126956.84880534107,16.93374168410029,26.95684880534106,-7.894892804569286
2017-08-08,Unknown,Unknown,116711.43334888502,126644.41812704386,16.71143334888503,26.644418127043856,-7.843207718949385
2017-08-09,Unknown,Unknown,116977.99079044348,126639.29279340521,16.977990790443485,26.63929279340522,-7.628992384474886
2017-08-10,Unknown,Unknown,116271.56419393868,124851.75889285636,16.271564193938694,24.851758892856356,-6.872305824927083
2017-08-11,Unknown,Unknown,116442.56393300102,125036.13673281,16.442563933001008,25.03613673281,-6.872871334926645
2017-08-14,Unknown,Unknown,116925.09851435242,126275.66244713661,16.92509851435242,26.275662447136618,-7.404882106002542
2017-08-15,Unknown,Unknown,116725.41380670328,126260.29539095651,16.725413806703273,26.26029539095651,-7.55176562412524
2017-08-16,Unknown,Unknown,117021.06071382425,126480.51478743729,17.021060713824255,26.480514787437293,-7.478981319383915
2017-08-17,Unknown,Unknown,116160.35580679688,124508.58515746312,16.16035580679689,24.508585157463123,-6.704942747609277
2017-08-18,Unknown,Unknown,116027.82611109773,124313.98348443973,16.027826111097742,24.313983484439717,-6.665507082217481
2017-08-21,Unknown,Unknown,116184.8194746397,124411.27537621558,16.1848194746397,24.41127537621557,-6.612307346500024
2017-08-22,Unknown,Unknown,116762.80936865702,125712.25142579088,16.762809368657017,25.71225142579088,-7.118989561981392
2017-08-23,Unknown,Unknown,116716.97303413854,125261.50829713696,16.716973034138547,25.26150829713696,-6.821357477773327
2017-08-24,Unknown,Unknown,116430.08433199543,124969.5521191868,16.43008433199542,24.96955211918681,-6.8332386908509175
2017-08-25,Unknown,Unknown,116727.60199477505,125261.50829713696,16.727601994775053,25.26150829713696,-6.812872061318586
2017-08-28,Unknown,Unknown,116908.69659178585,125266.6336307756,16.908696591785844,25.266633630775594,-6.6721175437865154
2017-08-29,Unknown,Unknown,117037.55302162522,125410.04458056344,17.037553021625218,25.41004458056344,-6.676093280199513
2017-08-30,Unknown,Unknown,117354.44321628538,126004.1807695335,17.354443216285386,26.0041807695335,-6.86464330026384
2017-08-31,Unknown,Unknown,117990.65700112165,126762.23818758184,17.990657001121658,26.762238187581833,-6.9197115102054845
2017-09-01,Unknown,Unknown,117932.85658596257,126941.49069389682,17.932856585962575,26.941490693896817,-7.096682147570976
2017-09-05,Unknown,Unknown,117937.48926464841,126029.80743772673,17.9374892646484,26.02980743772674,-6.420955754516145
2017-09-06,Unknown,Unknown,117965.77280479674,126460.04923182608,17.965772804796742,26.460049231826076,-6.716964352479149
2017-09-07,Unknown,Unknown,118330.85813397136,126444.69112038182,18.33085813397135,26.444691120381812,-6.416902848602534
2017-09-08,Unknown,Unknown,118180.51974258463,126296.1280027478,18.180519742584632,26.29612800274781,-6.425856745177971
2017-09-11,Unknown,Unknown,118467.43466746988,127643.21416559925,18.467434667469874,27.64321416559925,-7.188615202234782
2017-09-12,Unknown,Unknown,118618.95037716157,128073.44701496275,18.618950377161568,28.07344701496275,-7.382089619791843
2017-09-13,Unknown,Unknown,118466.31227396672,128134.87946073976,18.46631227396671,28.13487946073976,-7.545616952592105
2017-09-14,Unknown,Unknown,118594.44314199642,128093.91257057396,18.59444314199643,28.093912570573963,-7.416019417272269
2017-09-15,Unknown,Unknown,118637.21411554642,128266.40285659082,18.63721411554642,28.266402856590833,-7.50717921965145
2017-09-18,Unknown,Unknown,118537.62397440465,128539.18152089132,18.53762397440464,28.539181520891322,-7.780940743629305
2017-09-19,Unknown,Unknown,118577.37415388937,128667.84260127229,18.57737415388936,28.667842601272287,-7.84226131672402
2017-09-20,Unknown,Unknown,118520.83526122702,128714.17633294452,18.52083526122703,28.71417633294453,-7.919361613557174
2017-09-21,Unknown,Unknown,118223.11064981329,128369.31204247675,18.22311064981328,28.369312042476746,-7.903915064455703
2017-09-22,Unknown,Unknown,118359.60953582841,128395.04604750012,18.359609535828405,28.395046047500117,-7.8160620838587995
2017-09-25,Unknown,Unknown,118487.92539283383,128132.54488468445,18.487925392833837,28.132544884684464,-7.5270646505386285
2017-09-26,Unknown,Unknown,118350.57780932178,128209.75584449038,18.350577809321788,28.20975584449039,-7.689881296651957
2017-09-27,Unknown,Unknown,118159.02578267755,128709.04205457003,18.15902578267754,28.709042054570034,-8.196794959766295
2017-09-28,Unknown,Unknown,118199.01377122688,128863.4639741819,18.19901377122688,28.86346397418189,-8.275774896980625
2017-09-29,Unknown,Unknown,118440.34517812356,129316.42539732516,18.440345178123565,29.31642539732515,-8.4104398847902
2017-10-02,Unknown,Unknown,118522.6319606773,129877.47500840804,18.522631960677295,29.877475008408048,-8.742734678970043
2017-10-03,Unknown,Unknown,118703.74838007517,130155.40584055471,18.703748380075158,30.155405840554717,-8.798449351007564
2017-10-04,Unknown,Unknown,118823.71560250352,130309.8724838458,18.823715602503533,30.3098724838458,-8.814494759609403
2017-10-05,Unknown,Unknown,119093.26717022482,131081.94630296176,19.093267170224813,31.08194630296177,-9.145942268074226
2017-10-06,Unknown,Unknown,119000.62619069677,130932.66760646024,19.000626190696778,30.932667606460228,-9.113112589768036
2017-10-09,Unknown,Unknown,119053.86596462363,130716.5180647885,19.05386596462364,30.716518064788502,-8.922095135967723
2017-10-10,Unknown,Unknown,119312.46431653632,131061.35552104874,19.312464316536328,31.06135552104874,-8.964420639328363
2017-10-11,Unknown,Unknown,119509.43690273083,131267.26334017902,19.509436902730837,31.26726334017902,-8.957165814432955
2017-10-12,Unknown,Unknown,119513.24483666051,131071.68669094863,19.513244836660505,31.071686690948617,-8.818412386453488
2017-10-13,Unknown,Unknown,119863.86051573246,131231.23394419914,19.863860515732455,31.231233944199133,-8.662094447195546
2017-10-16,Unknown,Unknown,119859.09246121967,131406.23770098822,19.859092461219664,31.40623770098823,-8.78736461966425
2017-10-17,Unknown,Unknown,119857.91601304745,131498.90516433268,19.85791601304745,31.49890516433269,-8.852536936895117
2017-10-18,Unknown,Unknown,119724.78995257939,131627.5751894495,19.72478995257938,31.627575189449498,-9.04277482870791
2017-10-19,Unknown,Unknown,119857.25031838278,131663.57775122183,19.857250318382768,31.663577751221837,-8.967041329491366
2017-10-20,Unknown,Unknown,119899.10309304712,132343.05566488008,19.89910309304712,32.3430556648801,-9.40279979883767
2017-10-23,Unknown,Unknown,119677.64607416237,131828.28611705438,19.677646074162382,31.828286117054372,-9.217020414043064
2017-10-24,Unknown,Unknown,119611.44630222612,132059.94583067973,19.61144630222611,32.05994583067972,-9.426400601749773
2017-10-25,Unknown,Unknown,119142.52391788074,131406.23770098822,19.142523917880737,31.40623770098823,-9.332672480140003
2017-10-26,Unknown,Unknown,119057.13134082357,131576.0714004594,19.057131340823563,31.576071400459394,-9.514602409380124
2017-10-27,Unknown,Unknown,119857.33387006407,132651.88161463215,19.857333870064075,32.65188161463215,-9.645206376896788
2017-10-30,Unknown,Unknown,119834.39272363286,132157.73862766282,19.834392723632853,32.15773862766282,-9.324725159492464
2017-10-31,Unknown,Unknown,119909.68057534001,132363.62855732144,19.909680575340015,32.36362855732145,-9.408889827002675
2017-11-01,Unknown,Unknown,120154.60594712684,132538.6502035822,20.154605947126836,32.5386502035822,-9.343722934731257
2017-11-02,Unknown,Unknown,120295.89875391501,132590.10032415722,20.29589875391502,32.59010032415721,-9.272337482349934
2017-11-03,Unknown,Unknown,120547.53980565818,133032.7753010798,20.547539805658175,33.032775301079795,-9.385082335661288
2017-11-06,Unknown,Unknown,120851.4910172954,133238.70100968177,20.851491017295398,33.23870100968176,-9.297005973877104
2017-11-07,Unknown,Unknown,120858.88876459625,133146.051435809,20.85888876459625,33.146051435809,-9.228334253033788
2017-11-08,Unknown,Unknown,120970.70012678557,133372.51425790892,20.97070012678557,33.372514257908925,-9.298628131986298
2017-11-09,Unknown,Unknown,120685.77554780123,132888.68455136783,20.68577554780122,32.88868455136782,-9.182805176199626
2017-11-10,Unknown,Unknown,120201.48762405466,132847.51193227762,20.20148762405465,32.84751193227762,-9.519202975114494
2017-11-13,Unknown,Unknown,120336.59443365736,132971.01190007656,20.33659443365736,32.97101190007656,-9.501632939300752
2017-11-14,Unknown,Unknown,120352.6074807701,132662.19489506035,20.352607480770104,32.662194895060345,-9.278896240204304
2017-11-15,Unknown,Unknown,120234.14588883848,131998.1645402048,20.234145888838473,31.99816454020481,-8.912259266895461
2017-11-16,Unknown,Unknown,120637.67922562305,133120.2905965781,20.637679225623053,33.12029059657811,-9.376941197329325
2017-11-17,Unknown,Unknown,120744.62213546158,132729.08362970225,20.744622135461576,32.72908362970224,-9.029265603668168
2017-11-20,Unknown,Unknown,120706.93957280561,132955.58223074555,20.706939572805606,32.95558223074555,-9.212582467340347
2017-11-21,Unknown,Unknown,121279.85025455052,133825.49357052386,21.279850254550524,33.82549357052387,-9.374628840327793
2017-11-22,Unknown,Unknown,121403.41444662417,133707.10104689188,21.40341444662417,33.70710104689187,-9.201969457069248
2017-11-24,Unknown,Unknown,121475.26469038204,134015.9448861156,21.475264690382033,34.01594488611561,-9.357603086998656
2017-11-27,Unknown,Unknown,121454.26544012826,133949.0293172662,21.454265440128275,33.9490293172662,-9.327998822256001
2017-11-28,Unknown,Unknown,122229.54014135321,135307.91358669594,22.229540141353212,35.30791358669594,-9.665638245883535
2017-11-29,Unknown,Unknown,121869.62635624141,135225.55940377968,21.86962635624141,35.22555940377969,-9.876781509668476
2017-11-30,Unknown,Unknown,122345.74936916791,136409.42202694868,22.345749369167912,36.409422026948675,-10.309898281808117
2017-12-01,Unknown,Unknown,122561.75078132196,136126.33902695586,22.561750781321965,36.126339026955854,-9.96470509865679
2017-12-04,Unknown,Unknown,122442.72119571098,135961.63960585915,22.44272119571098,35.96163960585914,-9.943185776030894
2017-12-05,Unknown,Unknown,122211.00190028915,135472.59511832095,22.21100190028915,35.472595118320946,-9.789133519180915
2017-12-06,Unknown,Unknown,122284.90366042909,135498.347012816,22.28490366042908,35.498347012816,-9.751737673329053
2017-12-07,Unknown,Unknown,122172.14292759067,135925.5744309359,22.172142927590667,35.92557443093589,-10.118354519320704
2017-12-08,Unknown,Unknown,122579.32447593595,136666.8425798049,22.57932447593596,36.66684257980491,-10.307926807954704
2017-12-11,Unknown,Unknown,122708.95401166278,137078.58666017873,22.708954011662776,37.078586660178736,-10.482769773617983
2017-12-12,Unknown,Unknown,122845.72595466251,137320.53282002476,22.84572595466252,37.320532820024766,-10.54089040299111
2017-12-13,Unknown,Unknown,123119.56734112505,137305.0763164862,23.119567341125034,37.30507631648621,-10.331379841094702
2017-12-14,Unknown,Unknown,122892.02725887395,136744.03565013918,22.892027258873938,36.744035650139175,-10.12988122327011
2017-12-15,Unknown,Unknown,123632.66625220542,137882.75419150322,23.632666252205414,37.882754191503224,-10.334931313821938
2017-12-18,Unknown,Unknown,123941.58525812549,138757.09317552432,23.941585258125485,38.75709317552432,-10.677297699410282
2017-12-19,Unknown,Unknown,123342.06372620218,138224.20159287855,23.342063726202177,38.22420159287856,-10.766665819137655
2017-12-20,Unknown,Unknown,123067.34244158235,138151.77606674918,23.06734244158235,38.15177606674918,-10.918740283062778
2017-12-21,Unknown,Unknown,123378.6622953324,138436.29916921293,23.378662295332386,38.43629916921294,-10.876942654668442
2017-12-22,Unknown,Unknown,123453.3821397379,138400.1356021954,23.45338213973791,38.4001356021954,-10.79966677591926
2017-12-26,Unknown,Unknown,123515.26723931698,138234.57748645765,23.515267239316984,38.234577486457646,-10.64806686921922
2017-12-27,Unknown,Unknown,123910.4214719603,138301.78823158995,23.910421471960298,38.30178823158994,-10.405770557016169
2017-12-28,Unknown,Unknown,124106.14446712317,138586.3560577329,24.10614446712318,38.586356057732885,-10.448511673528305
2017-12-29,Unknown,Unknown,123936.77857129677,138063.8135344587,23.93677857129677,38.06381353445869,-10.2322502917363
2018-01-02,Unknown,Unknown,124250.19145951679,139051.9385031521,24.250191459516792,39.051938503152115,-10.644761376915135
2018-01-03,Unknown,Unknown,124808.3316088276,139931.53699184954,24.808331608827604,39.93153699184955,-10.807574695547583
2018-01-04,Unknown,Unknown,125184.43469628549,140521.29920499187,25.184434696285486,40.52129920499188,-10.914263243704447
2018-01-05,Unknown,Unknown,125602.68422020724,141457.75937945,25.602684220207237,41.457759379449996,-11.208346031208293
2018-01-08,Unknown,Unknown,125723.63017910375,141716.39641638103,25.72363017910375,41.71639641638103,-11.285050030688382
2018-01-09,Unknown,Unknown,125505.13377920658,142037.13675427737,25.50513377920658,42.03713675427736,-11.639211654675197
2018-01-10,Unknown,Unknown,125388.63719616507,141819.89595483264,25.388637196165064,41.819895954832646,-11.586003958076985
2018-01-11,Unknown,Unknown,126085.71593533801,142854.63194200947,26.085715935338015,42.85463194200947,-11.73844752438874
2018-01-12,Unknown,Unknown,126778.12735551399,143785.92205914974,26.77812735551399,43.785922059149755,-11.828553491237614
2018-01-16,Unknown,Unknown,126638.29524751783,143294.3730455752,26.63829524751784,43.2943730455752,-11.623678895444034
2018-01-17,Unknown,Unknown,127235.18101475421,144660.22526422748,27.235181014754218,44.660225264227485,-12.045497798476223
2018-01-18,Unknown,Unknown,126846.94830064732,144417.044730835,26.846948300647313,44.41704473083501,-12.166220727570565
2018-01-19,Unknown,Unknown,127126.36630538607,145074.13397067555,27.126366305386075,45.07413397067555,-12.371445669920277
2018-01-22,Unknown,Unknown,127805.95109930416,146253.6583969602,27.80595109930417,46.253658396960205,-12.613501432959351
2018-01-23,Unknown,Unknown,128140.20503182578,146564.1122886359,28.140205031825793,46.56411228863588,-12.570544705055086
2018-01-24,Unknown,Unknown,128130.8960309358,146507.2148239318,28.130896030935794,46.50721482393181,-12.542944601793259
2018-01-25,Unknown,Unknown,128278.92730546126,146569.26445648205,28.278927305461266,46.56926445648204,-12.47897178091617
2018-01-26,Unknown,Unknown,129108.31322328364,148266.24185134564,29.108313223283645,48.266241851345626,-12.921301834351528
2018-01-29,Unknown,Unknown,128338.79698647743,147283.21538208332,28.338796986477433,47.28321538208331,-12.862577956666765
2018-01-30,Unknown,Unknown,127330.80767748252,145772.55683485154,27.330807677482525,45.77255683485153,-12.651043212654923
2018-01-31,Unknown,Unknown,127596.8442650058,145845.00919518844,27.596844265005792,45.84500919518844,-12.51202562972903
2018-02-01,Unknown,Unknown,127197.17470415802,145679.4063557715,27.197174704158034,45.679406355771505,-12.686921311634825
2018-02-02,Unknown,Unknown,125105.96444619473,142508.00553858042,25.10596444619473,42.508005538580406,-12.211272641574178
2018-02-05,Unknown,Unknown,122163.9268568308,136547.92231675814,22.163926856830795,36.54792231675814,-10.534027333319617
2018-02-06,Unknown,Unknown,123326.46526096718,139238.24840604805,23.326465260967176,39.23824840604806,-11.427738661778308
2018-02-07,Unknown,Unknown,122636.08929462363,138482.90124296048,22.636089294623616,38.48290124296048,-11.443154213338225
2018-02-08,Unknown,Unknown,119841.77576042667,133288.55002254073,19.84177576042667,33.28855002254072,-10.088469159458969
2018-02-09,Unknown,Unknown,120746.36198218272,135290.7486386112,20.746361982182716,35.29074863861119,-10.750466534322655
2018-02-12,Unknown,Unknown,121975.35043798243,137277.43708272805,21.97535043798242,37.277437082728056,-11.146832990132282
2018-02-13,Unknown,Unknown,122334.38754264454,137618.86659463172,22.334387542644542,37.61886659463172,-11.106383470668257
2018-02-14,Unknown,Unknown,123282.56771730453,139476.26782685853,23.282567717304524,39.47626782685853,-11.610362366202942
2018-02-15,Unknown,Unknown,124331.94934681666,141255.9929730155,24.33194934681666,41.255992973015495,-11.981115469863202
2018-02-16,Unknown,Unknown,124439.51500059801,141297.33554208677,24.439515000598,41.29733554208676,-11.930741989446435
2018-02-20,Unknown,Unknown,123690.57704876982,140412.64749869404,23.690577048769825,40.41264749869404,-11.909233781864103
2018-02-21,Unknown,Unknown,122970.13069908033,139714.170966103,22.970130699080336,39.71417096610301,-11.984496741626206
2018-02-22,Unknown,Unknown,123200.40995682012,139895.23925379434,23.20040995682011,39.895239253794344,-11.933808030941561
2018-02-23,Unknown,Unknown,124587.66804679135,142125.12612077539,24.587668046791357,42.12512612077539,-12.339449436323468
2018-02-26,Unknown,Unknown,125512.06054234711,143775.53722083478,25.512060542347115,43.77553722083478,-12.702770604456537
2018-02-27,Unknown,Unknown,124383.76834973518,141980.31084746003,24.383768349735192,41.98031084746003,-12.393649790378413
2018-02-28,Unknown,Unknown,123747.97662990088,140541.9704895275,23.74797662990087,40.5419704895275,-11.94945097263883
2018-03-01,Unknown,Unknown,122784.5584155264,138498.4114149141,22.7845584155264,38.4984114149141,-11.34587237416903
2018-03-02,Unknown,Unknown,123041.2271318719,139212.39811945872,23.04122713187189,39.21239811945873,-11.61618591880752
2018-03-05,Unknown,Unknown,123820.06766891177,140821.35931361673,23.82006766891176,40.821359313616725,-12.072949535192434
2018-03-06,Unknown,Unknown,124167.69052457242,141178.37055536074,24.167690524572414,41.17837055536073,-12.049069530886724
2018-03-07,Unknown,Unknown,124033.53913390491,141126.5984242953,24.033539133904913,41.12659842429531,-12.111862314572575
2018-03-08,Unknown,Unknown,124505.5492275438,141809.5558401969,24.5055492275438,41.8095558401969,-12.202285318594985
2018-03-09,Unknown,Unknown,125686.51522874107,144277.39057010168,25.68651522874108,44.27739057010167,-12.885508441690064
2018-03-12,Unknown,Unknown,125724.66586476729,144096.28650346698,25.724665864767292,44.09628650346698,-12.749544824847147
2018-03-13,Unknown,Unknown,125368.18735815241,143165.00533106257,25.368187358152404,43.16500533106256,-12.430983348029656
2018-03-14,Unknown,Unknown,125174.96789169517,142430.3473419823,25.174967891695175,42.4303473419823,-12.114959889029908
2018-03-15,Unknown,Unknown,125012.21292947695,142275.1919540312,25.012212929476952,42.2751919540312,-12.133513079449498
2018-03-16,Unknown,Unknown,124979.59314546011,142429.44392366204,24.9795931454601,42.429443923662035,-12.251575445000352
2018-03-19,Unknown,Unknown,123896.6891685347,140502.33636500247,23.896689168534692,40.50233636500246,-11.818769442615517
2018-03-20,Unknown,Unknown,123873.74332098562,140741.3039278124,23.873743320985618,40.74130392781241,-11.984797736049336
2018-03-21,Unknown,Unknown,123970.2888614825,140471.14607111423,23.970288861482516,40.47114607111424,-11.746794748352151
2018-03-22,Unknown,Unknown,122271.18572968159,136959.80056816962,22.271185729681587,36.95980056816963,-10.72476360037996
2018-03-23,Unknown,Unknown,120848.73576856455,134040.54290968677,20.848735768564563,34.04054290968676,-9.841654513448617
2018-03-26,Unknown,Unknown,122791.65974129121,137707.7772689217,22.791659741291205,37.707777268921696,-10.831717585929546
2018-03-27,Unknown,Unknown,121710.79408406798,135365.1151724187,21.710794084067974,35.36511517241871,-10.087030968768286
2018-03-28,Unknown,Unknown,121384.93802677421,134965.11553020816,21.384938026774215,34.96511553020816,-10.061990796721398
2018-03-29,Unknown,Unknown,122433.73685971007,136689.6606009431,22.433736859710063,36.68966060094312,-10.429408982770328
2018-04-02,Unknown,Unknown,120935.63530041007,133739.2842064588,20.93563530041007,33.7392842064588,-9.57358862956319
2018-04-03,Unknown,Unknown,121588.47428212209,135453.43549414296,21.588474282122093,35.45343549414297,-10.235961281779671
2018-04-04,Unknown,Unknown,122340.07018181338,136902.6526508619,22.340070181813388,36.902652650861924,-10.637180644108469
2018-04-05,Unknown,Unknown,122686.20623422644,137983.06940399436,22.686206234226436,37.983069403994364,-11.08604355290933
2018-04-06,Unknown,Unknown,121332.60937803872,134907.98550237215,21.332609378038715,34.90798550237215,-10.062692785591054
2018-04-09,Unknown,Unknown,121774.30581023771,135572.8924413404,21.774305810237713,35.57289244134041,-10.17798350586424
2018-04-10,Unknown,Unknown,122929.75982471593,137728.53800081575,22.929759824715923,37.728538000815746,-10.74488874340056
2018-04-11,Unknown,Unknown,122717.26090745484,137006.54575769068,22.71726090745483,37.00654575769067,-10.429636606931048
2018-04-12,Unknown,Unknown,123010.85119833314,138133.68981087249,23.01085119833315,38.13368981087248,-10.947972672883044
2018-04-13,Unknown,Unknown,122925.39143036563,137728.53800081575,22.92539143036563,37.728538000815746,-10.748060485737854
2018-04-16,Unknown,Unknown,123565.37882782477,138860.87894552297,23.565378827824766,38.86087894552297,-11.014981493598953
2018-04-17,Unknown,Unknown,124449.09712009659,140346.48328765554,24.449097120096596,40.34648328765555,-11.327242261550307
2018-04-18,Unknown,Unknown,124322.36129390882,140450.38533922014,24.322361293908813,40.45038533922014,-11.4830756828174
2018-04-19,Unknown,Unknown,123680.79918985428,139671.21834457983,23.680799189854284,39.67121834457983,-11.448614356091557
2018-04-20,Unknown,Unknown,122774.59634789528,138486.944263562,22.77459634789527,38.48694426356201,-11.345725042328692
2018-04-23,Unknown,Unknown,122673.20855256543,138466.16564219625,22.673208552565427,38.466165642196245,-11.40564340493161
2018-04-24,Unknown,Unknown,121611.2988236704,136601.37605816225,21.61129882367039,36.60137605816225,-10.973591677516747
2018-04-25,Unknown,Unknown,121559.71654686778,136938.97722312465,21.55971654686779,36.938977223124645,-11.230740135584849
2018-04-26,Unknown,Unknown,122436.7185258043,138331.06435200755,22.43671852580431,38.33106435200755,-11.49007701246143
2018-04-27,Unknown,Unknown,122738.41588274919,138460.95086119915,22.738415882749187,38.46095086119914,-11.355212340128363
2018-04-30,Unknown,Unknown,122115.31674720692,137396.1068931712,22.115316747206926,37.39610689317121,-11.121705331756937
2018-05-01,Unknown,Unknown,122078.98105198373,137640.2355685632,22.07898105198374,37.6402355685632,-11.305745338417328
2018-05-02,Unknown,Unknown,121545.27592636469,136715.60927962675,21.54527592636468,36.71560927962674,-11.096270157589627
2018-05-03,Unknown,Unknown,121547.1126952015,136414.36846587044,21.54711269520151,36.41436846587045,-10.898599566796063
2018-05-04,Unknown,Unknown,122566.74030380268,138180.43500039357,22.56674030380268,38.180435000393565,-11.299497426351579
2018-05-07,Unknown,Unknown,122785.62283420481,138647.90478507587,22.785622834204823,38.64790478507587,-11.440693586722329
2018-05-08,Unknown,Unknown,122765.62921198706,138647.90478507587,22.76562921198706,38.64790478507587,-11.455114015396484
2018-05-09,Unknown,Unknown,123327.33945979115,139988.067722384,23.32733945979115,39.98806772238402,-11.901534561955252
2018-05-10,Unknown,Unknown,124308.13594994023,141297.04931053976,24.308135949940237,41.29704931053977,-12.023544329833557
2018-05-11,Unknown,Unknown,124584.87175740015,141728.21241243102,24.58487175740014,41.728212412431034,-12.09592667770586
2018-05-14,Unknown,Unknown,124447.63624903905,141795.7630575254,24.44763624903905,41.79576305752539,-12.234587574699496
2018-05-15,Unknown,Unknown,123457.38786473555,140819.19468754248,23.457387864735544,40.81919468754247,-12.329147927120509
2018-05-16,Unknown,Unknown,123671.30661925043,141411.34514515515,23.67130661925043,41.411345145155146,-12.544989588844535
2018-05-17,Unknown,Unknown,123495.64086937983,141291.8881979577,23.49564086937983,41.291888197957704,-12.595377948127041
2018-05-18,Unknown,Unknown,123507.64315082878,140938.64269000405,23.507643150828784,40.938642690004045,-12.367792967550372
2018-05-21,Unknown,Unknown,124101.65590290292,141998.25398756322,24.10165590290292,41.99825398756323,-12.603393057373625
2018-05-22,Unknown,Unknown,123844.77807133232,141603.46912634975,23.844778071332318,41.60346912634976,-12.54114123374459
2018-05-23,Unknown,Unknown,124237.94726776604,141993.10181971706,24.237947267766046,41.99310181971707,-12.504237406190356
2018-05-24,Unknown,Unknown,124366.96503936013,141702.21006533233,24.36696503936013,41.70221006533232,-12.233574210296172
2018-05-25,Unknown,Unknown,124294.77627777678,141364.56417669074,24.294776277776787,41.36456417669074,-12.075011866183472
2018-05-29,Unknown,Unknown,123931.54511468948,139738.77793441003,23.931545114689467,39.73877793441003,-11.311987304726589
2018-05-30,Unknown,Unknown,124798.05170189339,141603.46912634975,24.7980517018934,41.60346912634976,-11.867941885986744
2018-05-31,Unknown,Unknown,124261.5260567017,140736.08020207947,24.261526056701687,40.736080202079464,-11.705991897544942
2018-06-01,Unknown,Unknown,124826.32255825184,142117.75565843988,24.826322558251835,42.11775565843989,-12.166975913794742
2018-06-04,Unknown,Unknown,125008.05813514892,142793.09215940232,25.008058135148925,42.79309215940232,-12.455108125538505
2018-06-05,Unknown,Unknown,125165.97550088543,142896.94948728773,25.165975500885416,42.89694948728773,-12.408224283318003
2018-06-06,Unknown,Unknown,125627.86732488274,144091.6262960922,25.627867324882736,44.0916262960922,-12.81390143606853
2018-06-07,Unknown,Unknown,125843.15985641666,144076.06245572356,25.843159856416655,44.07606245572355,-12.655053371485703
2018-06-08,Unknown,Unknown,126016.86486638123,144501.939218731,26.01686486638124,44.50193921873098,-12.792267323394945
2018-06-11,Unknown,Unknown,126098.3040189745,144694.20631569906,26.09830401897448,44.69420631569907,-12.851863782404216
2018-06-12,Unknown,Unknown,126166.8248395771,144881.18707378334,26.166824839577085,44.881187073783344,-12.917040930010891
2018-06-13,Unknown,Unknown,125938.96278659094,144418.8336780038,25.938962786590935,44.41883367800381,-12.796025574209791
2018-06-14,Unknown,Unknown,126352.06960291776,144782.51769268748,26.35206960291776,44.782517692687485,-12.729746922131735
2018-06-15,Unknown,Unknown,126079.68117855479,144597.79100803594,26.079681178554793,44.597791008035934,-12.806633974409765
2018-06-18,Unknown,Unknown,125874.32794304327,144300.36959648508,25.874327943043273,44.30036959648507,-12.769226929194666
2018-06-19,Unknown,Unknown,125684.18998343848,143747.31657924678,25.684189983438486,43.74731657924678,-12.565887854922309
2018-06-20,Unknown,Unknown,125554.46456068804,143992.50073346833,25.55446456068804,43.99250073346834,-12.80485864115194
2018-06-21,Unknown,Unknown,125170.00249149495,143089.83377102905,25.170002491494948,43.08983377102904,-12.523483190433527
2018-06-22,Unknown,Unknown,125337.27637701844,143350.73382612865,25.337276377018437,43.35073382612864,-12.566002955352074
2018-06-25,Unknown,Unknown,124288.65595074842,141399.35919912413,24.288655950748428,41.39935919912412,-12.100976514525597
2018-06-26,Unknown,Unknown,124432.6459422158,141712.38022998703,24.432645942215792,41.71238022998702,-12.193524842168134
2018-06-27,Unknown,Unknown,123957.90408821356,140538.41048466155,23.957904088213567,40.538410484661554,-11.79784682299192
2018-06-28,Unknown,Unknown,124366.00676394394,141341.9429397411,24.366006763943936,41.341942939741095,-12.010543949459207
2018-06-29,Unknown,Unknown,124433.60725351637,141545.43568019348,24.433607253516378,41.545435680193485,-12.089283094468284
2018-07-02,Unknown,Unknown,124353.5034157203,141848.02714906223,24.35350341572031,41.84802714906222,-12.33328660606442
2018-07-03,Unknown,Unknown,124349.22864748978,141347.14877600234,24.349228647489785,41.34714877600234,-12.025654762551842
2018-07-05,Unknown,Unknown,125070.50676110268,142500.26834207532,25.070506761102674,42.50026834207532,-12.231388602814475
2018-07-06,Unknown,Unknown,125766.98295749722,143705.56255232668,25.76698295749722,43.70556255232667,-12.482870722765227
2018-07-09,Unknown,Unknown,126316.91424558542,144999.57065267948,26.316914245585423,44.99957065267948,-12.884628777174123
2018-07-10,Unknown,Unknown,126566.23474028891,145521.3081497277,26.56623474028892,45.5213081497277,-13.025634287135324
2018-07-11,Unknown,Unknown,125965.57963846784,144456.9203632278,25.96557963846784,44.456920363227816,-12.800591815376283
2018-07-12,Unknown,Unknown,126704.94010883932,145766.54597236434,26.704940108839324,45.766545972364334,-13.076804239526185
2018-07-13,Unknown,Unknown,126773.85651972324,145881.31587797948,26.77385651972324,45.881315877979475,-13.097948317273488
2018-07-16,Unknown,Unknown,126594.20087867262,145750.87479516552,26.594200878672613,45.75087479516553,-13.14343666438722
2018-07-17,Unknown,Unknown,126722.88468878844,146340.5028372702,26.72288468878845,46.3405028372702,-13.405460394171564
2018-07-18,Unknown,Unknown,126787.58588031228,146648.30908713603,26.787585880312292,46.64830908713604,-13.543097312511687
2018-07-19,Unknown,Unknown,126601.38891586702,146095.25606989773,26.60138891586703,46.09525606989773,-13.343258144332948
2018-07-20,Unknown,Unknown,126285.26327789291,145928.30257536835,26.285263277892913,45.92830257536835,-13.460746785107226
2018-07-23,Unknown,Unknown,126063.10178841065,146199.5964135187,26.06310178841065,46.19959641351872,-13.773290158854422
2018-07-24,Unknown,Unknown,126538.77380919589,146935.3009366927,26.53877380919589,46.93530093669271,-13.881298093427318
2018-07-25,Unknown,Unknown,127226.90565240265,148187.57289959711,27.226905652402642,48.18757289959712,-14.144686249363259
2018-07-26,Unknown,Unknown,126899.2620518244,147838.01262281122,26.8992620518244,47.83801262281122,-14.163306310406941
2018-07-27,Unknown,Unknown,126419.2222899792,146836.20220827637,26.419222289979196,46.836202208276376,-13.904595468450754
2018-07-30,Unknown,Unknown,125912.2282622064,146069.20005438398,25.912228262206405,46.06920005438398,-13.799604423569656
2018-07-31,Unknown,Unknown,126460.64045229697,146789.16184247244,26.460640452296968,46.78916184247244,-13.848789062499812
2018-08-01,Unknown,Unknown,126041.41120161623,146543.94190930753,26.041411201616228,46.54394190930753,-13.990705068094744
2018-08-02,Unknown,Unknown,126431.02143776693,147342.34008601255,26.431021437766923,47.34234008601255,-14.192335099360054
2018-08-03,Unknown,Unknown,126927.0663253736,147973.65059715055,26.927066325373605,47.97365059715055,-14.223197296845115
2018-08-06,Unknown,Unknown,127164.60804515866,148516.26510765884,27.164608045158655,48.51626510765883,-14.37664557954137
2018-08-07,Unknown,Unknown,127322.90077584957,149006.7049739887,27.32290077584958,49.00670497398869,-14.55223387559933
2018-08-08,Unknown,Unknown,127348.53191963192,148944.10971255196,27.348531919631913,48.94410971255196,-14.499115026836218
2018-08-09,Unknown,Unknown,127429.00052367731,148740.66169577878,27.429000523677317,48.740661695778776,-14.32806666928138
2018-08-10,Unknown,Unknown,127077.8793379991,147744.0571175052,27.0778793379991,47.7440571175052,-13.98782339046618
2018-08-13,Unknown,Unknown,126551.97950609603,147190.97726605937,26.551979506096025,47.19097726605936,-14.02191774476551
2018-08-14,Unknown,Unknown,127002.58224696526,148130.1566402141,27.002582246965257,48.130156640214096,-14.262844833523358
2018-08-15,Hawkish Policy,Unknown,126364.94214437269,147024.03271626582,26.364942144372684,47.02403271626583,-14.051505859427794
2018-08-16,Hawkish Policy,Unknown,126979.62768363896,148213.61102563917,26.979627683638952,48.21361102563917,-14.326608194119894
2018-08-17,Hawkish Policy,Unknown,127394.33125763721,148735.42008057417,27.394331257637216,48.735420080574166,-14.348356841548494
2018-08-20,Hawkish Policy,Unknown,127787.74933543718,149053.66483717,27.787749335437173,49.05366483717002,-14.267287909334037
2018-08-21,Hawkish Policy,Unknown,127922.45100154106,149403.21616922008,27.92245100154107,49.40321616922007,-14.377712688158628
2018-08-22,Hawkish Policy,Unknown,128000.97071306311,149314.5917264771,28.00097071306311,49.31459172647712,-14.27430552297092
2018-08-23,Hawkish Policy,Unknown,127822.2453279381,149116.29587755015,27.822245327938113,49.11629587755015,-14.28016329422378
2018-08-24,Hawkish Policy,Unknown,128551.76213106723,150013.74805899232,28.55176213106723,50.01374805899233,-14.306679358138064
2018-08-27,Hawkish Policy,Unknown,129076.94868716868,151198.0936978969,29.07694868716868,51.198093697896894,-14.630571371440448
2018-08-28,Hawkish Policy,Unknown,128868.9459545427,151271.22585815794,28.868945954542703,51.27122585815793,-14.809346441484594
2018-08-29,Hawkish Policy,Unknown,129385.47413499592,152085.2147094392,29.385474134995924,52.08521470943921,-14.925672175175887
2018-08-30,Hawkish Policy,Unknown,129055.43769876208,151469.5127623491,29.055437698762088,51.4695127623491,-14.797746856658867
2018-08-31,Hawkish Policy,Unknown,128986.82738959935,151474.70070913865,28.986827389599345,51.474700709138645,-14.845959895785143
2018-09-04,Hawkish Policy,Unknown,128644.1878026542,151213.78276456738,28.644187802654187,51.213782764567384,-14.925620237311943
2018-09-05,Hawkish Policy,Unknown,128405.340080414,150806.86884154935,28.405340080414,50.806868841549345,-14.854448562732458
2018-09-06,Hawkish Policy,Unknown,128280.29788948325,150352.8698290482,28.28029788948325,50.35286982904821,-14.680512559994064
2018-09-07,Hawkish Policy,Unknown,127883.47186678332,150060.75264585286,27.883471866783328,50.06075264585286,-14.77886815042736
2018-09-10,Hawkish Policy,Unknown,128102.97911816058,150321.56325359398,28.102979118160576,50.32156325359398,-14.780703216843493
2018-09-11,Hawkish Policy,Unknown,128183.8379296145,150817.24473512848,28.183837929614498,50.817244735128476,-15.007174309054449
2018-09-12,Hawkish Policy,Unknown,128361.44502698939,150853.7929257873,28.361445026989387,50.85379292578731,-14.91003140362739
2018-09-13,Hawkish Policy,Unknown,128824.82747474016,151745.994547289,28.824827474740154,51.74599454728901,-15.104956899146272
2018-09-14,Hawkish Policy,Unknown,128642.71766154194,151772.13106542538,28.642717661541937,51.77213106542538,-15.239565552329815
2018-09-17,Hawkish Policy,Unknown,128282.16429714748,150968.5359971949,28.28216429714747,50.968535997194905,-15.027218453300062
2018-09-18,Hawkish Policy,Unknown,128439.91694148962,151787.7306847374,28.439916941489617,51.78773068473741,-15.381884713555094
2018-09-19,Hawkish Policy,Unknown,128427.46227416927,151949.48728774142,28.42746227416928,51.94948728774143,-15.48016083070376
2018-09-20,Hawkish Policy,Unknown,129228.37167742201,153180.89118192162,29.228371677422004,53.180891181921616,-15.636754245053297
2018-09-21,Hawkish Policy,Unknown,129061.73310305613,153040.94184490544,29.06173310305613,53.04094184490544,-15.668492661362654
2018-09-24,Hawkish Policy,Unknown,128730.09928007511,152532.46939111393,28.730099280075105,52.532469391113935,-15.604789069536606
2018-09-25,Hawkish Policy,Unknown,128649.96533371942,152391.03522794764,28.64996533371942,52.39103522794763,-15.579046273106645
2018-09-26,Hawkish Policy,Unknown,128515.26601214314,151934.97892620234,28.515266012143137,51.934978926202334,-15.414299642898289
2018-09-27,Hawkish Policy,Unknown,128649.30073754917,152359.53186830485,28.649300737549165,52.35953186830484,-15.562026766562997
2018-09-28,Hawkish Policy,Unknown,128668.93284154721,152375.2567139187,28.66893284154721,52.375256713918695,-15.557856559926664
2018-10-01,Hawkish Policy,Unknown,128633.97239462413,152904.6598495853,28.63397239462413,52.9046598495853,-15.87308554156337
2018-10-02,Hawkish Policy,Unknown,128895.04398704608,152815.5345016351,28.895043987046076,52.8155345016351,-15.653179889465408
2018-10-03,Hawkish Policy,Unknown,128435.91816431288,152899.43612385239,28.43591816431288,52.8994361238524,-15.999743739881056
2018-10-04,Hawkish Policy,Unknown,127659.4108572078,151704.3120782557,27.6594108572078,51.7043120782557,-15.849846910511346
2018-10-05,Hawkish Policy,Unknown,127049.8124145517,150855.29564140912,27.04981241455171,50.855295641409114,-15.78034309345313
2018-10-08,Hawkish Policy,Unknown,126821.45248627866,150855.29564140912,26.821452486278673,50.855295641409114,-15.931719899485763
2018-10-09,Hawkish Policy,Unknown,126969.85372455802,150635.18358175847,26.969853724558025,50.63518358175847,-15.71036015258407
2018-10-10,Hawkish Policy,Unknown,124523.46331555431,145865.58208762977,24.523463315554306,45.86558208762976,-14.631360233597823
2018-10-11,Hawkish Policy,Hawkish Policy,123537.86011305494,142652.65980665057,23.537860113054943,42.65265980665056,-13.399539636697677
2018-10-12,Hawkish Policy,Hawkish Policy,124387.22393474187,144633.88301716672,24.387223934741865,44.63388301716673,-13.998558747137945
2018-10-15,Hawkish Policy,Hawkish Policy,124053.75575045198,143821.4594946582,24.053755750451987,43.821459494658185,-13.744613504593472
2018-10-16,Hawkish Policy,Hawkish Policy,125677.33353714233,146966.26761218486,25.67733353714232,46.96626761218485,-14.485592116430313
2018-10-17,Hawkish Policy,Hawkish Policy,125538.65833218841,146992.4577987363,25.5386583321884,46.99245779873629,-14.5951702473896
2018-10-18,Hawkish Policy,Hawkish Policy,124472.21324457342,144869.70203295955,24.472213244573425,44.869702032959545,-14.079885926558655
2018-10-19,Hawkish Policy,Hawkish Policy,124387.38667203364,144791.11358383362,24.38738667203364,44.79111358383363,-14.091836444082794
2018-10-22,Hawkish Policy,Hawkish Policy,123991.49186507969,144141.25169055507,23.991491865079695,44.14125169055507,-13.979176390623582
2018-10-23,Hawkish Policy,Hawkish Policy,123778.30569843613,143407.37189349323,23.77830569843613,43.40737189349322,-13.687627027734205
2018-10-24,Hawkish Policy,Hawkish Policy,121804.68314509999,139062.385954618,21.80468314509998,39.062385954617994,-12.41004365849866
2018-10-25,Hawkish Policy,Hawkish Policy,122928.95500866792,141557.1980078284,22.928955008667916,41.5571980078284,-13.1595166203631
2018-10-26,Hawkish Policy,Hawkish Policy,121866.46218237361,139067.60073561507,21.866462182373603,39.06760073561506,-12.36890437618391
2018-10-29,Hawkish Policy,Hawkish Policy,121366.93138953041,138297.0922452718,21.366931389530407,38.2970922452718,-12.241877671379765
2018-10-30,Hawkish Policy,Hawkish Policy,122217.59879306486,140346.45645344802,22.217598793064862,40.34645645344801,-12.917217946572368
2018-10-31,Hawkish Policy,Hawkish Policy,122772.02403842364,141845.49578881834,22.772024038423645,41.84549578881833,-13.44665309555657
2018-11-01,Hawkish Policy,Hawkish Policy,123727.26331885798,143355.0094098621,23.727263318857972,43.3550094098621,-13.6917057672446
2018-11-02,Hawkish Policy,Hawkish Policy,122987.21876669691,142505.90352565708,22.987218766696916,42.50590352565708,-13.696755205264866
2018-11-05,Hawkish Policy,Hawkish Policy,123450.18150831986,143292.11002740666,23.450181508319858,43.29211002740665,-13.847188456706894
2018-11-06,Hawkish Policy,Hawkish Policy,123854.98058993155,144198.84684465497,23.854980589931564,44.19884684465496,-14.108203151332965
2018-11-07,Hawkish Policy,Hawkish Policy,125446.85577137058,147285.99719493082,25.44685577137058,47.28599719493083,-14.82771060351139
2018-11-08,Hawkish Policy,Hawkish Policy,125280.97966608207,147018.66587475938,25.28097966608207,47.01866587475938,-14.785664173551238
2018-11-09,Hawkish Policy,Hawkish Policy,124593.42655707707,145582.552756052,24.59342655707706,45.58255275605201,-14.417336282147586
2018-11-12,Hawkish Policy,Hawkish Policy,123289.75145332536,142862.26180168445,23.289751453325348,42.86226180168444,-13.700266327526611
2018-11-13,Hawkish Policy,Hawkish Policy,123143.73125608097,142594.97520519223,23.143731256080958,42.59497520519222,-13.640904191133796
2018-11-14,Hawkish Policy,Hawkish Policy,122774.29207758053,141620.13316922722,22.774292077580526,41.620133169227216,-13.307317730825108
2018-11-15,Hawkish Policy,Hawkish Policy,123524.77170789852,143098.16132009987,23.524771707898505,43.09816132009987,-13.678295675943131
2018-11-16,Hawkish Policy,Hawkish Policy,123956.68119161918,143470.32494436373,23.95668119161918,43.47032494436374,-13.601170667391838
2018-11-19,Hawkish Policy,Hawkish Policy,122807.48737973471,141043.59127566245,22.807487379734702,41.043591275662436,-12.92940978813153
2018-11-20,Hawkish Policy,Hawkish Policy,121497.6682685851,138433.41001953528,21.4976682685851,38.43341001953529,-12.233854348137685
2018-11-21,Hawkish Policy,Hawkish Policy,121748.82132300729,138905.11066427187,21.748821323007284,38.90511066427187,-12.351085758630331
2018-11-23,Hawkish Policy,Hawkish Policy,121296.52618789578,137977.44316514843,21.296526187895793,37.977443165148436,-12.089597107033557
2018-11-26,Hawkish Policy,Hawkish Policy,122349.24790054011,140204.9596771308,22.349247900540114,40.2049596771308,-12.735435192670419
2018-11-27,Hawkish Policy,Hawkish Policy,122537.56292577203,140676.70504554658,22.537562925772026,40.67670504554659,-12.894204562085587
2018-11-28,Hawkish Policy,Hawkish Policy,124098.73909873384,143915.79067886967,24.098739098733834,43.91579067886968,-13.769893829340196
2018-11-29,Hawkish Policy,Hawkish Policy,124081.04683481104,143601.32954553585,24.081046834811048,43.60132954553584,-13.593385780272271
2018-11-30,Hawkish Policy,Hawkish Policy,124595.95384507443,144476.643505764,24.595953845074426,44.47664350576399,-13.760486939812111
2018-12-03,Hawkish Policy,Hawkish Policy,125843.94636373819,146389.68099494083,25.84394636373819,46.38968099494083,-14.034960996952172
2018-12-04,Hawkish Policy,Hawkish Policy,123960.86219899451,141646.33230051448,23.960862198994516,41.64633230051449,-12.48565339764589
2018-12-06,Hawkish Policy,Hawkish Policy,123936.99082421404,141431.42607712507,23.936990824214032,41.43142607712507,-12.36955303227375
2018-12-07,Hawkish Policy,Hawkish Policy,122434.36841425851,138145.1390727529,22.434368414258522,38.1451390727529,-11.372655428882272
2018-12-10,Hawkish Policy,Hawkish Policy,122629.01422302547,138407.19299877636,22.62901422302548,38.40719299877635,-11.399825712736167
2018-12-11,Hawkish Policy,Hawkish Policy,122624.44038469586,138438.65163473992,22.624440384695866,38.43865163473992,-11.423262985664351
2018-12-12,Hawkish Policy,Hawkish Policy,122887.15180999617,139135.7148990676,22.887151809996165,39.135714899067594,-11.678211522367587
2018-12-13,Hawkish Policy,Hawkish Policy,122771.2333364371,139088.6029753769,22.771233336437092,39.08860297537691,-11.731636733621153
2018-12-14,Hawkish Policy,Hawkish Policy,121511.26193726006,136520.30991720752,21.511261937260052,36.52030991720751,-10.994003741311209
2018-12-17,Hawkish Policy,Hawkish Policy,120404.47450211321,133842.005552892,20.404474502113203,33.84200555289198,-10.039845858009432
2018-12-18,Hawkish Policy,Hawkish Policy,120521.3354105953,133695.25821663433,20.52133541059531,33.69525821663433,-9.853694874273355
2018-12-19,Hawkish Policy,Hawkish Policy,119780.22920375079,131693.07749003556,19.78022920375078,31.69307749003556,-9.045918368174021
2018-12-20,Hawkish Policy,Hawkish Policy,118805.97764076384,129549.38209764789,18.80597764076384,29.54938209764788,-8.29290289380632
2018-12-21,Hawkish Policy,Hawkish Policy,117400.97119906533,126894.9780675077,17.40097119906534,26.894978067507715,-7.481782977567164
2018-12-24,Hawkish Policy,Hawkish Policy,115989.66204176258,123542.02594688973,15.989662041762575,23.542025946889723,-6.11319415174062
2018-12-26,Hawkish Policy,Hawkish Policy,118811.7697895727,129783.96673989423,18.811769789572708,29.78396673989423,-8.454200642758424
2018-12-27,Hawkish Policy,Hawkish Policy,119423.71035150734,130780.3655892434,19.42371035150734,30.780365589243395,-8.683761653798394
2018-12-28,Hawkish Policy,Hawkish Policy,119620.04125610915,130611.6857606961,19.620041256109143,30.611685760696105,-8.415513849752775
2018-12-31,Hawkish Policy,Hawkish Policy,120322.45447445298,131755.69064094397,20.32245447445298,31.755690640943968,-8.677603305688287
2019-01-02,Hawkish Policy,Hawkish Policy,120432.60580196706,131892.76871775422,20.432605801967064,31.892768717754215,-8.689000183407703
2019-01-03,Hawkish Policy,Hawkish Policy,119770.36143904761,128745.42029524784,19.770361439047623,28.745420295247847,-6.971167468029549
2019-01-04,Hawkish Policy,Hawkish Policy,121281.62070784139,133057.8473956507,21.281620707841387,33.0578473956507,-8.85045633783058
2019-01-07,Hawkish Policy,Hawkish Policy,121318.92783235369,134106.97546280062,21.318927832353694,34.10697546280061,-9.53570654048056
2019-01-08,Hawkish Policy,Hawkish Policy,122043.67882052953,135366.9577880026,22.043678820529532,35.36695778800259,-9.842342019932637
2019-01-09,Hawkish Policy,Hawkish Policy,121904.92208276571,135999.54739636628,21.904922082765708,35.99954739636628,-10.36372957368913
2019-01-10,Hawkish Policy,Hawkish Policy,122394.06488052678,136479.3609165134,22.394064880526777,36.4793609165134,-10.320458669646627
2019-01-11,Hawkish Policy,Hawkish Policy,122415.70853485781,136532.05435537075,22.415708534857814,36.53205435537075,-10.33921732677543
2019-01-14,Hawkish Policy,Hawkish Policy,121742.62083257262,135699.0758298926,21.742620832572612,35.6990758298926,-10.284856335215785
2019-01-15,Hawkish Policy,Hawkish Policy,122467.11031691669,137254.27916162778,22.46711031691668,37.25427916162778,-10.77355761513128
2019-01-16,Hawkish Policy,Hawkish Policy,122470.64239293421,137586.42403772532,22.470642392934217,37.58642403772532,-10.986390372822285
2019-01-17,Hawkish Policy,Hawkish Policy,122906.4557246866,138630.27471072724,22.90645572468659,38.63027471072724,-11.342269225716194
2019-01-18,Hawkish Policy,Hawkish Policy,123561.39429172443,140475.43059958352,23.561394291724437,40.47543059958352,-12.040565553467852
2019-01-22,Hawkish Policy,Hawkish Policy,123038.44443433406,138577.55443766233,23.03844443433405,38.57755443766233,-11.213295014755353
2019-01-23,Hawkish Policy,Hawkish Policy,123559.97278483561,138867.48016057588,23.559972784835615,38.86748016057589,-11.023104443199971
2019-01-24,Hawkish Policy,Hawkish Policy,123415.73167398675,138941.28317602523,23.415731673986762,38.94128317602523,-11.174181745802002
2019-01-25,Hawkish Policy,Hawkish Policy,123422.04600039327,140116.96136589692,23.42204600039326,40.116961365896906,-11.914985311383596
2019-01-28,Hawkish Policy,Hawkish Policy,123272.14117122692,139052.0368952464,23.272141171226913,39.05203689524639,-11.34819458697115
2019-01-29,Hawkish Policy,Hawkish Policy,123503.43699340498,138867.48016057588,23.503436993404982,38.86748016057589,-11.063816488500466
2019-01-30,Hawkish Policy,Hawkish Policy,124319.3208901057,141065.89050212168,24.31932089010569,41.06589050212168,-11.87145209405821
2019-01-31,Hawkish Policy,Hawkish Policy,125409.02478342314,142304.75430599583,25.40902478342315,42.30475430599583,-11.87291992103232
2019-02-01,Hawkish Policy,Hawkish Policy,125160.01050276894,142373.29781676887,25.160010502768948,42.37329781676886,-12.090249771521789
2019-02-04,Hawkish Policy,Hawkish Policy,125551.35984676486,143375.0098392094,25.551359846764864,43.37500983920941,-12.431489987295008
2019-02-05,Hawkish Policy,Hawkish Policy,125746.12369448712,143975.9887511002,25.74612369448712,43.9759887511002,-12.661739790603644
2019-02-06,Hawkish Policy,Hawkish Policy,125667.1115124264,143786.16356701753,25.6671115124264,43.786163567017525,-12.601387786625228
2019-02-07,Hawkish Policy,Hawkish Policy,125755.75718713542,142415.49908048115,25.75575718713541,42.41549908048115,-11.697983717299664
2019-02-08,Hawkish Policy,Hawkish Policy,126052.46471589044,142589.47419264814,26.052464715890444,42.58947419264813,-11.597636901595598
2019-02-11,Hawkish Policy,Hawkish Policy,126105.76245128264,142668.53671277378,26.105762451282644,42.66853671277377,-11.60926903935099
2019-02-12,Hawkish Policy,Hawkish Policy,126827.57631830883,144503.17359227745,26.827576318308832,44.50317359227745,-12.231978602657655
2019-02-13,Hawkish Policy,Hawkish Policy,126870.28752829377,144972.36971097768,26.87028752829377,44.97236971097769,-12.48657397183539
2019-02-14,Hawkish Policy,Hawkish Policy,126561.49563252438,144650.7706784403,26.56149563252439,44.650770678440324,-12.505481278166508
2019-02-15,Hawkish Policy,Hawkish Policy,127359.0071498081,146227.11042097505,27.3590071498081,46.22711042097505,-12.903286686611903
2019-02-19,Hawkish Policy,Hawkish Policy,127868.89745261233,146480.13016379598,27.86889745261234,46.48013016379598,-12.70563638247203
2019-02-20,Hawkish Policy,Hawkish Policy,127924.44386108787,146775.4048387443,27.924443861087877,46.775404838744294,-12.843405881501157
2019-02-21,Hawkish Policy,Hawkish Policy,127890.770123104,146253.43477856411,27.89077012310399,46.25343477856412,-12.555373269190028
2019-02-22,Hawkish Policy,Hawkish Policy,128162.00277585625,147160.24315369918,28.162002775856255,47.16024315369918,-12.909900099852734
2019-02-25,Hawkish Policy,Hawkish Policy,127890.01201721134,147360.54262345523,27.89001201721133,47.36054262345524,-13.212852137764042
2019-02-26,Hawkish Policy,Hawkish Policy,127855.49784852863,147255.1110220613,27.855497848528632,47.25511102206128,-13.174152692483643
2019-02-27,Hawkish Policy,Hawkish Policy,127758.78260899519,147191.8359607004,27.75878260899518,47.1918359607004,-13.202534790648146
2019-02-28,Hawkish Policy,Hawkish Policy,127903.29866450303,146917.74242023085,27.90329866450303,46.91774242023086,-12.942237909796173
2019-03-01,Hawkish Policy,Hawkish Policy,127816.23418542143,147835.0071915676,27.81623418542143,47.83500719156759,-13.541294032072814
2019-03-04,Hawkish Policy,Hawkish Policy,127633.97212576265,147297.3033410377,27.63397212576266,47.2973033410377,-13.34941697455826
2019-03-05,Hawkish Policy,Hawkish Policy,127536.01134773289,147096.9323133949,27.53601134773289,47.096932313394916,-13.297980221631567
2019-03-06,Hawkish Policy,Hawkish Policy,127311.93777072882,146205.9918996472,27.31193777072882,46.2059918996472,-12.922900001175652
2019-03-07,Hawkish Policy,Hawkish Policy,126937.932531898,144982.9334440095,26.937932531898,44.98293344400952,-12.446293148758958
2019-03-08,Hawkish Policy,Hawkish Policy,127108.56814948544,144692.9719421526,27.108568149485436,44.6929719421526,-12.152908020783004
2019-03-11,Hawkish Policy,Hawkish Policy,127970.43712189923,146791.21018698075,27.970437121899238,46.791210186980756,-12.821457797853064
2019-03-12,Hawkish Policy,Hawkish Policy,128276.3332420864,147344.77305416216,28.276333242086405,47.34477305416216,-12.941375127753208
2019-03-13,Hawkish Policy,Hawkish Policy,128751.6246884624,148319.9907690326,28.751624688462396,48.31999076903259,-13.193343647817857
2019-03-14,Hawkish Policy,Hawkish Policy,128538.02298896629,148225.149734878,28.538022988966283,48.225149734878016,-13.281907139999504
2019-03-15,Hawkish Policy,Hawkish Policy,128954.21050522334,148957.41947948793,28.954210505223333,48.95741947948793,-13.428810088254195
2019-03-18,Hawkish Policy,Hawkish Policy,129025.97688070426,149497.52946395986,29.025976880704253,49.497529463959864,-13.693572500267159
2019-03-19,Hawkish Policy,Hawkish Policy,128788.71777165301,149534.65906244857,28.788717771653015,49.53465906244856,-13.873667429924485
2019-03-20,Hawkish Policy,Hawkish Policy,128688.08002253862,149084.5152310962,28.68808002253862,49.084515231096184,-13.681122534383272
2019-03-21,Hawkish Policy,Hawkish Policy,129558.52960839299,150768.4243668916,29.55852960839298,50.768424366891594,-14.06786258300664
2019-03-22,Hawkish Policy,Hawkish Policy,129153.66642360002,147866.65366698388,29.153666423600022,47.86665366698388,-12.655312593688695
2019-03-25,Hawkish Policy,Hawkish Policy,129338.92128208674,147755.4706004422,29.33892128208675,47.75547060044221,-12.464208088888418
2019-03-26,Hawkish Policy,Hawkish Policy,129918.08731027394,148856.8090907139,29.918087310273943,48.8568090907139,-12.722778283456716
2019-03-27,Hawkish Policy,Hawkish Policy,129543.125464456,148078.4918459788,29.54312546445599,48.07849184597881,-12.517257672236449
2019-03-28,Hawkish Policy,Hawkish Policy,129426.28521775632,148639.7740201936,29.42628521775632,48.63977402019361,-12.926209642801945
2019-03-29,Hawkish Policy,Hawkish Policy,129916.10038138897,149576.95871825513,29.916100381388965,49.576958718255135,-13.144309461392101
2019-04-01,Hawkish Policy,Hawkish Policy,129806.70965422055,151350.86978611347,29.806709654220565,51.35086978611347,-14.234579664020941
2019-04-02,Hawkish Policy,Hawkish Policy,129601.71471742724,151424.98586731736,29.601714717427228,51.42498586731736,-14.411935404776766
2019-04-03,Hawkish Policy,Hawkish Policy,129442.20208793649,151663.29151967482,29.442202087936487,51.663291519674814,-14.651593809603991
2019-04-04,Hawkish Policy,Hawkish Policy,129584.78371338571,152065.71518529914,29.58478371338571,52.06571518529914,-14.783694960116001
2019-04-05,Hawkish Policy,Hawkish Policy,129995.89111681256,152801.72382949185,29.995891116812558,52.80172382949184,-14.925114809652163
2019-04-08,Hawkish Policy,Hawkish Policy,130049.8218638831,152918.18429018153,30.049821863883096,52.918184290181536,-14.954639000226965
2019-04-09,Hawkish Policy,Hawkish Policy,129958.45297611973,152134.60754077008,29.958452976119744,52.134607540770084,-14.576666626433067
2019-04-10,Hawkish Policy,Hawkish Policy,130142.55708188593,152653.47377761238,30.142557081885933,52.65347377761238,-14.746416271221353
2019-04-11,Hawkish Policy,Hawkish Policy,130141.92286671721,152611.1472875983,30.14192286671722,52.61114728759828,-14.723186883941997
2019-04-12,Hawkish Policy,Hawkish Policy,130526.52487643971,153643.65603554994,30.52652487643972,53.643656035549945,-15.045939256848595
2019-04-15,Hawkish Policy,Hawkish Policy,130666.54839975972,153543.06353624765,30.66654839975971,53.54306353624765,-14.899087337206451
2019-04-16,Hawkish Policy,Hawkish Policy,130357.07609342436,153643.65603554994,30.35707609342435,53.643656035549945,-15.156226129334982
2019-04-17,Hawkish Policy,Hawkish Policy,130325.4223058771,153267.74456696745,30.32542230587709,53.26774456696746,-14.968787024243147
2019-04-18,Hawkish Policy,Hawkish Policy,130472.59225790185,153569.52206487436,30.472592257901844,53.569522064874356,-15.040047983749904
2019-04-22,Hawkish Policy,Hawkish Policy,130420.2879523225,153701.88626589478,30.4202879523225,53.701886265894785,-15.147243068505055
2019-04-23,Hawkish Policy,Hawkish Policy,130649.70663852258,155083.9016222173,30.649706638522577,55.083901622217304,-15.755468316251253
2019-04-24,Hawkish Policy,Hawkish Policy,130883.9793636367,154739.77974482457,30.883979363636694,54.73977974482458,-15.416721169260782
2019-04-25,Hawkish Policy,Hawkish Policy,130697.87551134231,154644.44675019855,30.69787551134231,54.64444675019855,-15.484921535874996
2019-04-26,Hawkish Policy,Hawkish Policy,131255.01506064355,155364.6232119473,31.255015060643544,55.364623211947304,-15.518081048871469
2019-04-29,Hawkish Policy,Hawkish Policy,131120.89611826782,155608.134700566,31.120896118267826,55.608134700566005,-15.736477163882567
2019-04-30,Hawkish Policy,Hawkish Policy,131951.74893009578,155687.59973380464,31.951748930095782,55.68759973380464,-15.245819734065226
2019-05-01,Hawkish Policy,Hawkish Policy,130978.92629602329,154517.4136117412,30.97892629602328,54.517413611741205,-15.233549905814192
2019-05-02,Hawkish Policy,Hawkish Policy,130839.47819692086,154183.77496475773,30.839478196920854,54.183774964757724,-15.140566361909835
2019-05-03,Hawkish Policy,Hawkish Policy,131530.14498113713,155692.87712795264,31.53014498113713,55.692877127952634,-15.51948463702545
2019-05-06,Hawkish Policy,Hawkish Policy,131300.13778182154,155052.18358891425,31.300137781821547,55.05218358891426,-15.318743185240058
2019-05-07,Hawkish Policy,Hawkish Policy,130503.66081769997,152462.80778836037,30.503660817699974,52.462807788360365,-14.402953277065944
2019-05-08,Hawkish Policy,Hawkish Policy,130166.0251737661,152251.0322225164,30.166025173766098,52.25103222251639,-14.505653410922593
2019-05-09,Hawkish Policy,Hawkish Policy,130085.1507552473,151790.37832654724,30.085150755247312,51.79037832654725,-14.29947524381644
2019-05-10,Hawkish Policy,Hawkish Policy,130987.04786443329,152552.91705725345,30.987047864433293,52.552917057253445,-14.136648193181678
2019-05-13,Hawkish Policy,Hawkish Policy,130404.8517298532,148719.1853850172,30.40485172985319,48.719185385017184,-12.314708158029674
2019-05-14,Hawkish Policy,Hawkish Policy,130627.54623900061,150064.16953494528,30.627546239000615,50.06416953494528,-12.952207949558858
2019-05-15,Hawkish Policy,Hawkish Policy,130950.6086130674,150943.1150579261,30.9506086130674,50.9431150579261,-13.245060191838732
2019-05-16,Hawkish Policy,Hawkish Policy,131474.19576173817,152341.0878229944,31.474195761738176,52.34108782299438,-13.697481329200912
2019-05-17,Hawkish Policy,Hawkish Policy,131226.64454551638,151356.14718026147,31.22664454551638,51.356147180261466,-13.299428539741665
2019-05-20,Hawkish Policy,Hawkish Policy,131022.61984032155,150355.39224455622,31.022619840321553,50.35539224455623,-12.858050593083824
2019-05-21,Hawkish Policy,Hawkish Policy,131208.8939925439,151710.98485119536,31.208893992543896,51.71098485119536,-13.513913233613772
2019-05-22,Hawkish Policy,Hawkish Policy,131403.8189293103,151244.9641137198,31.4038189293103,51.244964113719796,-13.118549302237327
2019-05-23,Hawkish Policy,Hawkish Policy,131390.9367646781,149396.9637988651,31.390936764678102,49.39696379886509,-12.052471868456927
2019-05-24,Hawkish Policy,Hawkish Policy,131324.3352463549,149735.8708952607,31.324335246354895,49.7358708952607,-12.296008657661305
2019-05-28,Hawkish Policy,Hawkish Policy,130216.73116191503,148343.2381374913,30.216731161915035,48.343238137491305,-12.219301131053783
2019-05-29,Hawkish Policy,Hawkish Policy,129574.6467770906,147347.76954066992,29.574646777090607,47.34776954066993,-12.062023618670182
2019-05-30,Hawkish Policy,Hawkish Policy,129888.0897946868,147750.15742735084,29.8880897946868,47.75015742735085,-12.089372995387071
2019-05-31,Hawkish Policy,Hawkish Policy,129501.77856277718,145759.15762055715,29.501778562777183,45.759157620557154,-11.153590157334381
2019-06-03,Hawkish Policy,Hawkish Policy,130288.89161751104,145388.53249085846,30.288891617511027,45.38853249085846,-10.385716544939228
2019-06-04,Hawkish Policy,Hawkish Policy,131150.88016482862,148544.44102556762,31.15088016482861,48.54444102556761,-11.709331389752375
2019-06-05,Hawkish Policy,Hawkish Policy,132274.5736061785,149831.17705567917,32.274573606178514,49.83117705567916,-11.71759028695103
2019-06-06,Hawkish Policy,Hawkish Policy,132900.89071377562,150805.455573286,32.900890713775624,50.805455573286,-11.872624098011764
2019-06-07,Hawkish Policy,Hawkish Policy,133449.03996927332,152314.611404896,33.44903996927331,52.31461140489599,-12.385923623225192
2019-06-10,Hawkish Policy,Hawkish Policy,133256.52072033458,153013.5530637509,33.25652072033458,53.013553063750905,-12.911949267124623
2019-06-11,Hawkish Policy,Hawkish Policy,133136.064235175,152976.46818894142,33.13606423517499,52.97646818894142,-12.96957903960857
2019-06-12,Hawkish Policy,Hawkish Policy,133565.8656805686,152706.42661380922,33.565865680568585,52.70642661380922,-12.534220960881125
2019-06-13,Hawkish Policy,Hawkish Policy,133896.35697818908,153336.54747507995,33.89635697818909,53.33654747507994,-12.678119350541827
2019-06-14,Hawkish Policy,Hawkish Policy,134090.59852182498,153167.13417819343,34.09059852182499,53.16713417819343,-12.454718669721244
2019-06-17,Hawkish Policy,Hawkish Policy,133859.50566237347,153225.36440853827,33.85950566237348,53.22536440853827,-12.63880743303728
2019-06-18,Hawkish Policy,Hawkish Policy,134006.51912543844,154829.7637874158,34.00651912543844,54.82976378741582,-13.449122541172432
2019-06-19,Hawkish Policy,Hawkish Policy,134524.61222193306,155179.25250631498,34.52461222193306,55.17925250631499,-13.310181580840762
2019-06-20,Hawkish Policy,Hawkish Policy,135604.51818464795,156661.8424724681,35.60451818464796,56.6618424724681,-13.441259183148425
2019-06-21,Hawkish Policy,Hawkish Policy,135590.9128383913,156434.16316629335,35.59091283839129,56.43416316629335,-13.323975981988777
2019-06-24,Hawkish Policy,Hawkish Policy,135882.26598323396,156242.63848240033,35.882265983233964,56.242638482400345,-13.031252350145017
2019-06-25,Hawkish Policy,Hawkish Policy,135515.37382841084,154710.2084481241,35.51537382841084,54.710208448124085,-12.406960608646244
2019-06-26,Hawkish Policy,Hawkish Policy,134346.1106414931,154555.87597587067,34.34611064149311,54.555875975870684,-13.076025228269362
2019-06-27,Hawkish Policy,Hawkish Policy,134566.65520978783,155103.9199410363,34.56665520978783,55.103919941036295,-13.24097078852413
2019-06-28,Hawkish Policy,Hawkish Policy,134821.68432381516,155902.05872040187,34.82168432381516,55.90205872040186,-13.521549727827974
2019-07-01,Hawkish Policy,Hawkish Policy,134760.1357454509,157317.43794142272,34.76013574545092,57.317437941422725,-14.338716985952338
2019-07-02,Hawkish Policy,Hawkish Policy,135682.4639091272,157727.1068430807,35.68246390912719,57.72710684308069,-13.976445377829217
2019-07-03,Hawkish Policy,Hawkish Policy,136491.55002932012,158988.20726026318,36.491550029320116,58.988207260263195,-14.149890497297147
2019-07-05,Hawkish Policy,Hawkish Policy,136076.98875584418,158807.25525413782,36.07698875584418,58.807255254137814,-14.313115897582007
2019-07-08,Hawkish Policy,Hawkish Policy,135910.13137093032,157934.6604936063,35.91013137093033,57.934660493606295,-13.945342367432767
2019-07-09,Hawkish Policy,Hawkish Policy,135817.66198611754,158131.5162400624,35.817661986117535,58.13151624006239,-14.110946877958074
2019-07-10,Hawkish Policy,Hawkish Policy,136432.51950601235,158887.04229786684,36.43251950601236,58.887042297866834,-14.132381386871561
2019-07-11,Hawkish Policy,Hawkish Policy,136517.88554048043,159259.53687735694,36.517885540480435,59.25953687735694,-14.279616645117754
2019-07-12,Hawkish Policy,Hawkish Policy,136724.6467176531,159972.52177148702,36.72464671765307,59.97252177148702,-14.532417690484623
2019-07-15,Hawkish Policy,Hawkish Policy,136893.94297530755,160025.7429497592,36.893942975307546,60.02574294975922,-14.455049261489128
2019-07-16,Hawkish Policy,Hawkish Policy,136586.77487370704,159509.63169155686,36.58677487370703,59.509631691556855,-14.370829256364692
2019-07-17,Hawkish Policy,Hawkish Policy,136641.25238703302,158424.17010740837,36.64125238703302,58.42417010740837,-13.74974393465781
2019-07-18,Hawkish Policy,Hawkish Policy,137393.33193447016,159004.16466900898,37.39333193447016,59.00416466900897,-13.591362703942389
2019-07-19,Hawkish Policy,Hawkish Policy,136496.4093198935,158120.88989387965,36.49640931989349,58.12088989387965,-13.675916312195746
2019-07-22,Hawkish Policy,Hawkish Policy,136327.51874345136,158509.34188211552,36.32751874345137,58.50934188211552,-13.994016299153477
2019-07-23,Hawkish Policy,Hawkish Policy,136526.26344199147,159642.67569250145,36.52626344199146,59.642675692501456,-14.480095720166997
2019-07-24,Hawkish Policy,Hawkish Policy,136635.50714207022,160392.85279827114,36.635507142070225,60.392852798271136,-14.811972754223001
2019-07-25,Hawkish Policy,Hawkish Policy,136430.71189980255,159626.66461534056,36.43071189980256,59.626664615340566,-14.531377180268922
2019-07-26,Hawkish Policy,Hawkish Policy,137025.88805046328,160696.18668021495,37.02588805046327,60.69618668021495,-14.7298446333736
2019-07-29,Hawkish Policy,Hawkish Policy,137273.39368006735,160403.53281286894,37.27339368006734,60.403532812868946,-14.41996864232774
2019-07-30,Hawkish Policy,Hawkish Policy,137208.02533080452,160009.82131995677,37.20802533080452,60.00982131995678,-14.250247766702785
2019-07-31,Hawkish Policy,Hawkish Policy,135919.81981500864,158259.2291784439,35.919819815008644,58.2592291784439,-14.115707171963187
2019-08-01,Hawkish Policy,Hawkish Policy,136204.06534598165,156881.1137269494,36.20406534598166,56.881113726949415,-13.180074955966992
2019-08-02,Hawkish Policy,Hawkish Policy,135941.3241122038,155699.85402191101,35.94132411220379,55.69985402191102,-12.690140291927754
2019-08-05,Hawkish Policy,Hawkish Policy,134243.31390016922,151017.4994812053,34.24331390016921,51.017499481205306,-11.107444924370302
2019-08-06,Hawkish Policy,Hawkish Policy,135334.70423621146,153135.18358175847,35.33470423621146,53.13518358175846,-11.624029781531808
2019-08-07,Hawkish Policy,Hawkish Policy,136044.6358881992,153225.65064008528,36.044635888199196,53.225650640085284,-11.212884187545658
2019-08-08,Hawkish Policy,Hawkish Policy,137304.46223706217,156231.95846780253,37.30446223706216,56.231958467802535,-12.114996455505022
2019-08-09,Hawkish Policy,Hawkish Policy,136914.86368024835,155167.7853549629,36.914863680248345,55.167785354962895,-11.763344841816892
2019-08-12,Hawkish Policy,Hawkish Policy,136465.60849298473,153278.85392888577,36.46560849298473,53.27885392888576,-10.969057378065738
2019-08-13,Hawkish Policy,Hawkish Policy,137162.08941263365,155662.62603132802,37.16208941263366,55.66262603132801,-11.885021530454608
2019-08-14,Hawkish Policy,Hawkish Policy,135790.60481342115,151060.05853435135,35.79060481342113,51.06005853435136,-10.108200585304228
2019-08-15,Hawkish Policy,Hawkish Policy,136806.20441135808,151459.1010898266,36.80620441135807,51.45910108982661,-9.674490719298712
2019-08-16,Hawkish Policy,Hawkish Policy,137573.1950985664,153693.92545099356,37.57319509856638,53.69392545099356,-10.488853287547384
2019-08-19,Hawkish Policy,Hawkish Policy,138111.36373330012,155545.57521807266,38.11136373330013,55.54557521807266,-11.208426508005786
2019-08-20,Hawkish Policy,Hawkish Policy,137711.90678630205,154353.67127737982,37.71190678630205,54.353671277379824,-10.781579960720112
2019-08-21,Hawkish Policy,Hawkish Policy,138113.40061757006,155609.42274252756,38.11340061757007,55.609422742527556,-11.243549276515562
2019-08-22,Hawkish Policy,Hawkish Policy,138213.83421657505,155561.53262681846,38.21383421657505,55.56153262681847,-11.151663343314677
2019-08-23,Hawkish Policy,Hawkish Policy,137022.9515237263,151565.57922531432,37.02295152372632,51.56557922531431,-9.594940867127377
2019-08-26,Hawkish Policy,Hawkish Policy,137948.97745358877,153241.62593830278,37.94897745358876,53.241625938302775,-9.979435020397819
2019-08-27,Hawkish Policy,Hawkish Policy,138038.7805343359,152640.360794865,38.03878053433591,52.640360794865,-9.566002192665357
2019-08-28,Hawkish Policy,Hawkish Policy,138421.82417712567,153715.21392230244,38.42182417712567,53.71521392230245,-9.949171168513637
2019-08-29,Hawkish Policy,Hawkish Policy,138862.60621098775,155678.54766113046,38.862606210987764,55.67854766113047,-10.8017075588002
2019-08-30,Hawkish Policy,Hawkish Policy,138791.5977588985,155609.42274252756,38.79159775889851,55.609422742527556,-10.80771632413028
2019-09-03,Hawkish Policy,Hawkish Policy,139375.73481164462,154699.54632299798,39.37573481164463,54.69954632299798,-9.905530995778545
2019-09-04,Hawkish Policy,Hawkish Policy,140165.35778128638,156455.45163760224,40.16535778128638,56.45545163760224,-10.411969468503147
2019-09-05,Hawkish Policy,Hawkish Policy,139694.10847721243,158466.78282896947,39.69410847721242,58.466782828969464,-11.846441264613839
2019-09-06,Hawkish Policy,Hawkish Policy,139624.83208921546,158589.11103637287,39.62483208921546,58.58911103637288,-11.958121729308324
2019-09-09,Hawkish Policy,Hawkish Policy,139269.55615344938,158668.93385904527,39.26955615344938,58.66893385904526,-12.226323851668075
2019-09-10,Hawkish Policy,Hawkish Policy,138849.8370393118,158631.68797899058,38.849837039311794,58.631687978990584,-12.47030224017961
2019-09-11,Hawkish Policy,Hawkish Policy,139449.8349132332,159759.69072681345,39.44983491323322,59.75969072681346,-12.712753587079595
2019-09-12,Hawkish Policy,Hawkish Policy,139816.74351820082,160313.08364401382,39.816743518200816,60.31308364401382,-12.785194857411962
2019-09-13,Hawkish Policy,Hawkish Policy,139303.3810609416,160206.67706641287,39.303381060941604,60.20667706641287,-13.047705868592418
2019-09-16,Hawkish Policy,Hawkish Policy,139002.46865083076,159711.80061110435,39.00246865083077,59.71180061110435,-12.966688673619354
2019-09-17,Hawkish Policy,Hawkish Policy,139514.08404784714,160116.24578702942,39.514084047847135,60.11624578702941,-12.867002744109557
2019-09-18,Hawkish Policy,Hawkish Policy,139569.36253589374,160212.02601844762,39.56936253589374,60.21202601844762,-12.884590498953541
2019-09-19,Hawkish Policy,Hawkish Policy,139721.75618628704,160201.36389332148,39.72175618628704,60.20136389332149,-12.783666261837745
2019-09-20,Hawkish Policy,Hawkish Policy,139742.03978806594,159444.44245672534,39.74203978806594,59.444442456725355,-12.356907751116387
2019-09-23,Hawkish Policy,Hawkish Policy,139977.34706727133,159406.96401353873,39.97734706727134,59.40696401353873,-12.188687656467255
2019-09-24,Hawkish Policy,Hawkish Policy,140286.2230564525,158156.15004257692,40.286223056452485,58.156150042576925,-11.298913751576334
2019-09-25,Hawkish Policy,Hawkish Policy,140154.01753908634,159091.60840662054,40.15401753908634,59.09160840662053,-11.903576220772006
2019-09-26,Hawkish Policy,Hawkish Policy,140419.00840929383,158760.24172254142,40.419008409293845,58.760241722541416,-11.552787470115966
2019-09-27,Hawkish Policy,Hawkish Policy,140071.92536806967,157904.89241271725,40.07192536806967,57.90489241271726,-11.293486080239623
2019-09-30,Hawkish Policy,Hawkish Policy,140196.90185771405,158637.2516046856,40.19690185771405,58.63725160468558,-11.62422417209028
2019-10-01,Hawkish Policy,Hawkish Policy,139619.35935610827,156750.34168890922,39.619359356108276,56.750341688909224,-10.928832529628252
2019-10-02,Hawkish Policy,Hawkish Policy,138414.4710204419,153981.35559260662,38.41447102044191,53.98135559260662,-10.109590548969127
2019-10-03,Hawkish Policy,Hawkish Policy,139022.70560955125,155242.90324658132,39.02270560955125,55.24290324658132,-10.448269967784995
2019-10-04,Hawkish Policy,Hawkish Policy,140208.8227204496,157343.69968586086,40.20882272044959,57.34369968586086,-10.890094105846826
2019-10-07,Hawkish Policy,Hawkish Policy,139565.36874312424,156664.77634582494,39.56536874312424,56.66477634582494,-10.914647185883775
2019-10-08,Hawkish Policy,Hawkish Policy,138729.16455027656,154232.63111193798,38.72916455027655,54.23263111193799,-10.052001609445027
2019-10-09,Hawkish Policy,Hawkish Policy,139356.23649101797,155697.24215904454,39.35623649101798,55.69724215904455,-10.495372584271113
2019-10-10,Hawkish Policy,Hawkish Policy,139430.53779759293,156750.34168890922,39.43053779759293,56.750341688909224,-11.049292591457071
2019-10-11,Hawkish Policy,Hawkish Policy,139565.12474384386,158375.29607075642,39.56512474384386,58.37529607075642,-11.876960481582211
2019-10-14,Hawkish Policy,Hawkish Policy,139281.0243695989,158198.97743779828,39.28102436959888,58.19897743779829,-11.958328286690524
2019-10-15,Hawkish Policy,Hawkish Policy,139248.03302844404,159765.14701567832,39.24803302844404,59.76514701567832,-12.842046197485645
2019-10-16,Hawkish Policy,Hawkish Policy,139396.2825405788,159508.61199167065,39.39628254057881,59.508611991670655,-12.608930138607244
2019-10-17,Hawkish Policy,Hawkish Policy,139705.4121135159,159978.94409182307,39.705412113515905,59.978944091823074,-12.672625196645114
2019-10-18,Hawkish Policy,Hawkish Policy,139678.00389229215,159278.75016994996,39.678003892292146,59.278750169949944,-12.305939277363652
2019-10-21,Hawkish Policy,Hawkish Policy,139932.39927044374,160358.55868104502,39.93239927044374,60.358558681045025,-12.737804317154744
2019-10-22,Hawkish Policy,Hawkish Policy,139950.57116503548,159834.64761318668,39.950571165035484,59.83464761318669,-12.440404346041634
2019-10-23,Hawkish Policy,Hawkish Policy,140188.6795844986,160299.7023191911,40.18867958449861,60.299702319191105,-12.545889008980904
2019-10-24,Hawkish Policy,Hawkish Policy,140507.75206032643,160561.65785312027,40.50775206032642,60.561657853120266,-12.489847240577756
2019-10-25,Hawkish Policy,Hawkish Policy,140241.19461941073,161219.07804818708,40.241194619410734,61.21907804818707,-13.012035351365936
2019-10-28,Hawkish Policy,Hawkish Policy,139895.34577325743,162127.8274310003,39.89534577325744,62.12782743100029,-13.712933806631533
2019-10-29,Hawkish Policy,Hawkish Policy,139915.2484672715,162079.72264163094,39.9152484672715,62.07972264163095,-13.675044486204213
2019-10-30,Hawkish Policy,Hawkish Policy,140459.09235828178,162576.83528090047,40.45909235828178,62.576835280900475,-13.604486078477063
2019-10-31,Hawkish Policy,Hawkish Policy,140576.9556624458,162143.89217657622,40.57695566244581,62.14389217657621,-13.301109418690793
2019-11-01,Hawkish Policy,Hawkish Policy,140758.68273898985,163645.9816668694,40.75868273898986,63.64598166686939,-13.985860633272818
2019-11-04,Hawkish Policy,Hawkish Policy,140154.0186715806,164303.49130929465,40.154018671580594,64.30349130929464,-14.698088546550514
2019-11-05,Hawkish Policy,Hawkish Policy,139756.0059664146,164121.71638747162,39.75600596641462,64.12171638747162,-14.846122108260495
2019-11-06,Hawkish Policy,Hawkish Policy,140104.83022467385,164159.17694118657,40.10483022467384,64.15917694118656,-14.653062451166344
2019-11-07,Hawkish Policy,Hawkish Policy,139557.10905372014,164736.47019256226,39.55710905372014,64.73647019256225,-15.284630725309157
2019-11-08,Hawkish Policy,Hawkish Policy,139442.27747704953,165142.68642618446,39.44227747704954,65.14268642618445,-15.562547458389876
2019-11-11,Hawkish Policy,Hawkish Policy,139184.14308579575,164827.27715085118,39.18414308579574,64.82727715085117,-15.557579126655497
2019-11-12,Hawkish Policy,Hawkish Policy,139422.83863036137,165174.74435944957,39.422838630361355,65.17474435944956,-15.59070415332231
2019-11-13,Hawkish Policy,Hawkish Policy,140078.98395137416,165228.23387979704,40.07898395137417,65.22823387979703,-15.220915540814218
2019-11-14,Hawkish Policy,Hawkish Policy,140307.09637786614,165468.75782664385,40.30709637786614,65.46875782664385,-15.206291374435022
2019-11-15,Hawkish Policy,Hawkish Policy,140523.92816397068,166666.13594567325,40.52392816397068,66.66613594567326,-15.685374616367131
2019-11-18,Hawkish Policy,Hawkish Policy,140780.64313003805,166789.0902845857,40.780643130038044,66.78909028458568,-15.593614132777178
2019-11-19,Hawkish Policy,Hawkish Policy,140705.0173371888,166741.00338468803,40.705017337188785,66.74100338468803,-15.614627187669983
2019-11-20,Hawkish Policy,Hawkish Policy,140782.2970631727,166120.88273809096,40.78229706317271,66.12088273809096,-15.253100788579065
2019-11-21,Hawkish Policy,Hawkish Policy,140369.57409241988,165853.6498100138,40.36957409241988,65.8536498100138,-15.365399402898916
2019-11-22,Hawkish Policy,Hawkish Policy,140398.88569046248,166222.4770478078,40.398885690462485,66.22247704780779,-15.535559219177141
2019-11-25,Hawkish Policy,Hawkish Policy,140502.63697503958,167510.76946195622,40.50263697503957,67.51076946195622,-16.123221553853895
2019-11-26,Hawkish Policy,Hawkish Policy,141032.54521360068,167890.24093540467,41.03254521360067,67.89024093540468,-15.99717504255499
2019-11-27,Hawkish Policy,Hawkish Policy,141212.728559228,168638.6290940056,41.21272855922802,68.6386290940056,-16.263118765920083
2019-11-29,Hawkish Policy,Hawkish Policy,141140.5718108721,168013.17738484545,41.140571810872096,68.01317738484545,-15.994344010541417
2019-12-02,Hawkish Policy,Hawkish Policy,140743.4230239155,166585.99111251044,40.74342302391549,66.58599111251044,-15.513049996587736
2019-12-03,Hawkish Policy,Hawkish Policy,140710.7674299213,165468.75782664385,40.710767429921304,65.46875782664385,-14.962335320520548
2019-12-04,Hawkish Policy,Hawkish Policy,141249.40904044724,166489.70997588497,41.249409040447226,66.48970997588496,-15.160276835783804
2019-12-05,Hawkish Policy,Hawkish Policy,141345.6667535994,166789.0902845857,41.34566675359939,66.78909028458568,-15.254848795909359
2019-12-06,Hawkish Policy,Hawkish Policy,141527.98929864253,168312.5219146028,41.527989298642524,68.31252191460283,-15.913570963870427
2019-12-09,Hawkish Policy,Hawkish Policy,141380.26984780817,167783.35134206814,41.38026984780818,67.78335134206814,-15.736413227573875
2019-12-10,Hawkish Policy,Hawkish Policy,141225.87466191367,167596.26324715378,41.22587466191368,67.59626324715377,-15.73447287804488
2019-12-11,Hawkish Policy,Hawkish Policy,141566.70366811065,168071.997967756,41.56670366811066,68.071997967756,-15.770202425231062
2019-12-12,Hawkish Policy,Hawkish Policy,141654.2645178032,169520.61582717337,41.654264517803206,69.52061582717337,-16.438325907086117
2019-12-13,Hawkish Policy,Hawkish Policy,142084.73080756346,169622.13857900348,42.084730807563474,69.62213857900348,-16.23455994726428
2019-12-16,Hawkish Policy,Hawkish Policy,142614.32412179268,170787.45876476774,42.61432412179269,70.78745876476773,-16.49602075394717
2019-12-17,Hawkish Policy,Hawkish Policy,142631.22516273585,170824.84776059593,42.63122516273585,70.82484776059594,-16.50440376061233
2019-12-18,Hawkish Policy,Hawkish Policy,142606.3186055358,170835.5814436088,42.60631860553581,70.8355814436088,-16.524229085959586
2019-12-19,Hawkish Policy,Hawkish Policy,142978.74476372756,171535.82903389697,42.97874476372756,71.53582903389697,-16.64788308716908
2019-12-20,Hawkish Policy,Hawkish Policy,143553.69609194543,172287.88453419393,43.55369609194544,72.28788453419392,-16.67800874097194
2019-12-23,Hawkish Policy,Hawkish Policy,143284.32971453888,172551.14599955632,43.284329714538885,72.55114599955633,-16.961241326726796
2019-12-24,Hawkish Policy,Hawkish Policy,143498.02215257514,172556.51284106277,43.498022152575146,72.55651284106277,-16.83998488961853
2019-12-26,Hawkish Policy,Hawkish Policy,143827.68483808593,173475.0298754177,43.82768483808592,73.4750298754177,-17.090266569559443
2019-12-27,Hawkish Policy,Hawkish Policy,144075.69976792872,173432.09514336623,44.07569976792871,73.43209514336621,-16.926737436441787
2019-12-30,Hawkish Policy,Hawkish Policy,143785.01897969676,172475.93866057947,43.78501897969676,72.47593866057946,-16.634737519732777
2019-12-31,Hawkish Policy,Hawkish Policy,143974.25334649338,172894.91008751528,43.974253346493384,72.89491008751527,-16.727303728249122
2020-01-02,Hawkish Policy,Hawkish Policy,143729.65264821408,174511.77842815945,43.72965264821407,74.51177842815946,-17.63899609367474
2020-01-03,Hawkish Policy,Hawkish Policy,143746.2893551541,173190.37260191632,43.7462893551541,73.19037260191632,-17.0009930716186
2020-01-06,Hawkish Policy,Hawkish Policy,144034.87045810456,173851.08445977373,44.03487045810457,73.85108445977373,-17.15043313898231
2020-01-07,Hawkish Policy,Hawkish Policy,143742.5121483599,173362.2546458958,43.742512148359914,73.36225464589579,-17.085462206312574
2020-01-08,Hawkish Policy,Hawkish Policy,143888.08737101013,174286.2100796439,43.88808737101013,74.28621007964391,-17.4414962002689
2020-01-09,Hawkish Policy,Hawkish Policy,144367.28287760628,175468.00646883296,44.36728287760627,75.46800646883295,-17.724441177116155
2020-01-10,Hawkish Policy,Hawkish Policy,144387.12201567154,174963.02246202063,44.387122015671544,74.96302246202062,-17.475635717819305
2020-01-13,Hawkish Policy,Hawkish Policy,144828.14107271965,176166.3041067071,44.82814107271964,76.1663041067071,-17.788965485139187
2020-01-14,Hawkish Policy,Hawkish Policy,144884.48836319277,175897.71157878163,44.884488363192766,75.89771157878162,-17.631396643667287
2020-01-15,Hawkish Policy,Hawkish Policy,145639.21431045554,176295.2156396917,45.63921431045554,76.2952156396917,-17.3890149077501
2020-01-16,Hawkish Policy,Hawkish Policy,146138.30016051303,177761.70508132552,46.13830016051303,77.76170508132552,-17.789773622133552
2020-01-17,Hawkish Policy,Hawkish Policy,146522.8371180962,178315.00855116744,46.52283711809622,78.31500855116744,-17.829217905652893
2020-01-21,Hawkish Policy,Hawkish Policy,146827.87646617298,177965.823953287,46.82787646617299,77.96582395328701,-17.496588274885415
2020-01-22,Hawkish Policy,Hawkish Policy,146962.9904353851,177987.34498772782,46.96299043538508,77.98734498772781,-17.430651912068164
2020-01-23,Hawkish Policy,Hawkish Policy,147188.77978898777,178191.44597021758,47.188779788987766,78.19144597021759,-17.398515407081618
2020-01-24,Hawkish Policy,Hawkish Policy,146861.85620169045,176606.77867861206,46.86185620169046,76.60677867861206,-16.842457973287217
2020-01-27,Hawkish Policy,Hawkish Policy,146404.58867194015,173775.91289974024,46.40458867194015,73.77591289974023,-15.750931053138494
2020-01-28,Hawkish Policy,Hawkish Policy,146668.873587656,175596.95378076093,46.66887358765601,75.59695378076093,-16.47413555318429
2020-01-29,Hawkish Policy,Hawkish Policy,146634.4426879585,175451.88805484195,46.63444268795851,75.45188805484196,-16.424699492476147
2020-01-30,Hawkish Policy,Hawkish Policy,147377.59490849412,176021.25627025982,47.37759490849412,76.02125627025981,-16.27284225138511
2020-01-31,Hawkish Policy,Hawkish Policy,146395.43499046372,172825.08747951654,46.39543499046373,72.82508747951655,-15.292717553049295
2020-02-03,Hawkish Policy,Hawkish Policy,146604.10872905952,174108.87174679956,46.60410872905951,74.10887174679957,-15.797450607651554
2020-02-04,Hawkish Policy,Hawkish Policy,146838.0672928794,176762.54230860053,46.8380672928794,76.76254230860053,-16.929194740522313
2020-02-05,Hawkish Policy,Hawkish Policy,147572.86048917216,178803.802586102,47.57286048917215,78.80380258610202,-17.46659838617848
2020-02-06,Hawkish Policy,Hawkish Policy,147777.67132285435,179405.4791873886,47.77767132285435,79.40547918738861,-17.62923184274605
2020-02-07,Hawkish Policy,Hawkish Policy,147587.2460402311,178449.34059407355,47.5872460402311,78.44934059407356,-17.29459713950179
2020-02-10,Hawkish Policy,Hawkish Policy,148081.41472282415,179781.46221385789,48.08141472282414,79.78146221385789,-17.63254514713266
2020-02-11,Hawkish Policy,Hawkish Policy,148013.12902030855,180093.0789211933,48.01312902030854,80.09307892119328,-17.812983204603082
2020-02-12,Hawkish Policy,Hawkish Policy,148203.39448338537,181253.33638646983,48.203394483385374,81.25333638646983,-18.234115057951318
2020-02-13,Hawkish Policy,Hawkish Policy,148753.1947488102,181059.9690869929,48.75319474881019,81.05996908699291,-17.84313479179953
2020-02-14,Hawkish Policy,Hawkish Policy,149163.31708552054,181350.02898094413,49.16331708552053,81.35002898094412,-17.74839081983588
2020-02-18,Hawkish Policy,Hawkish Policy,149354.89142830257,180882.66653309192,49.35489142830256,80.88266653309194,-17.429959270874328
2020-02-19,Hawkish Policy,Hawkish Policy,149265.35127880122,181747.49726291082,49.265351278801205,81.74749726291081,-17.872128350203276
2020-02-20,Hawkish Policy,Hawkish Policy,149314.70383623446,181000.84438306367,49.314703836234465,81.00084438306368,-17.506073330669004
2020-02-21,Hawkish Policy,Hawkish Policy,149298.975276968,179136.86876999147,49.29897527696801,79.13686876999147,-16.656478198988054
2020-02-24,Hawkish Policy,Hawkish Policy,147460.52110020522,173195.72155395107,47.46052110020522,73.19572155395106,-14.859027822883741
2020-02-25,Hawkish Policy,Hawkish Policy,145145.3063346873,167947.5588026934,45.14530633468732,67.94755880269341,-13.577007388832863
2020-02-26,Hawkish Policy,Hawkish Policy,144652.87118859406,167329.72800847245,44.65287118859407,67.32972800847246,-13.552198458560927
2020-02-27,Hawkish Policy,Hawkish Policy,141016.74996933326,159814.7187417261,41.01674996933327,59.814718741726104,-11.762351378143032
2020-02-28,Hawkish Policy,Hawkish Policy,138998.82198210672,159143.25531138413,38.99882198210671,59.14325531138414,-12.658050314392689
2020-03-02,Hawkish Policy,Hawkish Policy,143203.30654496187,166035.17427923318,43.203306544961876,66.03517427923317,-13.751223397924905
2020-03-03,Hawkish Policy,Hawkish Policy,142260.92274018368,161281.2081833599,42.260922740183695,61.281208183359915,-11.793243402264286
2020-03-04,Hawkish Policy,Hawkish Policy,146328.114104315,168060.35192168705,46.32811410431499,68.06035192168704,-12.931210466284671
2020-03-05,Hawkish Policy,Hawkish Policy,144719.7593145523,162473.73825556182,44.7197593145523,62.47373825556182,-10.927291469765743
2020-03-06,Hawkish Policy,Hawkish Policy,143966.56103953024,159787.86664472223,43.96656103953023,59.78786664472224,-9.901443668667053
2020-03-09,Hawkish Policy,Hawkish Policy,139402.46280063395,147309.2982318046,39.402462800633955,47.30929823180461,-5.367506006802447
2020-03-10,Hawkish Policy,Hawkish Policy,141330.05721775343,154931.82322339655,41.33005721775342,54.931823223396556,-8.779194437046478
2020-03-11,Hawkish Policy,Hawkish Policy,137171.75283890392,147379.1297845392,37.17175283890393,47.379129784539195,-6.925931073523062
2020-03-12,Hawkish Policy,Hawkish Policy,129161.18447141306,133278.29935526344,29.161184471413048,33.27829935526345,-3.089111208476558
2020-03-13,Hawkish Policy,Hawkish Policy,134157.47366365863,144671.79080767385,34.15747366365862,44.67179080767385,-7.2677037349962115
2020-03-16,Hawkish Policy,Hawkish Policy,126789.80003698845,128841.24525034525,26.789800036988453,28.84124525034526,-1.5922270926291726
2020-03-17,Hawkish Policy,Hawkish Policy,132841.54190085348,135797.65576362997,32.841541900853485,35.79765576362996,-2.176851909669131
2020-03-18,Hawkish Policy,Hawkish Policy,129794.64588968523,128921.81048609271,29.794645889685235,28.921810486092703,0.6770269516860994
2020-03-19,Hawkish Policy,Hawkish Policy,127612.86001208326,129195.77880026046,27.612860012083253,29.195778800260474,-1.2252093705200973
2020-03-20,Hawkish Policy,Hawkish Policy,123537.09102636762,123628.2174214831,23.53709102636763,23.62821742148311,-0.07371002916333191
2020-03-23,Hawkish Policy,Hawkish Policy,121738.66626298327,120467.22827681452,21.738666262983266,20.46722827681453,1.0554222956364434
2020-03-24,Hawkish Policy,Hawkish Policy,127472.75458073683,131381.96168790743,27.472754580736837,31.381961687907435,-2.975451924257888
2020-03-25,Hawkish Policy,Hawkish Policy,128077.63793326377,133348.76598424296,28.077637933263766,33.34876598424297,-3.9528885116207557
2020-03-26,Hawkish Policy,Hawkish Policy,132748.55235052077,141134.97964178122,32.74855235052077,41.134979641781214,-5.942132356235341
2020-03-27,Hawkish Policy,Hawkish Policy,131881.60854088355,136931.20424767616,31.881608540883555,36.93120424767615,-3.6876880872668605
2020-03-30,Hawkish Policy,Hawkish Policy,134624.91977892417,141378.13334096616,34.624919778924166,41.37813334096616,-4.776703017966044
2020-03-31,Hawkish Policy,Hawkish Policy,132304.54363571372,139270.834078728,32.30454363571371,39.27083407872798,-5.001973664547965
2020-04-01,Hawkish Policy,Hawkish Policy,129559.32046173055,133002.92671756816,29.559320461730554,33.00292671756817,-2.589120661344635
2020-04-02,Hawkish Policy,Hawkish Policy,131858.3358540248,136072.0444803824,31.8583358540248,36.07204448038242,-3.0966747375983594
2020-04-03,Hawkish Policy,Hawkish Policy,130944.97353955981,134105.24018404688,30.944973539559804,34.10524018404688,-2.356557163724471
2020-04-06,Hawkish Policy,Hawkish Policy,135962.17585440783,143112.6160132239,35.96217585440784,43.11261601322389,-4.996373036850466
2020-04-07,Hawkish Policy,Hawkish Policy,135232.6299462761,143258.44204168962,35.23262994627612,43.25844204168963,-5.602330990782322
2020-04-08,Hawkish Policy,Hawkish Policy,137742.03352130245,148067.43615247554,37.74203352130245,48.06743615247553,-6.973445951032941
2020-04-09,Hawkish Policy,Hawkish Policy,139890.5307498092,150320.6508905379,39.890530749809194,50.32065089053788,-6.938581012614032
2020-04-13,Hawkish Policy,Hawkish Policy,138724.5669107508,148948.17062262516,38.72456691075079,48.948170622625156,-6.863866584690637
2020-04-14,Hawkish Policy,Hawkish Policy,141775.5801690377,153341.09140088875,41.77558016903771,53.34109140088874,-7.54234310333336
2020-04-15,Hawkish Policy,Hawkish Policy,139702.2398761194,150082.89981180275,39.702239876119386,50.08289981180276,-6.9166173819270815
2020-04-16,Hawkish Policy,Hawkish Policy,140099.86971728594,150806.9761783795,40.09986971728594,50.8069761783795,-7.0998747753080345
2020-04-17,Hawkish Policy,Hawkish Policy,142000.61134286743,154881.05290274567,42.00061134286743,54.88105290274567,-8.316344264502284
2020-04-20,Hawkish Policy,Hawkish Policy,139928.8545357596,152152.38967562807,39.928854535759605,52.15238967562807,-8.033745093276345
2020-04-21,Hawkish Policy,Hawkish Policy,137832.86479287007,147532.53200426485,37.83286479287007,47.53253200426486,-6.57459550081767
2020-04-22,Hawkish Policy,Hawkish Policy,139753.23695733608,150806.9761783795,39.75323695733608,50.8069761783795,-7.329726715008656
2020-04-23,Hawkish Policy,Hawkish Policy,139172.4950341147,150796.1530480082,39.17249503411468,50.79615304800817,-7.708192668676983
2020-04-24,Hawkish Policy,Hawkish Policy,140025.66161563958,152898.02285558902,40.025661615639585,52.89802285558902,-8.418919355227562
2020-04-27,Hawkish Policy,Hawkish Policy,140792.02154226965,155102.57823065968,40.79202154226964,55.102578230659674,-9.226511159026762
2020-04-28,Hawkish Policy,Hawkish Policy,140905.41533314995,154389.396552341,40.90541533314995,54.389396552341005,-8.733748249750894
2020-04-29,Hawkish Policy,Hawkish Policy,141355.7645734119,158431.02177506493,41.3557645734119,58.43102177506494,-10.777723333688972
2020-04-30,Hawkish Policy,Hawkish Policy,139788.6040283159,156955.96327649252,39.7886040283159,56.955963276492525,-10.937691623691116
2020-05-01,Hawkish Policy,Hawkish Policy,138128.9463419001,152800.81146643576,38.1289463419001,52.80081146643576,-9.601954978988104
2020-05-04,Hawkish Policy,Hawkish Policy,138368.81027229573,153222.26952993622,38.368810272295725,53.22226952993623,-9.694060336796184
2020-05-05,Hawkish Policy,Hawkish Policy,138963.7988491263,154637.88131408903,38.963798849126285,54.63788131408902,-10.135991473607097
2020-05-06,Hawkish Policy,Hawkish Policy,137434.10749411778,153589.6298310518,37.434107494117775,53.5896298310518,-10.518628344052306
2020-05-07,Hawkish Policy,Hawkish Policy,138073.08504686435,155442.99698741295,38.07308504686435,55.442996987412954,-11.17445769651182
2020-05-08,Hawkish Policy,Hawkish Policy,139573.35251970173,158014.98422148597,39.57335251970173,58.01498422148597,-11.670811975613038
2020-05-11,Hawkish Policy,Hawkish Policy,139324.63383356703,158047.39994418484,39.324633833567034,58.04739994418484,-11.846298083505225
2020-05-12,Hawkish Policy,Hawkish Policy,138245.14032832347,154897.24287462342,38.245140328323465,54.89724287462343,-10.750418946952111
2020-05-13,Hawkish Policy,Hawkish Policy,137294.4573600564,152157.77440660622,37.29445736005641,52.15777440660621,-9.768358603110915
2020-05-14,Hawkish Policy,Hawkish Policy,137874.35571112018,153978.6900613251,37.87435571112019,53.978690061325096,-10.458807217928035
2020-05-15,Hawkish Policy,Hawkish Policy,138129.1552040955,154686.54067708072,38.1291552040955,54.68654067708072,-10.703830727942876
2020-05-18,Hawkish Policy,Hawkish Policy,140442.99360267707,159398.28761977,40.44299360267707,59.39828761977002,-11.891780206766745
2020-05-19,Hawkish Policy,Hawkish Policy,139224.24816090657,157761.02528140138,39.22424816090657,57.76102528140139,-11.749909134674041
2020-05-20,Hawkish Policy,Hawkish Policy,140227.00305496118,160441.04703499895,40.22700305496119,60.44104703499895,-12.599047658688134
2020-05-21,Hawkish Policy,Hawkish Policy,139262.8641895319,159333.3667270138,39.26286418953189,59.33336672701381,-12.596547069684883
2020-05-22,Happiness Zone,Hawkish Policy,139739.37503875056,159635.9671406184,39.73937503875056,59.635967140618384,-12.463727603655595
2020-05-26,Happiness Zone,Happiness Zone,140310.03803456904,161602.80721589728,40.31003803456903,61.60280721589728,-13.175989667606236
2020-05-27,Happiness Zone,Happiness Zone,141582.23314941648,164007.24165813933,41.582233149416496,64.00724165813934,-13.673181916848575
2020-05-28,Happiness Zone,Happiness Zone,142566.0387165912,163704.6949129498,42.566038716591194,63.70469491294981,-12.912675600170854
2020-05-29,Happiness Zone,Happiness Zone,143027.4872168198,164434.17389997636,43.027487216819814,64.43417389997637,-13.018392816676915
2020-06-01,Happiness Zone,Happiness Zone,143629.13560142915,165098.7498837184,43.629135601429155,65.09874988371843,-13.004104693349062
2020-06-02,Happiness Zone,Happiness Zone,144095.3657854073,166465.79175223797,44.09536578540732,66.46579175223796,-13.438452267794476
2020-06-03,Happiness Zone,Happiness Zone,144655.48933228108,168681.15236820825,44.65548933228107,68.68115236820825,-14.243240989652705
2020-06-04,Happiness Zone,Happiness Zone,144061.4570250606,168238.06593343685,44.06145702506061,68.23806593343687,-14.370474823421764
2020-06-05,Happiness Zone,Happiness Zone,145387.7162461597,172549.91162600985,45.38771624615969,72.54991162600986,-15.741645489058476
2020-06-08,Happiness Zone,Happiness Zone,146880.68353976877,174635.60935118463,46.880683539768775,74.63560935118463,-15.893050629555116
2020-06-09,Happiness Zone,Happiness Zone,145884.15898141058,173333.41681753454,45.884158981410586,73.33341681753454,-15.836102662777007
2020-06-10,Happiness Zone,Happiness Zone,145668.83897587587,172366.27619913127,45.66883897587588,72.36627619913128,-15.48878226760111
2020-06-11,Happiness Zone,Happiness Zone,141331.0702270613,162429.5333710205,41.3310702270613,62.42953337102048,-12.989302318419027
2020-06-12,Happiness Zone,Happiness Zone,141651.57621510726,164374.70929608506,41.65157621510727,64.37470929608506,-13.823983737088808
2020-06-15,Happiness Zone,Happiness Zone,142395.24314192234,165909.25028802047,42.395243141922336,65.90925028802046,-14.172812610072993
2020-06-16,Happiness Zone,Happiness Zone,143653.69547656388,169102.6462106521,43.65369547656388,69.1026462106521,-15.049410109399663
2020-06-17,Happiness Zone,Happiness Zone,143440.0385136255,168400.16243640293,43.4400385136255,68.40016243640292,-14.821912022919648
2020-06-18,Happiness Zone,Happiness Zone,143545.5987655421,168465.02966074404,43.545598765542096,68.46502966074404,-14.792049688522813
2020-06-19,Happiness Zone,Happiness Zone,142691.5868262572,167502.27196290437,42.6915868262572,67.50227196290437,-14.812148423957993
2020-06-22,Happiness Zone,Happiness Zone,143111.57142203738,168576.78519037974,43.111571422037386,68.57678519037975,-15.106002727234113
2020-06-23,Happiness Zone,Happiness Zone,143147.00214618974,169352.90203009723,43.14700214618974,69.35290203009723,-15.474136887982116
2020-06-24,Happiness Zone,Happiness Zone,141457.5617073916,165032.89873843445,41.45756170739161,65.03289873843445,-14.285234769103884
2020-06-25,Happiness Zone,Happiness Zone,141738.08700060568,166802.1674883897,41.73808700060568,66.8021674883897,-15.026231892057773
2020-06-26,Happiness Zone,Happiness Zone,140253.99558323764,162840.38297780987,40.25399558323763,62.840382977809874,-13.870261775084414
2020-06-29,Happiness Zone,Happiness Zone,141754.47339448205,165233.7080581336,41.75447339448204,65.2337080581336,-14.209712376236784
2020-06-30,Happiness Zone,Happiness Zone,142621.40640848488,167350.28301144208,42.62140640848489,67.35028301144209,-14.776716332930517
2020-07-01,Happiness Zone,Happiness Zone,143048.81270945133,168522.56220169304,43.04881270945133,68.52256220169303,-15.115928193492534
2020-07-02,Happiness Zone,Happiness Zone,143628.14180241057,169450.61432445777,43.62814180241057,69.45061432445776,-15.238937093850414
2020-07-06,Happiness Zone,Happiness Zone,145889.4726475401,172066.48443258172,45.88947264754009,72.06648443258172,-15.213312384084986
2020-07-07,Happiness Zone,Happiness Zone,144168.52324329235,170291.79517270494,44.16852324329235,70.29179517270494,-15.340299808877544
2020-07-08,Happiness Zone,Happiness Zone,145478.31425049718,171594.27393790206,45.47831425049718,71.59427393790206,-15.219598584540151
2020-07-09,Happiness Zone,Happiness Zone,144904.66218880727,170617.43722584384,44.904662188807265,70.61743722584384,-15.070426244300538
2020-07-10,Happiness Zone,Happiness Zone,146486.54130865927,172359.51397883316,46.48654130865928,72.35951397883315,-15.01104991126353
2020-07-13,Happiness Zone,Happiness Zone,144861.2096952697,170867.0490243082,44.8612096952697,70.86704902430819,-15.219926532083317
2020-07-14,Happiness Zone,Happiness Zone,146198.84337037115,173081.3183825055,46.198843370371144,73.08131838250551,-15.531702244562718
2020-07-15,Happiness Zone,Happiness Zone,147597.23600589857,174671.42407350425,47.59723600589856,74.67142407350424,-15.500067175391251
2020-07-16,Happiness Zone,Happiness Zone,146802.84572986237,174096.18811137267,46.802845729862376,74.09618811137267,-15.677162537326906
2020-07-17,Happiness Zone,Happiness Zone,147059.96812185357,174600.93955505305,47.05996812185358,74.60093955505305,-15.773667371655575
2020-07-20,Happiness Zone,Happiness Zone,148542.57831453448,176011.9358555103,48.54257831453448,76.01193585551029,-15.606531118165556
2020-07-21,Happiness Zone,Happiness Zone,148668.6593896665,176386.43405582945,48.668659389666516,76.38643405582945,-15.714232681516638
2020-07-22,Happiness Zone,Happiness Zone,149392.62009939004,177390.40909643855,49.39262009939005,77.39040909643855,-15.783146980526707
2020-07-23,Happiness Zone,Happiness Zone,147443.18434125316,175273.9414799602,47.443184341253165,75.2739414799602,-15.878434012330944
2020-07-24,Happiness Zone,Happiness Zone,146359.22136723375,174144.99059013787,46.35922136723376,74.14499059013787,-15.955537468373016
2020-07-27,Happiness Zone,Happiness Zone,147583.07063789095,175414.99996422103,47.583070637890955,75.41499996422102,-15.86633374113211
2020-07-28,Happiness Zone,Happiness Zone,146804.8709124652,174302.41794099336,46.80487091246521,74.30241794099335,-15.775769122053662
2020-07-29,Happiness Zone,Happiness Zone,148845.51943451763,176446.1491123244,48.84551943451763,76.4461491123244,-15.642523124852337
2020-07-30,Happiness Zone,Happiness Zone,148425.27172596098,175816.54704573264,48.42527172596098,75.81654704573265,-15.5794638104494
2020-07-31,Happiness Zone,Happiness Zone,149725.32244344318,177205.91497491894,49.72532244344316,77.20591497491893,-15.50771741189636
2020-08-03,Happiness Zone,Happiness Zone,150918.70947036226,178437.8555532498,50.91870947036226,78.4378555532498,-15.422257792531713
2020-08-04,Happiness Zone,Happiness Zone,151449.20798313004,179127.10111844976,51.44920798313004,79.12710111844976,-15.451538579311574
2020-08-05,Happiness Zone,Happiness Zone,152273.33518654393,180239.62947326238,52.27333518654393,80.23962947326237,-15.516173867227746
2020-08-06,Happiness Zone,Happiness Zone,153323.16576106846,181444.53905987248,53.32316576106846,81.44453905987248,-15.498605493728645
2020-08-07,Happiness Zone,Happiness Zone,153484.79268780028,181574.7386348186,53.48479268780029,81.57473863481862,-15.470183880320798
2020-08-10,Happiness Zone,Happiness Zone,153687.07316693675,182117.48731636457,53.68707316693675,82.11748731636457,-15.611029214366468
2020-08-11,Happiness Zone,Happiness Zone,152306.59782161863,180614.1634525249,52.30659782161864,80.6141634525249,-15.672948948074616
2020-08-12,Happiness Zone,Happiness Zone,154360.69563501378,183132.32126628835,54.360695635013776,83.13232126628836,-15.710839808249045
2020-08-13,Happiness Zone,Happiness Zone,154025.26632022267,182801.25870322797,54.02526632022266,82.80125870322796,-15.741681751613212
2020-08-14,Happiness Zone,Happiness Zone,154060.34027536298,182806.66132367778,54.060340275362975,82.80666132367777,-15.724985533988022
2020-08-17,Happiness Zone,Happiness Zone,154529.20775610267,183387.40724308928,54.52920775610266,83.38740724308929,-15.736194715231244
2020-08-18,Happiness Zone,Happiness Zone,154772.1980359361,183783.60537256612,54.772198035936114,83.78360537256613,-15.785634022043526
2020-08-19,Happiness Zone,Happiness Zone,154027.02551917778,183018.36533163502,54.027025519177776,83.01836533163502,-15.84067247017753
2020-08-20,Happiness Zone,Happiness Zone,154816.729946125,183588.25234173183,54.81672994612501,83.58825234173185,-15.671766591062376
2020-08-21,Happiness Zone,Happiness Zone,155380.73906339612,184239.44700065115,55.38073906339611,84.23944700065115,-15.66369656827783
2020-08-24,Happiness Zone,Happiness Zone,156965.16798423225,186106.35648708022,56.96516798423226,86.10635648708023,-15.658352058958824
2020-08-25,Happiness Zone,Happiness Zone,157643.45827325192,186757.6048144146,57.64345827325192,86.7576048144146,-15.589269615068202
2020-08-26,Happiness Zone,Happiness Zone,159029.41433946742,188630.06003706696,59.02941433946742,88.63006003706695,-15.69243295145155
2020-08-27,Happiness Zone,Happiness Zone,159642.67439567528,189042.3944700065,59.64267439567528,89.04239447000649,-15.551919005657632
2020-08-28,Happiness Zone,Happiness Zone,160568.31596615416,190263.5298074377,60.56831596615415,90.2635298074377,-15.607412451213087
2020-08-31,Happiness Zone,Happiness Zone,160265.91142591214,189574.30213170944,60.26591142591214,89.57430213170944,-15.460107396536726
2020-09-01,Happiness Zone,Happiness Zone,161930.2309033046,191359.79663248584,61.93023090330458,91.35979663248584,-15.379179037121315
2020-09-02,Happiness Zone,Happiness Zone,163865.8895472919,194127.6556920721,63.86588954729191,94.12765569207208,-15.588590938728386
2020-09-03,Happiness Zone,Happiness Zone,158199.25911523332,187446.85037961457,58.19925911523332,87.44685037961457,-15.603138279010542
2020-09-04,Happiness Zone,Happiness Zone,157085.1415200057,185916.4239661674,57.0851415200057,85.91642396616741,-15.507657597484958
2020-09-08,Happiness Zone,Happiness Zone,152176.76090574317,180836.6548119101,52.176760905743166,80.8366548119101,-15.84849815761984
2020-09-09,Happiness Zone,Happiness Zone,155214.94882270863,184407.71537134965,55.214948822708635,84.40771537134965,-15.830555944936641
2020-09-10,Happiness Zone,Happiness Zone,152641.39528358815,181205.67883389266,52.64139528358815,81.20567883389265,-15.763459365138754
2020-09-11,Happiness Zone,Happiness Zone,152304.28899134955,181297.95272886,52.30428899134954,81.29795272886,-15.992273106840816
2020-09-14,Happiness Zone,Happiness Zone,154776.3068821364,183685.91096767728,54.77630688213642,83.68591096767727,-15.738607241699665
2020-09-15,Happiness Zone,Happiness Zone,155598.91264328346,184613.9452009703,55.59891264328345,84.61394520097032,-15.716598508363578
2020-09-16,Happiness Zone,Happiness Zone,154943.73527515252,183881.26399851157,54.94373527515253,83.88126399851157,-15.73707298618161
2020-09-17,Happiness Zone,Happiness Zone,153197.50412113077,182264.00208949027,53.19750412113078,82.26400208949028,-15.947470501656202
2020-09-18,Happiness Zone,Happiness Zone,151504.74941197212,180165.6386183603,51.504749411972114,80.1656386183603,-15.908077381558705
2020-09-21,Happiness Zone,Happiness Zone,149932.6373489006,178160.46140525377,49.93263734890061,78.16046140525377,-15.844045212784097
2020-09-22,Happiness Zone,Happiness Zone,151384.44203822012,179974.95473963663,51.38444203822012,79.97495473963663,-15.885828526962198
2020-09-23,Happiness Zone,Happiness Zone,147497.94386163587,175801.10843166578,47.49794386163586,75.80110843166578,-16.099537040764112
2020-09-24,Happiness Zone,Happiness Zone,147998.32082983683,176269.74103200782,47.998320829836814,76.26974103200781,-16.03872566933502
2020-09-25,Happiness Zone,Happiness Zone,150597.6242902054,179119.44442456725,50.5976242902054,79.11944442456725,-15.923352278134873
2020-09-28,Happiness Zone,Happiness Zone,153456.56412158936,182094.49934524533,53.456564121589345,82.09449934524532,-15.726963377053671
2020-09-29,Happiness Zone,Happiness Zone,152552.43263822154,181102.86804010102,52.55243263822153,81.10286804010103,-15.764761602537213
2020-09-30,Happiness Zone,Happiness Zone,153672.66853583063,182475.95655005114,53.67266853583064,82.47595655005114,-15.784703124063403
2020-10-01,Happiness Zone,Happiness Zone,155064.8735492278,183647.4843824912,55.0648735492278,83.64748438249121,-15.563845554090506
2020-10-02,Happiness Zone,Happiness Zone,153623.1767142737,181903.83335599332,53.623176714273704,81.90383335599331,-15.547037200900116
2020-10-05,Happiness Zone,Happiness Zone,156269.0244670229,185129.57344343705,56.26902446702289,85.12957344343705,-15.589377990562902
2020-10-06,Happiness Zone,Happiness Zone,154306.35006310564,182497.6922581522,54.30635006310565,82.4976922581522,-15.44750612800544
2020-10-07,Happiness Zone,Happiness Zone,156638.6836780517,185674.39730369882,56.63868367805169,85.67439730369881,-15.637973811841588
2020-10-08,Happiness Zone,Happiness Zone,158026.1921196535,187319.94246745904,58.026192119653516,87.31994246745904,-15.638351134393712
2020-10-09,Happiness Zone,Happiness Zone,159287.91472868348,188992.76907554365,59.28791472868349,88.99276907554365,-15.717455483699815
2020-10-12,Happiness Zone,Happiness Zone,162104.19529767093,192033.17423629845,62.10419529767093,92.03317423629844,-15.585316994135434
2020-10-13,Happiness Zone,Happiness Zone,160876.73328663508,190779.92729718704,60.87673328663507,90.77992729718704,-15.6741825171001
2020-10-14,Happiness Zone,Happiness Zone,159642.48242640818,189581.20746778106,59.64248242640819,89.58120746778107,-15.792032048567318
2020-10-15,Happiness Zone,Happiness Zone,159590.31557045536,189346.9269465534,59.59031557045535,89.3469269465534,-15.715391771051756
2020-10-16,Happiness Zone,Happiness Zone,159183.7765487798,189232.48799616448,59.1837765487798,89.23248799616448,-15.879256128574347
2020-10-19,Happiness Zone,Happiness Zone,156805.90604426747,186355.5031592807,56.80590604426747,86.35550315928069,-15.856573384772421
2020-10-20,Happiness Zone,Happiness Zone,157453.82206632273,187101.97714441095,57.45382206632272,87.10197714441095,-15.845987055072586
2020-10-21,Happiness Zone,Happiness Zone,157067.94559871053,186747.8371628729,57.06794559871054,86.74783716287288,-15.893030952897691
2020-10-22,Happiness Zone,Happiness Zone,157864.07091865424,187772.20620120646,57.86407091865424,87.77220620120644,-15.927881920130549
2020-10-23,Happiness Zone,Happiness Zone,158303.28559328883,188409.73330375605,58.303285593288834,88.40973330375606,-15.979242251741477
2020-10-26,Happiness Zone,Happiness Zone,155543.64596138737,184927.90542909686,55.54364596138737,84.92790542909687,-15.889575669787536
2020-10-27,Happiness Zone,Happiness Zone,155010.26398978004,184290.4319949623,55.01026398978004,84.29043199496232,-15.88805652481332
2020-10-28,Happiness Zone,Happiness Zone,150042.50269713614,177991.56690304622,50.04250269713613,77.9915669030462,-15.702465398899612
2020-10-29,Happiness Zone,Happiness Zone,151862.70214703883,179800.5860590925,51.86270214703883,79.80058605909248,-15.538260761214495
2020-10-30,Happiness Zone,Happiness Zone,149958.14333426356,177926.16299455444,49.95814333426356,77.92616299455443,-15.718891021747528
2020-11-02,Happiness Zone,Happiness Zone,151509.55628379664,179920.40974045952,51.509556283796655,79.92040974045953,-15.790789659520211
2020-11-03,Happiness Zone,Happiness Zone,154252.8407379017,183097.09689653444,54.252840737901685,83.09709689653444,-15.753530038180907
2020-11-04,Happiness Zone,Happiness Zone,157311.10462549957,187189.20620836224,57.311104625499574,87.18920620836224,-15.961444673046499
2020-11-05,Happiness Zone,Happiness Zone,160627.07707863598,190839.9106957573,60.62707707863597,90.83991069575733,-15.831506893381198
2020-11-06,Happiness Zone,Happiness Zone,160337.93682155086,190796.31405325336,60.33793682155086,90.79631405325337,-15.963818474607027
2020-11-09,Happiness Zone,Happiness Zone,162829.76589360693,193193.80738048043,62.82976589360694,93.19380738048042,-15.716881352761913
2020-11-10,Happiness Zone,Happiness Zone,162280.04108475448,192910.43814894056,62.28004108475449,92.91043814894056,-15.87804027511318
2020-11-11,Happiness Zone,Happiness Zone,163836.7448763688,194343.54583640434,63.83674487636879,94.34354583640435,-15.697357392931256
2020-11-12,Happiness Zone,Happiness Zone,162247.9159973376,192458.2280836082,62.247915997337614,92.45822808360819,-15.69707483389411
2020-11-13,Happiness Zone,Happiness Zone,164437.79296079758,195122.68599683713,64.4377929607976,95.12268599683713,-15.725948461234761
2020-11-16,Happiness Zone,Happiness Zone,166496.42813141047,197558.30178823156,66.49642813141048,97.55830178823157,-15.722889585332233
2020-11-17,Happiness Zone,Happiness Zone,166028.77311281202,196495.77450678725,66.02877311281202,96.49577450678723,-15.50516873477239
2020-11-18,Happiness Zone,Happiness Zone,164258.81768906183,194131.00102327776,64.25881768906183,94.13100102327776,-15.387641941141606
2020-11-19,Happiness Zone,Happiness Zone,165125.1474179226,194948.317316293,65.12514741792259,94.94831731629299,-15.29798785079224
2020-11-20,Happiness Zone,Happiness Zone,164036.46564571318,193613.33338103857,64.03646564571316,93.61333338103857,-15.276255627042467
2020-11-23,Happiness Zone,Happiness Zone,165020.78188859302,194773.94863574888,65.02078188859302,94.77394863574888,-15.27574244684946
2020-11-24,Happiness Zone,Happiness Zone,167794.0619575326,197912.4954381847,67.79406195753259,97.91249543818469,-15.218055542157117
2020-11-25,Happiness Zone,Happiness Zone,167880.7025242446,197607.3547196004,67.88070252424461,97.60735471960041,-15.043292410617571
2020-11-27,Happiness Zone,Happiness Zone,168360.73153697274,198157.72431608549,68.36073153697275,98.15772431608549,-15.037007960175675
2020-11-30,Happiness Zone,Happiness Zone,167418.00021736263,197280.44251397165,67.41800021736262,97.28044251397165,-15.137051557705284
2020-12-01,Happiness Zone,Happiness Zone,169409.9973277901,199438.16325216283,69.4099973277901,99.43816325216284,-15.056379097518136
2020-12-02,Happiness Zone,Happiness Zone,169724.916277321,199857.74292113603,69.724916277321,99.85774292113602,-15.077137469577783
2020-12-03,Happiness Zone,Happiness Zone,169958.6837723952,199803.19792195896,69.95868377239518,99.80319792195895,-14.9369551938907
2020-12-04,Happiness Zone,Happiness Zone,171537.0140010769,201525.07746141238,71.5370140010769,101.5250774614124,-14.880561683980764
2020-12-07,Happiness Zone,Happiness Zone,171388.76556609818,201110.97197077575,71.38876556609819,101.11097197077576,-14.779007884759576
2020-12-08,Happiness Zone,Happiness Zone,171790.84210637296,201699.39247354146,71.79084210637296,101.69939247354148,-14.828279847740166
2020-12-09,Happiness Zone,Happiness Zone,169812.1146148232,199890.39120696686,69.8121146148232,99.89039120696685,-15.047384924571272
2020-12-10,Happiness Zone,Happiness Zone,170055.87797322386,199825.00518794678,70.05587797322386,99.82500518794677,-14.89759861971397
2020-12-11,Happiness Zone,Happiness Zone,169526.77233234042,199590.74255619082,69.52677233234041,99.59074255619083,-15.062807943302525
2020-12-14,Happiness Zone,Happiness Zone,169281.86670420843,198697.12766642575,69.28186670420841,98.69712766642576,-14.804069544276398
2020-12-15,Happiness Zone,Happiness Zone,171721.51568124694,201383.41073511416,71.72151568124694,101.38341073511414,-14.729065788285034
2020-12-16,Happiness Zone,Happiness Zone,172178.91642622306,201699.39247354146,72.17891642622307,101.69939247354148,-14.635877523126817
2020-12-17,Happiness Zone,Happiness Zone,173230.9226755521,202827.3773318926,73.23092267555211,102.82737733189262,-14.591942688245151
2020-12-18,Happiness Zone,Happiness Zone,172211.76489552017,202017.43150121288,72.21176489552018,102.01743150121287,-14.754007307292072
2020-12-21,Happiness Zone,Happiness Zone,172239.01675568955,201295.17986074835,72.23901675568956,101.29517986074833,-14.434604507251104
2020-12-22,Happiness Zone,Happiness Zone,172370.55056276298,200955.8881407114,72.37055056276299,100.95588814071141,-14.224682761190198
2020-12-23,Happiness Zone,Happiness Zone,172508.4343249203,201136.4644679313,72.50843432492029,101.13646446793129,-14.233137794651551
2020-12-24,Happiness Zone,Happiness Zone,173181.01840480772,201919.00362798484,73.18101840480773,101.91900362798485,-14.232432166773135
2020-12-28,Happiness Zone,Happiness Zone,174439.12190856173,203653.6204712802,74.43912190856175,103.65362047128022,-14.345189884232079
2020-12-29,Happiness Zone,Happiness Zone,173862.87195350454,203265.11481462928,73.86287195350454,103.2651148146293,-14.464972451341962
2020-12-30,Happiness Zone,Happiness Zone,174246.1258900735,203555.10315069373,74.24612589007351,103.55510315069374,-14.398547030738163
2020-12-31,Happiness Zone,Happiness Zone,175129.67594862013,204589.34717739915,75.12967594862012,104.58934717739913,-14.399416018095302
2021-01-04,Happiness Zone,Happiness Zone,172309.56479200363,201804.09955133204,72.30956479200363,101.80409955133203,-14.615428935736762
2021-01-05,Happiness Zone,Happiness Zone,173407.4251079335,203193.95049625394,73.4074251079335,103.19395049625393,-14.659159544648737
2021-01-06,Happiness Zone,Happiness Zone,174352.65921496536,204408.71718176416,74.35265921496537,104.40871718176416,-14.703902250935997
2021-01-07,Happiness Zone,Happiness Zone,177148.430272921,207445.7233428982,77.148430272921,107.44572334289822,-14.604925366379906
2021-01-08,Happiness Zone,Happiness Zone,178259.39983767207,208627.69862680414,78.25939983767208,108.62769862680412,-14.556216163537927
2021-01-11,Happiness Zone,Happiness Zone,176960.61151428721,207221.42514687256,76.96061151428721,107.22142514687256,-14.603129773447588
2021-01-12,Happiness Zone,Happiness Zone,177308.87980934107,207265.20068409338,77.30887980934106,107.26520068409337,-14.453135777679682
2021-01-13,Happiness Zone,Happiness Zone,177982.91444230152,207823.37009023447,77.98291444230152,107.82337009023446,-14.358565947119695
2021-01-14,Happiness Zone,Happiness Zone,177821.13599184313,207095.5548240749,77.82113599184312,107.0955548240749,-14.135706030532635
2021-01-15,Happiness Zone,Happiness Zone,176505.4807017489,205585.2540662769,76.5054807017489,105.5852540662769,-14.144873131393565
2021-01-19,Happiness Zone,Happiness Zone,177918.62710282992,207199.5105440546,77.91862710282993,107.19951054405459,-14.131733885056153
2021-01-20,Happiness Zone,Happiness Zone,180289.2294907518,210066.88873464186,80.28922949075181,110.06688873464188,-14.175322642829935
2021-01-21,Happiness Zone,Happiness Zone,180466.08316967773,210258.39552906321,80.46608316967774,110.25839552906321,-14.169380625406426
2021-01-22,Happiness Zone,Happiness Zone,180031.79915214516,209514.17561736566,80.03179915214515,109.51417561736565,-14.07178124265156
2021-01-25,Happiness Zone,Happiness Zone,180699.65160772967,210340.43664622496,80.69965160772968,110.34043664622497,-14.09181492208681
2021-01-26,Happiness Zone,Happiness Zone,180542.6691154342,210012.1648407479,80.5426691154342,110.0121648407479,-14.032280343217451
2021-01-27,Happiness Zone,Happiness Zone,176328.12306104208,204879.3534029353,76.32812306104209,104.87935340293531,-13.93563083232776
2021-01-28,Happiness Zone,Happiness Zone,177663.30997863444,206641.39480632855,77.66330997863444,106.64139480632855,-14.023368771224842
2021-01-29,Happiness Zone,Happiness Zone,174367.3480797793,202504.50814686538,74.36734807977929,102.50450814686536,-13.894584532745192
2021-02-01,Happiness Zone,Happiness Zone,177733.22656849775,205875.29607075642,77.73322656849774,105.87529607075643,-13.669473724806036
2021-02-02,Happiness Zone,Happiness Zone,180328.76724153484,208786.3782406778,80.32876724153483,108.7863782406778,-13.630013240776917
2021-02-03,Happiness Zone,Happiness Zone,180261.17330854747,208950.54992235967,80.26117330854747,108.95054992235967,-13.730223071665703
2021-02-04,Happiness Zone,Happiness Zone,182612.1845728198,211325.44884684464,82.6121845728198,111.32544884684465,-13.587225026946193
2021-02-05,Happiness Zone,Happiness Zone,183150.1283131003,212157.1840540405,83.1501283131003,112.15718405404051,-13.672436250639318
2021-02-08,Happiness Zone,Happiness Zone,184752.8067440551,213689.39941465648,84.75280674405509,113.68939941465648,-13.54142636455774
2021-02-09,Happiness Zone,Happiness Zone,184806.63493534614,213547.10655684915,84.80663493534615,113.54710655684914,-13.458609711413672
2021-02-10,Happiness Zone,Happiness Zone,184683.7593031977,213454.06341459922,84.68375930319769,113.4540634145992,-13.47845229608956
2021-02-11,Happiness Zone,Happiness Zone,185168.87857913744,213798.8472024444,85.16887857913744,113.79884720244439,-13.391077172739607
2021-02-12,Happiness Zone,Happiness Zone,186113.48764747506,214854.934274081,86.11348764747507,114.854934274081,-13.377140591959469
2021-02-16,Happiness Zone,Happiness Zone,186150.11594915556,214668.84798958115,86.15011594915556,114.66884798958117,-13.2849886266729
2021-02-17,Happiness Zone,Happiness Zone,185814.12823455263,214718.11559461025,85.81412823455264,114.71811559461025,-13.461364114534524
2021-02-18,Happiness Zone,Happiness Zone,184882.50845995592,213804.2856018376,84.88250845995593,113.80428560183758,-13.527220495356197
2021-02-19,Happiness Zone,Happiness Zone,185206.7063680181,213426.6746334447,85.20670636801808,113.42667463344469,-13.222324863512835
2021-02-22,Happiness Zone,Happiness Zone,183542.375432269,211785.11882187094,83.54237543226901,111.78511882187094,-13.3355655707597
2021-02-23,Happiness Zone,Happiness Zone,183632.2517193874,212042.2799773877,83.6322517193874,112.0422799773877,-13.398284653904858
2021-02-24,Happiness Zone,Happiness Zone,185822.2334249896,214378.841764045,85.8222334249896,114.378841764045,-13.320628147849634
2021-02-25,Happiness Zone,Happiness Zone,181005.56887073495,209213.23892462807,81.00556887073496,109.21323892462809,-13.482736656094364
2021-02-26,Happiness Zone,Happiness Zone,180158.11983479836,208135.20147123013,80.15811983479837,108.13520147123015,-13.441782763642196
2021-03-01,Happiness Zone,Happiness Zone,184663.02619383883,213180.47972407276,84.66302619383883,113.18047972407274,-13.377141081183941
2021-03-02,Happiness Zone,Happiness Zone,182745.3918435095,211516.99142020935,82.74539184350951,111.51699142020934,-13.602500387092242
2021-03-03,Happiness Zone,Happiness Zone,180307.95583818646,208715.2497012458,80.30795583818646,108.7152497012458,-13.610550213135564
2021-03-04,Happiness Zone,Happiness Zone,177735.64093819476,206132.49300521656,77.73564093819476,106.13249300521655,-13.776019322826105
2021-03-05,Happiness Zone,Happiness Zone,180627.90150345425,209924.61376630623,80.62790150345424,109.92461376630622,-13.9558252542343
2021-03-08,Happiness Zone,Happiness Zone,179306.70074420888,208879.43927239938,79.30670074420887,108.87943927239938,-14.157802525324058
2021-03-09,Happiness Zone,Happiness Zone,182348.5909015525,211861.72153963946,82.34859090155248,111.86172153963945,-13.93037421937735
2021-03-10,Happiness Zone,Happiness Zone,183464.01829886253,213180.47972407276,83.46401829886254,113.18047972407274,-13.939579019464322
2021-03-11,Happiness Zone,Happiness Zone,185742.03732134926,215341.95725131844,85.74203732134926,115.34195725131843,-13.745542349382522
2021-03-12,Happiness Zone,Happiness Zone,186018.0121882701,215631.98136632628,86.01801218827009,115.63198136632629,-13.733570034653852
2021-03-15,Happiness Zone,Happiness Zone,187150.79660046918,216917.8587017968,87.15079660046918,116.9178587017968,-13.722734623823317
2021-03-16,Happiness Zone,Happiness Zone,186884.727405484,216644.27501127034,86.88472740548401,116.64427501127035,-13.736595441646527
2021-03-17,Happiness Zone,Happiness Zone,187545.39783038184,217383.03863410305,87.54539783038184,117.38303863410304,-13.725836657359281
2021-03-18,Happiness Zone,Happiness Zone,184507.39324296988,214220.16215017135,84.50739324296987,114.22016215017136,-13.870201856337127
2021-03-19,Happiness Zone,Happiness Zone,183964.04580929677,213823.74934703426,83.96404580929678,113.82374934703425,-13.964633783161018
2021-03-22,Happiness Zone,Happiness Zone,185229.92254981276,215531.1920828354,85.22992254981277,115.53119208283537,-14.058879014308467
2021-03-23,Happiness Zone,Happiness Zone,183678.7683278675,213834.76926159416,83.67876832786749,113.83476926159415,-14.102477832702409
2021-03-24,Happiness Zone,Happiness Zone,182214.9017840471,212747.76918288047,82.21490178404711,112.74776918288048,-14.351674528059066
2021-03-25,Happiness Zone,Happiness Zone,183353.4334033403,213944.55694934414,83.35343340334032,113.94455694934416,-14.298622027223118
2021-03-26,Happiness Zone,Happiness Zone,186397.63586771995,217392.2696014941,86.39763586771994,117.39226960149409,-14.25746821199807
2021-03-29,Happiness Zone,Happiness Zone,185604.30575131965,217282.46402427243,85.60430575131966,117.28246402427244,-14.579252133947652
2021-03-30,Happiness Zone,Happiness Zone,185466.63250244333,216706.02946753774,85.46663250244333,116.70602946753772,-14.415564274723614
2021-03-31,Happiness Zone,Happiness Zone,186424.56355262193,217584.38463795284,86.42456355262193,117.58438463795282,-14.320798405261925
2021-04-01,Happiness Zone,Happiness Zone,188820.03383502027,219934.13096524432,88.82003383502027,119.93413096524432,-14.147007103295373
2021-04-05,Happiness Zone,Happiness Zone,191314.53057567458,223090.8355814436,91.31453057567458,123.0908355814436,-14.243662193899699
2021-04-06,Happiness Zone,Happiness Zone,191127.83927085064,222959.07962246056,91.12783927085064,122.95907962246058,-14.276718582400926
2021-04-07,Happiness Zone,Happiness Zone,191413.72972418193,223217.13525156173,91.41372972418193,123.21713525156173,-14.247743790609057
2021-04-08,Happiness Zone,Happiness Zone,192486.0686530972,224276.7107701775,92.4860686530972,124.27671077017752,-14.174740662064123
2021-04-09,Happiness Zone,Happiness Zone,193616.06687237456,225907.21088824802,93.61606687237456,125.90721088824802,-14.293985521271068
2021-04-12,Happiness Zone,Happiness Zone,193676.1457215645,225989.57401590014,93.67614572156451,125.98957401590015,-14.298636755721361
2021-04-13,Happiness Zone,Happiness Zone,194405.5367641426,226659.35583590344,94.40553676414261,126.65935583590344,-14.23008503346842
2021-04-14,Happiness Zone,Happiness Zone,193563.68715908416,225885.2962854301,93.56368715908417,125.88529628543009,-14.308859256383
2021-04-15,Happiness Zone,Happiness Zone,195618.99877579446,228311.78844626358,95.61899877579447,128.3117884462636,-14.319361209052872
2021-04-16,Happiness Zone,Happiness Zone,196133.06688427698,229074.95330847887,96.13306688427699,129.07495330847888,-14.380396437248821
2021-04-19,Happiness Zone,Happiness Zone,195054.04849464848,227949.47297616405,95.05404849464847,127.94947297616406,-14.431015808909253
2021-04-20,Happiness Zone,Happiness Zone,193513.50244282183,226280.54627290746,93.51350244282185,126.28054627290749,-14.480716247947656
2021-04-21,Happiness Zone,Happiness Zone,195431.2336562838,228421.6834708437,95.43123365628378,128.42168347084373,-14.44278376434035
2021-04-22,Happiness Zone,Happiness Zone,193598.28974471937,226335.4311720466,93.59828974471938,126.3354311720466,-14.463993223598482
2021-04-23,Happiness Zone,Happiness Zone,195964.5978631645,228789.5088982232,95.96459786316449,128.7895088982232,-14.347209884374912
2021-04-26,Happiness Zone,Happiness Zone,196784.28361727647,229267.0862344093,96.78428361727647,129.26708623440933,-14.16810548371583
2021-04-27,Happiness Zone,Happiness Zone,196749.9019400432,229217.71129255008,96.7499019400432,129.21771129255006,-14.164616324551071
2021-04-28,Happiness Zone,Happiness Zone,196469.13391376662,229151.82436832273,96.46913391376661,129.15182436832274,-14.262461381072933
2021-04-29,Happiness Zone,Happiness Zone,197666.69984905608,230612.14194222415,97.66669984905607,130.61214194222416,-14.286083037822861
2021-04-30,Happiness Zone,Happiness Zone,196366.8641453987,229096.9215797119,96.3668641453987,129.09692157971187,-14.286554881936775
2021-05-03,Happiness Zone,Happiness Zone,196333.91504492413,229590.99300879444,96.33391504492413,129.59099300879444,-14.48535830087917
2021-05-04,Happiness Zone,Happiness Zone,194734.39940349048,228174.57619841569,94.73439940349047,128.1745761984157,-14.655522693223432
2021-05-05,Happiness Zone,Happiness Zone,194424.94271374613,228246.00885886635,94.42494271374613,128.24600885886633,-14.817812725055424
2021-05-06,Happiness Zone,Happiness Zone,196016.4754776716,230068.6419028673,96.0164754776716,130.06864190286728,-14.800872532455855
2021-05-07,Happiness Zone,Happiness Zone,197545.78021682086,231743.07856340383,97.54578021682086,131.74307856340383,-14.756556510155605
2021-05-10,Happiness Zone,Happiness Zone,194963.09397509205,229448.30658260998,94.96309397509206,129.44830658260997,-15.02962175713507
2021-05-11,Happiness Zone,Happiness Zone,193481.26540340582,227400.49875847064,93.48126540340583,127.40049875847066,-14.916076939255763
2021-05-12,Happiness Zone,Happiness Zone,189369.95875220915,222569.33959226313,89.36995875220914,122.56933959226313,-14.916421507505817
2021-05-13,Happiness Zone,Happiness Zone,191557.15726105566,225242.95691499638,91.55715726105566,125.24295691499638,-14.955317633595655
2021-05-14,Happiness Zone,Happiness Zone,194822.08373976857,228701.63581329116,94.82208373976857,128.70163581329118,-14.813865214843236
2021-05-17,Happiness Zone,Happiness Zone,194334.7488925616,228119.69129927654,94.33474889256159,128.11969129927655,-14.81018241533194
2021-05-18,Happiness Zone,Happiness Zone,192855.76859334216,226154.2823817327,92.85576859334216,126.15428238173267,-14.72380422679105
2021-05-19,Happiness Zone,Happiness Zone,192499.1542032185,225561.38951104495,92.49915420321851,125.56138951104496,-14.65775476002178
2021-05-20,Happiness Zone,Happiness Zone,194689.62271581407,227987.9353402935,94.68962271581407,127.98793534029352,-14.60529592268931
2021-05-21,Happiness Zone,Happiness Zone,194580.0832592794,227801.25870322797,94.5800832592794,127.80125870322796,-14.58340293335606
2021-05-24,Happiness Zone,Happiness Zone,196772.0220944434,230123.56258094983,96.77202209444343,130.12356258094982,-14.49288378489032
2021-05-25,Happiness Zone,Happiness Zone,196303.96478059108,229612.97916949916,96.30396478059109,129.61297916949914,-14.506590398062613
2021-05-26,Happiness Zone,Happiness Zone,196941.05708420748,230068.6419028673,96.94105708420749,130.06864190286728,-14.399000465541912
2021-05-27,Happiness Zone,Happiness Zone,197092.70344803622,230189.46739464888,97.09270344803622,130.1894673946489,-14.378053140837165
2021-05-28,Happiness Zone,Happiness Zone,197592.53359341514,230601.17569607933,97.59253359341513,130.60117569607934,-14.314169042298342
2021-06-01,Happiness Zone,Happiness Zone,197944.75892730633,230398.05863453238,97.94475892730634,130.3980586345324,-14.085752240953086
2021-06-02,Happiness Zone,Happiness Zone,198566.50974111128,230760.35621516022,98.56650974111128,130.76035621516024,-13.95120331849007
2021-06-03,Happiness Zone,Happiness Zone,197577.1774694033,229903.9156475631,97.57717746940331,129.90391564756308,-14.060977642379891
2021-06-04,Happiness Zone,Happiness Zone,199436.5340501907,232006.62626031326,99.4365340501907,132.00662626031328,-14.038431890983427
2021-06-07,Happiness Zone,Happiness Zone,199687.61535186286,231781.52303806163,99.68761535186286,131.78152303806164,-13.846620414573996
2021-06-08,Happiness Zone,Happiness Zone,199919.62994309876,231830.9158693925,99.91962994309876,131.83091586939253,-13.764896630211199
2021-06-09,Happiness Zone,Happiness Zone,199522.77521388113,231485.04082377438,99.52277521388113,131.4850408237744,-13.80748643460965
2021-06-10,Happiness Zone,Happiness Zone,200172.08205800212,232561.09254581493,100.17208205800215,132.56109254581494,-13.927097664211441
2021-06-11,Happiness Zone,Happiness Zone,200732.79639197467,232945.37628714746,100.73279639197467,132.94537628714744,-13.828383464226802
2021-06-14,Happiness Zone,Happiness Zone,201277.50084007022,233466.99750262973,101.27750084007023,133.46699750262974,-13.787600391869914
2021-06-15,Happiness Zone,Happiness Zone,200518.11228038027,233038.7235504161,100.51811228038025,133.0387235504161,-13.955024630488177
2021-06-16,Happiness Zone,Happiness Zone,199702.22951609298,231737.5864955956,99.70222951609298,131.7375864955956,-13.823979728084158
2021-06-17,Happiness Zone,Happiness Zone,199501.43986967954,231660.71543575174,99.50143986967954,131.66071543575174,-13.882058296151289
2021-06-18,Happiness Zone,Happiness Zone,196829.04199703824,228535.53206866694,96.82904199703823,128.53553206866692,-13.873768242787744
2021-06-21,Happiness Zone,Happiness Zone,199496.46639730257,231807.19442993408,99.49646639730258,131.80719442993407,-13.938621755071424
2021-06-22,Happiness Zone,Happiness Zone,200449.50321588738,233046.5233600721,100.44950321588738,133.04652336007211,-13.987344532842572
2021-06-23,Happiness Zone,Happiness Zone,200432.64512368434,232765.6586545686,100.43264512368432,132.7656586545686,-13.890800609409249
2021-06-24,Happiness Zone,Happiness Zone,201691.42296139826,234142.64706934674,101.69142296139827,134.14264706934676,-13.859595641428491
2021-06-25,Happiness Zone,Happiness Zone,202339.6361112693,234974.31071865585,102.3396361112693,134.97431071865583,-13.88861382658182
2021-06-28,Happiness Zone,Happiness Zone,202931.7655924484,235447.98815001393,102.93176559244843,135.4479881500139,-13.810363304887552
2021-06-29,Happiness Zone,Happiness Zone,203089.68523241347,235574.6992779809,103.08968523241346,135.5746992779809,-13.789687154491382
2021-06-30,Happiness Zone,Happiness Zone,203060.29066420495,235772.98618217206,103.06029066420494,135.77298618217208,-13.874658012216612
2021-07-01,Happiness Zone,Happiness Zone,203672.4894716674,237078.34515231094,103.6724894716674,137.07834515231093,-14.090639809039484
2021-07-02,Happiness Zone,Happiness Zone,204925.59776156856,238890.49496590265,104.92559776156854,138.89049496590266,-14.217768358335892
2021-07-06,Happiness Zone,Happiness Zone,204637.96539816548,238455.36934603244,104.6379653981655,138.45536934603246,-14.181858869696129
2021-07-07,Happiness Zone,Happiness Zone,205098.23852940125,239298.03502042976,105.09823852940126,139.29803502042978,-14.29171638960961
2021-07-08,Happiness Zone,Happiness Zone,203332.56584435428,237348.26150114133,103.33256584435429,137.34826150114134,-14.33155458634926
2021-07-09,Happiness Zone,Happiness Zone,205895.27674894372,239881.8579289716,105.89527674894374,139.8818579289716,-14.16804983647043
2021-07-12,Happiness Zone,Happiness Zone,206821.6879334733,240741.1250330955,106.82168793347331,140.74112503309553,-14.08958984259926
2021-07-13,Happiness Zone,Happiness Zone,205881.40703904277,239920.40974045952,105.88140703904276,139.92040974045952,-14.187622778003494
2021-07-14,Happiness Zone,Happiness Zone,206075.47434900393,240278.4675162973,106.07547434900391,140.27846751629733,-14.234730860755763
2021-07-15,Happiness Zone,Happiness Zone,205402.04633332332,239457.75222366131,105.40204633332331,139.45775222366132,-14.222010176780097
2021-07-16,Happiness Zone,Happiness Zone,203745.57428974652,237579.57237006875,103.74557428974653,137.57957237006875,-14.24112256066371
2021-07-19,Happiness Zone,Happiness Zone,200774.04725917344,234071.01762470749,100.77404725917343,134.07101762470748,-14.225157263561773
2021-07-20,Happiness Zone,Happiness Zone,204030.25709488342,237425.36512411715,104.03025709488341,137.42536512411715,-14.065518236341767
2021-07-21,Happiness Zone,Happiness Zone,205800.5201749048,239347.60674647754,105.80052017490482,139.34760674647754,-14.016052647272371
2021-07-22,Happiness Zone,Happiness Zone,205773.93889425666,239848.86974317871,105.77393889425667,139.84886974317868,-14.206834030699511
2021-07-23,Happiness Zone,Happiness Zone,207498.95537831512,242316.41824153648,107.49895537831513,142.3164182415365,-14.36859421903305
2021-07-26,Happiness Zone,Happiness Zone,207894.88601268167,242911.24317516654,107.8948860126817,142.91124317516653,-14.415288771641633
2021-07-27,Happiness Zone,Happiness Zone,206822.62458119966,241804.1532197471,106.82262458119966,141.80415321974712,-14.466884945006242
2021-07-28,Happiness Zone,Happiness Zone,206997.93852502442,241705.00976765153,106.99793852502441,141.70500976765155,-14.35926846364941
2021-07-29,Happiness Zone,Happiness Zone,207857.5036161886,242707.42842422376,107.85750361618858,142.70742842422374,-14.358820838034525
2021-07-30,Happiness Zone,Happiness Zone,206988.45812687607,241528.7984715235,106.98845812687607,141.5287984715235,-14.30071302603685
2021-08-02,Happiness Zone,Happiness Zone,206700.17021511038,241022.0255175424,106.70017021511038,141.0220255175424,-14.24013229858695
2021-08-03,Happiness Zone,Happiness Zone,208063.81277814493,242982.85473033407,108.06381277814494,142.9828547303341,-14.37099008114906
2021-08-04,Happiness Zone,Happiness Zone,207431.07357083596,241787.62334790727,107.43107357083596,141.78762334790727,-14.209391407779304
2021-08-05,Happiness Zone,Happiness Zone,209095.0576016548,243318.81900863702,109.09505760165476,143.318819008637,-14.065398453938494
2021-08-06,Happiness Zone,Happiness Zone,209590.24561188577,243720.95644271432,109.59024561188575,143.7209564427143,-14.004011525718285
2021-08-09,Happiness Zone,Happiness Zone,209482.7620497492,243522.66953852316,109.4827620497492,143.52266953852316,-13.978126781083578
2021-08-10,Happiness Zone,Happiness Zone,209284.9747260474,243825.59196261814,109.28497472604741,143.82559196261812,-14.166116427133002
2021-08-11,Happiness Zone,Happiness Zone,209888.9836265009,244431.45470027978,109.8889836265009,144.43145470027977,-14.131761853700297
2021-08-12,Happiness Zone,Happiness Zone,210469.3816569406,245163.99278696498,110.4693816569406,145.16399278696497,-14.151593280736064
2021-08-13,Happiness Zone,Happiness Zone,210672.13508444114,245610.13832139506,110.67213508444111,145.61013832139506,-14.22498414590505
2021-08-16,Happiness Zone,Happiness Zone,210741.43196263397,246188.4870516004,110.74143196263395,146.18848705160036,-14.398339871001687
2021-08-17,Happiness Zone,Happiness Zone,209317.32812268686,244574.67781061487,109.31732812268686,144.57467781061487,-14.415780899128638
2021-08-18,Happiness Zone,Happiness Zone,207161.85464835723,241897.8046040344,107.1618546483572,141.8978046040344,-14.359762385002583
2021-08-19,Happiness Zone,Happiness Zone,207472.32300100118,242272.32069382526,107.47232300100116,142.27232069382526,-14.364000639100261
2021-08-20,Happiness Zone,Happiness Zone,209238.0751794562,244200.14383135235,109.2380751794562,144.20014383135236,-14.316972997379306
2021-08-23,Happiness Zone,Happiness Zone,211256.89279341637,246348.18636536025,111.25689279341637,146.34818636536028,-14.24459180710176
2021-08-24,Happiness Zone,Happiness Zone,211688.47328670078,246739.28599540595,111.68847328670077,146.73928599540594,-14.20560676720033
2021-08-25,Happiness Zone,Happiness Zone,212263.97584453016,247257.0430850036,112.26397584453017,147.25704308500357,-14.152505750237943
2021-08-26,Happiness Zone,Happiness Zone,211155.7726772334,245797.42320049801,111.15577267723341,145.79742320049803,-14.093577577909455
2021-08-27,Happiness Zone,Happiness Zone,213367.84345187573,247995.09112896875,113.36784345187571,147.99509112896874,-13.962876248661416
2021-08-30,Happiness Zone,Happiness Zone,214207.68196335682,249085.63332307668,114.20768196335685,149.0856333230767,-14.002393833160731
2021-08-31,Happiness Zone,Happiness Zone,214031.86351560912,248716.57352215072,114.0318635156091,148.71657352215072,-13.94547597506709
2021-09-01,Happiness Zone,Happiness Zone,214394.06339828525,248848.79460739763,114.39406339828525,148.84879460739762,-13.845649227865753
2021-09-02,Happiness Zone,Happiness Zone,214835.0454419756,249614.4103272342,114.83504544197562,149.6144103272342,-13.933236001745353
2021-09-03,Happiness Zone,Happiness Zone,214833.26779275882,249553.83657609823,114.83326779275882,149.5538365760982,-13.913057502825376
2021-09-07,Happiness Zone,Happiness Zone,214177.56926349792,248661.56339670974,114.17756926349792,148.66156339670974,-13.867842565679013
2021-09-08,Happiness Zone,Happiness Zone,213750.6163641475,248358.6230831431,113.75061636414752,148.35862308314307,-13.934691008256173
2021-09-09,Happiness Zone,Happiness Zone,212844.79065556702,247295.5770070198,112.84479065556701,147.2955770070198,-13.931015980312033
2021-09-10,Happiness Zone,Happiness Zone,211069.7116198544,245345.80348773138,111.06971161985442,145.3458034877314,-13.970522984547795
2021-09-13,Happiness Zone,Happiness Zone,211755.86234029694,245973.6702755694,111.75586234029696,145.9736702755694,-13.91116695414495
2021-09-14,Happiness Zone,Happiness Zone,210647.34343345716,244646.27147631074,110.64734343345717,144.64627147631072,-13.897178092144236
2021-09-15,Happiness Zone,Happiness Zone,212217.5171572594,246689.6963798865,112.21751715725938,146.6896963798865,-13.973903137625232
2021-09-16,Happiness Zone,Happiness Zone,212100.42361725253,246298.61463931247,112.10042361725252,146.29861463931246,-13.884849117864862
2021-09-17,Happiness Zone,Happiness Zone,210179.23605935273,243899.4397017467,110.17923605935272,143.8994397017467,-13.825453508064168
2021-09-20,Happiness Zone,Happiness Zone,206545.87237938048,239832.6261028859,106.54587237938048,139.83262610288588,-13.879159922647776
2021-09-21,Happiness Zone,Happiness Zone,206543.4554969863,239606.05594395584,106.54345549698631,139.60605594395585,-13.798733223463644
2021-09-22,Happiness Zone,Happiness Zone,208788.04189665956,241943.36908842405,108.78804189665958,141.94336908842408,-13.703755269956197
2021-09-23,Happiness Zone,Happiness Zone,211209.04347584624,244882.9670762163,111.20904347584624,144.88296707621632,-13.751027277405347
2021-09-24,Happiness Zone,Happiness Zone,211269.65129599953,245286.35677331174,111.26965129599955,145.28635677331172,-13.868160432889344
2021-09-27,Happiness Zone,Happiness Zone,210748.6566347547,244584.60646740178,110.74865663475468,144.58460646740176,-13.834047171385144
2021-09-28,Happiness Zone,Happiness Zone,206434.37023670677,239655.78867524883,106.43437023670677,139.65578867524883,-13.862138954448334
2021-09-29,Happiness Zone,Happiness Zone,206585.94839462507,240059.1425934009,106.58594839462508,140.05914259340088,-13.94372813180913
2021-09-30,Happiness Zone,Happiness Zone,204557.06683684178,237125.090341832,104.55706683684176,137.125090341832,-13.734532882218907
2021-10-01,Happiness Zone,Happiness Zone,206677.2986922161,239943.11148003174,106.67729869221611,139.94311148003175,-13.864041598286958
2021-10-04,Happiness Zone,Happiness Zone,203953.92244225834,236848.80534108065,103.95392244225832,136.84880534108066,-13.888557660846601
2021-10-05,Happiness Zone,Happiness Zone,206057.80706113952,239313.16951347791,106.05780706113954,139.3131695134779,-13.896168990593505
2021-10-06,Happiness Zone,Happiness Zone,206953.0789878295,240307.78836039413,106.95307898782951,140.3077883603941,-13.879995151277381
2021-10-07,Happiness Zone,Happiness Zone,208553.6252489112,242385.43582330924,108.55362524891122,142.38543582330925,-13.95785619687986
2021-10-08,Happiness Zone,Happiness Zone,207981.53121059496,241943.36908842405,107.98153121059495,141.94336908842408,-14.03710215567715
2021-10-11,Happiness Zone,Happiness Zone,206691.8780512763,240191.77513649664,106.69187805127626,140.19177513649663,-13.947145803049654
2021-10-12,Happiness Zone,Happiness Zone,206482.26364552366,239600.5459866759,106.48226364552364,139.6005459866759,-13.822290013894179
2021-10-13,Happiness Zone,Happiness Zone,207263.6956622997,240462.5144010247,107.2636956622997,140.46251440102472,-13.806234548208451
2021-10-14,Happiness Zone,Happiness Zone,210657.9881345043,244507.28817076574,110.65798813450431,144.50728817076572,-13.84388182843075
2021-10-15,Happiness Zone,Happiness Zone,212063.26746065638,246369.38538931066,112.0632674606564,146.36938538931065,-13.924667577687888
2021-10-18,Happiness Zone,Happiness Zone,213021.02372931418,247098.7570395071,113.0210237293142,147.09875703950706,-13.791139105060102
2021-10-19,Happiness Zone,Happiness Zone,214498.26372550172,249005.07703206508,114.49826372550174,149.0050770320651,-13.85787539670118
2021-10-20,Happiness Zone,Happiness Zone,215287.61392110187,249983.14811766977,115.28761392110187,149.98314811766974,-13.87914923778636
2021-10-21,Happiness Zone,Happiness Zone,215787.1128333518,250635.11202387168,115.78711283335181,150.63511202387167,-13.903877596847158
2021-10-22,Happiness Zone,Happiness Zone,215722.28737586993,250375.4284528469,115.72228737586991,150.3754284528469,-13.840472002828019
2021-10-25,Happiness Zone,Happiness Zone,216820.4835416226,251718.10486092724,116.82048354162262,151.71810486092724,-13.863770879168724
2021-10-26,Happiness Zone,Happiness Zone,217115.41823827242,251944.71079880066,117.11541823827241,151.94471079880066,-13.824180888775395
2021-10-27,Happiness Zone,Happiness Zone,216007.61830928846,250828.53299176367,116.00761830928845,150.82853299176367,-13.882357906872823
2021-10-28,Happiness Zone,Happiness Zone,218368.7076571828,253248.72805856296,118.3687076571828,153.24872805856296,-13.77302885932532
2021-10-29,Happiness Zone,Happiness Zone,218485.71973279523,253762.63891174764,118.48571973279522,153.76263891174764,-13.901541743984168
2021-11-01,Happiness Zone,Happiness Zone,219154.93069807882,254199.1599104095,119.15493069807881,154.19915991040952,-13.78613101029985
2021-11-02,Happiness Zone,Happiness Zone,220055.5522404028,255226.89216942043,120.0555522404028,155.22689216942044,-13.780420875740163
2021-11-03,Happiness Zone,Happiness Zone,221572.43760793217,256785.11882187094,121.57243760793217,156.78511882187095,-13.712897918498712
2021-11-04,Happiness Zone,Happiness Zone,222312.8033683337,257995.2163552706,122.3128033683337,157.9952163552706,-13.830649068237244
2021-11-05,Happiness Zone,Happiness Zone,222996.47863647464,258890.33396065744,122.99647863647465,158.89033396065747,-13.864501920584438
2021-11-08,Happiness Zone,Happiness Zone,223294.7662062624,259111.41205177928,123.29476620626241,159.11141205177927,-13.822874709339118
2021-11-09,Happiness Zone,Happiness Zone,222379.12572854274,258254.88203682366,122.37912572854275,158.25488203682366,-13.891608176129477
2021-11-10,Happiness Zone,Happiness Zone,220294.8020140606,256177.30613179528,120.29480201406062,156.1773061317953,-14.00690196159461
2021-11-11,Happiness Zone,Happiness Zone,220790.83656875213,256260.15227518298,120.79083656875214,156.26015227518297,-13.8411358112136
2021-11-12,Happiness Zone,Happiness Zone,222223.91058938252,258194.1293909708,122.22391058938254,158.19412939097083,-13.931462689114959
2021-11-15,Happiness Zone,Happiness Zone,222320.77731208826,258282.57493899687,122.32077731208828,158.2825749389969,-13.923431588601098
2021-11-16,Happiness Zone,Happiness Zone,223070.51239537206,259304.79724072787,123.07051239537205,159.30479724072785,-13.973626878841506
2021-11-17,Happiness Zone,Happiness Zone,222416.46498681494,258674.8731636457,122.41646498681496,158.6748731636457,-14.016981136738615
2021-11-18,Happiness Zone,Happiness Zone,223259.37923510943,259553.42511824938,123.2593792351094,159.55342511824938,-13.983266014156747
2021-11-19,Happiness Zone,Happiness Zone,223050.58425761055,259089.2469963577,123.05058425761052,159.08924699635767,-13.909748535126887
2021-11-22,Happiness Zone,Happiness Zone,222220.8856668163,258359.91112510464,122.22088566681629,158.35991112510465,-13.987861081431042
2021-11-23,Happiness Zone,Happiness Zone,222656.99911191655,258702.49450793216,122.65699911191655,158.70249450793216,-13.933184318371705
2021-11-24,Happiness Zone,Happiness Zone,223392.29697543342,259393.18912033888,123.39229697543344,159.3931891203389,-13.878888750700302
2021-11-26,Happiness Zone,Happiness Zone,218122.9368364368,253607.91287111706,118.12293683643679,153.60791287111707,-13.992061853651094
2021-11-29,Happiness Zone,Happiness Zone,220964.51340807666,256718.80255032307,120.96451340807666,156.7188025503231,-13.927413491747542
2021-11-30,Happiness Zone,Happiness Zone,217255.21752104376,251723.66848662222,117.25521752104378,151.7236684866222,-13.692971810241305
2021-12-01,Happiness Zone,Happiness Zone,214331.86158527137,248927.72295648564,114.33186158527135,148.92772295648564,-13.897954378211974
2021-12-02,Happiness Zone,Happiness Zone,217746.66717510924,252740.39872054497,117.74666717510924,152.74039872054493,-13.845721429017877
2021-12-03,Happiness Zone,Happiness Zone,215026.7666840669,250541.19229750906,115.02676668406693,150.54119229750907,-14.175084459273258
2021-12-06,Happiness Zone,Happiness Zone,217500.49232946758,253508.44740853112,117.50049232946758,153.50844740853114,-14.203848213797944
2021-12-07,Happiness Zone,Happiness Zone,222435.42057251977,258752.19146028179,122.43542057251977,158.75219146028178,-14.035348138621117
2021-12-08,Happiness Zone,Happiness Zone,223036.80888965412,259437.39400488022,123.03680888965411,159.43739400488025,-14.030585396082639
2021-12-09,Happiness Zone,Happiness Zone,220856.66214864876,257685.8000529528,120.85666214864874,157.6858000529528,-14.292265191460253
2021-12-10,Happiness Zone,Happiness Zone,222640.44028845138,260111.50507703205,122.64044028845137,160.11150507703204,-14.405769855310169
2021-12-13,Happiness Zone,Happiness Zone,220581.20318616342,257807.34112360192,120.5812031861634,157.80734112360193,-14.43951819804502
2021-12-14,Happiness Zone,Happiness Zone,218966.85901975265,256033.6178951963,118.96685901975266,156.0336178951963,-14.477301527886233
2021-12-15,Happiness Zone,Happiness Zone,222444.0438617318,260034.1510014526,122.4440438617318,160.03415100145259,-14.455834741303198
2021-12-16,Happiness Zone,Happiness Zone,219897.1186224672,257741.02485205405,119.89711862246719,157.74102485205407,-14.68291912446209
2021-12-17,Happiness Zone,Happiness Zone,218112.02813988336,254997.94271075586,118.11202813988335,154.99794271075586,-14.465181239800117
2021-12-20,Happiness Zone,Happiness Zone,215676.99818767302,252286.3997080438,115.67699818767304,152.28639970804383,-14.511048381021208
2021-12-21,Happiness Zone,Happiness Zone,219804.65069157787,256766.7821133906,119.80465069157789,156.7667821133906,-14.395215423734175
2021-12-22,Happiness Zone,Happiness Zone,221929.37098562252,259334.100195353,121.92937098562253,159.334100195353,-14.423374782396136
2021-12-23,Happiness Zone,Happiness Zone,223126.60889947528,260947.71265214993,123.12660889947526,160.9477126521499,-14.49374794983973
2021-12-27,Happiness Zone,Happiness Zone,226341.26983349567,264640.68996114406,126.34126983349567,164.64068996114406,-14.472234082095126
2021-12-28,Happiness Zone,Happiness Zone,225928.01559709272,264424.42413790635,125.92801559709272,164.42442413790636,-14.558567600675365
2021-12-29,Happiness Zone,Happiness Zone,226153.52447317113,264762.71404752875,126.15352447317112,164.76271404752873,-14.582562999194327
2021-12-30,Happiness Zone,Happiness Zone,225674.19700776442,264030.7842028809,125.67419700776443,164.03078420288094,-14.527316316889527
2021-12-31,Happiness Zone,Happiness Zone,225011.53545824398,263365.3495244978,125.011535458244,163.36534952449782,-14.562968946181066
2022-01-03,Happiness Zone,Happiness Zone,226308.59273368103,264890.19442277827,126.30859273368102,164.89019442277825,-14.565130194105647
2022-01-04,Happiness Zone,Happiness Zone,226160.5743340258,264801.4984221486,126.16057433402581,164.8014984221486,-14.592411416993246
2022-01-05,Happiness Zone,Happiness Zone,221015.16280187844,259716.72021581855,121.01516280187843,159.71672021581855,-14.901450080603219
2022-01-06,Happiness Zone,Happiness Zone,221393.95710284277,259472.74360093597,121.39395710284275,159.47274360093596,-14.675447590232304
2022-01-07,Happiness Zone,Happiness Zone,220485.32306238968,258446.92551539565,120.48532306238968,158.44692551539566,-14.688355211540172
2022-01-10,Happiness Zone,Happiness Zone,220157.9225410582,258125.32648285828,120.1579225410582,158.1253264828583,-14.708903019759067
2022-01-11,Happiness Zone,Happiness Zone,222280.96519962294,260476.37874158297,122.28096519962293,160.47637874158295,-14.663676501681355
2022-01-12,Happiness Zone,Happiness Zone,222749.24138977478,261180.6156840576,122.7492413897748,161.18061568405756,-14.714481851429628
2022-01-13,Happiness Zone,Happiness Zone,219615.49722603968,257581.91589085988,119.61549722603965,157.58191589085988,-14.739551312642218
2022-01-14,Happiness Zone,Happiness Zone,219601.90573775274,257687.26698963123,119.60190573775273,157.68726698963124,-14.779683023069579
2022-01-18,Happiness Zone,Happiness Zone,215249.4804938857,253123.73431987804,115.24948049388568,153.12373431987805,-14.962742995143163
2022-01-19,Happiness Zone,Happiness Zone,212676.5609643908,250495.41313945915,112.6765609643908,150.49541313945915,-15.097622627530239
2022-01-20,Happiness Zone,Happiness Zone,210357.80251313973,247722.902817234,110.35780251313972,147.722902817234,-15.083425827470476
2022-01-21,Happiness Zone,Happiness Zone,206364.35278519196,242859.936170365,106.36435278519198,142.859936170365,-15.027420315045937
2022-01-24,Happiness Zone,Happiness Zone,207321.30338093152,243891.28210265693,107.32130338093154,143.8912821026569,-14.994377169386741
2022-01-25,Happiness Zone,Happiness Zone,204859.05382195165,240913.65109805577,104.85905382195165,140.91365109805577,-14.96577595822053
2022-01-26,Happiness Zone,Happiness Zone,204361.64373448596,240309.2016286575,104.36164373448595,140.3092016286575,-14.958877001189574
2022-01-27,Happiness Zone,Happiness Zone,202571.41055998142,239122.61086105602,102.5714105599814,139.12261086105602,-15.285547514497889
2022-01-28,Happiness Zone,Happiness Zone,207722.67690872223,245061.3072194752,107.72267690872224,145.06130721947517,-15.236444600090515
2022-01-31,Happiness Zone,Happiness Zone,211800.73538320715,249475.15867961384,111.80073538320715,149.47515867961383,-15.101472826314433
2022-02-01,Happiness Zone,Happiness Zone,213131.56649324344,251160.82992837054,113.13156649324343,151.16082992837053,-15.141399017503165
2022-02-02,Happiness Zone,Happiness Zone,214742.80367500806,253600.59607719662,114.74280367500805,153.60059607719663,-15.322437329902861
2022-02-03,Happiness Zone,Happiness Zone,209700.12718097115,247639.7525528276,109.70012718097112,147.6397525528276,-15.320490745427872
2022-02-04,Happiness Zone,Happiness Zone,211122.236720671,248804.21404395084,111.12223672067101,148.80421404395085,-15.145232755834027
2022-02-07,Happiness Zone,Happiness Zone,210497.42105825554,248005.6995856798,110.49742105825553,148.00569958567982,-15.12395827599361
2022-02-08,Happiness Zone,Happiness Zone,212392.24326640193,250046.24428431378,112.39224326640192,150.0462442843138,-15.0588148706995
2022-02-09,Happiness Zone,Happiness Zone,215744.9638800465,253705.9113970246,115.74496388004651,153.70591139702464,-14.96257903804732
2022-02-10,Happiness Zone,Happiness Zone,211887.0338628459,249147.9602424381,111.88703386284593,149.1479602424381,-14.955340731401023
2022-02-11,Happiness Zone,Happiness Zone,207613.36339194496,244235.06408008756,107.61336339194499,144.23506408008757,-14.99444841226152
2022-02-14,Happiness Zone,Happiness Zone,206855.68908245204,243436.6211797033,106.85568908245205,143.4366211797033,-15.026881296650707
2022-02-15,Happiness Zone,Happiness Zone,210521.92139779963,247362.44785219,110.52192139779962,147.36244785219,-14.893338408586665
2022-02-16,Happiness Zone,Happiness Zone,210701.5842219652,247639.7525528276,110.70158422196519,147.6397525528276,-14.916089985586044
2022-02-17,Happiness Zone,Happiness Zone,205896.41868332273,242349.7821062348,105.89641868332271,142.3497821062348,-15.041632431479812
2022-02-18,Happiness Zone,Happiness Zone,204519.43397937727,240780.51764975276,104.51943397937727,140.78051764975274,-15.059808004533847
2022-02-22,Happiness Zone,Happiness Zone,202804.9777882563,238196.58024859207,102.80497778825631,138.19658024859208,-14.858148854781872
2022-02-23,Happiness Zone,Happiness Zone,198912.1032738282,233971.3195989896,98.9121032738282,133.9713195989896,-14.984407655284604
2022-02-24,Happiness Zone,Happiness Zone,202214.87446931403,237492.36119558915,102.21487446931405,137.49236119558915,-14.854156381569684
2022-02-25,Happiness Zone,Happiness Zone,206325.7969310158,242732.40212670038,106.3257969310158,142.73240212670038,-14.998658966297063
2022-02-28,Happiness Zone,Happiness Zone,205513.16375857627,242111.33333810384,105.51316375857627,142.11133333810383,-15.116256259023997
2022-03-01,Happiness Zone,Happiness Zone,201901.64788334956,238423.91965480475,101.90164788334957,138.42391965480476,-15.318207931625693
2022-03-02,Happiness Zone,Happiness Zone,205696.63420917926,242810.02454435514,105.69663420917928,142.81002454435514,-15.284949789375856
2022-03-03,Happiness Zone,Happiness Zone,204392.23383680862,241601.17927397366,104.39223383680863,141.60117927397366,-15.400978401256237
2022-03-04,Happiness Zone,Happiness Zone,202170.09536331904,239638.29277193785,102.17009536331902,139.63829277193787,-15.635313110946358
2022-03-07,Happiness Zone,Happiness Zone,196069.95165862265,232573.937186487,96.06995165862264,132.573937186487,-15.695647573181859
2022-03-08,Happiness Zone,Happiness Zone,195089.23076355003,230810.66140954723,95.08923076355002,130.81066140954724,-15.476508072828398
2022-03-09,Happiness Zone,Happiness Zone,200763.88145828134,236998.84434012894,100.76388145828132,136.99884434012893,-15.289088426880681
2022-03-10,Happiness Zone,Happiness Zone,199394.62613291203,235928.6424753304,99.39462613291204,135.9286424753304,-15.48519754070915
2022-03-11,Happiness Zone,Happiness Zone,196776.30491590028,232928.86430477933,96.77630491590028,132.92886430477932,-15.520858480456369
2022-03-14,Happiness Zone,Happiness Zone,195150.56701326577,231226.52006840933,95.15056701326576,131.22652006840934,-15.601996278139008
2022-03-15,Happiness Zone,Happiness Zone,199212.21854142094,236311.31616421102,99.21221854142095,136.311316164211,-15.699247173169727
2022-03-16,Happiness Zone,Happiness Zone,204339.62113241083,241551.32131637886,104.33962113241084,141.55132131637887,-15.405297715274724
2022-03-17,Happiness Zone,Happiness Zone,206724.64295635355,244573.33610023826,106.72464295635353,144.5733361002383,-15.475396356523685
2022-03-18,Happiness Zone,Happiness Zone,208993.13533836373,247252.10559081766,108.99313533836374,147.25210559081768,-15.473668125508077
2022-03-21,Happiness Zone,Happiness Zone,208546.1014101537,247179.81423572596,108.54610141015368,147.17981423572596,-15.629800898195011
2022-03-22,Happiness Zone,Happiness Zone,211246.6754000715,250072.14823931816,111.24667540007147,150.07214823931818,-15.525708525561521
2022-03-23,Happiness Zone,Happiness Zone,208339.68457060927,246851.59609866398,108.33968457060928,146.851596098664,-15.601240638793323
2022-03-24,Happiness Zone,Happiness Zone,211432.66108517366,250572.71354662353,111.43266108517365,150.57271354662353,-15.620237298570483
2022-03-25,Happiness Zone,Happiness Zone,212397.42754204344,251796.4786363929,112.39742754204345,151.79647863639286,-15.64718113125152
2022-03-28,Happiness Zone,Happiness Zone,214017.05435259623,253587.5009839209,114.01705435259623,153.58750098392088,-15.604257496048158
2022-03-29,Happiness Zone,Happiness Zone,217126.97660331413,256724.54507073495,117.12697660331415,156.72454507073493,-15.424145929058152
2022-03-30,Happiness Zone,Happiness Zone,215245.68763885682,255139.32320550707,115.24568763885684,155.13932320550708,-15.636019985252181
2022-03-31,Happiness Zone,Happiness Zone,212134.81176678272,251212.36949630402,112.13481176678273,151.21236949630404,-15.555586616962437
2022-04-01,Happiness Zone,Happiness Zone,212404.67058550782,251924.3704694913,112.40467058550783,151.9243704694913,-15.687128565741283
2022-04-04,Hawkish Policy,Happiness Zone,214220.8706947241,254082.52055500296,114.22087069472408,154.082520555003,-15.688466004354584
2022-04-05,Hawkish Policy,Happiness Zone,211191.50994585516,250873.09566573877,111.19150994585513,150.8730956657388,-15.81739389573884
2022-04-06,Hawkish Policy,Hawkish Policy,208788.73214953454,248364.56238774356,108.78873214953452,148.36456238774355,-15.934572089404508
2022-04-07,Hawkish Policy,Hawkish Policy,208982.82138468963,249616.0382691578,108.98282138468964,149.61603826915783,-16.278287711887284
2022-04-08,Hawkish Policy,Hawkish Policy,208067.1983817383,248948.52841205892,108.06719838173828,148.9485284120589,-16.421599392888943
2022-04-11,Hawkish Policy,Hawkish Policy,204824.3644141941,244693.4996815674,104.8243644141941,144.6934996815674,-16.293499957807256
2022-04-12,Hawkish Policy,Hawkish Policy,203953.597801912,243786.82547746997,103.95359780191198,143.78682547747,-16.339368461582126
2022-04-13,Hawkish Policy,Hawkish Policy,206333.63139535513,246579.10366591052,106.33363139535513,146.57910366591054,-16.321525900704014
2022-04-14,Hawkish Policy,Hawkish Policy,203362.42297304244,243508.71575060644,103.36242297304246,143.50871575060643,-16.486593777070592
2022-04-18,Hawkish Policy,Hawkish Policy,203520.63452942652,243608.86101311655,103.52063452942653,143.60886101311655,-16.4559804257414
2022-04-19,Hawkish Policy,Hawkish Policy,207080.00662003388,247541.32467959955,107.08000662003387,147.54132467959957,-16.345278151814057
2022-04-20,Hawkish Policy,Hawkish Policy,206883.42081624793,247357.77870007942,106.88342081624795,147.3577787000794,-16.362678423348274
2022-04-21,Hawkish Policy,Hawkish Policy,203686.3791309343,243658.87997595654,103.68637913093433,143.65887997595655,-16.40510735704218
2022-04-22,Hawkish Policy,Hawkish Policy,198590.03087010913,236973.1192798414,98.59003087010913,136.9731192798414,-16.19723305595927
2022-04-25,Hawkish Policy,Hawkish Policy,199896.41922650932,238346.97703707413,99.89641922650931,138.3469770370741,-16.132177671623648
2022-04-26,Hawkish Policy,Hawkish Policy,194177.0559692581,231444.25282832547,94.17705596925809,131.44425282832546,-16.10201869506366
2022-04-27,Hawkish Policy,Hawkish Policy,194362.12166495976,232095.03602939597,94.36212166495976,132.095036029396,-16.25752752405146
2022-04-28,Hawkish Policy,Hawkish Policy,199194.30117424077,237957.57690683877,99.19430117424078,137.95757690683877,-16.28999430758784
2022-04-29,Hawkish Policy,Hawkish Policy,191704.46957786294,229163.73875646704,91.70446957786294,129.16373875646704,-16.346071757195478
2022-05-02,Hawkish Policy,Hawkish Policy,192735.0891768262,230543.17802886644,92.73508917682621,130.54317802886644,-16.399569562325656
2022-05-03,Hawkish Policy,Hawkish Policy,193786.04123857745,231599.99856884225,93.78604123857745,131.59999856884227,-16.327270105325464
2022-05-04,Hawkish Policy,Hawkish Policy,199210.189827973,238652.92278188438,99.21018982797298,138.65292278188437,-16.527236496474785
2022-05-05,Hawkish Policy,Hawkish Policy,191852.41758522025,230170.52244413117,91.85241758522025,130.1705224441312,-16.647702951715637
2022-05-06,Hawkish Policy,Hawkish Policy,190203.03338554525,228796.64679742677,90.20303338554525,128.79664679742677,-16.868085241673914
2022-05-09,Hawkish Policy,Hawkish Policy,183908.52785234537,221471.19437268778,83.90852785234537,121.47119437268779,-16.960520137500424
2022-05-10,Hawkish Policy,Hawkish Policy,184262.13795403586,221982.9227103265,84.26213795403585,121.98292271032649,-16.992651639925406
2022-05-11,Hawkish Policy,Hawkish Policy,180958.1853693313,218456.44271433374,80.9581853693313,118.45644271433375,-17.165095649770933
2022-05-12,Hawkish Policy,Hawkish Policy,180649.58320173237,218228.40561872526,80.64958320173237,118.22840561872528,-17.219950038331955
2022-05-13,Hawkish Policy,Hawkish Policy,185301.5812734003,223445.78058920763,85.3015812734003,123.44578058920762,-17.070897116617857
2022-05-16,Hawkish Policy,Hawkish Policy,184002.37935307613,222539.1242745819,84.00237935307612,122.53912427458191,-17.31684037452976
2022-05-17,Hawkish Policy,Hawkish Policy,188092.3560315907,227116.8432953838,88.0923560315907,127.1168432953838,-17.182559733378554
2022-05-18,Hawkish Policy,Hawkish Policy,181059.31035674785,217961.38736430835,81.05931035674784,117.96138736430835,-16.93055703755504
2022-05-19,Hawkish Policy,Hawkish Policy,180048.10589246868,216626.47498694068,80.0481058924687,116.62647498694069,-16.88545645063796
2022-05-20,Hawkish Policy,Hawkish Policy,180021.10177093343,216721.03873428408,80.02110177093343,116.72103873428408,-16.934182845232428
2022-05-23,Hawkish Policy,Hawkish Policy,183370.20443471972,220775.9021660572,83.37020443471972,120.77590216605722,-16.942835411086975
2022-05-24,Hawkish Policy,Hawkish Policy,181722.18782492945,219090.53503831924,81.72218782492946,119.09053503831926,-17.05612120891211
2022-05-25,Hawkish Policy,Hawkish Policy,183554.28365349135,221026.15798550236,83.55428365349135,121.02615798550235,-16.95359258539384
2022-05-26,Hawkish Policy,Hawkish Policy,187175.11493539068,225442.60341903582,87.17511493539067,125.44260341903582,-16.974381906208023
2022-05-27,Hawkish Policy,Hawkish Policy,191881.10548254644,230977.03349624676,91.88110548254645,130.97703349624675,-16.926327012653232
2022-05-31,Hawkish Policy,Hawkish Policy,190857.5575994918,229681.06649874413,90.85755759949178,129.68106649874414,-16.90322562981682
2022-06-01,Hawkish Policy,Hawkish Policy,189308.74667902634,227823.20908498927,89.30874667902636,127.82320908498926,-16.905416511622896
2022-06-02,Hawkish Policy,Hawkish Policy,192983.70366386697,232161.74586932096,92.98370366386696,132.16174586932095,-16.875322012570713
2022-06-03,Hawkish Policy,Hawkish Policy,189588.7469481618,228351.6461891847,89.58874694816181,128.35164618918472,-16.97509078121935
2022-06-06,Hawkish Policy,Hawkish Policy,189981.21829134703,229046.9205063436,89.98121829134702,129.04692050634358,-17.055764001819274
2022-06-07,Hawkish Policy,Hawkish Policy,191791.06236129656,231244.033861192,91.79106236129655,131.24403386119198,-17.061184602746437
2022-06-08,Hawkish Policy,Hawkish Policy,189503.2010687171,228729.8832890867,89.50320106871712,128.72988328908667,-17.14978456522528
2022-06-09,Hawkish Policy,Hawkish Policy,185045.70657841963,223290.0527381625,85.04570657841964,123.29005273816249,-17.127653332855587
2022-06-10,Hawkish Policy,Hawkish Policy,179474.51172967145,216815.58459215582,79.47451172967143,116.81558459215582,-17.22250406156244
2022-06-13,Hawkish Policy,Hawkish Policy,172506.90498324716,208583.4758527911,72.50690498324717,108.58347585279108,-17.295987000909495
2022-06-14,Hawkish Policy,Hawkish Policy,172130.8861786726,207954.982933444,72.1308861786726,107.95498293344399,-17.22685181640341
2022-06-15,Hawkish Policy,Hawkish Policy,175068.154361344,210919.64407107126,75.068154361344,110.91964407107126,-16.997700649279867
2022-06-16,Hawkish Policy,Hawkish Policy,169393.27986257925,203939.02910259253,69.39327986257926,103.93902910259251,-16.93925355633368
2022-06-17,Hawkish Policy,Hawkish Policy,170408.76500948457,204378.6986482715,70.40876500948457,104.3786986482715,-16.621073459934287
2022-06-21,Hawkish Policy,Hawkish Policy,174056.64275309216,209523.6033689453,74.05664275309216,109.52360336894529,-16.927429676455198
2022-06-22,Hawkish Policy,Hawkish Policy,173969.79616169012,209143.7383271197,73.96979616169013,109.1437383271197,-16.818070885973345
2022-06-23,Hawkish Policy,Hawkish Policy,175691.40011867363,211193.92545099356,75.69140011867364,111.19392545099353,-16.81039132944101
2022-06-24,Hawkish Policy,Hawkish Policy,181061.0981739119,217908.57764388502,81.06109817391189,117.90857764388502,-16.909604875761598
2022-06-27,Hawkish Policy,Hawkish Policy,180325.40701451237,217076.26997359513,80.32540701451236,117.07626997359513,-16.929931108339524
2022-06-28,Hawkish Policy,Hawkish Policy,176700.3698917593,212640.77225271382,76.7003698917593,112.6407722527138,-16.90193370735176
2022-06-29,Hawkish Policy,Hawkish Policy,176378.5225608297,212467.54849835773,76.37852256082971,112.46754849835771,-16.985664960410162
2022-06-30,Hawkish Policy,Hawkish Policy,174855.99935670185,210741.41126464252,74.85599935670186,110.74141126464254,-17.028172912288642
2022-07-01,Hawkish Policy,Hawkish Policy,176348.27867415536,212970.38576856747,76.34827867415537,112.97038576856747,-17.19586831861635
2022-07-05,Hawkish Policy,Hawkish Policy,174740.8248192001,213372.52320264475,74.74082481920009,113.37252320264474,-18.105282631332642
2022-07-06,Hawkish Policy,Hawkish Policy,174906.3557250679,214093.20056960077,74.9063557250679,114.09320056960075,-18.30363820068792
2022-07-07,Hawkish Policy,Hawkish Policy,175371.4970070499,217299.6915855081,75.3714970070499,117.2996915855081,-19.295100822524315
2022-07-08,Hawkish Policy,Hawkish Policy,175134.12004991272,217120.93998440035,75.13412004991271,117.12093998440034,-19.337987362022425
2022-07-11,Hawkish Policy,Hawkish Policy,174828.27323512416,214640.65418220067,74.82827323512416,114.64065418220066,-18.54838781533028
2022-07-12,Hawkish Policy,Hawkish Policy,174190.61421736583,212741.29319412936,74.19061421736583,112.74129319412936,-18.120919732111208
2022-07-13,Hawkish Policy,Hawkish Policy,173931.14199719377,211624.04201879108,73.93114199719378,111.62404201879106,-17.811256066194204
2022-07-14,Hawkish Policy,Hawkish Policy,173601.31469492393,211110.1132761347,73.60131469492393,111.1101132761347,-17.767409622933982
2022-07-15,Hawkish Policy,Hawkish Policy,174565.5589365832,215143.41989452366,74.56555893658322,115.14341989452363,-18.86084221299177
2022-07-18,Hawkish Policy,Hawkish Policy,173451.7645104775,213366.97746642143,73.45176451047747,113.36697746642143,-18.707305802382468
2022-07-19,Hawkish Policy,Hawkish Policy,175073.49342939284,219131.9849442206,75.07349342939284,119.13198494422059,-20.105915403469155
2022-07-20,Hawkish Policy,Hawkish Policy,174467.7661812961,220528.52655155386,74.46776618129608,120.52852655155388,-20.886531593222234
2022-07-21,Hawkish Policy,Hawkish Policy,175418.3168276683,222774.19193256384,75.4183168276683,122.77419193256382,-21.257343453513975
2022-07-22,Hawkish Policy,Hawkish Policy,175934.6097659973,220707.33182107663,75.93460976599731,120.70733182107665,-20.286014825903365
2022-07-25,Hawkish Policy,Hawkish Policy,176424.32219090164,220975.45922273822,76.42432219090165,120.97545922273821,-20.161124311514634
2022-07-26,Hawkish Policy,Hawkish Policy,176041.8109928673,218361.038161821,76.04181099286731,118.36103816182097,-19.380392914963217
2022-07-27,Hawkish Policy,Hawkish Policy,177440.96873178432,224031.1062133713,77.44096873178432,124.0311062133713,-20.796280600968732
2022-07-28,Hawkish Policy,Hawkish Policy,179863.2023790284,226841.02342089632,79.8632023790284,126.84102342089632,-20.709579040605043
2022-07-29,Hawkish Policy,Hawkish Policy,180295.40948538066,230148.07115716257,80.29540948538066,130.14807115716258,-21.66112512745707
2022-08-01,Hawkish Policy,Hawkish Policy,180787.6783996028,229466.53595426018,80.7876783996028,129.46653595426017,-21.213924440974086
2022-08-02,Hawkish Policy,Hawkish Policy,179835.6309610454,227952.6930810679,79.8356309610454,127.95269308106789,-21.108354312317957
2022-08-03,Hawkish Policy,Hawkish Policy,180924.18312958037,231522.30459330074,80.92418312958036,131.52230459330073,-21.8545342975065
2022-08-04,Hawkish Policy,Hawkish Policy,181076.58624627645,231365.8790528598,81.07658624627645,131.36587905285978,-21.735829419814245
2022-08-05,Hawkish Policy,Hawkish Policy,180530.21995792544,230974.8509807008,80.53021995792544,130.9748509807008,-21.83988031969346
2022-08-08,Hawkish Policy,Hawkish Policy,180693.06807184167,230706.68780009588,80.69306807184167,130.7066878000959,-21.678443830631522
2022-08-09,Hawkish Policy,Hawkish Policy,180767.49967762112,229790.55006547546,80.76749967762112,129.79055006547546,-21.333797396753674
2022-08-10,Hawkish Policy,Hawkish Policy,182026.34632567572,234617.07585851572,82.02634632567572,134.61707585851573,-22.41555920019841
2022-08-11,Hawkish Policy,Hawkish Policy,181866.45103505184,234617.07585851572,81.86645103505184,134.61707585851573,-22.483710800007916
2022-08-12,Hawkish Policy,Hawkish Policy,183542.88563695393,238588.91425218427,83.54288563695394,138.58891425218428,-23.071494661754343
2022-08-15,Hawkish Policy,Hawkish Policy,184182.47726972497,239572.04805827673,84.18247726972497,139.57204805827672,-23.120214247647976
2022-08-16,Hawkish Policy,Hawkish Policy,184812.1051138054,240041.32467959955,84.81210511380539,140.04132467959954,-23.008213123099775
2022-08-17,Hawkish Policy,Hawkish Policy,184180.95315128964,238337.5135065511,84.18095315128964,138.3375135065511,-22.722633780339773
2022-08-18,Hawkish Policy,Hawkish Policy,184582.63345687566,239030.21173978687,84.58263345687567,139.0302117397869,-22.778534096846283
2022-08-19,Hawkish Policy,Hawkish Policy,183756.44721249334,235818.08554029782,83.75644721249333,135.81808554029783,-22.077033747654575
2022-08-22,Hawkish Policy,Hawkish Policy,181889.95862965612,230907.80124081374,81.8899586296561,130.90780124081377,-21.228318119939537
2022-08-23,Hawkish Policy,Hawkish Policy,181472.02828656216,230349.18459788043,81.47202828656215,130.34918459788045,-21.218723390162165
2022-08-24,Hawkish Policy,Hawkish Policy,181753.99804000667,231086.57073139315,81.75399804000666,131.08657073139315,-21.34809155514663
2022-08-25,Hawkish Policy,Hawkish Policy,182789.06565339444,234348.93056738246,82.78906565339443,134.34893056738244,-22.001322894521593
2022-08-26,Hawkish Policy,Hawkish Policy,179688.70763814377,226416.4704787938,79.68870763814377,126.41647047879383,-20.637969818112932
2022-08-29,Hawkish Policy,Hawkish Policy,179420.1530900478,224919.33637215823,79.42015309004779,124.91933637215821,-20.22911147435814
2022-08-30,Hawkish Policy,Hawkish Policy,178025.57091151114,222450.21360029193,78.02557091151114,122.45021360029193,-19.970600149031505
2022-08-31,Hawkish Policy,Hawkish Policy,177164.07494591194,220757.60123652028,77.16407494591193,120.75760123652026,-19.74723680925583
2022-09-01,Hawkish Policy,Hawkish Policy,177786.3997512274,221450.26369081266,77.7863997512274,121.45026369081266,-19.717232760015335
2022-09-02,Hawkish Policy,Hawkish Policy,176771.6298970338,219115.22250924885,76.77162989703379,119.11522250924884,-19.324806431660736
2022-09-06,Hawkish Policy,Hawkish Policy,176354.52276012287,218288.47846465398,76.35452276012286,118.28847846465398,-19.21033853892623
2022-09-07,Hawkish Policy,Hawkish Policy,178889.55900158727,222210.01166393553,78.88955900158727,122.21001166393552,-19.495274914914695
2022-09-08,Hawkish Policy,Hawkish Policy,178928.67984705383,223662.43998082247,78.92867984705383,123.66243998082247,-20.000568775697992
2022-09-09,Hawkish Policy,Hawkish Policy,180028.63635320708,227137.07628786305,80.02863635320708,127.13707628786307,-20.740092592788727
2022-09-12,Hawkish Policy,Hawkish Policy,180909.55137094736,229578.2735944242,80.90955137094736,129.5782735944242,-21.199184688293105
2022-09-13,Hawkish Policy,Hawkish Policy,176716.8072939995,219595.64427143335,76.7168072939995,119.59564427143334,-19.526269348235815
2022-09-14,Hawkish Policy,Hawkish Policy,176884.3731850448,220433.587125305,76.8843731850448,120.43358712530501,-19.756160804798206
2022-09-15,Hawkish Policy,Hawkish Policy,175096.12531926914,217930.93948349517,75.09612531926915,117.93093948349518,-19.655223928161014
2022-09-16,Hawkish Policy,Hawkish Policy,174933.45156665143,216268.36354268785,74.93345156665143,116.26836354268787,-19.11278714044441
2022-09-19,Hawkish Policy,Hawkish Policy,175821.60754345605,217945.53729239266,75.82160754345604,117.94553729239267,-19.32773218128515
2022-09-20,Hawkish Policy,Hawkish Policy,174578.9328106326,215443.8199031106,74.5789328106326,115.44381990311061,-18.967769468094165
2022-09-21,Hawkish Policy,Hawkish Policy,173397.5791563196,211685.6175803416,73.39757915631961,111.68561758034161,-18.0872176681963
2022-09-22,Hawkish Policy,Hawkish Policy,172804.54761412498,209907.52932084407,72.80454761412498,109.90752932084406,-17.67586985886872
2022-09-23,Hawkish Policy,Hawkish Policy,170949.30393560656,206390.5665237894,70.94930393560657,106.39056652378942,-17.17193919524308
2022-09-26,Hawkish Policy,Hawkish Policy,169653.92063241592,204348.80534108065,69.65392063241592,104.34880534108063,-16.978266474695136
2022-09-27,Hawkish Policy,Hawkish Policy,168448.5502264295,203827.148346655,68.4485502264295,103.82714834665504,-17.357156986789633
2022-09-28,Hawkish Policy,Hawkish Policy,170400.22167355576,207837.71744652835,70.40022167355575,107.83771744652833,-18.012849752646243
2022-09-29,Hawkish Policy,Hawkish Policy,168002.65725616427,203496.17523095306,68.00265725616428,103.49617523095307,-17.441859992948906
2022-09-30,Hawkish Policy,Hawkish Policy,166297.95169751294,200349.43505048408,66.29795169751293,100.3494350504841,-16.99604660446926
2022-10-03,Hawkish Policy,Hawkish Policy,168965.65080975724,205638.90459186956,68.96565080975722,105.63890459186958,-17.83381109469414
2022-10-04,Hawkish Policy,Hawkish Policy,171472.51649703406,212011.02707034853,71.47251649703405,112.01102707034853,-19.120944383644336
2022-10-05,Hawkish Policy,Hawkish Policy,170481.9008681245,211517.33132017145,70.48190086812451,111.51733132017144,-19.40050500634015
2022-10-06,Hawkish Policy,Hawkish Policy,168560.8951310722,209335.40612678626,68.5608951310722,109.33540612678625,-19.478076714370296
2022-10-07,Hawkish Policy,Hawkish Policy,166257.66223625603,203496.17523095306,66.25766223625602,103.49617523095307,-18.299367520020503
2022-10-10,Hawkish Policy,Hawkish Policy,165883.5886029782,201942.47461483965,65.88358860297821,101.94247461483967,-17.856018690785945
2022-10-11,Hawkish Policy,Hawkish Policy,165879.36555519275,200663.53839438412,65.87936555519276,100.66353839438413,-17.334575637167603
2022-10-12,Hawkish Policy,Hawkish Policy,165221.6237636815,200001.69949981035,65.2216237636815,100.00169949981034,-17.38989009748981
2022-10-13,Hawkish Policy,Hawkish Policy,167171.8026798233,205279.91656350403,67.1718026798233,105.27991656350402,-18.563975727207517
2022-10-14,Hawkish Policy,Hawkish Policy,165156.97164279604,200601.87338547516,65.15697164279604,100.60187338547517,-17.669277531904427
2022-10-17,Hawkish Policy,Hawkish Policy,167078.55694468418,205756.72465240755,67.07855694468418,105.75672465240756,-18.798009043477837
2022-10-18,Hawkish Policy,Hawkish Policy,168530.02220223105,208174.28996686867,68.53002220223105,108.17428996686868,-19.04378670917868
2022-10-19,Hawkish Policy,Hawkish Policy,167411.94557841515,206699.07046305106,67.41194557841514,106.69907046305104,-19.006918994180367
2022-10-20,Hawkish Policy,Hawkish Policy,165816.2904640544,204965.7953301323,65.81629046405439,104.96579533013231,-19.100506405481443
2022-10-21,Hawkish Policy,Hawkish Policy,168189.39081562188,209946.8146006712,68.18939081562188,109.94681460067119,-19.889524813450453
2022-10-24,Hawkish Policy,Hawkish Policy,169501.99586149273,212515.8142929723,69.50199586149273,112.51581429297231,-20.240290622410395
2022-10-25,Hawkish Policy,Hawkish Policy,171127.74810269946,215909.3576248506,71.12774810269946,115.90935762485061,-20.740930367622422
2022-10-26,Hawkish Policy,Hawkish Policy,171456.73868523008,214282.72163266473,71.45673868523008,114.28272163266473,-19.98573782390598
2022-10-27,Hawkish Policy,Hawkish Policy,171687.59814232477,213138.45735507738,71.68759814232477,113.13845735507738,-19.447855505352408
2022-10-28,Hawkish Policy,Hawkish Policy,173951.7997581075,218209.15654718882,73.95179975810748,118.20915654718883,-20.28208049991268
2022-10-31,Hawkish Policy,Hawkish Policy,173041.39494257947,216632.95097569178,73.04139494257946,116.63295097569177,-20.122310958134747
2022-11-01,Hawkish Policy,Hawkish Policy,173012.3594756492,215685.00576040987,73.01235947564919,115.68500576040988,-19.784706931441896
2022-11-02,Hawkish Policy,Hawkish Policy,171016.04472726,210272.116753848,71.01604472726002,110.27211675384802,-18.66917622394154
2022-11-03,Hawkish Policy,Hawkish Policy,170489.68781551102,208106.9718849063,70.48968781551102,108.10697188490627,-18.075936490104493
2022-11-04,Hawkish Policy,Hawkish Policy,172250.4572014771,211102.3134664787,72.25045720147712,111.10231346647868,-18.404277824824
2022-11-07,Hawkish Policy,Hawkish Policy,172455.08444207287,213121.62336221884,72.45508444207287,113.12162336221886,-19.081376295182228
2022-11-08,Hawkish Policy,Hawkish Policy,173419.9312401893,214271.4512655012,73.4199312401893,114.2714512655012,-19.06531168013291
2022-11-09,Hawkish Policy,Hawkish Policy,172039.87003497762,209857.0452317402,72.03987003497762,109.85704523174019,-18.020445849221765
2022-11-10,Hawkish Policy,Hawkish Policy,176942.50513745315,221389.5468239032,76.94250513745315,121.38954682390319,-20.076395802826198
2022-11-11,Hawkish Policy,Hawkish Policy,176888.552544211,223532.2761848197,76.88855254421101,123.5322761848197,-20.866661601049053
2022-11-14,Hawkish Policy,Hawkish Policy,175942.65717587416,221630.73268120244,75.94265717587416,121.63073268120246,-20.61450366229074
2022-11-15,Hawkish Policy,Hawkish Policy,176950.69627701447,223521.05948607123,76.95069627701447,123.52105948607121,-20.8348883618095
2022-11-16,Hawkish Policy,Hawkish Policy,177140.05425688735,221815.8708237028,77.14005425688735,121.8158708237028,-20.140946813640483
2022-11-17,Hawkish Policy,Hawkish Policy,176394.98302830211,221137.16215732714,76.39498302830212,121.13716215732713,-20.232772588984105
2022-11-18,Hawkish Policy,Hawkish Policy,177479.6500693217,222141.2266452947,77.47965006932172,122.14122664529468,-20.10503734513298
2022-11-21,Hawkish Policy,Hawkish Policy,177807.23516082903,221333.4812196326,77.80723516082904,121.33348121963259,-19.665459477236436
2022-11-22,Hawkish Policy,Hawkish Policy,178942.07165293366,224311.9709188748,78.94207165293365,124.31197091887482,-20.226249664735786
2022-11-23,Hawkish Policy,Hawkish Policy,179773.91928075525,225725.47174536838,79.77391928075525,125.72547174536837,-20.357273864266944
2022-11-25,Hawkish Policy,Hawkish Policy,180044.14733923972,225674.96976679284,80.04414733923973,125.67496976679284,-20.219709112936602
2022-11-28,Hawkish Policy,Hawkish Policy,178822.6151220449,222073.89067386062,78.8226151220449,122.07389067386063,-19.476074121353992
2022-11-29,Hawkish Policy,Hawkish Policy,178458.61784965364,221692.46924799815,78.45861784965365,121.69246924799815,-19.501723060326682
2022-11-30,Hawkish Policy,Hawkish Policy,181504.22404352998,228675.9286424753,81.50422404352997,128.67592864247533,-20.628189805100217
2022-12-01,Hawkish Policy,Hawkish Policy,181719.2004637147,228507.64238230514,81.71920046371469,128.50764238230514,-20.47565737005459
2022-12-02,Hawkish Policy,Hawkish Policy,181671.65927808158,228243.9873485656,81.67165927808158,128.24398734856558,-20.40462428452081
2022-12-05,Hawkish Policy,Hawkish Policy,179801.37010749386,224138.08525406625,79.80137010749387,124.13808525406624,-19.780982378035215
2022-12-06,Hawkish Policy,Hawkish Policy,179294.7661275417,220907.15721983297,79.29476612754169,120.90715721983298,-18.837049743427382
2022-12-07,Hawkish Policy,Hawkish Policy,179554.3130017661,220531.3709775523,79.5543130017661,120.53137097755227,-18.581056198103084
2022-12-08,Hawkish Policy,Hawkish Policy,180279.41406277553,222258.93936900253,80.27941406277552,122.25893936900252,-18.88766563244102
2022-12-09,Hawkish Policy,Hawkish Policy,179550.40193962402,220598.6532805713,79.55040193962401,120.59865328057131,-18.607661801425202
2022-12-12,Hawkish Policy,Hawkish Policy,181082.33219286232,223779.079336229,81.08233219286231,123.779079336229,-19.079865405655127
2022-12-13,Hawkish Policy,Hawkish Policy,181805.183317552,225473.10496826406,81.805183317552,125.47310496826407,-19.36724189648181
2022-12-14,Hawkish Policy,Hawkish Policy,181446.5121494745,224031.46400280506,81.44651214947449,124.03146400280507,-19.008469208948863
2022-12-15,Hawkish Policy,Hawkish Policy,179075.62959613075,218551.29269322415,79.07562959613075,118.55129269322417,-18.062424893777486
2022-12-16,Hawkish Policy,Hawkish Policy,178130.05382765288,215971.07630217462,78.13005382765287,115.97107630217462,-17.521338098800186
2022-12-19,Hawkish Policy,Hawkish Policy,177590.4863044152,214139.6774170465,77.59048630441518,114.1396774170465,-17.067921066048008
2022-12-20,Hawkish Policy,Hawkish Policy,177915.96051983026,214432.70696329794,77.91596051983025,114.43270696329795,-17.029466708041806
2022-12-21,Hawkish Policy,Hawkish Policy,179319.42845838517,217639.0190844884,79.31942845838518,117.6390190844884,-17.60694878487179
2022-12-22,Hawkish Policy,Hawkish Policy,178321.31934414234,214534.17604671296,78.32131934414232,114.53417604671294,-16.879761243581815
2022-12-23,Hawkish Policy,Hawkish Policy,179071.36625992754,215768.17391428794,79.07136625992754,115.76817391428796,-17.007516441668493
2022-12-27,Hawkish Policy,Hawkish Policy,179482.4210904227,214917.29697238578,79.48242109042269,114.91729697238577,-16.487679856924697
2022-12-28,Hawkish Policy,Hawkish Policy,178162.87204431035,212246.3451809341,78.16287204431036,112.24634518093409,-16.058449961797237
2022-12-29,Hawkish Policy,Hawkish Policy,179310.85366360223,216066.83864412113,79.31085366360224,116.06683864412113,-17.011395738084023
2022-12-30,Hawkish Policy,Hawkish Policy,178719.87090553707,215497.72088130692,78.71987090553706,115.49772088130692,-17.066468186003025
2023-01-03,Hawkish Policy,Hawkish Policy,178509.98070411241,214590.49210358717,78.50998070411241,114.59049210358718,-16.813657979803676
2023-01-04,Hawkish Policy,Hawkish Policy,179414.22746971736,216247.1645187374,79.41422746971736,116.24716451873742,-17.03279538068975
2023-01-05,Hawkish Policy,Hawkish Policy,177622.38088486783,213779.06144675735,77.62238088486784,113.77906144675735,-16.91310660510805
2023-01-06,Hawkish Policy,Hawkish Policy,180674.82354485753,218681.510157642,80.67482354485753,118.68151015764204,-17.379926901632615
2023-01-09,Hawkish Policy,Hawkish Policy,180494.4092423485,218557.46456095658,80.49440924234852,118.55746456095657,-17.41558239388896
2023-01-10,Hawkish Policy,Hawkish Policy,180731.7319443624,220090.23449519486,80.73173194436241,120.09023449519485,-17.882893641831142
2023-01-11,Hawkish Policy,Hawkish Policy,181485.2571953601,222873.90784775343,81.48525719536008,122.87390784775343,-18.570433413258137
2023-01-12,Hawkish Policy,Hawkish Policy,181419.1222729761,223685.33850458325,81.4191222729761,123.68533850458326,-18.89538961926248
2023-01-13,Hawkish Policy,Hawkish Policy,181767.1910248111,224553.103107759,81.7671910248111,124.553103107759,-19.05380575498693
2023-01-17,Hawkish Policy,Hawkish Policy,181458.27405873165,224141.75259576231,81.45827405873165,124.1417525957623,-19.043073431307523
2023-01-18,Hawkish Policy,Hawkish Policy,179097.34286739072,220603.00042219152,79.09734286739072,120.6030004221915,-18.81463872901411
2023-01-19,Hawkish Policy,Hawkish Policy,178370.786623573,218997.0625487488,78.370786623573,118.99706254874877,-18.55105975046236
2023-01-20,Hawkish Policy,Hawkish Policy,179398.40817660035,223076.73867775334,79.39840817660036,123.07673867775333,-19.579957444262597
2023-01-23,Hawkish Policy,Hawkish Policy,179950.03490802314,225753.3435422585,79.95003490802316,125.75334354225846,-20.289094245756534
2023-01-24,Hawkish Policy,Hawkish Policy,180325.2267672439,225511.06642718625,80.32522676724389,125.51106642718625,-20.03708304688989
2023-01-25,Hawkish Policy,Hawkish Policy,180161.56386300482,225595.59418091262,80.16156386300482,125.59559418091264,-20.13959114887356
2023-01-26,Hawkish Policy,Hawkish Policy,180241.03447644893,228074.94973058454,80.24103447644893,128.07494973058456,-20.972893038292817
2023-01-27,Hawkish Policy,Hawkish Policy,180129.25779707986,228598.9860247447,80.12925779707987,128.59898602474468,-21.202949790170212
2023-01-30,Hawkish Policy,Hawkish Policy,179517.24408193553,225730.82069740313,79.51724408193553,125.73082069740313,-20.472869620856017
2023-01-31,Hawkish Policy,Hawkish Policy,180894.12553258188,229049.83649022874,80.89412553258188,129.04983649022876,-21.02411933382943
2023-02-01,Hawkish Policy,Hawkish Policy,181968.3960324795,231484.0926817749,81.96839603247949,131.4840926817749,-21.390539658967178
2023-02-02,Hawkish Policy,Hawkish Policy,181747.50456828333,234853.82512683634,81.74750456828332,134.85382512683634,-22.612499723976033
2023-02-03,Hawkish Policy,Hawkish Policy,179986.73614757863,232357.5103580041,79.98673614757863,132.3575103580041,-22.53887732302492
2023-02-06,Hawkish Policy,Hawkish Policy,179935.48417609785,230937.49776381603,79.93548417609784,130.93749776381603,-22.084769291074103
2023-02-07,Hawkish Policy,Hawkish Policy,180248.80491219304,233957.8667162801,80.24880491219304,133.95786671628008,-22.956724028100272
2023-02-08,Hawkish Policy,Hawkish Policy,179160.99581678514,231399.54703857683,79.16099581678515,131.39954703857683,-22.57504471825217
2023-02-09,Hawkish Policy,Hawkish Policy,178048.1828635269,229393.4932413576,78.04818286352688,129.3934932413576,-22.38307183534951
2023-02-10,Hawkish Policy,Hawkish Policy,179063.59197399483,229928.8893500397,79.06359197399485,129.9288893500397,-22.122186350671424
2023-02-13,Hawkish Policy,Hawkish Policy,180075.23739346594,232627.98128045682,80.07523739346594,132.62798128045682,-22.590895384864808
2023-02-14,Hawkish Policy,Hawkish Policy,179433.55738858203,232520.94857134676,79.43355738858205,132.52094857134676,-22.831229404896124
2023-02-15,Hawkish Policy,Hawkish Policy,179655.8039509852,233276.02739235904,79.65580395098519,133.27602739235905,-22.985740987087034
2023-02-16,Hawkish Policy,Hawkish Policy,178682.83435010168,230064.06219811513,78.68283435010169,130.06406219811515,-22.33344371871845
2023-02-17,Hawkish Policy,Hawkish Policy,179520.18063758756,229489.34503066255,79.52018063758757,129.48934503066255,-21.774067282469478
2023-02-21,Hawkish Policy,Hawkish Policy,177820.1886989769,224885.56104961107,77.8201886989769,124.88556104961108,-20.92858791421085
2023-02-22,Hawkish Policy,Hawkish Policy,177525.52117193516,224575.64384208605,77.52552117193517,124.57564384208607,-20.950679185510847
2023-02-23,Hawkish Policy,Hawkish Policy,177533.86386522395,225770.24909300377,77.53386386522394,125.77024909300376,-21.36525313745361
2023-02-24,Hawkish Policy,Hawkish Policy,176716.05076544688,223358.51574631297,76.71605076544688,123.35851574631297,-20.88233118178573
2023-02-27,Hawkish Policy,Hawkish Policy,176732.0668941251,224119.1760824919,76.73206689412511,124.11917608249192,-21.143710242324353
2023-02-28,Hawkish Policy,Hawkish Policy,175912.743686863,223290.8577643885,75.91274368686298,123.29085776438848,-21.218116385005704
2023-03-01,Hawkish Policy,Hawkish Policy,175080.22675037835,222434.34563890458,75.08022675037836,122.43434563890459,-21.28903193996845
2023-03-02,Hawkish Policy,Hawkish Policy,176352.6264506028,224164.27544061767,76.35262645060281,124.16427544061767,-21.328844168427906
2023-03-03,Hawkish Policy,Hawkish Policy,177630.63195591138,227759.37945000606,77.63063195591138,127.75937945000608,-22.009520580511644
2023-03-06,Hawkish Policy,Hawkish Policy,177750.93789514442,227917.1645902953,77.75093789514442,127.91716459029527,-22.010727794604612
2023-03-07,Hawkish Policy,Hawkish Policy,175885.87468875726,224423.49388537856,75.88587468875727,124.42349388537855,-21.627690736073856
2023-03-08,Hawkish Policy,Hawkish Policy,176142.57904919342,224789.74503924948,76.14257904919342,124.78974503924948,-21.641185625065773
2023-03-09,Hawkish Policy,Hawkish Policy,175161.19263757375,220642.44670726382,75.16119263757375,120.6424467072638,-20.613102668332928
2023-03-10,Hawkish Policy,Hawkish Policy,174642.71549286082,217458.69320987212,74.64271549286082,117.4586932098721,-19.689246304671325
2023-03-13,Hawkish Policy,Hawkish Policy,175952.66037606003,217148.7402234037,75.95266037606004,117.1487402234037,-18.971364883333397
2023-03-14,Hawkish Policy,Hawkish Policy,176944.54832663748,220738.24482815372,76.94454832663749,120.73824482815371,-19.83965059412788
2023-03-15,Hawkish Policy,Hawkish Policy,177618.02065781882,219357.69640850966,77.61802065781882,119.35769640850964,-19.028133698559213
2023-03-16,Hawkish Policy,Hawkish Policy,178317.52334192675,223206.33001066212,78.31752334192674,123.2063300106621,-20.110902171363655
2023-03-17,Hawkish Policy,Hawkish Policy,178076.21072218797,220596.47076502535,78.07621072218798,120.59647076502537,-19.27513159905856
2023-03-20,Hawkish Policy,Hawkish Policy,179160.61703523458,222717.6433125577,79.16061703523458,122.71764331255768,-19.557061411697862
2023-03-21,Hawkish Policy,Hawkish Policy,178562.90598824067,225641.9994704716,78.56290598824067,125.6419994704716,-20.864508200031217
2023-03-22,Hawkish Policy,Hawkish Policy,177529.53999094715,221795.60205228018,77.52953999094714,121.79560205228017,-19.958043194607143
2023-03-23,Hawkish Policy,Hawkish Policy,177576.40501395118,222395.22136432264,77.57640501395117,122.39522136432264,-20.1527784974077
2023-03-24,Hawkish Policy,Hawkish Policy,179057.55829339733,223854.5729067529,79.05755829339734,123.85457290675292,-20.01165936959254
2023-03-27,Hawkish Policy,Hawkish Policy,179059.74875548974,224273.16865478328,79.05974875548974,124.27316865478329,-20.159977303789354
2023-03-28,Hawkish Policy,Hawkish Policy,179220.0902745228,223769.74103200782,79.22009027452282,123.76974103200781,-19.908701932632024
2023-03-29,Hawkish Policy,Hawkish Policy,180238.01810772714,227022.2258796253,80.23801810772714,127.02222587962528,-20.607765425005
2023-03-30,Hawkish Policy,Hawkish Policy,180868.71284733393,228351.48518393954,80.86871284733392,128.35148518393953,-20.79372170422178
2023-03-31,Hawkish Policy,Hawkish Policy,181911.90951993113,231570.03370376464,81.91190951993113,131.57003370376464,-21.444106298899857
2023-04-03,Hawkish Policy,Hawkish Policy,182202.1168533014,232452.41400530958,82.2021168533014,132.45241400530955,-21.61745549816504
2023-04-04,Hawkish Policy,Hawkish Policy,182424.9049268986,231162.76199131284,82.4249049268986,131.16276199131283,-21.083783843284344
2023-04-05,Hawkish Policy,Hawkish Policy,183358.70487514217,230557.48960621693,83.35870487514217,130.55748960621693,-20.4715903229552
2023-04-06,Hawkish Policy,Hawkish Policy,183536.9154323887,231456.86490586557,83.53691543238868,131.45686490586556,-20.703619870149936
2023-04-10,Hawkish Policy,Hawkish Policy,183238.17722540043,231694.43708988384,83.23817722540043,131.69443708988382,-20.913864170888672
2023-04-11,Hawkish Policy,Hawkish Policy,183551.45213011495,231756.67456188682,83.55145213011494,131.75667456188683,-20.799928426181935
2023-04-12,Hawkish Policy,Hawkish Policy,183351.30935691178,230812.0746778106,83.35130935691177,130.81207467781059,-20.56251406567402
2023-04-13,Hawkish Policy,Hawkish Policy,184356.4563881179,233877.86499889084,84.35645638811789,133.87786499889086,-21.174046809007685
2023-04-14,Hawkish Policy,Hawkish Policy,183263.55335142172,233306.52894158728,83.26355335142172,133.3065289415873,-21.449453565311394
2023-04-17,Hawkish Policy,Hawkish Policy,183670.62380592444,234143.68465870465,83.67062380592442,134.14368465870464,-21.556447668597755
2023-04-18,Hawkish Policy,Hawkish Policy,183751.99204453043,234296.42496797783,83.75199204453043,134.29642496797786,-21.572857089200358
2023-04-19,Hawkish Policy,Hawkish Policy,183797.55855882788,234256.79978818863,83.79755855882787,134.25679978818863,-21.540139400429446
2023-04-20,Hawkish Policy,Hawkish Policy,183935.0569855278,232978.4718097705,83.93505698552781,132.9784718097705,-21.05062087637316
2023-04-21,Hawkish Policy,Hawkish Policy,184100.51413236858,233159.4953737826,84.10051413236859,133.1594953737826,-21.040953602497126
2023-04-24,Hawkish Policy,Hawkish Policy,184579.6608761036,233402.68485191095,84.57966087610357,133.40268485191095,-20.917935886977702
2023-04-25,Hawkish Policy,Hawkish Policy,184147.34186747976,229697.6858179424,84.14734186747977,129.69768581794239,-19.830562849712685
2023-04-26,Hawkish Policy,Hawkish Policy,182724.03275518893,228724.80267912726,82.72403275518894,128.72480267912727,-20.111841560301503
2023-04-27,Hawkish Policy,Hawkish Policy,184184.51165226556,233278.24568684836,84.18451165226554,133.27824568684835,-21.045140274454056
2023-04-28,Hawkish Policy,Hawkish Policy,184797.56024491362,235269.30810679297,84.79756024491363,135.26930810679295,-21.452754831484143
2023-05-01,Hawkish Policy,Hawkish Policy,184696.39979596113,235031.7717017181,84.69639979596113,135.03177170171813,-21.416411722257813
2023-05-02,Hawkish Policy,Hawkish Policy,184292.44433019432,232390.1765333066,84.29244433019431,132.3901765333066,-20.696973047920043
2023-05-03,Hawkish Policy,Hawkish Policy,183847.82063661705,230795.0617902352,83.84782063661704,130.7950617902352,-20.341527582720776
2023-05-04,Hawkish Policy,Hawkish Policy,183832.7460397095,229160.35764631798,83.83274603970952,129.16035764631798,-19.77986597340117
2023-05-05,Hawkish Policy,Hawkish Policy,184705.25997864542,233402.68485191095,84.70525997864542,133.40268485191095,-20.864123694276703
2023-05-08,Hawkish Policy,Hawkish Policy,184424.5480920617,233464.9402133856,84.4245480920617,133.46494021338557,-21.005463208523413
2023-05-09,Hawkish Policy,Hawkish Policy,184212.53349026374,232441.089969731,84.21253349026374,132.441089969731,-20.748722390584074
2023-05-10,Hawkish Policy,Hawkish Policy,184613.97215042557,233527.1419064452,84.61397215042557,133.52714190644522,-20.945389626536446
2023-05-11,Hawkish Policy,Hawkish Policy,184186.12693541805,233119.8701939934,84.18612693541805,133.11987019399342,-20.990807526554722
2023-05-12,Hawkish Policy,Hawkish Policy,184372.3359745312,232814.4253543904,84.3723359745312,132.8144253543904,-20.807168329935145
2023-05-15,Hawkish Policy,Hawkish Policy,184072.97666030878,233617.6626331871,84.07297666030877,133.61766263318714,-21.207594243706872
2023-05-16,Hawkish Policy,Hawkish Policy,182477.6044126885,232056.48421790806,82.47760441268849,132.05648421790806,-21.36500515049754
2023-05-17,Hawkish Policy,Hawkish Policy,182734.5977759445,234873.41409833482,82.73459777594452,134.8734140983348,-22.198687970943055
2023-05-18,Hawkish Policy,Hawkish Policy,182500.6708663543,237135.9671406184,82.50067086635431,137.1359671406184,-23.03964975581545
2023-05-19,Hawkish Policy,Hawkish Policy,182575.2020343681,236790.91501069788,82.5752020343681,136.7909150106979,-22.896027482253867
2023-05-22,Hawkish Policy,Hawkish Policy,181844.34189042053,236887.07092102154,81.84434189042054,136.88707092102152,-23.23585192581166
2023-05-23,Hawkish Policy,Hawkish Policy,181008.94101734785,234228.51653344973,81.00894101734785,134.22851653344972,-22.72121956102714
2023-05-24,Hawkish Policy,Hawkish Policy,180029.35734401242,232531.6106964729,80.02935734401242,132.5316106964729,-22.578544566567547
2023-05-25,Hawkish Policy,Hawkish Policy,179321.14137398134,234545.30329810298,79.32114137398133,134.545303298103,-23.54520049968031
2023-05-26,Hawkish Policy,Hawkish Policy,180007.32087054517,237582.828253916,80.00732087054516,137.58282825391598,-24.233867323877956
2023-05-30,Hawkish Policy,Hawkish Policy,179625.0934650581,237673.3310911862,79.6250934650581,137.6733310911862,-24.423538543269373
2023-05-31,Hawkish Policy,Hawkish Policy,179738.74884291686,236355.37793297885,79.73874884291685,136.35537793297888,-23.954026172451325
2023-06-01,Hawkish Policy,Hawkish Policy,180124.21349604396,238600.97175610208,80.12421349604395,138.6009717561021,-24.508181098203185
2023-06-02,Hawkish Policy,Hawkish Policy,181245.77767249732,242051.47516583538,81.24577767249733,142.05147516583537,-25.12097786294365
2023-06-05,Hawkish Policy,Hawkish Policy,181226.2297389268,241587.60116496237,81.22622973892682,141.5876011649624,-24.985293589143776
2023-06-06,Hawkish Policy,Hawkish Policy,181066.6481017805,242113.6589694233,81.0666481017805,142.1136589694233,-25.214195319460465
2023-06-07,Hawkish Policy,Hawkish Policy,181119.67772552837,241276.50325230593,81.11967772552838,141.27650325230593,-24.932732659786105
2023-06-08,Hawkish Policy,Hawkish Policy,182010.41125142432,242735.8547947362,82.01041125142432,142.7358547947362,-25.017088470371597
2023-06-09,Hawkish Policy,Hawkish Policy,181709.60791215135,243171.37398298352,81.70960791215134,143.17137398298354,-25.2750827797408
2023-06-12,Hawkish Policy,Hawkish Policy,182037.92653894756,245377.3962947326,82.03792653894757,145.3773962947326,-25.81308250565405
2023-06-13,Hawkish Policy,Hawkish Policy,182229.73066498706,246995.19488790454,82.22973066498707,146.99519488790455,-26.221345825092037
2023-06-14,Hawkish Policy,Hawkish Policy,182433.5349266169,247289.31569192896,82.43353492661691,147.28931569192895,-26.22668132015411
2023-06-15,Hawkish Policy,Hawkish Policy,183926.16884418434,250355.1060130092,83.92616884418433,150.3551060130092,-26.533885498374065
2023-06-16,Hawkish Policy,Hawkish Policy,183896.89126730216,249502.36856605147,83.89689126730215,149.50236856605147,-26.294530859886965
2023-06-20,Hawkish Policy,Hawkish Policy,182828.09562104882,248207.90428417065,82.82809562104883,148.20790428417064,-26.34074400316807
2023-06-21,Hawkish Policy,Hawkish Policy,183033.08276910073,246936.14174186205,83.03308276910073,146.93614174186206,-25.87837427198617
2023-06-22,Hawkish Policy,Hawkish Policy,182906.23898320604,247827.52044766612,82.90623898320604,147.82752044766613,-26.19615503039725
2023-06-23,Hawkish Policy,Hawkish Policy,181999.21921707777,245953.95607776908,81.99921921707778,145.95395607776908,-26.002727453779695
2023-06-26,Hawkish Policy,Hawkish Policy,182324.1779846471,244949.0686741039,82.32417798464711,144.9490686741039,-25.566494711917855
2023-06-27,Hawkish Policy,Hawkish Policy,182779.67345826345,247634.4751586796,82.77967345826345,147.6344751586796,-26.189730512626873
2023-06-28,Hawkish Policy,Hawkish Policy,182080.87377994615,247759.39733947776,82.08087377994615,147.75939733947774,-26.508993912969313
2023-06-29,Hawkish Policy,Hawkish Policy,182216.764988707,248735.85837263052,82.216764988707,148.7358583726305,-26.742864426194412
2023-06-30,Hawkish Policy,Hawkish Policy,183479.547737908,251671.1807766893,83.479547737908,151.67118077668928,-27.09552711928844
2023-07-03,Hawkish Policy,Hawkish Policy,183777.4489615937,251960.72187596155,83.77744896159372,151.96072187596155,-27.06107222058761
2023-07-05,Hawkish Policy,Hawkish Policy,183775.8945909276,251585.99111251044,83.7758945909276,151.58599111251044,-26.95304942128429
2023-07-06,Hawkish Policy,Hawkish Policy,182909.18607359182,249615.9309323277,82.90918607359181,149.61593093232767,-26.723753011109075
2023-07-07,Hawkish Policy,Hawkish Policy,182218.60353937728,248985.70273422683,82.21860353937727,148.98570273422683,-26.815635782155056
2023-07-10,Hawkish Policy,Hawkish Policy,182413.99319277992,249615.9309323277,82.41399319277991,149.61593093232767,-26.922134932872776
2023-07-11,Hawkish Policy,Hawkish Policy,183139.4640693233,251205.6251654776,83.13946406932328,151.20562516547758,-27.095794949383333
2023-07-12,Hawkish Policy,Hawkish Policy,184285.28118130143,253226.79556627333,84.28528118130143,153.22679556627335,-27.225205069946423
2023-07-13,Hawkish Policy,Hawkish Policy,184899.93459660723,255236.6061525471,84.89993459660722,155.2366061525471,-27.55743880793564
2023-07-14,Hawkish Policy,Hawkish Policy,184750.41065831066,255077.65819659812,84.75041065831066,155.07765819659812,-27.570916259582233
2023-07-17,Hawkish Policy,Hawkish Policy,184518.6430791887,255963.31227146197,84.5186430791887,155.96331227146197,-27.912074022742207
2023-07-18,Hawkish Policy,Hawkish Policy,184754.99847263267,257865.28512239974,84.75499847263266,157.86528512239974,-28.352124488204822
2023-07-19,Hawkish Policy,Hawkish Policy,185529.4230029143,258438.7321373625,85.52942300291429,158.4387321373625,-28.211448234352222
2023-07-20,Hawkish Policy,Hawkish Policy,186193.4830054333,256724.13361288613,86.19348300543332,156.72413361288613,-27.473323062726095
2023-07-21,Hawkish Policy,Hawkish Policy,186780.4678359672,256724.13361288613,86.7804678359672,156.72413361288613,-27.24467886700004
2023-07-24,Hawkish Policy,Hawkish Policy,186916.57368351074,257870.95608492487,86.91657368351073,157.87095608492487,-27.515461019210964
2023-07-25,Hawkish Policy,Hawkish Policy,187178.11129388996,258574.96046426755,87.17811129388997,158.57496046426752,-27.611663960882215
2023-07-26,Hawkish Policy,Hawkish Policy,187321.81961851666,258614.72875983024,87.32181961851666,158.61472875983026,-27.56722692601229
2023-07-27,Hawkish Policy,Hawkish Policy,185771.0458695622,256900.11234588217,85.77104586956219,156.90011234588215,-27.687440782647087
2023-07-28,Hawkish Policy,Hawkish Policy,186610.87388532687,259415.22894945866,86.61087388532687,159.41522894945868,-28.064796102743884
2023-07-31,Hawkish Policy,Hawkish Policy,186571.2030205002,259909.1751522394,86.57120302050019,159.90917515223936,-28.21676921900974
2023-08-01,Hawkish Policy,Hawkish Policy,185734.90617613573,259165.45614574908,85.73490617613572,159.1654561457491,-28.333463518501322
2023-08-02,Hawkish Policy,Hawkish Policy,185319.6293520981,255560.2445848569,85.31962935209809,155.56024458485692,-27.48495383030357
2023-08-03,Hawkish Policy,Hawkish Policy,184455.11908938555,254827.83172447348,84.45511908938555,154.82783172447347,-27.615787553055327
2023-08-04,Hawkish Policy,Hawkish Policy,183616.9589951674,253675.32040043792,83.6169589951674,153.67532040043793,-27.61733435269944
2023-08-07,Hawkish Policy,Hawkish Policy,184290.740277786,255889.53609022015,84.290740277786,155.88953609022016,-27.98035312674537
2023-08-08,Hawkish Policy,Hawkish Policy,183794.53296985527,254776.73939333222,83.79453296985527,154.77673939333224,-27.86055218090079
2023-08-09,Hawkish Policy,Hawkish Policy,183573.31078975328,253073.5006833778,83.57331078975328,153.0735006833778,-27.462452491450982
2023-08-10,Hawkish Policy,Hawkish Policy,183380.01165629816,253164.3434206101,83.38001165629817,153.16434342061007,-27.56483429752643
2023-08-11,Hawkish Policy,Hawkish Policy,183590.27120244325,253016.701610768,83.59027120244325,153.01670161076802,-27.439465444904876
2023-08-14,Hawkish Policy,Hawkish Policy,183275.81040292582,254413.38633387478,83.27581040292583,154.41338633387477,-27.961412312476686
2023-08-15,Hawkish Policy,Hawkish Policy,181905.2289556201,251449.72700666203,81.90522895562012,151.44972700666202,-27.65741640642122
2023-08-16,Hawkish Policy,Hawkish Policy,181543.54686714616,249604.53533886236,81.54354686714615,149.60453533886238,-27.267528764778582
2023-08-17,Hawkish Policy,Hawkish Policy,180846.9159974465,247702.58037739628,80.84691599744649,147.7025803773963,-26.990297912153128
2023-08-18,Hawkish Policy,Hawkish Policy,181194.4092469272,247821.849485141,81.19440924692718,147.821849485141,-26.8852162860679
2023-08-21,Hawkish Policy,Hawkish Policy,180899.93009879286,249434.22756839142,80.89993009879286,149.4342275683914,-27.475899413526715
2023-08-22,Hawkish Policy,Hawkish Policy,180656.47920365838,248758.6137806178,80.65647920365836,148.7586137806178,-27.37679453263847
2023-08-23,Hawkish Policy,Hawkish Policy,181668.50034917993,251529.22781884403,81.66850034917994,151.52922781884405,-27.774397462858303
2023-08-24,Hawkish Policy,Hawkish Policy,180684.5026336274,248043.2495867532,80.68450263362739,148.04324958675318,-27.156049223410562
2023-08-25,Hawkish Policy,Hawkish Policy,181368.33345575756,249791.94544426713,81.36833345575755,149.7919454442671,-27.392241117628846
2023-08-28,Hawkish Policy,Hawkish Policy,181852.4423920846,251375.9329359485,81.8524423920846,151.37593293594853,-27.65717852614743
2023-08-29,Hawkish Policy,Hawkish Policy,182910.22772326748,255009.53508840976,82.91022772326748,155.00953508840976,-28.27318097738817
2023-08-30,Hawkish Policy,Hawkish Policy,183049.13173705075,256059.8617501628,83.04913173705076,156.05986175016278,-28.51314904026172
2023-08-31,Hawkish Policy,Hawkish Policy,182485.29404142246,255685.11309723998,82.48529404142246,155.68511309724,-28.628893629790163
2023-09-01,Hawkish Policy,Hawkish Policy,182133.07856529663,256162.064301917,82.13307856529664,156.16206430191698,-28.899277470440953
2023-09-05,Hawkish Policy,Hawkish Policy,180912.34787024284,255054.9385675542,80.91234787024284,155.0549385675542,-29.069262925749562
2023-09-06,Hawkish Policy,Hawkish Policy,180559.26388736823,253340.35793254952,80.55926388736823,153.34035793254955,-28.728582622654564
2023-09-07,Hawkish Policy,Hawkish Policy,180977.89036306512,252562.52370354996,80.97789036306511,152.56252370354994,-28.34333150095881
2023-09-08,Hawkish Policy,Hawkish Policy,181295.71411461875,252942.88965058283,81.29571411461876,152.94288965058286,-28.325435688244895
2023-09-11,Hawkish Policy,Hawkish Policy,181981.92860414382,254606.4137333896,81.98192860414382,154.60641373338962,-28.52421667794053
2023-09-12,Hawkish Policy,Hawkish Policy,181373.3532429218,253209.72901028284,81.37335324292178,153.2097290102828,-28.37030632596419
2023-09-13,Hawkish Policy,Hawkish Policy,181836.041204906,253504.9947404953,81.83604120490602,153.5049947404953,-28.27121951145556
2023-09-14,Hawkish Policy,Hawkish Policy,182978.91457026068,255690.78405976514,82.97891457026067,155.69078405976512,-28.437422864841622
2023-09-15,Hawkish Policy,Hawkish Policy,182174.18574430095,252610.16336665544,82.17418574430096,152.61016336665546,-27.883271473966374
2023-09-18,Hawkish Policy,Hawkish Policy,182309.22628950665,252758.2881922331,82.30922628950665,152.7582881922331,-27.872107540602997
2023-09-19,Hawkish Policy,Hawkish Policy,181927.72607507397,252234.1266717711,81.92772607507396,152.2341266717711,-27.873468798369984
2023-09-20,Hawkish Policy,Hawkish Policy,181663.90604654406,249915.23968314167,81.66390604654406,149.91523968314166,-27.309792601335946
2023-09-21,Hawkish Policy,Hawkish Policy,180162.72946233716,245784.57855982595,80.16272946233715,145.78457855982597,-26.698928582907776
2023-09-22,Hawkish Policy,Hawkish Policy,179954.0051546953,245231.9191109648,79.95400515469531,145.23191911096484,-26.618848881059385
2023-09-25,Hawkish Policy,Hawkish Policy,179826.7910836442,246263.1577064266,79.82679108364421,146.26315770642663,-26.97779369091906
2023-09-26,Hawkish Policy,Hawkish Policy,177979.60955127294,242645.24462063584,77.97960955127294,142.64524462063582,-26.650279163914593
2023-09-27,Hawkish Policy,Hawkish Policy,176925.27123253737,242742.11610982704,76.92527123253737,142.74211610982707,-27.113895986434954
2023-09-28,Hawkish Policy,Hawkish Policy,176698.8160804971,244149.37351070147,76.69881608049711,144.14937351070148,-27.626758348920312
2023-09-29,Hawkish Policy,Hawkish Policy,176297.98441605046,243556.8384294475,76.29798441605047,143.55683842944748,-27.61525993156636
2023-10-02,Hawkish Policy,Hawkish Policy,174422.31275583725,243459.9669402563,74.42231275583725,143.45996694025632,-28.356881442179983
2023-10-03,Hawkish Policy,Hawkish Policy,173908.09274198298,240201.00610388772,73.90809274198298,140.20100610388772,-27.598932426300017
2023-10-04,Hawkish Policy,Hawkish Policy,174500.22169442414,241950.14919819386,74.50022169442414,141.95014919819386,-27.877613519683354
2023-10-05,Hawkish Policy,Hawkish Policy,173588.7909686857,241858.98445047118,73.58879096868569,141.85898445047118,-28.22727203494321
2023-10-06,Hawkish Policy,Hawkish Policy,174248.27521061152,244730.5129984901,74.24827521061152,144.7305129984901,-28.799938726199393
2023-10-09,Hawkish Policy,Hawkish Policy,175275.2321512384,246297.3444868226,75.27523215123838,146.29734448682262,-28.83592288969402
2023-10-10,Hawkish Policy,Hawkish Policy,176149.30246152164,247579.28613852174,76.14930246152166,147.57928613852175,-28.85135698995218
2023-10-11,Hawkish Policy,Hawkish Policy,176535.08318702132,248593.42239904968,76.53508318702131,148.59342239904967,-28.986422294133806
2023-10-12,Hawkish Policy,Hawkish Policy,175377.37950718685,247077.89791551873,75.37737950718686,147.07789791551872,-29.019397936130986
2023-10-13,Hawkish Policy,Hawkish Policy,176511.9357634587,245847.22748967775,76.5119357634587,145.84722748967772,-28.202592493799916
2023-10-16,Hawkish Policy,Hawkish Policy,177454.38271763673,248433.91986947838,77.45438271763673,148.43391986947842,-28.570791455986654
2023-10-17,Hawkish Policy,Hawkish Policy,177499.25241992497,248422.50638654138,77.49925241992497,148.4225063865414,-28.54944787339879
2023-10-18,Hawkish Policy,Hawkish Policy,177179.44748826954,245112.23854537125,77.17944748826953,145.11223854537124,-27.71497313241137
2023-10-19,Hawkish Policy,Hawkish Policy,176562.74895063112,242958.59660672498,76.56274895063113,142.95859660672497,-27.32805036883229
2023-10-20,Hawkish Policy,Hawkish Policy,175804.76183428173,239973.1300135244,75.80476183428173,139.97313001352444,-26.739813818166336
2023-10-23,Hawkish Policy,Hawkish Policy,175318.25705056693,239557.21768624728,75.31825705056694,139.55721768624727,-26.815706600756805
2023-10-24,Hawkish Policy,Hawkish Policy,176569.7852565475,241363.3029689367,76.56978525654749,141.3633029689367,-26.844809014205484
2023-10-25,Hawkish Policy,Hawkish Policy,176537.01929755573,237899.20356072043,76.53701929755572,137.89920356072045,-25.79335422092023
2023-10-26,Hawkish Policy,Hawkish Policy,176206.72043659305,235050.4483101605,76.20672043659305,135.05044831016048,-25.034509951633986
2023-10-27,Hawkish Policy,Hawkish Policy,175145.88051923618,233985.0229343027,75.14588051923619,133.9850229343027,-25.146542149232822
2023-10-30,Hawkish Policy,Hawkish Policy,176257.47010484626,236782.48906953278,76.25747010484628,136.7824890695328,-25.561442149935733
2023-10-31,Hawkish Policy,Hawkish Policy,176807.1553648555,238269.5692930796,76.80715536485552,138.2695692930796,-25.79532674297289
2023-11-01,Hawkish Policy,Hawkish Policy,177435.3126938042,240810.64352007554,77.43531269380422,140.81064352007556,-26.317495730203444
2023-11-02,Hawkish Policy,Hawkish Policy,179273.9572850819,245425.62631040378,79.2739572850819,145.42562631040377,-26.95385564246502
2023-11-03,Hawkish Policy,Hawkish Policy,180025.93463465065,247664.7441447759,80.02593463465064,147.6647441447759,-27.31063306717004
2023-11-06,Hawkish Policy,Hawkish Policy,179844.19437210404,248234.4880390992,79.84419437210404,148.2344880390992,-27.550681699080858
2023-11-07,Hawkish Policy,Hawkish Policy,179729.72545119643,248940.97905500652,79.72972545119643,148.94097905500652,-27.802274204327382
2023-11-08,Hawkish Policy,Hawkish Policy,179212.16974437502,249123.2906609802,79.21216974437502,149.1232906609802,-28.062860253296762
2023-11-09,Hawkish Policy,Hawkish Policy,178381.67083053192,247180.42247776338,78.38167083053192,147.1804224777634,-27.83341453889645
2023-11-10,Hawkish Policy,Hawkish Policy,179223.2122783733,251037.6430263261,79.2232122783733,151.0376430263261,-28.607036730512036
2023-11-13,Hawkish Policy,Hawkish Policy,179076.7200196096,250798.3355635541,79.07672001960961,150.79833556355408,-28.597325170752462
2023-11-14,Hawkish Policy,Hawkish Policy,181679.88853380198,255664.05718906308,81.67988853380197,155.66405718906307,-28.938040594634685
2023-11-15,Hawkish Policy,Hawkish Policy,181875.10883807702,256205.3031549872,81.87510883807703,156.20530315498718,-29.0119655610506
2023-11-16,Hawkish Policy,Hawkish Policy,181887.04034699575,256518.67303054803,81.88704034699575,156.51867303054803,-29.094035066470436
2023-11-17,Hawkish Policy,Hawkish Policy,181933.91469917324,256837.73175810569,81.93391469917324,156.8377317581057,-29.1638679979771
2023-11-20,Happiness Zone,Happiness Zone,182064.62149623988,258814.73305330344,82.06462149623988,158.81473305330346,-29.654460026916908
2023-11-21,Happiness Zone,Happiness Zone,182421.25620351254,258250.69590044866,82.42125620351256,158.25069590044865,-29.36272424457168
2023-11-22,Happiness Zone,Happiness Zone,182932.2040388067,259247.72982604275,82.9322040388067,159.24772982604276,-29.437297614310598
2023-11-24,Happiness Zone,Happiness Zone,183281.56470279582,259407.3039135008,83.28156470279582,159.4073039135008,-29.346027680118468
2023-11-27,Happiness Zone,Happiness Zone,183292.52577842513,258940.08458142212,83.29252577842512,158.94008458142213,-29.21430991469769
2023-11-28,Happiness Zone,Happiness Zone,183883.26489852672,259196.47648965628,83.8832648985267,159.19647648965628,-29.05641797724634
2023-11-29,Happiness Zone,Happiness Zone,183429.41708068992,259014.16488368262,83.42941708068992,159.0141648836826,-29.181704343056335
2023-11-30,Happiness Zone,Happiness Zone,184102.47719578852,260034.0078856791,84.10247719578851,160.0340078856791,-29.20061545306527
2023-12-01,Happiness Zone,Happiness Zone,185393.9438928933,261572.3414456124,85.3939438928933,161.5723414456124,-29.123261707147485
2023-12-04,Happiness Zone,Happiness Zone,184703.81813031618,260199.27082513398,84.70381813031618,160.199270825134,-29.014475119553374
2023-12-05,Happiness Zone,Happiness Zone,184080.81656098284,260147.94593086076,84.08081656098285,160.14794593086074,-29.23995002062949
2023-12-06,Happiness Zone,Happiness Zone,184311.19411122188,259099.64077940848,84.31119411122188,159.09964077940847,-28.864743479849043
2023-12-07,Happiness Zone,Happiness Zone,184676.578561763,261076.6778535496,84.67657856176298,161.0766778535496,-29.26347152871429
2023-12-08,Happiness Zone,Happiness Zone,184157.05638014094,262199.0633072624,84.15705638014094,162.1990633072624,-29.764411032874893
2023-12-11,Happiness Zone,Happiness Zone,184825.57368794267,263218.88841978717,84.82557368794268,163.21888841978716,-29.78255671637863
2023-12-12,Happiness Zone,Happiness Zone,185018.23121090027,264421.0966961724,85.01823121090027,164.42109669617238,-30.028944920574297
2023-12-13,Happiness Zone,Happiness Zone,188088.64910636935,268067.4898208906,88.08864910636936,168.06748982089061,-29.83533764872388
2023-12-14,Happiness Zone,Happiness Zone,187436.43834257912,268927.83029331575,87.43643834257912,168.92783029331576,-30.302327528487893
2023-12-15,Happiness Zone,Happiness Zone,186581.55646228,268485.03009009134,86.58155646227999,168.48503009009136,-30.505787827473398
2023-12-18,Happiness Zone,Happiness Zone,187190.01221877034,269995.2771794743,87.19001221877033,169.9952771794743,-30.66915311472679
2023-12-19,Happiness Zone,Happiness Zone,187827.47070934626,271637.08344365173,87.82747070934627,171.6370834436517,-30.853524000411714
2023-12-20,Happiness Zone,Happiness Zone,185769.8201459247,267872.92392681056,85.7698201459247,167.87292392681056,-30.650019635175386
2023-12-21,Happiness Zone,Happiness Zone,186670.43482989003,270412.88900656183,86.67043482989003,170.41288900656184,-30.968366369045263
2023-12-22,Happiness Zone,Happiness Zone,187253.6092866501,270956.3353775036,87.25360928665012,170.95633537750362,-30.89159217267853
2023-12-26,Happiness Zone,Happiness Zone,187910.15270152755,272100.45653931744,87.91015270152755,172.10045653931743,-30.94089032725482
2023-12-27,Happiness Zone,Happiness Zone,188274.60866195077,272592.41701074084,88.27460866195077,172.59241701074086,-30.931824616921656
2023-12-28,Happiness Zone,Happiness Zone,188422.39754707954,272695.3888097776,88.42239754707954,172.69538880977763,-30.903709677864722
2023-12-29,Happiness Zone,Happiness Zone,188364.0606939424,271905.9622031242,88.36406069394238,171.90596220312418,-30.724556693160267
2024-01-02,Happiness Zone,Happiness Zone,188767.8260352273,270384.28374133253,88.7678260352273,170.38428374133252,-30.1853556637134
2024-01-03,Happiness Zone,Happiness Zone,186668.83003157313,268176.13258245256,86.66883003157312,168.17613258245254,-30.39319784575514
2024-01-04,Happiness Zone,Happiness Zone,186170.79564534765,267312.3036630482,86.17079564534764,167.31230366304823,-30.354572874423624
2024-01-05,Happiness Zone,Happiness Zone,186344.1164343927,267678.4653695607,86.3441164343927,167.6784653695607,-30.385092361791845
2024-01-08,Happiness Zone,Happiness Zone,189180.90215099536,271499.7996379171,89.18090215099537,171.49979963791705,-30.320058282439057
2024-01-09,Happiness Zone,Happiness Zone,188830.09182633302,271087.93033124146,88.83009182633302,171.08793033124147,-30.34360047103456
2024-01-10,Happiness Zone,Happiness Zone,189707.90340117476,272621.02227597014,89.70790340117476,172.62102227597015,-30.41332549580996
2024-01-11,Happiness Zone,Happiness Zone,189530.96782257312,272500.9123630561,89.53096782257313,172.5009123630561,-30.447584127696846
2024-01-12,Happiness Zone,Happiness Zone,189700.22948063436,272689.66417883744,89.70022948063436,172.68966417883743,-30.433656129986765
2024-01-16,Happiness Zone,Happiness Zone,189090.0448186729,271688.56934317015,89.09004481867291,171.68856934317014,-30.40191375153769
2024-01-17,Happiness Zone,Happiness Zone,187954.70781940734,270178.3222537872,87.95470781940733,170.1783222537872,-30.433090911396132
2024-01-18,Happiness Zone,Happiness Zone,189529.27123121804,272580.9856383321,89.52927123121803,172.5809856383321,-30.468638233376023
2024-01-19,Happiness Zone,Happiness Zone,192408.37192731767,275979.0371170758,92.40837192731767,175.97903711707582,-30.281526474891574
2024-01-22,Happiness Zone,Happiness Zone,193121.78977535001,276562.5380151273,93.12178977535001,176.5625380151273,-30.17066188306866
2024-01-23,Happiness Zone,Happiness Zone,193470.81717180798,277369.12062512967,93.47081717180798,177.36912062512968,-30.247888901343146
2024-01-24,Happiness Zone,Happiness Zone,193727.92492315284,277672.34717024333,93.72792492315283,177.6723471702433,-30.23146636766946
2024-01-25,Happiness Zone,Happiness Zone,194639.05710641117,279182.5584806829,94.63905710641116,179.1825584806829,-30.282515438772094
2024-01-26,Happiness Zone,Happiness Zone,194084.4506664532,278827.8818149942,94.0844506664532,178.8278818149942,-30.392739275898293
2024-01-29,Happiness Zone,Happiness Zone,195599.29518159069,281036.0150844025,95.59929518159069,181.0360150844025,-30.40063028119472
2024-01-30,Happiness Zone,Happiness Zone,195167.65213558386,280818.6758928635,95.16765213558386,180.81867589286347,-30.50047276412512
2024-01-31,Happiness Zone,Happiness Zone,192041.50783811303,276236.4666146679,92.04150783811302,176.2364666146679,-30.47930630172787
2024-02-01,Happiness Zone,Happiness Zone,194115.08920773352,279851.91095336573,94.11508920773353,179.85191095336575,-30.636496800595125
2024-02-02,Happiness Zone,Happiness Zone,195624.53662208404,282797.94915096567,95.62453662208404,182.79794915096565,-30.825334055851282
2024-02-05,Happiness Zone,Happiness Zone,194724.4801990265,281768.249050069,94.7244801990265,181.76824905006902,-30.891972088585185
2024-02-06,Happiness Zone,Happiness Zone,195078.62925427602,282586.33459036687,95.07862925427601,182.58633459036687,-30.966715167929394
2024-02-07,Happiness Zone,Happiness Zone,196529.06861978004,284943.21881686186,96.52906861978003,184.94321881686187,-31.028690756072063
2024-02-08,Happiness Zone,Happiness Zone,196884.14320839374,285069.0354712444,96.88414320839374,185.0690354712444,-30.934574187292295
2024-02-09,Happiness Zone,Happiness Zone,198268.77554218503,286716.6021453054,98.26877554218503,186.71660214530542,-30.848519388596763
2024-02-12,Happiness Zone,Happiness Zone,198193.24509018488,286590.7676014512,98.19324509018487,186.5907676014512,-30.844511583917022
2024-02-13,Happiness Zone,Happiness Zone,195054.12482038236,282643.5093418821,95.05412482038236,182.64350934188207,-30.98934934874188
2024-02-14,Happiness Zone,Happiness Zone,196983.81272343363,285212.07968686265,96.98381272343364,185.21207968686264,-30.934267251336532
2024-02-15,Happiness Zone,Happiness Zone,198670.0111430985,287179.97524097114,98.6700111430985,187.17997524097112,-30.8203815477052
2024-02-16,Happiness Zone,Happiness Zone,197295.11448522075,285749.8372058076,97.29511448522075,185.7498372058076,-30.955301177259642
2024-02-20,Happiness Zone,Happiness Zone,196130.3027253001,284176.63706555415,96.1303027253001,184.17663706555416,-30.982960193150376
2024-02-21,Happiness Zone,Happiness Zone,196001.82649827105,284434.06656314625,96.00182649827104,184.43406656314622,-31.09059373000338
2024-02-22,Happiness Zone,Happiness Zone,199805.32210057986,290320.5793326511,99.80532210057986,190.3205793326511,-31.177692411655844
2024-02-23,Happiness Zone,Happiness Zone,199810.49788648685,290520.7804103129,99.81049788648684,190.52078041031288,-31.223337069283875
2024-02-26,Happiness Zone,Happiness Zone,199292.9712294844,289456.76830271847,99.2929712294844,189.45676830271844,-31.14931379975173
2024-02-27,Happiness Zone,Happiness Zone,199785.77056723216,289994.5079321917,99.78577056723216,189.99450793219174,-31.107050270777094
2024-02-28,Happiness Zone,Happiness Zone,199547.50300433146,289611.2438907454,99.54750300433146,189.61124389074538,-31.098150636855138
2024-02-29,Happiness Zone,Happiness Zone,200637.66075674925,290652.357474579,100.63766075674923,190.652357474579,-30.969883574986177
2024-03-01,Happiness Zone,Happiness Zone,202647.32843963546,293381.09225958335,102.64732843963546,193.38109225958337,-30.926929585382666
2024-03-04,Happiness Zone,Happiness Zone,202632.61294673712,293066.4701210044,102.63261294673711,193.0664701210044,-30.857797255662845
2024-03-05,Happiness Zone,Happiness Zone,200250.74974841045,290137.51636886655,100.25074974841046,190.13751636886656,-30.980745870237094
2024-03-06,Happiness Zone,Happiness Zone,201365.54412751034,291607.6910416681,101.36554412751036,191.6076910416681,-30.9464220891427
2024-03-07,Happiness Zone,Happiness Zone,203115.1344641954,294502.3327871081,103.1151344641954,194.5023327871081,-31.031060928463106
2024-03-08,Happiness Zone,Happiness Zone,201932.98862439318,292734.6562001331,101.93298862439319,192.7346562001331,-31.01842083011237
2024-03-11,Happiness Zone,Happiness Zone,201517.3487434471,292482.9334440095,101.51734874344709,192.48293344400952,-31.10115986236718
2024-03-12,Happiness Zone,Happiness Zone,203414.10258910593,295629.29794557305,103.41410258910591,195.62929794557306,-31.192847257461075
2024-03-13,Happiness Zone,Happiness Zone,202856.78523256528,295165.9248499073,102.8567852325653,195.16592484990727,-31.27364368508373
2024-03-14,Happiness Zone,Happiness Zone,201910.69264986357,294582.40606238414,101.91069264986359,194.58240606238414,-31.458672176401237
2024-03-15,Happiness Zone,Happiness Zone,200504.31274048108,292559.6434986082,100.50431274048108,192.55964349860818,-31.46549184203017
2024-03-18,Happiness Zone,Happiness Zone,201585.39033707968,294298.3749203918,101.58539033707967,194.29837492039184,-31.503056925948425
2024-03-19,Happiness Zone,Happiness Zone,202348.91434906717,295933.84831159166,102.34891434906719,195.93384831159165,-31.623599157872604
2024-03-20,Happiness Zone,Happiness Zone,204445.23518757825,298670.9911482894,104.44523518757825,198.67099114828937,-31.54834542130953
2024-03-21,Happiness Zone,Happiness Zone,205413.76512623925,299658.0427486815,105.41376512623924,199.6580427486815,-31.45060841950551
2024-03-22,Happiness Zone,Happiness Zone,204633.26503895925,299089.90890681016,104.63326503895925,199.08990890681017,-31.581354320209286
2024-03-25,Happiness Zone,Happiness Zone,203919.9237583549,298263.5763200641,103.91992375835493,198.26357632006406,-31.630966719338804
2024-03-26,Happiness Zone,Happiness Zone,203563.63284667803,297712.70581837173,103.56363284667802,197.71270581837172,-31.624136669911586
2024-03-27,Happiness Zone,Happiness Zone,205415.7971844668,300214.5663234273,105.41579718446678,200.21456632342728,-31.577005173303906
2024-03-28,Happiness Zone,Happiness Zone,205597.06631793603,300157.2842350819,105.59706631793601,200.15728423508193,-31.503555930059235
2024-04-01,Happiness Zone,Happiness Zone,204883.94143209225,299635.09055650566,104.88394143209226,199.63509055650567,-31.622180482410855
2024-04-02,Happiness Zone,Happiness Zone,203244.78313125396,297729.9691585508,103.24478313125395,197.7299691585508,-31.735194913139708
2024-04-03,Happiness Zone,Happiness Zone,203553.00429449783,298057.0423694247,103.55300429449782,198.0570423694247,-31.706695243185866
2024-04-04,Happiness Zone,Happiness Zone,201128.19747225373,294418.8962911547,101.12819747225372,194.41889629115474,-31.68638290344129
2024-04-05,Happiness Zone,Happiness Zone,203004.2074199931,297494.6868269086,103.0042074199931,197.4946868269086,-31.76207293473209
2024-04-08,Happiness Zone,Happiness Zone,203434.17502021274,297661.09469255153,103.43417502021275,197.66109469255153,-31.655772740358955
2024-04-09,Happiness Zone,Happiness Zone,203930.95694109492,298005.35968571773,103.93095694109493,198.00535968571774,-31.568023757638286
2024-04-10,Happiness Zone,Happiness Zone,201041.91340701684,295021.43158708233,101.04191340701685,195.0214315870823,-31.855149530831728
2024-04-11,Happiness Zone,Happiness Zone,202628.7845256853,297247.90156497096,102.62878452568529,197.24790156497093,-31.831719094105793
2024-04-12,Happiness Zone,Happiness Zone,199826.2214807843,293144.98701224354,99.82622148078431,193.14498701224352,-31.83365558543959
2024-04-15,Happiness Zone,Happiness Zone,197233.03843357004,289472.4037009739,97.23303843357003,189.4724037009739,-31.86464895724135
2024-04-16,Happiness Zone,Happiness Zone,196646.57022056286,288944.4675019857,96.64657022056286,188.9444675019857,-31.943126677373932
2024-04-17,Happiness Zone,Happiness Zone,195235.7632513043,287234.4486822615,95.23576325130432,187.2344486822615,-32.02912667788189
2024-04-18,Happiness Zone,Happiness Zone,194708.8416574944,286643.38053768594,94.7088416574944,186.6433805376859,-32.0727932763494
2024-04-19,Happiness Zone,Happiness Zone,193298.3753748552,284141.48425368697,93.29837537485521,184.14148425368694,-31.97108268700578
2024-04-22,Happiness Zone,Happiness Zone,195120.0147216086,286758.14149856527,95.1200147216086,186.75814149856524,-31.95659111823863
2024-04-23,Happiness Zone,Happiness Zone,197349.63620709864,290161.0052451931,97.34963620709864,190.1610052451931,-31.98616194469914
2024-04-24,Happiness Zone,Happiness Zone,197560.6965035704,290023.3099816096,97.5606965035704,190.0233099816096,-31.88109724142596
2024-04-25,Happiness Zone,Happiness Zone,196708.62462824973,288921.53319928155,96.70862462824974,188.92153319928155,-31.916246445857198
2024-04-26,Happiness Zone,Happiness Zone,198302.4740360834,291658.71181492263,98.30247403608341,191.6587118149226,-32.008725951611595
2024-04-29,Happiness Zone,Happiness Zone,199033.12235415177,292691.63202072313,99.03312235415176,192.69163202072312,-31.999039063727032
2024-04-30,Happiness Zone,Happiness Zone,195882.8172275258,288055.02085912396,95.8828172275258,188.05502085912397,-31.99812430163328
2024-05-01,Happiness Zone,Happiness Zone,195167.07100500521,287119.6877213822,95.16707100500521,187.11968772138218,-32.0258835073709
2024-05-02,Happiness Zone,Happiness Zone,197134.60539713132,289805.2373217314,97.13460539713132,189.80523732173143,-31.976865836182412
2024-05-03,Happiness Zone,Happiness Zone,199693.7158125532,293397.461126178,99.6937158125532,193.397461126178,-31.93747653914658
2024-05-06,Happiness Zone,Happiness Zone,201626.36826120963,296427.2936091651,101.6263682612096,196.4272936091651,-31.981172918897638
2024-05-07,Happiness Zone,Happiness Zone,201946.9728483328,296754.4204884541,101.94697284833283,196.75442048845412,-31.948116386630197
2024-05-08,Happiness Zone,Happiness Zone,201865.017567024,296783.0973115702,101.86501756702401,196.7830973115702,-31.98230647377429
2024-05-09,Happiness Zone,Happiness Zone,203053.66903025,298493.15191023774,103.05366903024998,198.49315191023774,-31.97375962202581
2024-05-10,Happiness Zone,Happiness Zone,203312.818242269,298877.6324357589,103.31281824226899,198.8776324357589,-31.97456210244529
2024-05-13,Happiness Zone,Happiness Zone,203495.27634331965,298917.74063128367,103.49527634331963,198.9177406312837,-31.922650052968258
2024-05-14,Happiness Zone,Happiness Zone,204697.90017613734,300289.2369782535,104.69790017613731,200.28923697825354,-31.833087913516778
2024-05-15,Happiness Zone,Happiness Zone,207359.4881500602,304007.7425633466,107.35948815006023,204.0077425633466,-31.79137925842386
2024-05-16,Happiness Zone,Happiness Zone,206963.58850326596,303382.25507524307,106.96358850326595,203.38225507524305,-31.78124790062752
2024-05-17,Happiness Zone,Happiness Zone,207214.25181654072,303818.32883711276,107.21425181654074,203.81832883711274,-31.796658677681265
2024-05-20,Happiness Zone,Happiness Zone,207369.72095984692,304168.4257980493,107.36972095984694,204.1684257980493,-31.824047674978363
2024-05-21,Happiness Zone,Happiness Zone,207840.99687145287,304914.3809885006,107.84099687145287,204.91438098850062,-31.836276072760473
2024-05-22,Happiness Zone,Happiness Zone,207251.32484156714,304036.4372759343,107.25132484156714,204.03643727593433,-31.833392504375368
2024-05-23,Happiness Zone,Happiness Zone,205360.36982803262,301815.7098184576,105.36036982803263,201.8157098184576,-31.958356325601123
2024-05-24,Happiness Zone,Happiness Zone,206750.27034130477,303812.6042061726,106.75027034130476,203.81260420617258,-31.948093173579984
2024-05-28,Happiness Zone,Happiness Zone,206600.748661539,304024.95223511057,106.60074866153901,204.02495223511056,-32.044805157384204
2024-05-29,Happiness Zone,Happiness Zone,205073.72361766882,301895.92620950716,105.07372361766882,201.89592620950717,-32.07138427056697
2024-05-30,Happiness Zone,Happiness Zone,204158.57352160147,299893.28930138034,104.15857352160147,199.89328930138032,-31.92292698606185
2024-05-31,Happiness Zone,Happiness Zone,205549.32548555007,302624.77906502463,105.54932548555004,202.62477906502463,-32.077827162532536
2024-06-03,Happiness Zone,Happiness Zone,205637.02749443118,302871.5106585472,105.63702749443121,202.8715106585472,-32.10420252228238
2024-06-04,Happiness Zone,Happiness Zone,205777.52293073875,303210.12257865997,105.77752293073877,203.21012257865996,-32.13368960749155
2024-06-05,Happiness Zone,Happiness Zone,208249.5730115184,306813.8135344587,108.24957301151841,206.8138135344587,-32.12509873251531
2024-06-06,Happiness Zone,Happiness Zone,208110.78550887894,306808.0173456317,108.11078550887893,206.80801734563175,-32.16905239003789
2024-06-07,Happiness Zone,Happiness Zone,207867.4006808378,306434.986081991,107.86740068083782,206.434986081991,-32.165904638179946
2024-06-10,Happiness Zone,Happiness Zone,208315.2992443101,307381.8758184433,108.31529924431011,207.38187581844332,-32.22915349525923
2024-06-11,Happiness Zone,Happiness Zone,208778.15795039115,308122.1779358412,108.77815795039116,208.12217793584122,-32.24176222918169
2024-06-12,Happiness Zone,Happiness Zone,210783.44302602368,310652.7510429562,110.78344302602368,210.6527510429562,-32.14821297466085
2024-06-13,Happiness Zone,Happiness Zone,211354.90499536542,311278.27431000303,111.3549049953654,211.27827431000304,-32.10097766576655
2024-06-14,Happiness Zone,Happiness Zone,211503.12100072167,311467.61647835013,111.50312100072166,211.46761647835012,-32.09466737116695
2024-06-17,Happiness Zone,Happiness Zone,213294.4705866249,313946.5963491166,113.29447058662493,213.9465963491166,-32.06026978249638
2024-06-18,Happiness Zone,Happiness Zone,213791.81626153633,314744.2163338032,113.79181626153634,214.7442163338032,-32.074425782363356
2024-06-20,Happiness Zone,Happiness Zone,212991.71133209614,313889.1711449977,112.99171133209613,213.88917114499768,-32.14429457532738
2024-06-21,Happiness Zone,Happiness Zone,212672.7562635883,313468.4107708931,112.6727562635883,213.46841077089312,-32.15496395934263
2024-06-24,Happiness Zone,Happiness Zone,211795.32747336267,312449.3906845943,111.79532747336269,212.4493906845943,-32.214517362537606
2024-06-25,Happiness Zone,Happiness Zone,212557.27739627362,313652.600771394,112.55727739627362,213.65260077139396,-32.23162286124443
2024-06-26,Happiness Zone,Happiness Zone,212445.77994381048,314044.0581908735,112.44577994381046,214.0440581908735,-32.35160022843431
2024-06-27,Happiness Zone,Happiness Zone,212960.05469437886,314539.13143037056,112.96005469437888,214.5391314303706,-32.294575328055245
2024-06-28,Happiness Zone,Happiness Zone,212711.6586733486,313301.39466321276,112.71165867334862,213.3013946632128,-32.10637989594471
2024-07-01,Happiness Zone,Happiness Zone,212923.34608772045,313946.23855968285,112.92334608772046,213.94623855968285,-32.17840511019768
2024-07-02,Happiness Zone,Happiness Zone,214528.8342532627,316058.98516605,114.5288342532627,216.05898516605004,-32.12379830285342
2024-07-03,Happiness Zone,Happiness Zone,215429.80211469586,317469.42689288495,115.42980211469586,217.46942689288494,-32.141559512317244
2024-07-05,Happiness Zone,Happiness Zone,216435.57253325067,319300.1280886173,116.43557253325065,219.30012808861727,-32.21563241177843
2024-07-08,Happiness Zone,Happiness Zone,216848.4092516502,319668.50808961905,116.84840925165022,219.66850808961905,-32.1646005896656
2024-07-09,Happiness Zone,Happiness Zone,217138.07043572835,319979.42710755864,117.13807043572837,219.97942710755862,-32.139990249204665
2024-07-10,Happiness Zone,Happiness Zone,219062.35657995107,323145.648922696,119.06235657995109,223.14564892269598,-32.20940547698481
2024-07-11,Happiness Zone,Happiness Zone,217983.9662953475,320359.3279283276,117.98396629534751,220.35932792832762,-31.956416657199394
2024-07-12,Happiness Zone,Happiness Zone,219317.03386308483,322380.0510923311,119.31703386308482,222.38005109233114,-31.969415253839195
2024-07-15,Happiness Zone,Happiness Zone,220531.0514801974,323266.5817513077,120.53105148019742,223.2665817513077,-31.780436355201658
2024-07-16,Happiness Zone,Happiness Zone,221919.66817554535,325183.65331635025,121.91966817554535,225.18365331635027,-31.7555892147955
2024-07-17,Happiness Zone,Happiness Zone,218819.50666914752,320624.16366719856,118.81950666914753,220.62416366719856,-31.752022627877242
2024-07-18,Happiness Zone,Happiness Zone,217225.55478172805,318160.1751737067,117.22555478172802,218.16017517370673,-31.724467192310023
2024-07-19,Happiness Zone,Happiness Zone,215555.89467075074,316047.42856733955,115.55589467075076,216.04742856733955,-31.796345995321808
2024-07-22,Happiness Zone,Happiness Zone,218096.56516773708,319305.8527195575,118.09656516773708,219.3058527195575,-31.69665907774992
2024-07-23,Happiness Zone,Happiness Zone,217890.50088410737,318805.05484912015,117.89050088410735,218.80505484912015,-31.65400059693918
2024-07-24,Happiness Zone,Happiness Zone,212591.53631626788,311580.1412552684,112.5915363162679,211.58014125526842,-31.76986971640856
2024-07-25,Happiness Zone,Happiness Zone,211673.67794759007,309956.67169957137,111.67367794759006,209.95667169957136,-31.70862340632018
2024-07-26,Happiness Zone,Happiness Zone,214262.465671099,313428.0521227647,114.26246567109901,213.42805212276468,-31.639027132397246
2024-07-29,Happiness Zone,Happiness Zone,214252.75728363558,313612.27790220897,114.2527572836356,213.61227790220897,-31.6822801974468
2024-07-30,Happiness Zone,Happiness Zone,213331.33898786758,312023.40658475674,113.33133898786758,212.02340658475674,-31.629700052672447
2024-07-31,Happiness Zone,Happiness Zone,216593.2612466534,317095.2507030562,116.59326124665337,217.09525070305622,-31.694574180336087
2024-08-01,Happiness Zone,Happiness Zone,213021.3451468185,312604.8501935641,113.0213451468185,212.6048501935641,-31.856033258947758
2024-08-02,Happiness Zone,Happiness Zone,208835.19873891844,306784.61791666364,108.83519873891845,206.78461791666365,-31.927747826115795
2024-08-05,Happiness Zone,Happiness Zone,202925.57170577697,297849.953845163,102.92557170577696,197.849953845163,-31.869866324952454
2024-08-06,Happiness Zone,Happiness Zone,205274.44531125829,300595.9340808747,105.27444531125826,200.5959340808747,-31.710837693490024
2024-08-07,Happiness Zone,Happiness Zone,203786.46769280836,298586.8032945251,103.78646769280837,198.58680329452508,-31.749673647902632
2024-08-08,Happiness Zone,Happiness Zone,208357.784911196,305489.3128296135,108.35778491119603,205.48931282961348,-31.795393108430137
2024-08-09,Happiness Zone,Happiness Zone,209201.65283639843,306836.46160561586,109.20165283639842,206.83646160561585,-31.81981967146713
2024-08-12,Happiness Zone,Happiness Zone,209057.47440324424,306997.60996658244,109.05747440324424,206.99760996658244,-31.90257265325266
2024-08-13,Happiness Zone,Happiness Zone,212572.58815438376,312046.41244534764,112.57258815438375,212.04641244534764,-31.877893904127454
2024-08-14,Happiness Zone,Happiness Zone,213295.87181705426,313030.8342934016,113.29587181705425,213.03083429340163,-31.8610665628123
2024-08-15,Happiness Zone,Happiness Zone,216835.19509229166,318396.31619998993,116.83519509229168,218.3963161999899,-31.897706078956666
2024-08-16,Happiness Zone,Happiness Zone,217347.72461858418,319110.1418992894,117.34772461858415,219.1101418992894,-31.889433746929065
2024-08-19,Happiness Zone,Happiness Zone,219519.45341160113,322161.29863252875,119.51945341160113,222.16129863252877,-31.860389704352844
2024-08-20,Happiness Zone,Happiness Zone,218957.39008621103,321637.3875646704,118.95739008621105,221.6373875646704,-31.924148574864887
2024-08-21,Happiness Zone,Happiness Zone,219771.8535335827,322742.7422413361,119.77185353358269,222.7427422413361,-31.904943235177463
2024-08-22,Happiness Zone,Happiness Zone,218087.61424019752,320209.6646081848,118.08761424019751,220.20966460818477,-31.8922448805366
2024-08-23,Happiness Zone,Happiness Zone,220863.83290758933,323612.02744960535,120.86383290758933,223.61202744960536,-31.750425146981453
2024-08-26,Happiness Zone,Happiness Zone,220030.83305523798,322840.5976514701,120.03083305523799,222.84059765147012,-31.845364351364115
2024-08-27,Happiness Zone,Happiness Zone,220527.26165775713,323283.8987599018,120.52726165775711,223.28389875990183,-31.785262890083033
2024-08-28,Happiness Zone,Happiness Zone,219171.7698694678,321407.1142851009,119.17176986946778,221.4071142851009,-31.808675001806673
2024-08-29,Happiness Zone,Happiness Zone,219234.20072807264,321435.84477663203,119.23420072807262,221.43584477663202,-31.795347566037634
2024-08-30,Happiness Zone,Happiness Zone,221384.2645757578,324504.3542974089,121.38426457575781,224.50435429740887,-31.77772142531601
2024-09-03,Happiness Zone,Happiness Zone,216846.16243145266,317826.3576320064,116.84616243145265,217.8263576320064,-31.772127382044612
2024-09-04,Happiness Zone,Happiness Zone,216619.59389469447,317175.8248835395,116.61959389469448,217.1758248835395,-31.703624015407616
2024-09-05,Happiness Zone,Happiness Zone,215956.3604518425,316404.35930646094,115.9563604518425,216.40435930646095,-31.746717736378326
2024-09-06,Happiness Zone,Happiness Zone,212250.01563288254,311079.236048001,112.25001563288255,211.07923604800098,-31.769790125069175
2024-09-09,Happiness Zone,Happiness Zone,214724.705888124,314562.17306990485,114.724705888124,214.56217306990487,-31.738548283615163
2024-09-10,Happiness Zone,Happiness Zone,215749.0660141188,315932.32770649815,115.74906601411881,215.93232770649817,-31.710354688821152
2024-09-11,Happiness Zone,Happiness Zone,218002.2311125382,319173.47062906536,118.0022311125382,219.17347062906535,-31.697884951755782
2024-09-12,Happiness Zone,Happiness Zone,219552.0471242849,321861.9719922431,119.55204712428488,221.8619719922431,-31.786894312082282
2024-09-13,Happiness Zone,Happiness Zone,220870.9944702109,323542.9383099458,120.87099447021087,223.54293830994584,-31.733637697688778
2024-09-16,Happiness Zone,Happiness Zone,221233.71408188177,324020.76609873556,121.23371408188177,224.02076609873558,-31.72236559231285
2024-09-17,Happiness Zone,Happiness Zone,221352.43570330171,324153.1481892277,121.3524357033017,224.1531481892277,-31.713624581524968
2024-09-18,Happiness Zone,Happiness Zone,220605.65760099626,323191.8037596513,120.60565760099627,223.19180375965132,-31.741567999337473
2024-09-19,Happiness Zone,Happiness Zone,224282.32265349425,328706.805870609,124.28232265349423,228.70680587060897,-31.768275360328268
2024-09-20,Happiness Zone,Happiness Zone,223712.40376173478,328138.6720287376,123.71240376173476,228.13867202873757,-31.823822416718205
2024-09-23,Happiness Zone,Happiness Zone,224180.36341320424,328958.58229514764,124.18036341320425,228.95858229514766,-31.851492717078433
2024-09-24,Happiness Zone,Happiness Zone,224532.0473443606,329899.8905164332,124.5320473443606,229.8998905164332,-31.93933863000903
2024-09-25,Happiness Zone,Happiness Zone,223970.9695723501,329172.2899239339,123.9709695723501,229.1722899239339,-31.959348818788502
2024-09-26,Happiness Zone,Happiness Zone,224931.22651744995,330477.36266252585,124.93122651744994,230.47736266252582,-31.93747834790628
2024-09-27,Happiness Zone,Happiness Zone,224545.64161917247,329998.0321581143,124.54564161917246,229.9980321581143,-31.955460415720204
2024-09-30,Happiness Zone,Happiness Zone,225381.93521314074,331320.4219053003,125.38193521314072,231.32042190530032,-31.97463231603618
2024-10-01,Happiness Zone,Happiness Zone,222787.68002366368,328352.30809963716,122.78768002366367,228.35230809963716,-32.149805398639174
2024-10-02,Happiness Zone,Happiness Zone,223003.11581464842,328490.84416839,123.00311581464842,228.49084416838997,-32.112836697410884
2024-10-03,Happiness Zone,Happiness Zone,222476.6615234108,327890.3661617065,122.4766615234108,227.89036616170654,-32.149070395776306
2024-10-04,Happiness Zone,Happiness Zone,224611.08309027835,330870.0007871367,124.61108309027833,230.87000078713672,-32.11500512106549
2024-10-07,Happiness Zone,Happiness Zone,222542.9522505389,327878.7737840526,122.54295225053889,227.87877378405258,-32.12645341991242
2024-10-08,Happiness Zone,Happiness Zone,224676.35801759493,330979.6990275283,124.67635801759491,230.9796990275283,-32.117782849603685
2024-10-09,Happiness Zone,Happiness Zone,226206.85629552297,333272.23482436116,126.20685629552297,233.27223482436116,-32.125502019471575
2024-10-10,Happiness Zone,Happiness Zone,225657.7443235161,332689.00226838497,125.65774432351611,232.68900226838497,-32.1715647992852
2024-10-11,Happiness Zone,Happiness Zone,227316.19743725826,334681.17383557424,127.31619743725827,234.68117383557424,-32.079777648641624
2024-10-14,Happiness Zone,Happiness Zone,229088.1246468639,337418.37034068705,129.0881246468639,237.41837034068703,-32.10561582181891
2024-10-15,Happiness Zone,Happiness Zone,227611.6221674549,334796.70404373616,127.6116221674549,234.79670404373616,-32.014975231739186
2024-10-16,Happiness Zone,Happiness Zone,228849.32723325002,336251.8694497914,128.84932723325,236.2518694497914,-31.941098912634757
2024-10-17,Happiness Zone,Happiness Zone,228852.7952868968,336280.743057096,128.8527952868968,236.28074305709603,-31.94591126259031
2024-10-18,Happiness Zone,Happiness Zone,229721.62013927085,337574.29497592075,129.72162013927084,237.57429497592076,-31.949314992820486
2024-10-21,Happiness Zone,Happiness Zone,228924.38194748078,337019.9002483058,128.92438194748078,237.01990024830582,-32.07392745092608
2024-10-22,Happiness Zone,Happiness Zone,228848.65299823508,336840.8624156511,128.84865299823508,236.8408624156511,-32.060305463817805
2024-10-23,Happiness Zone,Happiness Zone,227033.27935641003,333763.05036959646,127.03327935641005,233.76305036959644,-31.977707207253157
2024-10-24,Happiness Zone,Happiness Zone,227809.53278866864,334484.8905522122,127.80953278866862,234.4848905522122,-31.89242945695684
2024-10-25,Happiness Zone,Happiness Zone,227616.00287925862,334369.32456510694,127.6160028792586,234.36932456510692,-31.9267689476885
2024-10-28,Happiness Zone,Happiness Zone,228510.9711758328,335403.04979713337,128.51097117583282,235.40304979713338,-31.86973961207379
2024-10-29,Happiness Zone,Happiness Zone,229075.82267245307,335945.8879260377,129.07582267245306,235.9458879260377,-31.81169024373154
2024-10-30,Happiness Zone,Happiness Zone,228292.49918336677,334929.5512604921,128.29249918336677,234.92955126049213,-31.838651344977375
2024-10-31,Happiness Zone,Happiness Zone,223713.27143170082,328363.8646983477,123.7132714317008,228.3638646983477,-31.870313550726536
2024-11-01,Happiness Zone,Happiness Zone,224520.9672247026,329749.72629108315,124.5209672247026,229.74972629108316,-31.911704749525992
2024-11-04,Happiness Zone,Happiness Zone,224219.2241477641,329039.47848612134,124.21922414776407,229.03947848612134,-31.856437051452012
2024-11-05,Happiness Zone,Happiness Zone,226885.90382253012,333018.16854744643,126.88590382253011,233.01816854744644,-31.869812145037734
2024-11-06,Happiness Zone,Happiness Zone,233080.20201890173,341298.8472024444,133.08020201890173,241.2988472024444,-31.70788476743721
2024-11-07,Happiness Zone,Happiness Zone,234573.44296468073,343937.75895010267,134.57344296468074,243.93775895010265,-31.797705584657297
2024-11-08,Happiness Zone,Happiness Zone,235660.56387468975,345427.62993123283,135.66056387468976,245.42762993123284,-31.77715288102325
2024-11-11,Happiness Zone,Happiness Zone,236152.29542669543,345756.8319892377,136.15229542669542,245.75683198923767,-31.699890333896253
2024-11-12,Happiness Zone,Happiness Zone,235223.67776016486,344682.7123301394,135.2236777601649,244.68271233013942,-31.756462002403516
2024-11-13,Happiness Zone,Happiness Zone,235120.13783991712,344850.19356408366,135.1201378399171,244.85019356408367,-31.819630022557998
2024-11-14,Happiness Zone,Happiness Zone,233720.445475365,342632.7219904541,133.720445475365,242.63272199045414,-31.786887102430185
2024-11-15,Happiness Zone,Happiness Zone,230838.19326652316,338244.07679592405,130.83819326652315,238.24407679592406,-31.753958427541985
2024-11-18,Happiness Zone,Happiness Zone,231886.14396277847,339630.0099465462,131.88614396277848,239.6300099465462,-31.7238944817407
2024-11-19,Happiness Zone,Happiness Zone,232676.01384595386,340871.4677238152,132.67601384595386,240.87146772381516,-31.74083609882089
2024-11-20,Happiness Zone,Happiness Zone,232522.12550035844,340987.0337109204,132.52212550035844,240.98703371092043,-31.80910048987834
2024-11-21,Happiness Zone,Happiness Zone,234151.0389685464,342817.5560119358,134.1510389685464,242.8175560119358,-31.698060714138563
2024-11-22,Happiness Zone,Happiness Zone,235276.4820252074,343880.04751443677,135.2764820252074,243.88004751443674,-31.581816471823643
2024-11-25,Happiness Zone,Happiness Zone,236345.1462620304,345046.5126263891,136.34514626203043,245.04651262638907,-31.503395161700652
2024-11-26,Happiness Zone,Happiness Zone,237218.74020237962,346848.19709904323,137.21874020237962,246.84819709904323,-31.60733076128941
2024-11-27,Happiness Zone,Happiness Zone,236454.35712268096,345797.1548584227,136.45435712268096,245.79715485842272,-31.620502424465926
2024-11-29,Happiness Zone,Happiness Zone,237629.10201445306,347945.286839789,137.62910201445305,247.94528683978902,-31.70503783145966
2024-12-02,Happiness Zone,Happiness Zone,237909.81240121604,348568.9853807237,137.90981240121604,248.56898538072372,-31.746706569042694
2024-12-03,Happiness Zone,Happiness Zone,237728.96959158685,348730.70620478434,137.72896959158686,248.73070620478433,-31.830215876663924
2024-12-04,Happiness Zone,Happiness Zone,239191.87583446724,350896.11941580137,139.19187583446723,250.8961194158014,-31.833992284470934
2024-12-05,Happiness Zone,Happiness Zone,238697.25609338385,350318.6830486522,138.69725609338386,250.31868304865222,-31.862824438560246
2024-12-06,Happiness Zone,Happiness Zone,239471.52171708908,350982.77601665864,139.47152171708908,250.98277601665865,-31.771147167141024
2024-12-09,Happiness Zone,Happiness Zone,237958.18467856938,349175.33113412093,137.9581846785694,249.17533113412094,-31.85137566686582
2024-12-10,Happiness Zone,Happiness Zone,236814.27484506255,348089.6906552555,136.81427484506256,248.08969065525554,-31.967455169592775
2024-12-11,Happiness Zone,Happiness Zone,238866.69635935916,350780.66076552623,138.86669635935917,250.78066076552625,-31.904257253501832
2024-12-12,Happiness Zone,Happiness Zone,237610.67806286897,348973.2516619319,137.61067806286897,248.97325166193193,-31.911492662751563
2024-12-13,Happiness Zone,Happiness Zone,237992.38581389538,348903.9120696687,137.9923858138954,248.90391206966868,-31.788559090053038
2024-12-16,Happiness Zone,Happiness Zone,239350.1979344595,350393.71149291215,139.3501979344595,250.39371149291213,-31.691069193374744
2024-12-17,Happiness Zone,Happiness Zone,238132.97914246123,348950.10268556746,138.13297914246127,248.9501026855675,-31.75729787446473
2024-12-18,Happiness Zone,Happiness Zone,230490.7262372812,338550.16565650783,130.4907262372812,238.55016565650783,-31.918294652043823
2024-12-19,Happiness Zone,Happiness Zone,229986.32687793358,338446.19204705645,129.98632687793358,238.44619204705646,-32.04641320178984
2024-12-20,Happiness Zone,Happiness Zone,232659.54297672285,342511.2882566352,132.65954297672286,242.5112882566352,-32.07244521459485
2024-12-23,Happiness Zone,Happiness Zone,234056.6596436239,344562.35196462175,134.0566596436239,244.56235196462174,-32.07131936815434
2024-12-24,Happiness Zone,Happiness Zone,236572.6903464236,348392.1658425583,136.5726903464236,248.3921658425583,-32.095863931299476
2024-12-26,Happiness Zone,Happiness Zone,236814.6389741517,348415.3505978661,136.81463897415168,248.41535059786614,-32.030939920474886
2024-12-27,Happiness Zone,Happiness Zone,234279.5653930551,344747.72267025406,134.27956539305507,244.7477226702541,-32.0431869488693
2024-12-30,Happiness Zone,Happiness Zone,231825.02056335303,340813.6131723758,131.825020563353,240.81361317237574,-31.97894344493182
2024-12-31,Happiness Zone,Happiness Zone,231097.20844083471,339573.693889672,131.0972084408347,239.57369388967197,-31.94490250592894
2025-01-02,Happiness Zone,Happiness Zone,230272.2029082051,338739.40048802475,130.27220290820512,238.73940048802473,-32.02083885829343
2025-01-03,Happiness Zone,Happiness Zone,233202.18577236764,342974.7686891311,133.2021857723676,242.97476868913108,-32.006022873437736
2025-01-06,Happiness Zone,Happiness Zone,234173.5788049932,344950.553500254,134.17357880499318,244.950553500254,-32.113870689927516
2025-01-07,Happiness Zone,Happiness Zone,231452.59389080427,341051.22113533743,131.45259389080425,241.0512211353374,-32.13553286209808
2025-01-08,Happiness Zone,Happiness Zone,231678.66666545154,341549.4429218516,131.67866666545157,241.54944292185155,-32.16833712755874
2025-01-10,Happiness Zone,Happiness Zone,227542.88302940293,336334.8408194809,127.54288302940293,236.3348408194809,-32.346324134902595
2025-01-13,Happiness Zone,Happiness Zone,227844.11350939973,336856.354698133,127.84411350939973,236.856354698133,-32.36164010811742
2025-01-14,Happiness Zone,Happiness Zone,228702.22490407326,337319.8709095723,128.70222490407323,237.3198709095723,-32.20019197582846
2025-01-15,Happiness Zone,Happiness Zone,232954.92283000657,343455.7450249379,132.95492283000655,243.4557450249379,-32.17323448379295
2025-01-16,Happiness Zone,Happiness Zone,232968.6507310248,342795.19417232566,132.9686507310248,242.79519417232564,-32.03853067615944
2025-01-17,Happiness Zone,Happiness Zone,235344.0108187147,346236.84229357337,135.3440108187147,246.23684229357337,-32.028027618399115
2025-01-21,Happiness Zone,Happiness Zone,237495.71744607983,349406.0695399543,137.49571744607985,249.4060695399543,-32.02873729160495
2025-01-22,Happiness Zone,Happiness Zone,238518.68860331035,351370.26197342336,138.51868860331032,251.37026197342337,-32.11756531025064
2025-01-23,Happiness Zone,Happiness Zone,239515.00766334494,353288.1206752202,139.51500766334496,253.28812067522023,-32.2040584875673
2025-01-24,Happiness Zone,Happiness Zone,238869.28857521858,352256.7210745132,138.86928857521858,252.2567210745132,-32.188862757088366
2025-01-27,Happiness Zone,Happiness Zone,235548.51582571914,347273.8949673338,135.5485158257191,247.27389496733383,-32.17212141791541
2025-01-28,Happiness Zone,Happiness Zone,237277.76302167005,350257.82306596916,137.27776302167004,250.25782306596915,-32.25625599318018
2025-01-29,Happiness Zone,Happiness Zone,236288.72745868925,348687.6641359027,136.28872745868927,248.68766413590274,-32.23484746893869
2025-01-30,Happiness Zone,Happiness Zone,237733.05698354013,350559.0817691972,137.73305698354014,250.5590817691972,-32.18459616457463
2025-01-31,Happiness Zone,Happiness Zone,236757.05132995808,348693.4245457863,136.75705132995807,248.69342454578626,-32.10165874554083
2025-02-03,Happiness Zone,Happiness Zone,235158.65926487822,346346.86254445533,135.15865926487822,246.34686254445532,-32.10313570122367
2025-02-04,Happiness Zone,Happiness Zone,236770.8808378581,348670.2755694219,136.7708808378581,248.6702755694219,-32.093184470290204
2025-02-05,Happiness Zone,Happiness Zone,238494.74278858094,350083.973180104,138.49474278858094,250.08397318010398,-31.87498969971839
2025-02-06,Happiness Zone,Happiness Zone,239446.62021251934,351300.74348644336,139.44662021251935,251.30074348644337,-31.839990477629165
2025-02-07,Happiness Zone,Happiness Zone,237411.6757340355,348085.07517156,137.41167573403547,248.08507517155996,-31.7949281172073
2025-02-10,Happiness Zone,Happiness Zone,238695.62844445373,350448.98996042844,138.69562844445375,250.44898996042843,-31.888624227050432
2025-02-11,Happiness Zone,Happiness Zone,238747.53221700375,350715.5430885815,138.74753221700377,250.71554308858146,-31.925591288464094
2025-02-12,Happiness Zone,Happiness Zone,238041.83416517757,349585.67983570305,138.0418341651776,249.58567983570305,-31.90744132395481
2025-02-13,Happiness Zone,Happiness Zone,240598.16511866866,353276.5282975663,140.59816511866865,253.27652829756627,-31.895230549816823
2025-02-14,Happiness Zone,Happiness Zone,240882.40323555275,353259.10395214206,140.88240323555277,253.25910395214203,-31.81140965918704
2025-02-18,Happiness Zone,Happiness Zone,241886.48569562915,354296.19240484585,141.88648569562915,254.29619240484587,-31.72760789389709
2025-02-19,Happiness Zone,Happiness Zone,242067.7016972243,355130.55736437987,142.06770169722427,255.13055736437988,-31.836983138330176
2025-02-20,Happiness Zone,Happiness Zone,240859.04230094535,353653.1016766013,140.85904230094536,253.65310167660127,-31.89398278734754
2025-02-21,Happiness Zone,Happiness Zone,236682.00080851646,347604.1703936399,136.68200080851648,247.6041703936399,-31.91048296673513
2025-02-24,Happiness Zone,Happiness Zone,235493.8636302007,346022.4190859195,135.49386363020074,246.0224190859195,-31.942599484651858
2025-02-25,Happiness Zone,Happiness Zone,234349.87173160494,344301.5950252957,134.34987173160496,244.30159502529568,-31.934712148403676
2025-02-26,Happiness Zone,Happiness Zone,234606.18732046342,344475.44491116086,134.60618732046342,244.47544491116085,-31.894655835057385
2025-02-27,Happiness Zone,Happiness Zone,231160.22584222132,338976.9368930996,131.1602258422213,238.97693689309963,-31.80650342736432
2025-02-28,Happiness Zone,Happiness Zone,234501.39671069966,344266.85367127735,134.50139671069965,244.26685367127737,-31.883829590340717
2025-03-03,Happiness Zone,Happiness Zone,230826.11684644828,338235.31095479685,130.82611684644826,238.23531095479686,-31.755760155598644
2025-03-04,Happiness Zone,Happiness Zone,228109.79661797435,334231.6829699385,128.10979661797438,234.2316829699385,-31.750995419997018
2025-03-05,Happiness Zone,Happiness Zone,230464.0061065035,337823.9246638568,130.46400610650352,237.82392466385681,-31.779844682160707
2025-03-06,Happiness Zone,Happiness Zone,225675.92341817846,331827.1948592814,125.67592341817844,231.82719485928143,-31.98992520372501
2025-03-07,Happiness Zone,Happiness Zone,226763.07014016923,333687.0558938653,126.76307014016923,233.6870558938653,-32.0431925257853
2025-03-10,Happiness Zone,Happiness Zone,220581.97727647403,324799.10123294237,120.58197727647402,224.79910123294235,-32.0866417304908
2025-03-11,Happiness Zone,Happiness Zone,219244.3278442709,322099.0790499975,119.24432784427093,222.09907904999747,-31.93264367879831
2025-03-12,Happiness Zone,Happiness Zone,220515.30271449964,323808.274954024,120.51530271449965,223.808274954024,-31.899423278849326
2025-03-13,Happiness Zone,Happiness Zone,217458.25183174302,319491.7601093404,117.45825183174303,219.49176010934042,-31.936193985935112
2025-03-14,Happiness Zone,Happiness Zone,222208.37828810676,326091.1146572019,122.20837828810676,226.0911146572019,-31.85696625874036
2025-03-17,Happiness Zone,Happiness Zone,224165.18483576263,328605.73035557114,124.16518483576264,228.60573035557113,-31.782934949672836
2025-03-18,Happiness Zone,Happiness Zone,221923.49715680492,325054.0262044981,121.92349715680493,225.0540262044981,-31.727196322377395
2025-03-19,Happiness Zone,Happiness Zone,224218.55643425666,328594.1379779172,124.21855643425666,228.59413797791723,-31.76428593217174
2025-03-20,Happiness Zone,Happiness Zone,223654.59719450792,327643.9565786743,123.65459719450791,227.6439565786743,-31.738525095974513
2025-03-21,Happiness Zone,Happiness Zone,223453.62371143085,327752.00898767053,123.45362371143085,227.7520089876705,-31.822348121796928
2025-03-24,Happiness Zone,Happiness Zone,227499.22777825652,333621.5446485434,127.49922777825651,233.62154464854342,-31.809191754112398
2025-03-25,Happiness Zone,Happiness Zone,227923.74452918,334423.5296643219,127.92374452918,234.4235296643219,-31.845781079471656
2025-03-26,Happiness Zone,Happiness Zone,225471.16946029218,330431.064709797,125.47116946029217,230.431064709797,-31.76453622533536
2025-03-27,Happiness Zone,Happiness Zone,224599.96513966884,329553.5503445512,124.59996513966884,229.5535503445512,-31.847202099674675
2025-03-28,Happiness Zone,Happiness Zone,220353.35002302544,322916.91413769167,120.35335002302543,222.91691413769166,-31.761595513988205
2025-03-31,Happiness Zone,Happiness Zone,221404.15061510028,325084.5814221414,121.40415061510028,225.08458142214138,-31.893370750920358
2025-04-01,Happiness Zone,Happiness Zone,221926.88261941477,326002.7406670626,121.92688261941478,226.00274066706257,-31.92484143988763
2025-04-02,Happiness Zone,Happiness Zone,223503.26332471537,328065.86187896697,123.50326332471538,228.06586187896696,-31.872441087097258
2025-04-03,Happiness Zone,Happiness Zone,212535.12037214937,311898.4665144869,112.53512037214936,211.89846651448687,-31.85759367551182
2025-04-04,Happiness Zone,Happiness Zone,200395.43578010827,293639.0226623827,100.39543578010827,193.6390226623827,-31.754494357339922
2025-04-07,Happiness Zone,Happiness Zone,199817.81135274036,293115.9881786371,99.81781135274036,193.1159881786371,-31.829780901967364
2025-04-08,Happiness Zone,Happiness Zone,196667.83820594862,288524.9951698426,96.66783820594861,188.5249951698426,-31.8368108488561
2025-04-09,Happiness Zone,Happiness Zone,215517.6820965141,318825.6992994483,115.51768209651408,218.8256992994483,-32.40266309457851
2025-04-10,Happiness Zone,Happiness Zone,207518.63977717294,304855.0595003828,107.51863977717294,204.85505950038282,-31.92875325170309
2025-04-11,Happiness Zone,Happiness Zone,210925.59117812006,310294.49648292986,110.92559117812004,210.29449648292987,-32.024063085590804
2025-04-14,Happiness Zone,Happiness Zone,212962.68508834048,313304.8294417769,112.96268508834046,213.3048294417769,-32.02700211554943
2025-04-15,Happiness Zone,Happiness Zone,213078.1118985062,312427.27929758775,113.07811189850621,212.42727929758775,-31.79913342472609
2025-04-16,Happiness Zone,Happiness Zone,208680.5794780272,305482.6579461455,108.68057947802723,205.4826579461455,-31.688240215974496
2025-04-17,Happiness Zone,Happiness Zone,209126.48244654937,305918.5170343549,109.12648244654939,205.91851703435492,-31.639809033506694
2025-04-21,Happiness Zone,Happiness Zone,204493.08337301435,298636.8222573651,104.49308337301434,198.6368222573651,-31.52449124415666
2025-04-22,Happiness Zone,Happiness Zone,209585.65722492515,306406.72071672376,109.58565722492514,206.40672071672378,-31.598870698828673
2025-04-23,Happiness Zone,Happiness Zone,212905.4687730114,311154.5865027514,112.90546877301142,211.1545865027514,-31.57566109952592
2025-04-24,Happiness Zone,Happiness Zone,217181.7630420034,317704.10098248976,117.18176304200342,217.7041009824898,-31.64023933893967
2025-04-25,Happiness Zone,Happiness Zone,218400.28238451463,319999.6064316228,118.40028238451464,219.9996064316228,-31.749827813871956
2025-04-28,Happiness Zone,Happiness Zone,218649.82899722314,320121.61262853583,118.64982899722314,220.12161262853581,-31.69788593719818
2025-04-29,Happiness Zone,Happiness Zone,220046.3684816615,322138.1854351077,120.0463684816615,222.13818543510766,-31.69193270755907
2025-04-30,Happiness Zone,Happiness Zone,220226.20488803723,322266.0593787344,120.22620488803723,222.2660593787344,-31.663233381576063
2025-05-01,Happiness Zone,Happiness Zone,221883.3730499077,324549.90089232684,121.88337304990773,224.54990089232686,-31.63351076680191
2025-05-02,Happiness Zone,Happiness Zone,225277.69769831863,329367.5713968815,125.27769769831862,229.36757139688146,-31.602951455453578
2025-05-05,Happiness Zone,Happiness Zone,224078.97812781378,327478.83675499295,124.07897812781377,227.47883675499295,-31.574516280738763
2025-05-06,Happiness Zone,Happiness Zone,222319.69579800093,324741.6760288235,122.31969579800092,224.7416760288235,-31.53952442547958
2025-05-07,Happiness Zone,Happiness Zone,223304.41711116402,326107.3940764381,123.304417111164,226.1073940764381,-31.524270480410365
2025-05-08,Happiness Zone,Happiness Zone,224973.25255702005,328379.6432123766,124.97325255702006,228.37964321237664,-31.48989067768717
2025-05-09,Happiness Zone,Happiness Zone,224945.3795208069,327961.20846959145,124.94537952080691,227.96120846959144,-31.410979801392024
2025-05-12,Happiness Zone,Happiness Zone,231752.611433108,338799.50911289686,131.75261143310797,238.79950911289686,-31.595942379042242
2025-05-13,Happiness Zone,Happiness Zone,233548.16359668854,341036.9453369303,133.54816359668854,241.03694533693027,-31.518222060676536
2025-05-14,Happiness Zone,Happiness Zone,233751.44773422772,341472.8044251397,133.75144773422772,241.47280442513969,-31.546101269252745
2025-05-15,Happiness Zone,Happiness Zone,234888.7797696161,343140.6398706233,134.88877976961612,243.1406398706233,-31.547373736268057
2025-05-16,Happiness Zone,Happiness Zone,236221.18152142203,345314.06756495667,136.22118152142204,245.31406756495667,-31.592366570184193
2025-05-19,Happiness Zone,Happiness Zone,236296.83704254602,345691.82164912304,136.296837042546,245.69182164912303,-31.645233631709356
2025-05-20,Happiness Zone,Happiness Zone,235449.45573154106,344529.5426735457,135.44945573154106,244.5295426735457,-31.660590292357604
2025-05-21,Happiness Zone,Happiness Zone,231328.24794470283,338723.9797634296,131.32824794470284,238.7239797634296,-31.705972483475698
2025-05-22,Happiness Zone,Happiness Zone,231335.9281201399,338857.6141169399,131.33592812013987,238.85761411693989,-31.730638922486843
2025-05-23,Happiness Zone,Happiness Zone,229899.56164893977,336544.68432238256,129.89956164893974,236.54468432238252,-31.688250518105164
2025-05-27,Happiness Zone,Happiness Zone,234561.30259601798,343541.65026798425,134.56130259601798,243.54165026798427,-31.722601200452605
2025-05-28,Happiness Zone,Happiness Zone,233409.38066558237,341554.1299634339,133.40938066558238,241.5541299634339,-31.662550621018482
2025-05-29,Happiness Zone,Happiness Zone,234250.76544808847,342902.3521077375,134.25076544808846,242.9023521077375,-31.685868000552965
2025-05-30,Happiness Zone,Happiness Zone,234014.35286709652,342518.83761368756,134.0143528670965,242.51883761368757,-31.678399209379727
2025-06-02,Happiness Zone,Happiness Zone,235186.7733381073,344448.21713525156,135.18677333810732,244.44821713525155,-31.720716892037647
2025-06-03,Happiness Zone,Happiness Zone,236650.2764444672,346412.48112660734,136.6502764444672,246.41248112660733,-31.685407039945567
2025-06-04,Happiness Zone,Happiness Zone,236675.57803998835,346319.4558738291,136.67557803998832,246.3194558738291,-31.659751126943945
2025-06-05,Happiness Zone,Happiness Zone,235688.3787381829,344645.75268163177,135.6883787381829,244.6457526816318,-31.61430921335009
2025-06-06,Happiness Zone,Happiness Zone,237967.7229186007,348184.9342025231,137.96772291860066,248.18493420252307,-31.654790445302304
2025-06-09,Happiness Zone,Happiness Zone,238171.64573785308,348498.75131487614,138.17164573785305,248.49875131487616,-31.657819478767703
2025-06-10,Happiness Zone,Happiness Zone,239424.07129839517,350474.60768388584,139.42407129839518,250.47460768388584,-31.685758097960083
2025-06-11,Happiness Zone,Happiness Zone,238742.32550591792,349475.0871217271,138.7423255059179,249.4750871217271,-31.68545218138522
2025-06-12,Happiness Zone,Happiness Zone,239471.86248565302,350863.98992464953,139.47186248565302,250.86398992464956,-31.74795095470434
2025-06-13,Happiness Zone,Happiness Zone,236390.79548802262,346941.2939097082,136.39079548802263,246.9412939097082,-31.864324126967848
2025-06-16,Happiness Zone,Happiness Zone,238876.06912046723,350242.1518887704,138.8760691204672,250.2421518887704,-31.796881719614014
2025-06-17,Happiness Zone,Happiness Zone,237071.84532156345,347249.3148332343,137.07184532156344,247.24931483323428,-31.728635538009144
2025-06-18,Happiness Zone,Happiness Zone,237205.58263991209,347197.00601801823,137.20558263991208,247.19700601801824,-31.67983060671843
2025-06-20,Happiness Zone,Happiness Zone,236725.34418126842,346381.5681195303,136.7253441812684,246.38156811953027,-31.657638289928116
2025-06-23,Happiness Zone,Happiness Zone,239252.80389288598,349802.965358827,139.25280389288596,249.80296535882695,-31.603551831682996
2025-06-24,Happiness Zone,Happiness Zone,242185.73694599784,353667.30591712164,142.18573694599783,253.66730591712164,-31.52159306386335
2025-06-25,Happiness Zone,Happiness Zone,241820.9341323011,353865.48548448266,141.82093413230112,253.86548548448266,-31.66303466945346
2025-06-26,Happiness Zone,Happiness Zone,243593.13929026015,356634.06012293644,143.59313929026015,256.63406012293643,-31.696613832596242
2025-06-27,Happiness Zone,Happiness Zone,244302.40511401487,358405.94073575817,144.30240511401487,258.4059407357582,-31.836396290615166
2025-06-30,Happiness Zone,Happiness Zone,245780.84766477073,360119.57322876336,145.7808476647707,260.1195732287634,-31.75021133643291
2025-07-01,Happiness Zone,Happiness Zone,245214.27483831363,360003.00543124357,145.21427483831363,260.0030054312436,-31.885492304550567
2025-07-02,Happiness Zone,Happiness Zone,246434.14324045883,361634.9903754642,146.43414324045884,261.63499037546416,-31.85555883721295
2025-07-03,Happiness Zone,Happiness Zone,248493.06780838483,364485.1767837592,148.49306780838484,264.48517678375924,-31.82354629587306
2025-07-07,Happiness Zone,Happiness Zone,246512.1556662352,361769.054076295,146.5121556662352,261.769054076295,-31.85924752584084
2025-07-08,Happiness Zone,Happiness Zone,246361.7841775045,361570.91028787737,146.3617841775045,261.5709102878774,-31.863494222653333
2025-07-09,Happiness Zone,Happiness Zone,247681.59632415092,363739.11425647774,147.6815963241509,263.73911425647776,-31.90680171132021
2025-07-10,Happiness Zone,Happiness Zone,248153.24130213892,364764.96812096145,148.15324130213892,264.76496812096144,-31.969003882015436
2025-07-11,Happiness Zone,Happiness Zone,247083.9146865944,363482.65079035686,147.0839146865944,263.48265079035684,-32.02318896119664
2025-07-14,Happiness Zone,Happiness Zone,247945.95704147298,364176.2256077053,147.945957041473,264.1762256077053,-31.915940798243337
2025-07-15,Happiness Zone,Happiness Zone,246667.7412336131,362620.0204655556,146.66774123361313,262.62002046555557,-31.97624860400021
2025-07-16,Happiness Zone,Happiness Zone,247663.25514611197,363832.3541829162,147.663255146112,263.8323541829162,-31.929293176164432
2025-07-17,Happiness Zone,Happiness Zone,249339.89844285388,366058.8778292199,149.33989844285387,266.0588778292199,-31.8853021892341
2025-07-18,Happiness Zone,Happiness Zone,249191.3182818326,365790.7862065017,149.1913182818326,265.7907862065017,-31.875999156207456
2025-07-21,Happiness Zone,Happiness Zone,249638.5803710475,366484.3968027936,149.63858037104748,266.4843968027936,-31.882889817713366
2025-07-22,Happiness Zone,Happiness Zone,249815.4735841921,366536.8487337832,149.81547358419212,266.5368487337832,-31.844376780345527
2025-07-23,Happiness Zone,Happiness Zone,251420.07739063466,369655.1625437397,151.42007739063467,269.6551625437397,-31.985238442088527
2025-07-24,Happiness Zone,Happiness Zone,251402.57334291108,369777.52653008647,151.4025733429111,269.7775265300865,-32.01247904327251
2025-07-25,Happiness Zone,Happiness Zone,252241.4699389176,371339.5994189499,152.24146993891762,271.33959941894994,-32.07256367658875
2025-07-28,Happiness Zone,Happiness Zone,251949.83763025166,371246.35949251143,151.94983763025166,271.24635949251143,-32.13405837173365
2025-07-29,Happiness Zone,Happiness Zone,251779.26563702308,370267.125591247,151.77926563702306,270.267125591247,-32.00064271572073
2025-07-30,Happiness Zone,Happiness Zone,251337.64992128007,369800.8544011678,151.33764992128005,269.8008544011678,-32.03432416934773
2025-07-31,Happiness Zone,Happiness Zone,249826.1616052753,368413.66898752743,149.8261616052753,268.41366898752744,-32.188682821718785
2025-08-01,Happiness Zone,Happiness Zone,245797.9675494524,362375.1851560319,145.79796754945244,262.37518515603193,-32.17030922147265
2025-08-04,Happiness Zone,Happiness Zone,249457.8825208328,367883.2103730312,149.4578825208328,267.8832103730312,-32.19101185186351
2025-08-05,Happiness Zone,Happiness Zone,248462.91925171105,366018.0540548276,148.46291925171107,266.0180540548276,-32.11730500744846
2025-08-06,Happiness Zone,Happiness Zone,250080.733404148,368821.6562788467,150.080733404148,268.8216562788467,-32.194672100524635
2025-08-07,Happiness Zone,Happiness Zone,249881.49872488703,368512.7051027929,149.88149872488705,268.5127051027929,-32.19189046543589
2025-08-08,Happiness Zone,Happiness Zone,251482.2826386511,371386.2193821692,151.4822826386511,271.3862193821692,-32.28551047020214
2025-08-11,Happiness Zone,Happiness Zone,250787.10035757135,370651.8207904284,150.78710035757138,270.6518207904284,-32.33889966525489
2025-08-12,Happiness Zone,Happiness Zone,253747.33528840952,374597.8088975076,153.74733528840952,274.5978088975076,-32.261393617004195
2025-08-13,Happiness Zone,Happiness Zone,254737.0084745857,375880.0904491688,154.73700847458568,275.8800904491688,-32.22918293698921
2025-08-14,Happiness Zone,Happiness Zone,254468.8913612348,375915.04647684743,154.4688913612348,275.91504647684746,-32.30680874677159
2025-08-15,Happiness Zone,Happiness Zone,253496.7991078243,375034.95602767856,153.4967991078243,275.03495602767856,-32.4071543109396
2025-08-18,Happiness Zone,Happiness Zone,253376.78314422682,374953.30847889394,153.3767831442268,274.9533084788939,-32.424443946868294
2025-08-19,Happiness Zone,Happiness Zone,252017.58893309766,372919.132432181,152.01758893309764,272.919132432181,-32.42031126441882
2025-08-20,Happiness Zone,Happiness Zone,251477.51156964494,371928.2703743193,151.47751156964495,271.92827037431925,-32.38548085722262
2025-08-21,Happiness Zone,Happiness Zone,250625.27331943825,370436.1453197564,150.62527331943824,270.4361453197564,-32.34319153626295
2025-08-22,Happiness Zone,Happiness Zone,254692.78473800363,376124.8899797491,154.6927847380036,276.12488997974907,-32.285049055988694
2025-08-25,Happiness Zone,Happiness Zone,253610.59622779078,374469.5056065604,153.61059622779075,274.4695056065604,-32.274699960682796
2025-08-26,Happiness Zone,Happiness Zone,254634.62977038085,376037.4462421375,154.63462977038085,276.0374462421375,-32.284767829633424
2025-08-27,Happiness Zone,Happiness Zone,255373.78070387748,376894.2445991685,155.3737807038775,276.8942445991685,-32.2425894363363
2025-08-28,Happiness Zone,Happiness Zone,256252.9555652053,378228.97808181925,156.25295556520533,278.2289780818192,-32.249253649261064
2025-08-29,Happiness Zone,Happiness Zone,254817.79779914767,375973.3303756073,154.81779779914766,275.9733303756073,-32.22450178990675
2025-09-02,Happiness Zone,Happiness Zone,252682.7688509219,373187.2598338426,152.6827688509219,273.1872598338426,-32.29062295335965
2025-09-03,Happiness Zone,Happiness Zone,253685.06555601652,375209.7719450149,153.6850655560165,275.2097719450149,-32.388470523845314
2025-09-04,Happiness Zone,Happiness Zone,255773.4121045781,378345.54587933904,155.77341210457809,278.34554587933906,-32.39687505501949
2025-09-05,Happiness Zone,Happiness Zone,255319.9886255606,377249.7799594982,155.3199886255606,277.2497799594982,-32.32070575283783
2025-09-08,Happiness Zone,Happiness Zone,255924.67618637782,378176.5261508297,155.9246761863778,278.17652615082966,-32.32666268548188
2025-09-09,Happiness Zone,Happiness Zone,256361.90678469106,379050.8204111716,156.36190678469103,279.05082041117157,-32.367404849142645
2025-09-10,Happiness Zone,Happiness Zone,256887.23719950693,380146.6221099558,156.88723719950693,280.14662210995584,-32.42416944975422
2025-09-11,Happiness Zone,Happiness Zone,259312.74062278206,383305.7239153613,159.31274062278206,283.3057239153613,-32.34832551573334
2025-09-12,Happiness Zone,Happiness Zone,259141.38576905575,383177.45640335744,159.14138576905574,283.17745640335744,-32.370398769945716
2025-09-15,Happiness Zone,Happiness Zone,260292.35606545742,385217.46441784076,160.29235606545745,285.21746441784074,-32.42976237881015
2025-09-16,Happiness Zone,Happiness Zone,259794.71278766895,384687.0773612313,159.79471278766897,284.68707736123133,-32.46596309661973
2025-09-17,Happiness Zone,Happiness Zone,259837.82178375556,384209.14223561145,159.83782178375554,284.20914223561147,-32.37073426420102
2025-09-18,Happiness Zone,Happiness Zone,261686.06528762373,386004.35071951454,161.68606528762376,286.00435071951455,-32.20644668904916
2025-09-19,Happiness Zone,Happiness Zone,262617.76236541563,387916.16277988075,162.61776236541564,287.9161627798807,-32.30038148360538
2025-09-22,Happiness Zone,Happiness Zone,263827.0404187585,389751.40790142183,163.82704041875851,289.7514079014218,-32.30889354850331
2025-09-23,Happiness Zone,Happiness Zone,262642.31074986863,387629.7881170973,162.64231074986864,287.6297881170973,-32.24403314676935
2025-09-24,Happiness Zone,Happiness Zone,261505.0722365216,386396.4879389182,161.5050722365216,286.39648793891814,-32.32208873548031
2025-09-25,Happiness Zone,Happiness Zone,260500.65585174735,384613.87364308356,160.50065585174735,284.6138736430836,-32.26956339763022
2025-09-26,Happiness Zone,Happiness Zone,261942.768979208,386817.3556498529,161.94276897920798,286.8173556498529,-32.28257079128616
2025-09-29,Happiness Zone,Happiness Zone,262834.5008419649,387904.4630653967,162.83450084196488,287.9044630653967,-32.24246538311839
2025-09-30,Happiness Zone,Happiness Zone,263406.39645407884,389365.6393339392,163.40639645407884,289.36563933393916,-32.34986094184635
2025-10-01,Happiness Zone,Happiness Zone,263752.01511738537,390692.4298911604,163.75201511738538,290.6924298911604,-32.491137544983474
2025-10-02,Happiness Zone,Happiness Zone,264172.6353291977,391142.42166200344,164.17263532919767,291.14242166200347,-32.4612671244654
2025-10-03,Happiness Zone,Happiness Zone,264229.90193785715,391136.6254731765,164.22990193785716,291.1366254731765,-32.44562520367257
2025-10-06,Happiness Zone,Happiness Zone,265067.5588076751,392539.33894824213,165.06755880767508,292.5393389482421,-32.47363193765778
2025-10-07,Happiness Zone,Happiness Zone,264056.8510276901,391083.99464747,164.05685102769013,291.08399464747004,-32.480782992483334
2025-10-08,Happiness Zone,Happiness Zone,265563.50934448413,393416.06617673364,165.56350934448415,293.41606617673364,-32.49805176355317
2025-10-09,Happiness Zone,Happiness Zone,264837.2759880888,392276.32793548336,164.8372759880888,292.2763279354834,-32.487061510465175
2025-10-10,Happiness Zone,Happiness Zone,257684.38189547573,381673.95364480093,157.68438189547572,281.6739536448009,-32.485730442249206
2025-10-13,Happiness Zone,Happiness Zone,261761.89209605003,387530.3942123981,161.76189209605002,287.53039421239805,-32.4538420713955
2025-10-14,Happiness Zone,Happiness Zone,261770.2693135479,387056.96723364363,161.7702693135479,287.05696723364366,-32.36905895675751
2025-10-15,Happiness Zone,Happiness Zone,263346.22552002483,388775.3225471745,163.34622552002483,288.77532254717454,-32.262617957684284
2025-10-16,Happiness Zone,Happiness Zone,261108.1012111814,386127.68073733244,161.1081012111814,286.1276807373324,-32.377782211163705
2025-10-17,Happiness Zone,Happiness Zone,262421.6944204747,388319.4630296178,162.4216944204747,288.3194630296178,-32.4211842555882
2025-10-20,Happiness Zone,Happiness Zone,265344.26679916837,392358.1543789848,165.3442667991684,292.3581543789848,-32.37192502876639
2025-10-21,Happiness Zone,Happiness Zone,265156.33326159033,392352.28663227113,165.1563332615903,292.35228663227116,-32.41881281295912
2025-10-22,Happiness Zone,Happiness Zone,263525.29380881734,390312.4932914481,163.52529380881734,290.3124932914481,-32.483510433768814
2025-10-23,Happiness Zone,Happiness Zone,265117.2657797339,392627.03313845734,165.1172657797339,292.6270331384573,-32.4760540147927
2025-10-24,Happiness Zone,Happiness Zone,267562.0448818242,395835.796117269,167.56204488182416,295.835796117269,-32.405798690688115
2025-10-27,Happiness Zone,Happiness Zone,270499.3949714582,400505.7353646232,170.49939497145817,300.5057353646232,-32.4605439856701
2025-10-28,Happiness Zone,Happiness Zone,270668.1258868573,401569.4791301423,170.6681258868573,301.5694791301423,-32.59743582277128
2025-10-29,Happiness Zone,Happiness Zone,269762.6587488401,401762.3634138836,169.76265874884012,301.7623634138836,-32.85516929545273
2025-10-30,Happiness Zone,Happiness Zone,267573.1695207705,397343.7354648042,167.5731695207705,297.34373546480424,-32.65952231315058
2025-10-31,Happiness Zone,Happiness Zone,268439.9818925046,398647.1265930574,168.4399818925046,298.6471265930574,-32.66225591874626
2025-11-03,Happiness Zone,Happiness Zone,268791.38963517186,399395.2642990547,168.79138963517187,299.3952642990547,-32.7004064239707
2025-11-04,Happiness Zone,Happiness Zone,265701.3833677783,394660.99451151007,165.70138336777833,294.66099451151007,-32.6760467685313
2025-11-05,Happiness Zone,Happiness Zone,266872.24170845206,396028.6804010104,166.87224170845207,296.0286804010104,-32.612900298477676
2025-11-06,Happiness Zone,Happiness Zone,263689.955618768,391779.5373067042,163.689955618768,291.7795373067042,-32.694301128765034
2025-11-07,Happiness Zone,Happiness Zone,264205.16541535594,392165.2700952435,164.20516541535594,292.1652700952435,-32.629127165903924
2025-11-10,Happiness Zone,Happiness Zone,267863.4951411117,398284.7574545428,167.8634951411117,298.2847574545428,-32.74573276340267
2025-11-11,Happiness Zone,Happiness Zone,268113.628867994,399196.51226859965,168.11362886799398,299.19651226859963,-32.836680525005804
2025-11-12,Happiness Zone,Happiness Zone,268301.91222096,399418.6279490794,168.30191222096,299.41862794907934,-32.82689052370262
2025-11-13,Happiness Zone,Happiness Zone,263686.3539721721,392790.6502465169,163.68635397217207,292.7906502465169,-32.86847489707774
2025-11-14,Happiness Zone,Happiness Zone,263567.58335086034,392726.39126421313,163.56758335086033,292.72639126421313,-32.887733237784644
2025-11-17,Happiness Zone,Happiness Zone,260626.5834965016,389067.5649566717,160.62658349650164,289.0675649566717,-33.012513257041576
2025-11-18,Happiness Zone,Happiness Zone,258815.6129165816,385800.37496332655,158.81561291658159,285.8003749633266,-32.914628986251216
2025-11-19,Happiness Zone,Happiness Zone,259624.10573679712,387290.78262860735,159.62410573679713,287.29078262860736,-32.964037002201586
2025-11-20,Happiness Zone,Happiness Zone,255380.06499322384,381387.57898201747,155.38006499322387,281.38757898201743,-33.0392285782162
2025-11-21,Happiness Zone,Happiness Zone,257909.98512577472,385186.6587475938,157.9099851257747,285.1866587475938,-33.04285616631943
2025-11-24,Happiness Zone,Happiness Zone,261780.55517437434,390856.04699922,161.78055517437434,290.85604699922,-33.02379298358489
2025-11-25,Happiness Zone,Happiness Zone,264009.63301810296,394532.40498901583,164.00963301810293,294.53240498901584,-33.08290277817528
2025-11-26,Happiness Zone,Happiness Zone,265995.91785604914,397256.0770535324,165.99591785604915,297.2560770535324,-33.04169949294325
2025-11-28,Happiness Zone,Happiness Zone,267653.95718954783,399424.4599168497,167.6539571895478,299.4244599168497,-32.99009348469376
2025-12-01,Happiness Zone,Happiness Zone,266269.2762679423,397600.91450979264,166.26927626794225,297.60091450979263,-33.03102016346487
2025-12-02,Happiness Zone,Happiness Zone,267066.7922109493,398337.3525013059,167.0667922109493,298.33735250130593,-32.9546198633045
2025-12-03,Happiness Zone,Happiness Zone,268412.4427952996,399716.7023263469,168.4124427952996,299.71670232634693,-32.84933022984977
2025-12-04,Happiness Zone,Happiness Zone,268645.77727539046,400008.94473584404,168.6457772753905,300.008944735844,-32.840057501014776
2025-12-05,Happiness Zone,Happiness Zone,269204.1123607348,400768.74637738196,169.2041123607348,300.768746377382,-32.8280673595141
2025-12-08,Happiness Zone,Happiness Zone,268677.97734087164,399564.74915382796,168.67797734087162,299.56474915382796,-32.75733709996683
2025-12-09,Happiness Zone,Happiness Zone,268546.5823785569,399219.87591862434,168.54658237855688,299.2198759186243,-32.73216125308937
2025-12-10,Happiness Zone,Happiness Zone,270226.0160198463,401867.58928635315,170.22601601984633,301.86758928635317,-32.75744966153636
2025-12-11,Happiness Zone,Happiness Zone,271054.5984555441,402802.7077504347,171.0545984555441,302.80270775043465,-32.707850955291505
2025-12-12,Happiness Zone,Happiness Zone,267886.70695972233,398471.77399157046,167.88670695972235,298.47177399157044,-32.7714722987156
2025-12-15,Happiness Zone,Happiness Zone,267175.70967587194,397869.75749032176,167.17570967587193,297.8697574903217,-32.848449864307405
2025-12-16,Happiness Zone,Happiness Zone,266621.1527890964,396782.65007477795,166.62115278909639,296.7826500747779,-32.804231047186974
2025-12-17,Happiness Zone,Happiness Zone,263849.7504946377,392416.61717246164,163.84975049463768,292.41661717246166,-32.76284974989237
2025-12-18,Happiness Zone,Happiness Zone,265679.18614858604,395379.8650418256,165.67918614858604,295.37986504182555,-32.804067774042835
2025-12-19,Happiness Zone,Happiness Zone,268080.0922438319,398963.37667356007,168.08009224383193,298.9633766735601,-32.80583935322453
2025-12-22,Happiness Zone,Happiness Zone,269835.3471441974,401448.86831202096,169.83534714419739,301.4488683120209,-32.78462876759903
2025-12-23,Happiness Zone,Happiness Zone,270654.2565589519,403283.6840862415,170.6542565589519,303.28368408624146,-32.88737748659503
2025-12-24,Happiness Zone,Happiness Zone,271632.7116424219,404702.28341216623,171.6327116424219,304.70228341216625,-32.88085519256153
2025-12-26,Happiness Zone,Happiness Zone,271539.5079338556,404661.2449641137,171.53950793385556,304.66124496411373,-32.8970808761446
2025-12-29,Happiness Zone,Happiness Zone,270538.67372248555,403219.1746513342,170.53867372248556,303.2191746513342,-32.90530541946032
2025-12-30,Happiness Zone,Happiness Zone,270042.7676538313,402726.7848325903,170.04276765383128,302.7267848325903,-32.946409867899526
2025-12-31,Happiness Zone,Happiness Zone,267989.7434822731,399742.9998497284,167.98974348227307,299.74299984972845,-32.95949057694171
2026-01-02,Happiness Zone,Happiness Zone,268084.99657144333,400475.7526100739,168.0849965714433,300.47575261007387,-33.05836999513271
