Date,Quadrant,Strategy_Value,Benchmark_Value,Strategy_Return,Benchmark_Return,Outperformance
2000-01-03,Unknown,99960.0,100000.00000000001,-0.039999999999995595,2.220446049250313e-14,-0.0400000000000178
2000-01-04,Unknown,96831.57027310904,96089.46284138631,-3.1684297268909534,-3.9105371586136917,0.7723088565368741
2000-01-05,Unknown,96969.02707740157,96261.28384675196,-3.0309729225984294,-3.738716153248034,0.7352314475426391
2000-01-06,Unknown,95731.38287970607,94714.22859963258,-4.268617120293927,-5.285771400367423,1.073919193675854
2000-01-07,Unknown,100131.89262173972,100214.86577717465,0.1318926217397154,0.21486577717464428,-0.08279525676302413
2000-01-10,Unknown,100406.93947009047,100558.67433761309,0.4069394700904727,0.5586743376130965,-0.1508918733486797
2000-01-11,Unknown,99444.32879676914,99355.41099596143,-0.5556712032308564,-0.644589004038576,0.08949467363315033
2000-01-12,Unknown,98653.61074518753,98367.01343148442,-1.3463892548124745,-1.632986568515582,0.2913551034084527
2000-01-13,Unknown,99719.40895506131,99699.26119382665,-0.2805910449386828,-0.3007388061733507,0.02020853614501661
2000-01-14,Unknown,100802.33513681684,101052.91892102106,0.8023351368168452,1.052918921021062,-0.24797283134401216
2000-01-18,Unknown,100166.30845322207,100257.88556652758,0.16630845322207488,0.25788556652757144,-0.09134155661475463
2000-01-19,Unknown,100819.5030806283,101074.37885078538,0.8195030806283032,1.0743788507853846,-0.25216654611683875
2000-01-20,Unknown,99581.87886889765,99527.34858612207,-0.4181211311023558,-0.47265141387793363,0.05478924491633119
2000-01-21,Unknown,99409.93961323994,99312.42451654993,-0.5900603867600607,-0.6875754834500647,0.09819022862920246
2000-01-24,Unknown,97158.14093885903,96497.67617357378,-2.841859061140972,-3.5023238264262235,0.6844359278634249
2000-01-25,Unknown,98034.79197733392,97593.48997166741,-1.9652080226660762,-2.406510028332587,0.45218385549550266
2000-01-26,Unknown,97415.95988550375,96819.94985687968,-2.5840401144962555,-3.1800501431203165,0.6155859711816536
2000-01-27,Unknown,97106.59713549493,96433.24641936868,-2.893402864505068,-3.566753580631321,0.6982557791303412
2000-01-28,Unknown,94700.02048727949,93425.02560909935,-5.29997951272051,-6.574974390900645,1.3647252113313302
2000-01-31,Unknown,96728.39606053317,95960.49507566646,-3.2716039394668384,-4.039504924333537,0.8002261600059457
2000-02-01,Unknown,97484.73159057385,96905.91448821733,-2.5152684094261524,-3.0940855117826738,0.5972980136593309
2000-02-02,Unknown,97553.46998570254,96991.83748212819,-2.4465300142974544,-3.008162517871804,0.5790513079802606
2000-02-03,Unknown,98722.4024362225,98453.00304527814,-1.2775975637774994,-1.5469969547218687,0.27363247703116045
2000-02-04,Unknown,98395.7917985428,98044.73974817852,-1.6042082014571912,-1.955260251821489,0.3580529167255042
2000-02-07,Unknown,98275.45630414375,97894.32038017969,-1.724543695856251,-2.105679619820311,0.38933405174466085
2000-02-08,Unknown,99341.24785202925,99226.55981503657,-0.6587521479707537,-0.7734401849634254,0.11558199458538976
2000-02-09,Unknown,97673.79215612503,97142.2401951563,-2.3262078438749723,-2.857759804843707,0.5471893173359499
2000-02-10,Unknown,97828.52349604157,97335.65437005197,-2.171476503958436,-2.6643456299480284,0.5063603149117357
2000-02-11,Unknown,96247.0674069135,95358.83425864187,-3.7529325930865,-4.641165741358122,0.931463933233978
2000-02-14,Unknown,96694.00021501568,95917.5002687696,-3.305999784984315,-4.0824997312304045,0.8095498152790315
2000-02-15,Unknown,97562.11724649699,97002.64655812124,-2.437882753503018,-2.9973534418787584,0.5767581692119439
2000-02-16,Unknown,96418.99333859465,95573.7416732433,-3.5810066614053504,-4.4262583267566935,0.8843973779337544
2000-02-17,Unknown,96023.65762976283,95079.57203720354,-3.9763423702371625,-4.920427962796459,0.9929426188307611
2000-02-18,Unknown,94390.62442732924,93038.28053416156,-5.609375572670761,-6.961719465838446,1.453534916384358
2000-02-22,Unknown,94201.51056587178,92801.88820733974,-5.798489434128218,-7.198111792660256,1.5081830613241198
2000-02-23,Unknown,95078.21490025296,93897.76862531621,-4.921785099747034,-6.102231374683786,1.2571611575213693
2000-02-24,Unknown,93565.55050215987,92006.93812769983,-6.434449497840133,-7.993061872300167,1.6940161320190716
2000-02-25,Unknown,93299.0842947207,91673.85536840088,-6.700915705279298,-8.326144631599119,1.772837980674713
2000-02-28,Unknown,94837.5638974197,93596.95487177464,-5.162436102580292,-6.40304512822536,1.3254801156134421
2000-02-29,Unknown,95559.5102439312,94499.387804914,-4.4404897560688,-5.5006121950859965,1.1218299542910648
2000-03-01,Unknown,96109.59061665612,95186.98827082016,-3.8904093833438846,-4.8130117291798395,0.969252586510061
2000-03-02,Unknown,96161.12775803193,95251.40969753992,-3.838872241968072,-4.748590302460087,0.9550704429264867
2000-03-03,Unknown,97587.88581718488,97034.85727148112,-2.412114182815117,-2.965142728518888,0.5699277159304961
2000-03-06,Unknown,96831.57027310904,96089.46284138631,-3.1684297268909534,-3.9105371586136917,0.7723088565368741
2000-03-07,Unknown,95344.6011638327,94230.75145479088,-4.6553988361673015,-5.769248545209116,1.1820448121717675
2000-03-08,Unknown,95250.07421205126,94112.59276506408,-4.749925787948738,-5.887407234935916,1.2086389435967515
2000-03-09,Unknown,97450.36239300952,96862.95299126189,-2.5496376069904847,-3.137047008738114,0.6064335059045911
2000-03-10,Unknown,97037.78545849511,96347.2318231189,-2.9622145415048817,-3.652768176881105,0.7167342769577312
2000-03-13,Unknown,96195.49695559627,95294.37119449534,-3.8045030444037287,-4.705628805504658,0.9456232826823951
2000-03-14,Unknown,95112.57077384074,93940.71346730093,-4.887429226159268,-6.059286532699071,1.247443481412036
2000-03-15,Unknown,96865.91282272025,96132.39102840032,-3.134087177279754,-3.8676089715996786,0.7630329241506306
2000-03-16,Unknown,100458.50992140769,100623.13740175962,0.4585099214077015,0.6231374017596325,-0.16360797784968906
2000-03-17,Unknown,100990.54296786748,101288.17870983436,0.9905429678674915,1.2881787098343533,-0.29385042337420897
2000-03-20,Unknown,100576.96673511027,100771.20841888785,0.5769667351102736,0.7712084188878476,-0.19275513991074966
2000-03-21,Unknown,102231.31163806883,102839.13954758605,2.2313116380688225,2.839139547586056,-0.5910472532065114
2000-03-22,Unknown,102731.08067526246,103463.85084407809,2.731080675262465,3.4638508440780758,-0.7082378655323018
2000-03-23,Unknown,104144.22163036009,105230.27703795012,4.144221630360079,5.230277037950115,-1.0320750245657484
2000-03-24,Unknown,104643.97068158886,105854.96335198608,4.64397068158886,5.8549633519860755,-1.1440112320198481
2000-03-27,Unknown,103747.87329930889,104734.84162413613,3.7478732993089015,4.734841624136132,-0.9423495653616221
2000-03-28,Unknown,103265.36547376272,104131.7068422034,3.265365473762727,4.131706842203409,-0.8319669337154889
2000-03-29,Unknown,103351.50498229286,104239.38122786608,3.3515049822928633,4.239381227866068,-0.851766611730298
2000-03-30,Unknown,101955.61191486612,102494.51489358266,1.9556119148661288,2.4945148935826555,-0.5257871401958103
2000-03-31,Unknown,102886.21173447614,103657.76466809517,2.8862117344761407,3.657764668095176,-0.7443271964135967
2000-04-03,Unknown,103285.66771241829,104260.8994500279,3.2856677124182943,4.2608994500279,-0.9353762942329369
2000-04-04,Unknown,102670.59872633123,103485.4273586374,2.670598726331219,3.485427358637394,-0.7873849034630953
2000-04-05,Unknown,102157.99280140232,102839.13954758605,2.1579928014023197,2.839139547586056,-0.6623419343843806
2000-04-06,Unknown,102867.07047371795,103733.13673805904,2.8670704737179475,3.7331367380590397,-0.8348983666887744
2000-04-07,Unknown,103388.20342836098,104390.17533270596,3.388203428360992,4.390175332705959,-0.959833529497911
2000-04-10,Unknown,103063.53561612425,103980.83778999532,3.0635356161242466,3.9808377899953173,-0.8821838651884018
2000-04-11,Unknown,102824.35606538238,103679.28289025699,2.824356065382383,3.679282890256985,-0.8245879032357295
2000-04-12,Unknown,100569.05908319372,100835.82970525615,0.5690590831937126,0.8358297052561525,-0.264559356373828
2000-04-13,Unknown,99458.46465152764,99435.60467994685,-0.5415353484723551,-0.5643953200531571,0.022989724510025233
2000-04-14,Unknown,94947.85087220909,93748.67332748912,-5.052149127790906,-6.251326672510881,1.2791408157115214
2000-04-17,Unknown,97544.91596092562,97023.02391478918,-2.4550840390743844,-2.976976085210814,0.5379053600666817
2000-04-18,Unknown,99578.09405678106,99586.43209472815,-0.4219059432189365,-0.41356790527184994,-0.008372664600697632
2000-04-19,Unknown,98843.38245547975,98660.11593358565,-1.1566175445202553,-1.339884066414354,0.18575542929371025
2000-04-20,Unknown,99219.27189082494,99134.03312523781,-0.7807281091750662,-0.8659668747621918,0.08598335294141002
2000-04-24,Unknown,98364.99693407434,98056.97282416758,-1.6350030659256554,-1.9430271758324236,0.3141276964149231
2000-04-25,Unknown,101594.17846332576,102128.28874256388,1.5941784633257683,2.1282887425638775,-0.5229797598826469
2000-04-26,Unknown,100680.09540892889,100975.82306158834,0.6800954089288824,0.9758230615883434,-0.29286976198161785
2000-04-27,Unknown,100415.30174414258,100641.97417363657,0.41530174414257104,0.6419741736365614,-0.22522653331791265
2000-04-28,Unknown,99919.75648362232,100017.19625726168,-0.08024351637768712,0.01719625726168683,-0.09742302052612173
2000-05-01,Unknown,100996.22958647109,101374.40149321806,0.9962295864710979,1.3744014932180582,-0.3730447738054088
2000-05-02,Unknown,99390.11631420639,99349.43186147528,-0.6098836857936107,-0.6505681385247208,0.04095086601787479
2000-05-03,Unknown,97544.91596092562,97023.02391478918,-2.4550840390743844,-2.976976085210814,0.5379053600666817
2000-05-04,Unknown,98125.7843584304,97755.37628700247,-1.8742156415695987,-2.244623712997529,0.37891324804524285
2000-05-05,Unknown,99065.48152687172,98940.13595619144,-0.9345184731282763,-1.059864043808556,0.12668829435991125
2000-05-08,Unknown,98476.01344486827,98196.94119804369,-1.5239865551317289,-1.8030588019563143,0.2841964764072946
2000-05-09,Unknown,97852.40421910625,97410.70166808693,-2.147595780893752,-2.5892983319130702,0.45344355748957454
2000-05-10,Unknown,96109.64050706197,95213.44469179853,-3.8903594929380336,-4.786555308201468,0.9412492302577347
2000-05-11,Unknown,97835.2973198347,97389.13348101296,-2.164702680165298,-2.6108665189870317,0.4581248676051919
2000-05-12,Unknown,98672.55124205911,98444.73385231888,-1.3274487579408856,-1.5552661476811225,0.23141653273397456
2000-05-15,Unknown,100022.31201450624,100146.49712239581,0.02231201450624276,0.1464971223958056,-0.1240034464089046
2000-05-16,Unknown,100791.15154960529,101115.8414003766,0.7911515496052957,1.1158414003765937,-0.3211068080674617
2000-05-17,Unknown,99953.93725726334,100060.29099398282,-0.04606274273665223,0.060290993982814456,-0.10628965363080889
2000-05-18,Unknown,98980.05271020059,98832.42826058734,-1.0199472897994166,-1.167571739412654,0.14936843322721494
2000-05-19,Unknown,97749.92794798728,97281.50073277709,-2.2500720520127193,-2.718499267222918,0.4815172583499949
2000-05-22,Unknown,97168.97368573712,96549.04010325417,-2.8310263142628855,-3.450959896745831,0.642091917040255
2000-05-23,Unknown,96041.30537970155,95127.28852829768,-3.958694620298453,-4.872711471702318,0.9608355978021788
2000-05-24,Unknown,97271.52921662106,96678.3409683883,-2.7284707833789446,-3.3216590316117123,0.6135689155306601
2000-05-25,Unknown,95955.88316801083,95019.58916017893,-4.044116831989175,-4.9804108398210705,0.9853694549800007
2000-05-26,Unknown,96041.30537970155,95127.28852829768,-3.958694620298453,-4.872711471702318,0.9608355978021788
2000-05-30,Unknown,98501.68039875601,98229.30180613998,-1.4983196012439914,-1.7706981938600208,0.27728853570962997
2000-05-31,Unknown,98672.55124205911,98444.73385231888,-1.3274487579408856,-1.5552661476811225,0.23141653273397456
2000-06-01,Unknown,100039.40570381697,100168.04865449906,0.039405703816974835,0.16804865449906448,-0.12842713061707034
2000-06-02,Unknown,101423.33403994431,101912.8900063264,1.4233340399443017,1.9128900063263954,-0.4803670726555742
2000-06-05,Unknown,101030.34431030798,101417.41295508563,1.0303443103079735,1.4174129550856396,-0.38165896121711285
2000-06-06,Unknown,100671.55516925393,100965.05562302208,0.6715551692539234,0.965055623022093,-0.2906950845092515
2000-06-07,Unknown,101226.88210749884,101665.20560936084,1.226882107498839,1.6652056093608314,-0.43114406667923433
2000-06-08,Unknown,100910.7809548587,101266.6688151579,0.9107809548587031,1.2666688151578898,-0.35143632595321384
2000-06-09,Unknown,100739.89029661435,101051.21178652292,0.7398902966143428,1.051211786522921,-0.3080828862955687
2000-06-12,Unknown,99800.16670825137,99866.41880739252,-0.19983329174863007,-0.13358119260747925,-0.06634071786324469
2000-06-13,Unknown,101286.63076032141,101740.53604189793,1.2866307603214056,1.740536041897922,-0.4461400531540316
2000-06-14,Unknown,101423.33403994431,101912.8900063264,1.4233340399443017,1.9128900063263954,-0.4803670726555742
2000-06-15,Unknown,101594.17846332576,102128.28874256388,1.5941784633257683,2.1282887425638775,-0.5229797598826469
2000-06-16,Unknown,100928.58798205412,101289.11971567967,0.9285879820541076,1.2891197156796652,-0.35594319966208987
2000-06-19,Unknown,101956.16441490006,102584.6765775401,1.9561644149000745,2.5846765775400904,-0.6126764577407129
2000-06-20,Unknown,101664.95082845885,102217.51774816136,1.6649508284588554,2.2175177481613684,-0.5405794739253067
2000-06-21,Unknown,101630.7634498374,102174.41468395486,1.6307634498373913,2.174414683954873,-0.5320815742366425
2000-06-22,Unknown,100397.69286635958,100619.7730976755,0.397692866359578,0.6197730976754912,-0.22071231575958583
2000-06-23,Unknown,99712.6507177695,99756.0796264157,-0.28734928223049794,-0.2439203735843054,-0.04353509962383706
2000-06-26,Unknown,100731.66709599926,101040.84406725378,0.7316670959992555,1.0408440672537767,-0.3059920709378994
2000-06-27,Unknown,100140.7987581481,100295.8838822104,0.1407987581480974,0.2958838822104015,-0.15462760589899371
2000-06-28,Unknown,100363.45264789482,100576.60341358616,0.3634526478948352,0.5766034135861631,-0.21192877712803426
2000-06-29,Unknown,99609.91024743397,99626.54559169158,-0.3900897525660252,-0.3734544083084157,-0.016697702563917005
2000-06-30,Unknown,100209.27919507762,100382.22325038908,0.20927919507760517,0.3822232503890799,-0.17228553992083562
2000-07-03,Unknown,101224.52259878625,101764.20275528177,1.2245225987862485,1.764202755281774,-0.5303241629999511
2000-07-05,Unknown,99762.8733338555,99928.86662008273,-0.23712666614449374,-0.07113337991727642,-0.1661114469138414
2000-07-06,Unknown,100381.87992402697,100706.12912082492,0.38187992402696214,0.7061291208249276,-0.32197563309073196
2000-07-07,Unknown,101671.61570523288,102325.60018060652,1.6716157052328873,2.325600180606524,-0.6391210745105291
2000-07-10,Unknown,101534.02257789552,102152.82984191019,1.5340225778955219,2.1528298419101866,-0.6057661495744382
2000-07-11,Unknown,101705.96258943205,102368.72822726908,1.705962589432053,2.368728227269079,-0.6474297857502198
2000-07-12,Unknown,102239.05886141158,103038.11648270003,2.2390588614115803,3.038116482700026,-0.7754971155966461
2000-07-13,Unknown,102600.18859404288,103491.57304283069,2.6001885940428737,3.4915730428306757,-0.8613111411678975
2000-07-14,Unknown,103408.39816921495,104506.41037331535,3.4083981692149434,4.506410373315339,-1.0506649306756377
2000-07-17,Unknown,103270.81167383051,104333.64836210439,3.2708116738305204,4.333648362104392,-1.0186902355653782
2000-07-18,Unknown,102591.5604232873,103480.73898438156,2.591560423287298,3.4807389843815706,-0.8592696281657486
2000-07-19,Unknown,101929.51909058476,102649.43943115948,1.9295190905847637,2.6494394311594727,-0.7013387940199456
2000-07-20,Unknown,103064.44519465971,104074.52200025866,3.064445194659715,4.074522000258662,-0.9705322553356877
2000-07-21,Unknown,101448.04594017433,102044.8723217454,1.4480459401743362,2.0448723217453946,-0.5848666062213126
2000-07-24,Unknown,100983.74954783994,101461.87339940527,0.9837495478399294,1.4618733994052668,-0.4712349925604098
2000-07-25,Unknown,101241.68609295644,101785.75428738503,1.241686092956451,1.785754287385033,-0.5345229283190811
2000-07-26,Unknown,100450.66653976626,100792.50179894503,0.4506665397662646,0.7925017989450334,-0.33914750906832714
2000-07-27,Unknown,100175.49354899739,100446.97777652311,0.17549354899739633,0.44697777652311643,-0.2702761531857445
2000-07-28,Unknown,98369.96426099357,98179.84487060629,-1.6300357390064302,-1.820155129393708,0.193644011800842
2000-07-31,Unknown,98868.66059315053,98806.03845949183,-1.131339406849463,-1.1939615405081705,0.06337885278577815
2000-08-01,Unknown,99350.14037551389,99410.61389639127,-0.6498596244861155,-0.5893861036087356,-0.06083205656531865
2000-08-02,Unknown,99745.6302562502,99907.2151581552,-0.2543697437498049,-0.09278484184479519,-0.1617349674387536
2000-08-03,Unknown,100295.92981411748,100598.20491060155,0.2959298141174793,0.5982049106015408,-0.30047762457857674
2000-08-04,Unknown,100725.79973881759,101137.97585645481,0.7257997388175896,1.1379758564548093,-0.40753842871269486
2000-08-07,Unknown,101688.76593549723,102347.13505773904,1.6887659354972273,2.347135057739047,-0.6432706903523933
2000-08-08,Unknown,101998.30570632406,102735.8121092796,1.9983057063240661,2.7358121092796006,-0.7178669130206261
2000-08-09,Unknown,101310.45944478989,101872.11031053444,1.310459444789891,1.8721103105344472,-0.5513293717313683
2000-08-10,Unknown,100914.9761960065,101375.51737625587,0.9149761960064895,1.3755173762558748,-0.4542923105783747
2000-08-11,Unknown,101293.28931866676,101850.55045094584,1.2932893186667682,1.8505504509458426,-0.5471361026639365
2000-08-14,Unknown,102324.98907546229,103146.01571046734,2.3249890754622804,3.1460157104673314,-0.7959848272857117
2000-08-15,Unknown,102256.28867511103,103059.75128965685,2.256288675111029,3.0597512896568535,-0.7796085324207946
2000-08-16,Unknown,101963.9389262661,102692.65908016097,1.9639389262660956,2.692659080160964,-0.7096127030132071
2000-08-17,Unknown,102823.73183128973,103772.26759175037,2.823731831289722,3.7722675917503556,-0.9140551541113706
2000-08-18,Unknown,102548.58536833255,103426.77687926988,2.5485853683325566,3.426776879269866,-0.8490949224516986
2000-08-21,Unknown,102995.69173868504,103988.19095956533,2.9956917386850357,3.9881909595653298,-0.954434548501959
2000-08-22,Unknown,102858.09861134768,103815.420620869,2.8580986113476925,3.8154206208689923,-0.9221385453105579
2000-08-23,Unknown,103184.8284041564,104225.68251445424,3.1848284041564145,4.225682514454232,-0.9986541562378215
2000-08-24,Unknown,103442.75168536705,104549.54674746328,3.4427516853670515,4.5495467474632845,-1.0586320998307697
2000-08-25,Unknown,103408.39816921495,104506.41037331535,3.4083981692149434,4.506410373315339,-1.0506649306756377
2000-08-28,Unknown,103692.10648339846,104862.6518693914,3.6921064833984607,4.862651869391388,-1.1162652909549542
2000-08-29,Unknown,103709.27660952158,104884.21172898001,3.7092766095215834,4.884211728980015,-1.1202211468151702
2000-08-30,Unknown,102909.63551752875,103880.13350957625,2.9096355175287414,3.8801335095762557,-0.93424792523783
2000-08-31,Unknown,104010.22800131037,105262.10468698357,4.0102280013103675,5.26210468698356,-1.1892947508468366
2000-09-01,Unknown,104096.19800707864,105370.05387966301,4.096198007078633,5.370053879663006,-1.208935390731769
2000-09-05,Unknown,103425.574927291,104527.97856038931,3.4255749272910085,4.527978560389312,-1.0546493372216248
2000-09-06,Unknown,102479.79875259325,103340.40420114975,2.479798752593254,3.3404042011497603,-0.8327869967310608
2000-09-07,Unknown,103184.8284041564,104225.68251445424,3.1848284041564145,4.225682514454232,-0.9986541562378215
2000-09-08,Unknown,102617.35208821307,103513.12457493393,2.6173520882130763,3.5131245749339346,-0.8653709279854649
2000-09-11,Unknown,102496.96887871638,103361.96406073836,2.496968878716377,3.361964060738365,-0.8368602414653092
2000-09-12,Unknown,101895.17220638559,102606.31138449692,1.8951722063855758,2.6063113844969177,-0.6930754731514277
2000-09-13,Unknown,102110.07400897102,102876.15521999677,2.110074008971008,2.876155219996779,-0.7446635319793171
2000-09-14,Unknown,102522.80696731263,103394.40794368822,2.5228069673126408,3.3944079436882157,-0.8429865731716224
2000-09-15,Unknown,100721.29664278144,101132.32149389759,0.7212966427814438,1.1323214938975923,-0.4064228379657586
2000-09-18,Unknown,99980.0101045767,100201.5168181478,-0.01998989542331131,0.20151681814779554,-0.2210612379981325
2000-09-19,Unknown,100704.04030127029,101110.65337699934,0.7040403012702923,1.1106533769993376,-0.40214662070569007
2000-09-20,Unknown,100109.31329075767,100363.87780014818,0.10931329075767326,0.3638778001481935,-0.25364156404700244
2000-09-21,Unknown,98893.96149355984,98837.8078161278,-1.1060385064401657,-1.1621921838722016,0.05681396489136681
2000-09-22,Unknown,100324.80533715343,100634.46278184479,0.3248053371534443,0.6344627818448023,-0.30770516991046604
2000-09-25,Unknown,99755.93631109582,99920.15607039958,-0.24406368890417252,-0.07984392960042053,-0.1643509835873913
2000-09-26,Unknown,98738.82685073555,98643.0112786629,-1.2611731492644496,-1.3569887213370935,0.0971336649506549
2000-09-27,Unknown,99152.54133811008,99162.49647018715,-0.8474586618899216,-0.8375035298128441,-0.010039210822065936
2000-09-28,Unknown,100169.65079847036,100439.64126192383,0.16965079847035547,0.4396412619238177,-0.2688086696261527
2000-09-29,Unknown,99411.1410785191,99487.21010670258,-0.5888589214809059,-0.5127898932974162,-0.07646111304346892
2000-10-02,Unknown,99452.30768196097,99638.71204779777,-0.5476923180390281,-0.3612879522022272,-0.18708026429263835
2000-10-03,Unknown,98708.46297033917,98707.907372048,-1.2915370296608275,-1.2920926279520017,0.0005628711072569459
2000-10-04,Unknown,99365.80142021754,99530.4630656455,-0.6341985797824634,-0.4695369343544975,-0.16543844000741492
2000-10-05,Unknown,99642.59616940551,99876.82816408845,-0.35740383059448266,-0.12317183591155079,-0.23452085832973424
2000-10-06,Unknown,97912.72381844693,97712.16496548633,-2.087276181553066,-2.2878350345136744,0.20525474287818035
2000-10-09,Unknown,97324.5624276364,96976.17348217215,-2.6754375723636037,-3.0238265178278545,0.3592521059085696
2000-10-10,Unknown,96044.48403967317,95374.35669134684,-3.9555159603268275,-4.62564330865316,0.7026284334425759
2000-10-11,Unknown,95404.42155375247,94573.41914973545,-4.5955784462475275,-5.426580850264551,0.8786849534342389
2000-10-12,Unknown,93518.87919166208,92213.95941366843,-6.481120808337915,-7.786040586331566,1.4151000415672632
2000-10-13,Unknown,95975.30698060532,95287.79248106352,-4.024693019394676,-4.712207518936484,0.7215137234692914
2000-10-16,Unknown,96321.26547918167,95720.70513481909,-3.6787345208183275,-4.2792948651809155,0.6274090266225274
2000-10-17,Unknown,94418.42053377465,93339.59393682455,-5.58157946622535,-6.660406063175451,1.1558081104148465
2000-10-18,Unknown,94141.62578458668,92993.22883838159,-5.8583742154133205,-7.006771161618408,1.2349253387049952
2000-10-19,Unknown,96943.99876242678,96499.95790456152,-3.0560012375732137,-3.5000420954384714,0.46014616742571235
2000-10-20,Unknown,97272.66798736597,96911.23575136029,-2.7273320126340206,-3.088764248639708,0.37295183907570806
2000-10-23,Unknown,97618.659760141,97344.19004254263,-2.381340239858998,-2.655809957457367,0.28195798586276855
2000-10-24,Unknown,97099.72201227648,96694.82106190929,-2.9002779877235207,-3.3051789380907137,0.41874109277058036
2000-10-25,Unknown,95283.330089895,94421.89222618417,-4.716669910104998,-5.578107773815832,0.9123285325052466
2000-10-26,Unknown,95490.95443485485,94681.70144182915,-4.509045565145153,-5.318298558170853,0.8547089677332087
2000-10-27,Unknown,96926.68952427042,96478.29811514865,-3.073310475729585,-3.521701884851358,0.4647588295832117
2000-10-30,Unknown,97618.659760141,97344.19004254263,-2.381340239858998,-2.655809957457367,0.28195798586276855
2000-10-31,Unknown,98959.33046391114,99021.82858754108,-1.0406695360888563,-0.9781714124589169,-0.06311550142167333
2000-11-01,Unknown,98691.14707734306,98686.23925514975,-1.3088529226569334,-1.3137607448502564,0.004973157585452803
2000-11-02,Unknown,98820.9164522178,98848.62521960621,-1.1790835477822004,-1.151374780393788,-0.02803151518481206
2000-11-03,Unknown,98864.1928750286,98902.7788568811,-1.1358071249713997,-1.0972211431189094,-0.039014052282926315
2000-11-06,Unknown,99417.72913468666,99595.44243388415,-0.5822708653133501,-0.4045575661158485,-0.17843517218718574
2000-11-07,Unknown,99400.41324169055,99573.7743169859,-0.5995867583094561,-0.42622568301410313,-0.17410314762547063
2000-11-08,Unknown,97635.98230797685,97365.86648692623,-2.364017692023146,-2.6341335130737664,0.2774235271524983
2000-11-09,Unknown,97341.88497547225,96997.84992655575,-2.658115024527752,-3.002150073444254,0.35468316996407623
2000-11-10,Unknown,95456.32264886264,94638.36520803267,-4.543677351137365,-5.3616347919673295,0.8642979398808759
2000-11-13,Unknown,94868.18122257132,93902.39870717457,-5.131818777428676,-6.097601292825439,1.0284961073342203
2000-11-14,Unknown,96840.2032270462,96370.07411545243,-3.1597967729538046,-3.629925884547569,0.4878372419124144
2000-11-15,Unknown,97082.40611928038,96673.15294501104,-2.9175938807196267,-3.3268470549889573,0.42333694702409996
2000-11-16,Unknown,95871.51810006447,95157.91701943977,-4.128481899935532,-4.842082980560225,0.7499124644341659
2000-11-17,Unknown,95465.0005598799,94649.22424893786,-4.534999440120091,-5.350775751062143,0.8618943445288796
2000-11-20,Unknown,94383.82202198112,93296.29934045485,-5.616177978018877,-6.703700659545153,1.1656654006797273
2000-11-21,Unknown,94764.39899687021,93772.53157303618,-5.235601003129798,-6.2274684269638225,1.057737705483075
2000-11-22,Unknown,92974.01418818157,91532.1465500852,-7.025985811818436,-8.467853449914797,1.5752581933685894
2000-11-24,Unknown,94470.3216288848,93404.53999512177,-5.529678371115199,-6.595460004878229,1.1410383626092369
2000-11-27,Unknown,95127.64676908372,94227.07903374857,-4.872353230916282,-5.772920966251438,0.9557419635310982
2000-11-28,Unknown,93830.27245264359,92603.61910848109,-6.169727547356407,-7.396380891518916,1.3246278665691724
2000-11-29,Unknown,93691.87840546947,92430.44072300228,-6.308121594530536,-7.569559276997728,1.3647426893132586
2000-11-30,Unknown,93051.84253890773,91629.5364913323,-6.948157461092263,-8.370463508667703,1.5522353403042422
2000-12-01,Unknown,93017.23737227447,91586.23356747725,-6.982762627725537,-8.41376643252275,1.5624660487243647
2000-12-04,Unknown,93639.96400067984,92365.47800973435,-6.360035999320157,-7.634521990265652,1.3798293674300854
2000-12-05,Unknown,96061.76000363086,95395.97484333295,-3.9382399963691417,-4.6040251566670465,0.697917455522945
2000-12-06,Unknown,94842.2340024361,93869.92984176862,-5.157765997563901,-6.130070158231382,1.035799389971248
2000-12-07,Unknown,93812.94324996801,92581.93433661212,-6.187056750031994,-7.418065663387885,1.3296426804825234
2000-12-08,Unknown,93985.95577345487,92798.43230091668,-6.014044226545123,-7.201567699083311,1.2796805324118088
2000-12-11,Unknown,96563.46171657612,96023.77563689233,-3.4365382834238845,-3.976224363107672,0.5620338047574558
2000-12-12,Unknown,96234.77918195745,95612.48113512287,-3.7652208180425473,-4.387518864877126,0.6508544067119537
2000-12-13,Unknown,95188.17253649325,94302.81751306812,-4.811827463506746,-5.697182486931885,0.9388425995887628
2000-12-14,Unknown,94228.15866568906,93101.5111304753,-5.771841334310945,-6.89848886952471,1.2101280865729924
2000-12-15,Unknown,92547.6585707405,90998.62954573485,-7.452341429259501,-9.001370454265157,1.702255333666458
2000-12-18,Unknown,93519.33837560395,92214.53401015804,-6.480661624396045,-7.785465989841967,1.4149660673903997
2000-12-19,Unknown,92018.43909548206,90336.39460022534,-7.9815609045179485,-9.663605399774667,1.8619787768821672
2000-12-20,Unknown,89927.56830814113,87719.99863096142,-10.072431691858874,-12.280001369038585,2.516609338386977
2000-12-21,Unknown,90413.41153799272,88327.95502691569,-9.586588462007272,-11.672044973084306,2.3610379187897435
2000-12-22,Unknown,92530.30274870597,90976.91146392447,-7.469697251294027,-9.02308853607553,1.7074566060615082
2000-12-26,Unknown,93311.16833378564,91954.04194071381,-6.688831666214368,-8.045958059286185,1.4758746482800733
2000-12-27,Unknown,93849.0391007024,92627.10261718709,-6.150960899297598,-7.372897382812904,1.3191997255548094
2000-12-28,Unknown,94074.62485811287,92909.38771580992,-5.925375141887123,-7.090612284190079,1.2541651290041589
2000-12-29,Unknown,92669.1093959438,91150.60615349538,-7.330890604056195,-8.849393846504627,1.6659277502678371
2001-01-02,Unknown,91278.11768552224,89500.47329263025,-8.721882314477758,-10.499526707369744,1.986184349081399
2001-01-03,Unknown,94788.47097158767,93799.5542630188,-5.211529028412332,-6.200445736981197,1.0542872152631944
2001-01-04,Unknown,93964.08342045124,92789.93826585282,-6.035916579548761,-7.210061734147177,1.2653798208533962
2001-01-05,Unknown,91490.83237107888,89760.9820170452,-8.509167628921121,-10.2390179829548,1.9271740517557978
2001-01-08,Unknown,92058.18486072101,90455.81074024101,-7.941815139278985,-9.544189259758994,1.7714440978053858
2001-01-09,Unknown,91863.15616746475,90216.96180523894,-8.136843832535245,-9.783038194761062,1.8247060522605718
2001-01-10,Unknown,93157.42945944144,91802.0403504972,-6.842570540558556,-8.197959649502796,1.4764259092383991
2001-01-11,Unknown,93228.33662119014,91888.8793677973,-6.771663378809856,-8.111120632202695,1.4576924461462637
2001-01-12,Unknown,93086.50189862434,91715.17635074104,-6.913498101375659,-8.284823649258966,1.4952002519615926
2001-01-16,Unknown,93565.1796379438,92301.40633739957,-6.434820362056193,-7.6985936626004285,1.369180980758422
2001-01-17,Unknown,93910.9030491397,92724.80900287774,-6.089096950860307,-7.275190997122261,1.2791550168899768
2001-01-18,Unknown,94664.42423666423,93647.63594765577,-5.335575763335775,-6.352364052344228,1.0857596977427164
2001-01-19,Unknown,94230.08047266137,93115.70116552319,-5.7699195273386295,-6.88429883447681,1.1967684216405594
2001-01-22,Unknown,94735.33139841293,93734.47496495587,-5.264668601587063,-6.265525035044139,1.0677570166486294
2001-01-23,Unknown,95338.10347048208,94472.68155937493,-4.661896529517917,-5.527318440625062,0.9160551990505805
2001-01-24,Unknown,95568.61294337055,94754.98331296848,-4.431387056629454,-5.245016687031512,0.8586668499689365
2001-01-25,Unknown,95373.59784949322,94516.15103293712,-4.626402150506781,-5.483848967062876,0.9071960793846756
2001-01-26,Unknown,95284.94349823895,94407.57727885593,-4.71505650176105,-5.592422721144075,0.9293387720262114
2001-01-29,Unknown,95696.24991433189,94911.29854059988,-4.303750085668112,-5.0887014594001245,0.8270368078424628
2001-01-30,Unknown,96377.05522270982,95745.07135697291,-3.6229447772901713,-4.254928643027089,0.6600693453772122
2001-01-31,Unknown,95934.55183134809,95203.14359241223,-4.065448168651908,-4.796856407587768,0.7682605965903644
2001-02-01,Unknown,96450.8046546552,95835.39126315212,-3.549195345344791,-4.164608736847875,0.642156705776098
2001-02-02,Unknown,94675.0453516097,93660.643479783,-5.324954648390301,-6.339356520216999,1.0830609679140846
2001-02-05,Unknown,95236.69970147955,94348.49377024986,-4.763300298520456,-5.651506229750147,0.9414097626111451
2001-02-06,Unknown,95009.7600655606,94070.5639464686,-4.990239934439411,-5.929436053531401,0.9983953318558392
2001-02-07,Unknown,94612.57660448799,93584.13887181062,-5.387423395512014,-6.415861128189382,1.0989444846910335
2001-02-08,Unknown,93721.89208106062,92493.3298924164,-6.27810791893938,-7.506670107583602,1.3282711197372121
2001-02-09,Unknown,92995.6784464305,91603.94612883104,-7.004321553569504,-8.396053871168963,1.519292974171793
2001-02-12,Unknown,93852.38492159758,92653.14266389763,-6.147615078402424,-7.346857336102374,1.2943352197455793
2001-02-13,Unknown,93234.0007625151,91895.81616309947,-6.765999237484898,-8.104183836900525,1.456197523770375
2001-02-14,Unknown,93120.53434440035,91756.85541495153,-6.879465655599648,-8.243144585048478,1.48618751512557
2001-02-15,Unknown,93846.71398058315,92646.1975411101,-6.153286019416848,-7.353802458889902,1.2958075682926395
2001-02-16,Unknown,92178.73655525905,90603.44872813068,-7.821263444740955,-9.396551271869324,1.7386621030897498
2001-02-20,Unknown,91038.36743464984,89206.8544864369,-8.961632565350152,-10.793145513563097,2.0531078679513426
2001-02-21,Unknown,89466.89120222347,87282.28934564037,-10.533108797776524,-12.717710654359626,2.5029153943614046
2001-02-22,Unknown,89574.65268087646,87414.26333357401,-10.425347319123535,-12.585736666425994,2.471438029579187
2001-02-23,Unknown,89092.43910303483,86823.70305452996,-10.907560896965162,-13.176296945470034,2.613037648348149
2001-02-26,Unknown,90601.54858368146,88671.88849963447,-9.398451416318544,-11.328111500365534,2.176180204005629
2001-02-27,Unknown,89932.09195702184,87852.01425632184,-10.067908042978157,-12.147985743678158,2.3677063278606747
2001-02-28,Unknown,88519.40887268881,86121.92088106128,-11.48059112731119,-13.878079118938725,2.783830141153709
2001-03-01,Unknown,88888.1764314841,86573.54539441345,-11.111823568515899,-13.426454605586546,2.6736008402169498
2001-03-02,Unknown,88326.5356809932,85885.71175891731,-11.673464319006799,-14.114288241082685,2.841944104657723
2001-03-05,Unknown,88967.65120195963,86670.87704326304,-11.03234879804037,-13.32912295673696,2.6499952891328338
2001-03-06,Unknown,89727.83608516058,87601.86492369068,-10.272163914839416,-12.398135076309325,2.4268560530324557
2001-03-07,Unknown,90238.46556527953,88227.22576404054,-9.761534434720465,-11.77277423595946,2.2796135589913558
2001-03-08,Unknown,90317.87913854986,88324.48246552193,-9.682120861450139,-11.675517534478075,2.2569016170641776
2001-03-09,Unknown,88184.65336060114,85711.95044946353,-11.81534663939886,-14.288049550536464,2.884898661354729
2001-03-12,Unknown,85189.13176274451,82043.37670537533,-14.810868237255493,-17.956623294624674,3.8342583931739505
2001-03-13,Unknown,86289.77029780541,83391.31345012966,-13.710229702194587,-16.608686549870345,3.47572993847749
2001-03-14,Unknown,84945.1521050244,81744.57820329008,-15.054847894975598,-18.255421796709925,3.9153347807053818
2001-03-15,Unknown,84962.21252589395,81765.47186405015,-15.037787474106057,-18.234528135949844,3.909646197797234
2001-03-16,Unknown,83623.07488282233,80125.4485704081,-16.376925117177667,-19.874551429591904,4.365187808391213
2001-03-19,Unknown,84954.23649015064,81755.70372372669,-15.045763509849364,-18.24429627627331,3.9123053447531975
2001-03-20,Unknown,83162.32792462403,79561.1781626353,-16.837672075375977,-20.438821837364696,4.526265001540608
2001-03-21,Unknown,82058.69752619819,78209.577324324,-17.941302473801812,-21.790422675676,4.921545843308217
2001-03-22,Unknown,81410.18394309303,77415.35173591014,-18.589816056906972,-22.584648264089857,5.160258421108277
2001-03-23,Unknown,83321.59705097997,79756.23285214626,-16.678402949020033,-20.24376714785374,4.470326733514662
2001-03-26,Unknown,84152.11112232502,80773.35191361867,-15.847888877674976,-19.22664808638134,4.183012254239116
2001-03-27,Unknown,85500.33315052287,82424.50072769732,-14.499666849477133,-17.575499272302686,3.7316967596650263
2001-03-28,Unknown,83640.17610182866,80146.39219608031,-16.35982389817133,-19.853607803919694,4.359252874665542
2001-03-29,Unknown,83890.47267106241,80452.92693206196,-16.109527328937588,-19.547073067938037,4.272741676512615
2001-03-30,Unknown,84578.76443754212,81295.86830981278,-15.42123556245788,-18.70413169018722,4.038207840057084
2001-04-02,Unknown,83096.58072048349,79561.1781626353,-16.90341927951652,-20.438821837364696,4.443627708253994
2001-04-03,Unknown,80876.9841745458,76906.82551511536,-19.123015825454203,-23.09317448488464,5.162296886965034
2001-04-04,Unknown,81144.94767741088,77227.27547912812,-18.855052322589128,-22.77272452087188,5.0729126127744495
2001-04-05,Unknown,83591.72930900051,80153.31233641176,-16.408270690999494,-19.846687663588234,4.2898002245463696
2001-04-06,Unknown,82572.24798809008,78934.14349772873,-17.427752011909924,-21.065856502271274,4.609037773959046
2001-04-09,Unknown,83306.31520614636,79811.993694095,-16.693684793853635,-20.188006305905006,4.378190983982266
2001-04-10,Unknown,84523.84621352504,81268.00454380912,-15.476153786474956,-18.731995456190887,4.006301973319393
2001-04-11,Unknown,84570.46703033547,81323.7570582725,-15.429532969664539,-18.676242941727494,3.9923265838991417
2001-04-12,Unknown,85805.5322000336,82800.7365161149,-14.194467799966393,-17.199263483885098,3.6289480146519004
2001-04-16,Unknown,85077.30738157462,81929.87307996294,-14.922692618425382,-18.070126920037055,3.841619891855319
2001-04-17,Unknown,86044.40904840769,83086.40257379257,-13.955590951592312,-16.913597426207428,3.5601571171504087
2001-04-18,Unknown,88805.76803614527,86388.633582067,-11.19423196385474,-13.611366417932992,2.7979774119034406
2001-04-19,Unknown,89767.02730338104,87538.17631568231,-10.232972696618958,-12.461823684317686,2.546147385640052
2001-04-20,Unknown,89097.05935623437,86736.98062202486,-10.902940643765625,-13.263019377975137,2.7209602147601375
2001-04-23,Unknown,87780.43038858248,85162.46132819894,-12.219569611417525,-14.837538671801054,3.0740880659782865
2001-04-24,Unknown,87395.93921603773,84702.65922422646,-12.604060783962268,-15.297340775773538,3.17968764673795
2001-04-25,Unknown,88322.25550213015,85810.41463632166,-11.677744497869845,-14.189585363678347,2.9271981454163543
2001-04-26,Unknown,88642.65436729282,86193.5705650707,-11.357345632707172,-13.806429434929301,2.841376434653231
2001-04-27,Unknown,89842.74173820995,87628.72106396618,-10.157258261790048,-12.371278936033825,2.5265924771715076
2001-04-30,Unknown,90355.41752551887,88241.81551838556,-9.644582474481123,-11.758184481614443,2.395238577897274
2001-05-01,Unknown,90582.65135586353,88513.55802054674,-9.417348644136469,-11.486441979453254,2.337600455329669
2001-05-02,Unknown,90448.610414447,88353.26225491482,-9.551389585552993,-11.64673774508518,2.3715572080255765
2001-05-03,Unknown,89510.67200090774,87231.60826975924,-10.489327999092257,-12.768391730240769,2.612658159529313
2001-05-04,Unknown,90751.57260667565,88715.56616033058,-9.248427393324354,-11.284433839669417,2.2949821936158354
2001-05-07,Unknown,90110.76094929526,87949.2376478618,-9.889239050704735,-12.0507623521382,2.457694187285564
2001-05-08,Unknown,90075.73440582157,87907.35039651739,-9.924265594178427,-12.092649603482608,2.4666697375400393
2001-05-09,Unknown,89767.02730338104,87538.17631568231,-10.232972696618958,-12.461823684317686,2.546147385640052
2001-05-10,Unknown,89982.56240747603,87795.92864244418,-10.01743759252397,-12.204071357555824,2.490586749115753
2001-05-11,Unknown,89475.72205623687,87189.81262075376,-10.524277943763128,-12.81018737924624,2.621762069183542
2001-05-14,Unknown,89621.41297921036,87364.0402693875,-10.378587020789631,-12.635959730612512,2.5838694076673274
2001-05-15,Unknown,89959.2833349447,87768.0898588966,-10.040716665055294,-12.231910141103409,2.496571908504408
2001-05-16,Unknown,91689.52494726997,89837.23680045689,-8.310475052730038,-10.162763199543113,2.0618267132673562
2001-05-17,Unknown,91806.02476283953,89976.55563047518,-8.193975237160467,-10.023444369524814,2.033273133812541
2001-05-18,Unknown,92149.73751817117,90387.59198019859,-7.850262481828829,-9.61240801980141,1.9495436258094134
2001-05-21,Unknown,93262.44654564737,91718.24919283767,-6.737553454352629,-8.281750807162336,1.6836315197894969
2001-05-22,Unknown,93163.40429359442,91599.80736860873,-6.836595706405579,-8.400192631391267,1.7069871322912045
2001-05-23,Unknown,91864.28163415185,90046.22337296967,-8.135718365848154,-9.953776627030331,2.019027776047655
2001-05-24,Unknown,92085.68002842674,90310.98744240192,-7.914319971573258,-9.689012557598076,1.9650904461172791
2001-05-25,Happiness Zone,91194.33457758777,89245.05266176828,-8.805665422412234,-10.754947338231723,2.184190448300938
2001-05-29,Happiness Zone,90600.08106527003,88534.40171639467,-9.399918934729968,-11.465598283605328,2.3331940001045215
2001-05-30,Happiness Zone,89563.1212902604,87294.33088946622,-10.436878709739595,-12.70566911053378,2.5990123043236
2001-05-31,Happiness Zone,89941.77006320785,87747.1462332244,-10.058229936792152,-12.252853766775607,2.5010771565725065
2001-06-01,Happiness Zone,90396.195942732,88290.58127263463,-9.603804057268006,-11.709418727365362,2.3848689630838305
2001-06-04,Happiness Zone,90751.57260667565,88715.56616033058,-9.248427393324354,-11.284433839669417,2.2949821936158354
2001-06-05,Happiness Zone,91602.14660382902,89732.7435142005,-8.397853396170973,-10.267256485799503,2.0833009405676783
2001-06-06,Happiness Zone,90978.76465585514,88987.25869757963,-9.021235344144863,-11.01274130242037,2.2379675331314353
2001-06-07,Happiness Zone,91246.74904930279,89307.73364404848,-8.753250950697211,-10.692266355951519,2.1711618088782636
2001-06-08,Happiness Zone,90553.48113904221,88478.67418438736,-9.446518860957786,-11.521325815612638,2.344979707009398
2001-06-11,Happiness Zone,90029.14144312126,87851.63119199543,-9.970858556878737,-12.148368808004573,2.4786224473931417
2001-06-12,Happiness Zone,89901.02646363238,87698.4221164021,-10.098973536367616,-12.301577883597902,2.511566678254229
2001-06-13,Happiness Zone,89271.82300664378,86945.975522023,-10.72817699335622,-13.054024477977,2.675049041265476
2001-06-14,Happiness Zone,87640.62364637147,84995.27040469165,-12.359376353628527,-15.004729595308353,3.1123534628272775
2001-06-15,Happiness Zone,87755.11100248499,85132.18259144183,-12.244888997515012,-14.867817408558171,3.0810068897573872
2001-06-18,Happiness Zone,87410.44424388181,84720.00537622455,-12.589555756118187,-15.279994623775451,3.1756830700252703
2001-06-19,Happiness Zone,87720.07053195624,85090.27868512672,-12.27992946804376,-14.90972131487328,3.090590238352564
2001-06-20,Happiness Zone,88093.99106971112,85537.43966632766,-11.90600893028888,-14.462560333672347,2.988809828019523
2001-06-21,Happiness Zone,88906.05675962602,86508.5660261748,-11.093943240373981,-13.491433973825206,2.771391139145485
2001-06-22,Happiness Zone,88339.35096221522,85830.85861287246,-11.660649037784776,-14.16914138712755,2.9225996219576
2001-06-25,Happiness Zone,87679.18766183019,85041.38801859728,-12.320812338169807,-14.958611981402715,3.1017833841753273
2001-06-26,Happiness Zone,87579.87383220358,84922.62142243944,-12.420126167796418,-15.077378577560562,3.129027772877957
2001-06-27,Happiness Zone,87539.00488913257,84873.74741088072,-12.460995110867422,-15.126252589119282,3.1402613405876023
2001-06-28,Happiness Zone,87930.38299040406,85341.78539787102,-12.069617009595934,-14.658214602128982,3.03321237124905
2001-06-29,Happiness Zone,88193.30489933773,85656.20626248552,-11.806695100662267,-14.343793737514488,2.961955411704209
2001-07-02,Happiness Zone,89050.91788080498,86725.16392030365,-10.949082119195019,-13.27483607969635,2.6817521643874853
2001-07-03,Happiness Zone,89050.91788080498,86704.21196714608,-10.949082119195019,-13.295788032853917,2.7065650680824005
2001-07-05,Happiness Zone,89050.91788080498,85013.46596019613,-10.949082119195019,-14.986534039803868,4.749191054625634
2001-07-06,Happiness Zone,89050.91788080498,83175.96467880432,-10.949082119195019,-16.824035321195684,7.06328231321105
2001-07-09,Happiness Zone,89050.91788080498,83630.06245530743,-10.949082119195019,-16.36993754469257,6.481945925120525
2001-07-10,Happiness Zone,89050.91788080498,82623.99396690342,-10.949082119195019,-17.37600603309658,7.778520022254054
2001-07-11,Happiness Zone,89050.91788080498,82707.81010701902,-10.949082119195019,-17.29218989298098,7.669297210962722
2001-07-12,Happiness Zone,89050.91788080498,84671.15634712191,-10.949082119195019,-15.328843652878088,5.172672398292977
2001-07-13,Happiness Zone,89050.91788080498,85404.67456728514,-10.949082119195019,-14.595325432714857,4.26937205954363
2001-07-16,Happiness Zone,89050.91788080498,84335.70858198164,-10.949082119195019,-15.664291418018362,5.590999800801755
2001-07-17,Happiness Zone,89050.91788080498,85125.22914116895,-10.949082119195019,-14.874770858831043,4.611663051297965
2001-07-18,Happiness Zone,89050.91788080498,84545.34469835226,-10.949082119195019,-15.454655301647746,5.329179505421688
2001-07-19,Happiness Zone,89050.91788080498,85285.93295358335,-10.949082119195019,-14.714067046416645,4.414543872400034
2001-07-20,Happiness Zone,89050.91788080498,84775.85782051222,-10.949082119195019,-15.224142179487787,5.0427800675800105
2001-07-23,Happiness Zone,89050.91788080498,83106.09707666126,-10.949082119195019,-16.893902923338743,7.153290809289126
2001-07-24,Happiness Zone,89050.91788080498,82302.6279795014,-10.949082119195019,-17.6973720204986,8.199361389753346
2001-07-25,Happiness Zone,89050.91788080498,83210.87349741977,-10.949082119195019,-16.78912650258023,7.018366876735516
2001-07-26,Happiness Zone,89050.91788080498,84084.20186923734,-10.949082119195019,-15.91579813076266,5.90683612516365
2001-07-27,Happiness Zone,89050.91788080498,84405.59283909542,-10.949082119195019,-15.594407160904577,5.503574923719867
2001-07-30,Happiness Zone,89050.91788080498,84433.56486240872,-10.949082119195019,-15.566435137591284,5.468622609883411
2001-07-31,Happiness Zone,89050.91788080498,84782.86123569724,-10.949082119195019,-15.217138764302751,5.034103099260223
2001-08-01,Happiness Zone,89050.91788080498,85313.84668449915,-10.949082119195019,-14.68615331550085,4.3803806082334695
2001-08-02,Happiness Zone,89050.91788080498,85663.1763677291,-10.949082119195019,-14.336823632270901,3.954723203974142
2001-08-03,Happiness Zone,89050.91788080498,85195.09674331202,-10.949082119195019,-14.804903256687973,4.525872127489117
2001-08-06,Happiness Zone,89050.91788080498,84049.30137810724,-10.949082119195019,-15.950698621892768,5.950812702412933
2001-08-07,Happiness Zone,89050.91788080498,84377.63747075284,-10.949082119195019,-15.622362529247159,5.538529579797724
2001-08-08,Happiness Zone,89050.91788080498,82812.68645760183,-10.949082119195019,-17.187313542398176,7.532941738820398
2001-08-09,Happiness Zone,89050.91788080498,83057.18975516112,-10.949082119195019,-16.94281024483888,7.216386857432067
2001-08-10,Happiness Zone,89050.91788080498,83343.64692394767,-10.949082119195019,-16.656353076052334,6.847877633750876
2001-08-13,Happiness Zone,89050.91788080498,83364.57389464916,-10.949082119195019,-16.635426105350838,6.8210556600959205
2001-08-14,Happiness Zone,89050.91788080498,83329.68173100441,-10.949082119195019,-16.670318268995587,6.865784233125027
2001-08-15,Happiness Zone,89050.91788080498,82610.05375641624,-10.949082119195019,-17.389946243583765,7.796707339496778
2001-08-16,Happiness Zone,89050.91788080498,82896.50259771742,-10.949082119195019,-17.103497402282574,7.4242158477467735
2001-08-17,Happiness Zone,89050.91788080498,81568.99317454318,-10.949082119195019,-18.43100682545682,9.172510797395518
2001-08-20,Happiness Zone,89050.91788080498,82323.58826014432,-10.949082119195019,-17.67641173985568,8.171812918798139
2001-08-21,Happiness Zone,89050.91788080498,80919.26611203949,-10.949082119195019,-19.08073388796051,10.049092335447686
2001-08-22,Happiness Zone,89050.91788080498,81757.66068278553,-10.949082119195019,-18.242339317214473,8.920579597203515
2001-08-23,Happiness Zone,89050.91788080498,81464.1917713286,-10.949082119195019,-18.535808228671403,9.312958177713782
2001-08-24,Happiness Zone,89050.91788080498,83155.0043981614,-10.949082119195019,-16.844995601838598,7.0902689805809604
2001-08-27,Happiness Zone,89050.91788080498,82658.9194404896,-10.949082119195019,-17.341080559510402,7.732980885284024
2001-08-28,Happiness Zone,89050.91788080498,81450.28487078284,-10.949082119195019,-18.54971512921716,9.331622378092597
2001-08-29,Happiness Zone,89050.91788080498,80723.64515352428,-10.949082119195019,-19.27635484647572,10.315778866828262
2001-08-30,Happiness Zone,89050.91788080498,79172.60104091902,-10.949082119195019,-20.827398959080977,12.476938625245504
2001-08-31,Happiness Zone,89050.91788080498,79752.50213870643,-10.949082119195019,-20.24749786129356,11.659089674611888
2001-09-04,Happiness Zone,89050.91788080498,79242.46864306208,-10.949082119195019,-20.757531356937918,12.37776839326379
2001-09-05,Happiness Zone,89050.91788080498,79438.06461912123,-10.949082119195019,-20.561935380878772,12.10106679684877
2001-09-06,Happiness Zone,89050.91788080498,77391.0271511831,-10.949082119195019,-22.60897284881691,15.066204906215198
2001-09-07,Happiness Zone,89050.91788080498,75958.7662897064,-10.949082119195019,-24.041233710293596,17.23586655049816
2001-09-10,Happiness Zone,89050.91788080498,76887.96376078234,-10.949082119195019,-23.11203623921766,15.819061300497728
2001-09-17,Happiness Zone,89050.91788080498,72870.70154983664,-10.949082119195019,-27.129298450163365,22.204007902823065
2001-09-18,Happiness Zone,89050.91788080498,72695.97425208148,-10.949082119195019,-27.304025747918526,22.497729478128868
2001-09-19,Happiness Zone,89050.91788080498,71228.79624450397,-10.949082119195019,-28.77120375549602,25.0209501998655
2001-09-20,Happiness Zone,89050.91788080498,68965.11091752484,-10.949082119195019,-31.03488908247516,29.124591689993352
2001-09-21,Happiness Zone,89050.91788080498,68221.03760967194,-10.949082119195019,-31.778962390328058,30.53292796616729
2001-09-24,Happiness Zone,89050.91788080498,70619.48246843654,-10.949082119195019,-29.380517531563456,26.099646681220555
2001-09-25,Happiness Zone,89050.91788080498,71355.84036110641,-10.949082119195019,-28.644159638893584,24.798359083363188
2001-09-26,Happiness Zone,89050.91788080498,71103.34267760465,-10.949082119195019,-28.89665732239535,25.241535105568612
2001-09-27,Happiness Zone,89050.91788080498,71720.45930745135,-10.949082119195019,-28.279540692548643,24.163897917972598
2001-09-28,Happiness Zone,89050.91788080498,73242.25729148374,-10.949082119195019,-26.757742708516265,21.584070690786028
2001-10-01,Happiness Zone,89050.91788080498,73123.06599357269,-10.949082119195019,-26.876934006427312,21.782253890492377
2001-10-02,Happiness Zone,89050.91788080498,74041.76250561378,-10.949082119195019,-25.95823749438623,20.271202180057802
2001-10-03,Happiness Zone,89050.91788080498,75282.99918049217,-10.949082119195019,-24.717000819507827,18.28821759253241
2001-10-04,Happiness Zone,89050.91788080498,75346.14650195235,-10.949082119195019,-24.653853498047653,18.189080683107694
2001-10-05,Happiness Zone,89050.91788080498,75198.8499409623,-10.949082119195019,-24.801150059037692,18.420584823727705
2001-10-08,Happiness Zone,89050.91788080498,74707.97798912381,-10.949082119195019,-25.29202201087618,19.198672320872134
2001-10-09,Happiness Zone,89050.91788080498,74308.23370954415,-10.949082119195019,-25.691766290455853,19.839906609659174
2001-10-10,Happiness Zone,89050.91788080498,75963.24647682832,-10.949082119195019,-24.036753523171672,17.228952172244092
2001-10-11,Happiness Zone,89050.91788080498,77141.42743258548,-10.949082119195019,-22.858572567414527,15.438514485134846
2001-10-12,Happiness Zone,89050.91788080498,76790.78200666916,-10.949082119195019,-23.20921799333083,15.965634876684852
2001-10-15,Happiness Zone,89050.91788080498,76650.53882577627,-10.949082119195019,-23.34946117422373,16.177810678166658
2001-10-16,Happiness Zone,89050.91788080498,77134.39903494439,-10.949082119195019,-22.86560096505561,15.449033109679133
2001-10-17,Happiness Zone,89050.91788080498,75493.38477054489,-10.949082119195019,-24.506615229455107,17.958571007866375
2001-10-18,Happiness Zone,89050.91788080498,75332.11468912623,-10.949082119195019,-24.66788531087377,18.211095292216694
2001-10-19,Happiness Zone,89050.91788080498,75282.99918049217,-10.949082119195019,-24.717000819507827,18.28821759253241
2001-10-22,Happiness Zone,89050.91788080498,76769.75510614339,-10.949082119195019,-23.23024489385661,15.997397357437704
2001-10-23,Happiness Zone,89050.91788080498,76377.03089671946,-10.949082119195019,-23.622969103280546,16.593846127933066
2001-10-24,Happiness Zone,89050.91788080498,76173.65704933711,-10.949082119195019,-23.826342950662895,16.90513667097191
2001-10-25,Happiness Zone,89050.91788080498,77541.13840222372,-10.949082119195019,-22.45886159777628,14.843449188065039
2001-10-26,Happiness Zone,89050.91788080498,77365.81152552288,-10.949082119195019,-22.634188474477124,15.103708117153536
2001-10-29,Happiness Zone,89050.91788080498,75353.1249346813,-10.949082119195019,-24.646875065318696,18.178135223983617
2001-10-30,Happiness Zone,89050.91788080498,74448.45190798095,-10.949082119195019,-25.55154809201905,19.61419693571711
2001-10-31,Happiness Zone,89050.91788080498,74196.03749933277,-10.949082119195019,-25.803962500667232,20.021123610011916
2001-11-01,Happiness Zone,89050.91788080498,76096.4862425362,-10.949082119195019,-23.903513757463802,17.02369225956133
2001-11-02,Happiness Zone,89050.91788080498,76615.4218200269,-10.949082119195019,-23.384578179973104,16.231061273785883
2001-11-05,Happiness Zone,89050.91788080498,77618.25091662713,-10.949082119195019,-22.38174908337287,14.729354023267183
2001-11-06,Happiness Zone,89050.91788080498,78824.47051558044,-10.949082119195019,-21.175529484419563,12.97369623713891
2001-11-07,Happiness Zone,89050.91788080498,78719.30270301015,-10.949082119195019,-21.28069729698985,13.124627407808266
2001-11-08,Happiness Zone,89050.91788080498,78964.71369647332,-10.949082119195019,-21.03528630352668,12.773052306757272
2001-11-09,Happiness Zone,89050.91788080498,79048.92955588605,-10.949082119195019,-20.951070444113952,12.652907991432972
2001-11-12,Happiness Zone,89050.91788080498,78565.01105432045,-10.949082119195019,-21.434988945679546,13.346789729634857
2001-11-13,Happiness Zone,89050.91788080498,80332.21170433064,-10.949082119195019,-19.667788295669364,10.853312751507783
2001-11-14,Happiness Zone,89050.91788080498,80409.38251113157,-10.949082119195019,-19.590617488868432,10.746924177010197
2001-11-15,Happiness Zone,89050.91788080498,80556.73736451911,-10.949082119195019,-19.443262635480885,10.544345257988441
2001-11-16,Happiness Zone,89050.91788080498,80199.03023102027,-10.949082119195019,-19.800969768979737,11.037399859182928
2001-11-19,Happiness Zone,89050.91788080498,81187.84416976513,-10.949082119195019,-18.812155830234868,9.685038186995133
2001-11-20,Happiness Zone,89050.91788080498,80507.5718909729,-10.949082119195019,-19.492428109027095,10.611854002256926
2001-11-21,Happiness Zone,89050.91788080498,79974.64613808287,-10.949082119195019,-20.02535386191713,11.34893642048902
2001-11-23,Happiness Zone,89050.91788080498,81124.70517579031,-10.949082119195019,-18.87529482420969,9.770405559982297
2001-11-26,Happiness Zone,89050.91788080498,81300.02372500578,-10.949082119195019,-18.699976274994214,9.533692366457714
2001-11-27,Happiness Zone,89050.91788080498,80949.37829908947,-10.949082119195019,-19.05062170091053,10.008155407669928
2001-11-28,Happiness Zone,89050.91788080498,79483.70756636153,-10.949082119195019,-20.516292433638473,12.03669356572945
2001-11-29,Happiness Zone,89050.91788080498,80556.73736451911,-10.949082119195019,-19.443262635480885,10.544345257988441
2001-11-30,Happiness Zone,89050.91788080498,79981.62457081182,-10.949082119195019,-20.018375429188172,11.339221175688486
2001-12-03,Happiness Zone,89050.91788080498,79504.75112185802,-10.949082119195019,-20.49524887814198,12.007039358333959
2001-12-04,Happiness Zone,89050.91788080498,80851.23055667491,-10.949082119195019,-19.148769443325087,10.141697618791667
2001-12-05,Happiness Zone,89050.91788080498,82330.91644725825,-10.949082119195019,-17.66908355274175,8.162184661033866
2001-12-06,Happiness Zone,89050.91788080498,82288.87930117743,-10.949082119195019,-17.71112069882258,8.217439144940197
2001-12-07,Happiness Zone,89050.91788080498,81741.87177054914,-10.949082119195019,-18.258128229450854,8.941618233030502
2001-12-10,Happiness Zone,89050.91788080498,80213.04538887567,-10.949082119195019,-19.78695461112433,11.017998941547447
2001-12-11,Happiness Zone,89050.91788080498,80051.7586524863,-10.949082119195019,-19.948241347513694,11.241675860470535
2001-12-12,Happiness Zone,89050.91788080498,80142.89465223048,-10.949082119195019,-19.857105347769522,11.115175296861546
2001-12-13,Happiness Zone,89050.91788080498,78586.04628233158,-10.949082119195019,-21.41395371766842,13.31645004874893
2001-12-14,Happiness Zone,89050.91788080498,79336.45264279826,-10.949082119195019,-20.66354735720174,12.244642802148963
2001-12-17,Happiness Zone,89050.91788080498,80156.93479254194,-10.949082119195019,-19.843065207458054,11.095712568453342
2001-12-18,Happiness Zone,89050.91788080498,80633.84987892254,-10.949082119195019,-19.366150121077464,10.43862846003416
2001-12-19,Happiness Zone,89050.91788080498,81201.8426726498,-10.949082119195019,-18.798157327350197,9.666129424916225
2001-12-20,Happiness Zone,89050.91788080498,80402.38742343191,-10.949082119195019,-19.59761257656809,10.756559269597755
2001-12-21,Happiness Zone,89050.91788080498,80890.05329340804,-10.949082119195019,-19.109946706591963,10.088835716049637
2001-12-24,Happiness Zone,89050.91788080498,80735.24534062622,-10.949082119195019,-19.264754659373786,10.29992849479122
2001-12-26,Happiness Zone,89050.91788080498,81178.550696107,-10.949082119195019,-18.82144930389299,9.697595137129621
2001-12-27,Happiness Zone,89050.91788080498,81671.16309238505,-10.949082119195019,-18.328836907614953,9.035936931707544
2001-12-28,Happiness Zone,89050.91788080498,81628.93441414101,-10.949082119195019,-18.371065585858993,9.092343934086955
2001-12-31,Happiness Zone,89050.91788080498,80432.66616018902,-10.949082119195019,-19.567333839810974,10.714865156218888
2002-01-02,Happiness Zone,89050.91788080498,81298.1916782273,-10.949082119195019,-18.701808321772695,9.536160697475825
2002-01-03,Happiness Zone,89050.91788080498,82220.01099727718,-10.949082119195019,-17.77998900272283,8.308083154785773
2002-01-04,Happiness Zone,89050.91788080498,82768.9338495375,-10.949082119195019,-17.231066150462503,7.589784885579487
2002-01-07,Happiness Zone,89050.91788080498,82184.84402661565,-10.949082119195019,-17.815155973384343,8.354428283596583
2002-01-08,Happiness Zone,89050.91788080498,81994.8524482016,-10.949082119195019,-18.005147551798405,8.605498054967399
2002-01-09,Happiness Zone,89050.91788080498,81326.32192376239,-10.949082119195019,-18.67367807623761,9.498272852280042
2002-01-10,Happiness Zone,89050.91788080498,81685.27818006472,-10.949082119195019,-18.314721819935276,9.017095693184341
2002-01-11,Happiness Zone,89050.91788080498,80883.00824079625,-10.949082119195019,-19.11699175920375,10.098424647723414
2002-01-14,Happiness Zone,89050.91788080498,80376.34737672137,-10.949082119195019,-19.62365262327863,10.792441790650397
2002-01-15,Happiness Zone,89050.91788080498,81030.79612342233,-10.949082119195019,-18.969203876577666,9.897621819199177
2002-01-16,Happiness Zone,89050.91788080498,79391.16422159206,-10.949082119195019,-20.60883577840794,12.167290597038182
2002-01-17,Happiness Zone,89050.91788080498,79989.30251231074,-10.949082119195019,-20.010697487689267,11.32853404628651
2002-01-18,Happiness Zone,89050.91788080498,79623.41778819158,-10.949082119195019,-20.376582211808415,11.840109799973341
2002-01-22,Happiness Zone,89050.91788080498,79074.51159090197,-10.949082119195019,-20.925488409098037,12.616462737723522
2002-01-23,Happiness Zone,89050.91788080498,79679.7032617178,-10.949082119195019,-20.320296738282195,11.761106323785198
2002-01-24,Happiness Zone,89050.91788080498,79925.97198617272,-10.949082119195019,-20.074028013827284,11.416746856967697
2002-01-25,Happiness Zone,89050.91788080498,79904.88679324945,-10.949082119195019,-20.095113206750547,11.446147356694848
2002-01-28,Happiness Zone,89050.91788080498,80123.0252721693,-10.949082119195019,-19.8769747278307,11.142730292957093
2002-01-29,Happiness Zone,89050.91788080498,77603.77774707713,-10.949082119195019,-22.396222252922872,14.75075114388873
2002-01-30,Happiness Zone,89050.91788080498,78722.65035212356,-10.949082119195019,-21.27734964787644,13.11981682842671
2002-01-31,Happiness Zone,89050.91788080498,79644.48632614414,-10.949082119195019,-20.355513673855864,11.810524480177452
2002-02-01,Happiness Zone,89050.91788080498,79271.55654941319,-10.949082119195019,-20.72844345058681,12.336532492957808
2002-02-04,Happiness Zone,89050.91788080498,77301.20689412528,-10.949082119195019,-22.698793105874714,15.199906261195316
2002-02-05,Happiness Zone,89050.91788080498,76822.67627558547,-10.949082119195019,-23.17732372441452,15.917489728362511
2002-02-06,Happiness Zone,89050.91788080498,76491.91688470106,-10.949082119195019,-23.508083115298938,16.418729596010184
2002-02-07,Happiness Zone,89050.91788080498,76013.4362310734,-10.949082119195019,-23.986563768926604,17.151548852625087
2002-02-08,Happiness Zone,89050.91788080498,77470.07996967464,-10.949082119195019,-22.529920030325357,14.94878786192504
2002-02-11,Happiness Zone,89050.91788080498,78420.09615414243,-10.949082119195019,-21.57990384585756,13.556246737783395
2002-02-12,Happiness Zone,89050.91788080498,78173.76913729002,-10.949082119195019,-21.826230862709984,13.914064607032483
2002-02-13,Happiness Zone,89050.91788080498,79004.13601215214,-10.949082119195019,-20.995863987847862,12.716779621648499
2002-02-14,Happiness Zone,89050.91788080498,78856.37311198212,-10.949082119195019,-21.143626888017884,12.927990936567447
2002-02-15,Happiness Zone,89050.91788080498,78033.04296224644,-10.949082119195019,-21.966957037753552,14.11949925352667
2002-02-19,Happiness Zone,89050.91788080498,76534.13723545974,-10.949082119195019,-23.465862764540258,16.35450675668684
2002-02-20,Happiness Zone,89050.91788080498,77821.93288096768,-10.949082119195019,-22.17806711903232,14.429074920321705
2002-02-21,Happiness Zone,89050.91788080498,76210.43955215784,-10.949082119195019,-23.789560447842163,16.848713121329272
2002-02-22,Happiness Zone,89050.91788080498,77153.41901149918,-10.949082119195019,-22.84658098850082,15.420572440908353
2002-02-25,Happiness Zone,89050.91788080498,78427.09956932745,-10.949082119195019,-21.572900430672558,13.546106345659714
2002-02-26,Happiness Zone,89050.91788080498,78265.2715463899,-10.949082119195019,-21.73472845361011,13.780884064296828
2002-02-27,Happiness Zone,89050.91788080498,78567.82574437102,-10.949082119195019,-21.43217425562898,13.342729084220606
2002-02-28,Happiness Zone,89050.91788080498,78216.01447050476,-10.949082119195019,-21.783985529495244,13.852538362698175
2002-03-01,Happiness Zone,89050.91788080498,80038.59289813729,-10.949082119195019,-19.961407101862715,11.259974290324436
2002-03-04,Happiness Zone,89050.91788080498,81452.98297603842,-10.949082119195019,-18.547017023961587,9.328000801396929
2002-03-05,Happiness Zone,89050.91788080498,81192.63247384525,-10.949082119195019,-18.80736752615475,9.678569554314098
2002-03-06,Happiness Zone,89050.91788080498,82156.71378108057,-10.949082119195019,-17.84328621891943,8.391528558572947
2002-03-07,Happiness Zone,89050.91788080498,81980.78732543405,-10.949082119195019,-18.019212674565942,8.624131075132357
2002-03-08,Happiness Zone,89050.91788080498,82325.60351160065,-10.949082119195019,-17.674396488399346,8.169164977037369
2002-03-11,Happiness Zone,89050.91788080498,82501.4883298204,-10.949082119195019,-17.498511670179607,7.938559271563195
2002-03-12,Happiness Zone,89050.91788080498,82452.25623639133,-10.949082119195019,-17.54774376360867,8.003009190549282
2002-03-13,Happiness Zone,89050.91788080498,81657.10629710287,-10.949082119195019,-18.342893702897122,9.054706833230552
2002-03-14,Happiness Zone,89050.91788080498,81544.4853851383,-10.949082119195019,-18.455514614861702,9.205322052390752
2002-03-15,Happiness Zone,89050.91788080498,82321.46475137836,-10.949082119195019,-17.678535248621642,8.174603245642498
2002-03-18,Happiness Zone,89050.91788080498,82335.57151157268,-10.949082119195019,-17.66442848842732,8.156069419264833
2002-03-19,Happiness Zone,89050.91788080498,82886.06825856543,-10.949082119195019,-17.113931741434573,7.437739238647589
2002-03-20,Happiness Zone,89050.91788080498,81326.43018107202,-10.949082119195019,-18.67356981892798,9.498127094149478
2002-03-21,Happiness Zone,89050.91788080498,81361.74704646996,-10.949082119195019,-18.638252953530042,9.450597010832773
2002-03-22,Happiness Zone,89050.91788080498,81185.2876317606,-10.949082119195019,-18.814712368239405,9.688492186812493
2002-03-25,Happiness Zone,89050.91788080498,80176.11299131853,-10.949082119195019,-19.823887008681474,11.069138373479648
2002-03-26,Happiness Zone,89050.91788080498,80641.89422977714,-10.949082119195019,-19.358105770222856,10.427611765997913
2002-03-27,Happiness Zone,89050.91788080498,80853.59556251623,-10.949082119195019,-19.146404437483767,10.138475922138234
2002-03-28,Happiness Zone,89050.91788080498,80818.295352089,-10.949082119195019,-19.181704647911,10.186582744476524
2002-04-01,Happiness Zone,89050.91788080498,80853.59556251623,-10.949082119195019,-19.146404437483767,10.138475922138234
2002-04-02,Happiness Zone,89050.91788080498,80408.99944680516,-10.949082119195019,-19.59100055319484,10.7474517696454
2002-04-03,Happiness Zone,89050.91788080498,79844.43757704487,-10.949082119195019,-20.155562422955132,11.53052182862011
2002-04-04,Happiness Zone,89050.91788080498,79512.75383528584,-10.949082119195019,-20.487246164714158,11.995766195292212
2002-04-05,Happiness Zone,89050.91788080498,79526.88557793623,-10.949082119195019,-20.473114422063766,11.975864808053128
2002-04-08,Happiness Zone,89050.91788080498,79696.19168272415,-10.949082119195019,-20.303808317275852,11.737983962047549
2002-04-09,Happiness Zone,89050.91788080498,79138.69984803173,-10.949082119195019,-20.861300151968276,12.525121150344209
2002-04-10,Happiness Zone,89050.91788080498,80034.98709697783,-10.949082119195019,-19.96501290302217,11.264986864935222
2002-04-11,Happiness Zone,89050.91788080498,78044.85966396765,-10.949082119195019,-21.955140336032343,14.102220523203378
2002-04-12,Happiness Zone,89050.91788080498,78630.61498396086,-10.949082119195019,-21.369385016039143,13.25222103244348
2002-04-15,Happiness Zone,89050.91788080498,78030.73624880263,-10.949082119195019,-21.969263751197378,14.122872808561326
2002-04-16,Happiness Zone,89050.91788080498,79886.73287517176,-10.949082119195019,-20.113267124828237,11.471473016618239
2002-04-17,Happiness Zone,89050.91788080498,79717.40178792777,-10.949082119195019,-20.282598212072234,11.708254262610263
2002-04-18,Happiness Zone,89050.91788080498,79371.60295848908,-10.949082119195019,-20.628397041510926,12.194934411716662
2002-04-19,Happiness Zone,89050.91788080498,79660.92478223835,-10.949082119195019,-20.33907521776165,11.787451782960323
2002-04-22,Happiness Zone,89050.91788080498,78334.17316023157,-10.949082119195019,-21.66582683976843,13.680804032554782
2002-04-23,Happiness Zone,89050.91788080498,77995.42771089004,-10.949082119195019,-22.00457228910996,14.174536244476954
2002-04-24,Happiness Zone,89050.91788080498,77212.1111282935,-10.949082119195019,-22.787888871706496,15.33283649353978
2002-04-25,Happiness Zone,89050.91788080498,77254.44806384717,-10.949082119195019,-22.74555193615283,15.269631862761578
2002-04-26,Happiness Zone,89050.91788080498,75786.60385744112,-10.949082119195019,-24.213396142558874,17.50218818132394
2002-04-29,Happiness Zone,89050.91788080498,75412.54154270164,-10.949082119195019,-24.58745845729836,18.085024134056972
2002-04-30,Happiness Zone,89050.91788080498,76118.237634288,-10.949082119195019,-23.881762365712,16.990251808840306
2002-05-01,Happiness Zone,89050.91788080498,77049.80011120524,-10.949082119195019,-22.950199888794753,15.575793515724424
2002-05-02,Happiness Zone,89050.91788080498,76753.37494244668,-10.949082119195019,-23.246625057553317,16.022152703486437
2002-05-03,Happiness Zone,89050.91788080498,75920.64306174323,-10.949082119195019,-24.07935693825677,17.294736042190028
2002-05-06,Happiness Zone,89050.91788080498,74431.60540510427,-10.949082119195019,-25.56839459489573,19.641269855907417
2002-05-07,Happiness Zone,89050.91788080498,74170.51375671435,-10.949082119195019,-25.82948624328565,20.062425579118436
2002-05-08,Happiness Zone,89050.91788080498,76929.80937469995,-10.949082119195019,-23.070190625300047,15.756062057904074
2002-05-09,Happiness Zone,89050.91788080498,76040.65045321923,-10.949082119195019,-23.95934954678076,17.109621432801593
2002-05-10,Happiness Zone,89050.91788080498,74608.04816484291,-10.949082119195019,-25.39195183515709,19.358326710345295
2002-05-13,Happiness Zone,89050.91788080498,76125.30766935587,-10.949082119195019,-23.87469233064413,16.979386497313676
2002-05-14,Happiness Zone,89050.91788080498,77783.75136060703,-10.949082119195019,-22.216248639392976,14.485244441301305
2002-05-15,Happiness Zone,89050.91788080498,77480.29779420736,-10.949082119195019,-22.519702205792637,14.933628826943757
2002-05-16,Happiness Zone,89050.91788080498,77882.54031939404,-10.949082119195019,-22.117459680605954,14.340027322696125
2002-05-17,Happiness Zone,89050.91788080498,78263.6143768039,-10.949082119195019,-21.736385623196096,13.783293283728359
2002-05-20,Happiness Zone,89050.91788080498,77416.76740842078,-10.949082119195019,-22.58323259157922,15.027946608784282
2002-05-21,Happiness Zone,89050.91788080498,76711.02967940764,-10.949082119195019,-23.288970320592362,16.08619810341285
2002-05-22,Happiness Zone,89050.91788080498,76880.4440415052,-10.949082119195019,-23.119555958494807,15.830389627730757
2002-05-23,Happiness Zone,89050.91788080498,77699.0941444704,-10.949082119195019,-22.300905855529606,14.609982087085193
2002-05-24,Happiness Zone,89050.91788080498,76704.02626422263,-10.949082119195019,-23.295973735777377,16.096797284214226
2002-05-28,Happiness Zone,89050.91788080498,76287.65199638554,-10.949082119195019,-23.71234800361446,16.730447917081204
2002-05-29,Happiness Zone,89050.91788080498,75723.0235067424,-10.949082119195019,-24.276976493257607,17.60084813950391
2002-05-30,Happiness Zone,89050.91788080498,75511.3804664008,-10.949082119195019,-24.4886195335992,17.930459396684807
2002-05-31,Happiness Zone,89050.91788080498,75666.59646596512,-10.949082119195019,-24.33340353403488,17.688546914965485
2002-06-03,Happiness Zone,89050.91788080498,73655.3422026049,-10.949082119195019,-26.34465779739511,20.902184713026294
2002-06-04,Happiness Zone,89050.91788080498,73838.80503249927,-10.949082119195019,-26.161194967500734,20.601786339324256
2002-06-05,Happiness Zone,89050.91788080498,74530.37770892058,-10.949082119195019,-25.469622291079418,19.482713784967732
2002-06-06,Happiness Zone,89050.91788080498,73013.15151434905,-10.949082119195019,-26.98684848565095,21.965585697672662
2002-06-07,Happiness Zone,89050.91788080498,72928.44433330029,-10.949082119195019,-27.07155566669971,22.107250051600126
2002-06-10,Happiness Zone,89050.91788080498,73210.73775940847,-10.949082119195019,-26.789262240591526,21.63641646864958
2002-06-11,Happiness Zone,89050.91788080498,71954.60321322686,-10.949082119195019,-28.045396786773136,23.759862335583605
2002-06-12,Happiness Zone,89050.91788080498,72392.07932895792,-10.949082119195019,-27.607920671042084,23.01196305765356
2002-06-13,Happiness Zone,89050.91788080498,71665.2397520508,-10.949082119195019,-28.33476024794921,24.25956877965607
2002-06-14,Happiness Zone,89050.91788080498,71559.35577573982,-10.949082119195019,-28.440644224260183,24.44343149186814
2002-06-17,Happiness Zone,89050.91788080498,73478.88278789553,-10.949082119195019,-26.52111721210446,21.19253110837265
2002-06-18,Happiness Zone,89050.91788080498,74078.719885627,-10.949082119195019,-25.921280114373,20.211199678253266
2002-06-19,Happiness Zone,89050.91788080498,72349.74239340425,-10.949082119195019,-27.65025760659575,23.083946030640323
2002-06-20,Happiness Zone,89050.91788080498,71425.26660652558,-10.949082119195019,-28.57473339347443,24.677053529778604
2002-06-21,Happiness Zone,89050.91788080498,70308.4592178476,-10.949082119195019,-29.691540782152405,26.65747318524605
2002-06-24,Happiness Zone,89050.91788080498,70676.75058523485,-10.949082119195019,-29.32324941476514,25.99747037522786
2002-06-25,Happiness Zone,89050.91788080498,69090.3812797463,-10.949082119195019,-30.909618720253697,28.890471048695844
2002-06-26,Happiness Zone,89050.91788080498,69203.70586422352,-10.949082119195019,-30.79629413577648,28.679406353644342
2002-06-27,Happiness Zone,89050.91788080498,70414.70127602892,-10.949082119195019,-29.585298723971075,26.46637174774229
2002-06-28,Happiness Zone,89050.91788080498,70081.8433588346,-10.949082119195019,-29.918156641165407,27.06703136337969
2002-07-01,Happiness Zone,89050.91788080498,68715.08233343136,-10.949082119195019,-31.284917666568635,29.594427972444983
2002-07-02,Happiness Zone,89050.91788080498,67256.15686384238,-10.949082119195019,-32.74384313615762,32.40559977443447
2002-07-03,Happiness Zone,89050.91788080498,67638.63410253484,-10.949082119195019,-32.36136589746516,31.656883765291298
2002-07-05,Happiness Zone,89050.91788080498,70329.74427041944,-10.949082119195019,-29.670255729580564,26.61914074136571
2002-07-08,Happiness Zone,89050.91788080498,69451.57346586694,-10.949082119195019,-30.548426534133068,28.220158935017416
2002-07-09,Happiness Zone,89050.91788080498,67702.36851171266,-10.949082119195019,-32.29763148828734,31.532943142748348
2002-07-10,Happiness Zone,89050.91788080498,65237.87003909839,-10.949082119195019,-34.76212996090161,36.501878168976006
2002-07-11,Happiness Zone,89050.91788080498,65769.03869257815,-10.949082119195019,-34.23096130742185,35.39945185614233
2002-07-12,Happiness Zone,89050.91788080498,65046.6501565942,-10.949082119195019,-34.9533498434058,36.90315745149453
2002-07-15,Happiness Zone,89050.91788080498,65393.677290123014,-10.949082119195019,-34.60632270987699,36.1766482189481
2002-07-16,Happiness Zone,89050.91788080498,64133.108357988945,-10.949082119195019,-35.866891642011055,38.853269646195265
2002-07-17,Happiness Zone,89050.91788080498,64260.560521373875,-10.949082119195019,-35.739439478626124,38.57787289481471
2002-07-18,Happiness Zone,89050.91788080498,62178.526796224025,-10.949082119195019,-37.82147320377598,43.21812122157396
2002-07-19,Happiness Zone,89050.91788080498,59990.21770295144,-10.949082119195019,-40.00978229704856,48.442398261914946
2002-07-22,Happiness Zone,89050.91788080498,58212.68264361353,-10.949082119195019,-41.78731735638647,52.97511441963185
2002-07-23,Happiness Zone,89050.91788080498,56619.276612998525,-10.949082119195019,-43.380723387001474,57.28021127765675
2002-07-24,Happiness Zone,89050.91788080498,59997.3293754461,-10.949082119195019,-40.00267062455391,48.424802916726264
2002-07-25,Happiness Zone,89050.91788080498,59487.39997336871,-10.949082119195019,-40.5126000266313,49.69710883425944
2002-07-26,Happiness Zone,89050.91788080498,60620.516742117856,-10.949082119195019,-39.37948325788214,46.898975242377425
2002-07-29,Happiness Zone,89050.91788080498,63573.63458178162,-10.949082119195019,-36.42636541821839,40.075234751993264
2002-07-30,Happiness Zone,89050.91788080498,64402.244357233474,-10.949082119195019,-35.59775564276653,38.27300394509161
2002-07-31,Happiness Zone,89050.91788080498,64558.04328077275,-10.949082119195019,-35.44195671922725,37.93930756777895
2002-08-01,Happiness Zone,89050.91788080498,62872.522770884156,-10.949082119195019,-37.12747722911585,41.63725894269963
2002-08-02,Happiness Zone,89050.91788080498,61463.24993273475,-10.949082119195019,-38.53675006726526,44.88481812833216
2002-08-05,Happiness Zone,89050.91788080498,59324.51019604816,-10.949082119195019,-40.675489803951834,50.108138417865945
2002-08-06,Happiness Zone,89050.91788080498,61321.64520798603,-10.949082119195019,-38.67835479201397,45.2193879971239
2002-08-07,Happiness Zone,89050.91788080498,62390.98593013057,-10.949082119195019,-37.60901406986943,42.730422597472504
2002-08-08,Happiness Zone,89050.91788080498,64409.297737330635,-10.949082119195019,-35.59070226266936,38.25786184467657
2002-08-09,Happiness Zone,89050.91788080498,64650.06615770742,-10.949082119195019,-35.34993384229258,37.74296481549471
2002-08-12,Happiness Zone,89050.91788080498,64175.58686079368,-10.949082119195019,-35.82441313920632,38.761361191709184
2002-08-13,Happiness Zone,89050.91788080498,63007.07827927839,-10.949082119195019,-36.99292172072162,41.33478382553699
2002-08-14,Happiness Zone,89050.91788080498,65308.71195702819,-10.949082119195019,-34.69128804297181,36.35381132520066
2002-08-15,Dovish/Co-operative,89050.91788080498,66215.15041062415,-10.949082119195019,-33.78484958937585,34.4872243415109
2002-08-16,Dovish/Co-operative,89050.91788080498,66016.84383808137,-10.949082119195019,-33.98315616191863,34.89120761243747
2002-08-19,Dovish/Co-operative,89050.91788080498,67560.68467585306,-10.949082119195019,-32.439315324146946,31.808785402426153
2002-08-20,Dovish/Co-operative,89050.91788080498,66845.45361353323,-10.949082119195019,-33.15454638646676,33.21910925409013
2002-08-21,Dovish/Co-operative,89050.91788080498,67808.57725995254,-10.949082119195019,-32.19142274004746,31.326922757009502
2002-08-22,Dovish/Co-operative,89050.91788080498,68467.16476687581,-10.949082119195019,-31.53283523312419,30.06368554038259
2002-08-23,Dovish/Co-operative,89050.91788080498,66994.16584703393,-10.949082119195019,-33.005834152966074,32.923392290804344
2002-08-26,Dovish/Co-operative,89050.91788080498,67461.57927262248,-10.949082119195019,-32.53842072737753,32.00242099423245
2002-08-27,Dovish/Co-operative,89050.91788080498,66682.55134498466,-10.949082119195019,-33.31744865501533,33.54455713623905
2002-08-28,Dovish/Co-operative,89050.91788080498,65223.68833153585,-10.949082119195019,-34.77631166846415,36.53155802559633
2002-08-29,Dovish/Co-operative,89050.91788080498,65252.03092794752,-10.949082119195019,-34.74796907205248,36.472254755007725
2002-08-30,Dovish/Co-operative,89050.91788080498,64997.059981294806,-10.949082119195019,-35.002940018705196,37.00760912329344
2002-09-03,Dovish/Co-operative,89050.91788080498,62518.450584743536,-10.949082119195019,-37.48154941525647,42.439419160103434
2002-09-04,Dovish/Co-operative,89050.91788080498,63410.740640718395,-10.949082119195019,-36.5892593592816,40.43506980207398
2002-09-05,Dovish/Co-operative,89050.91788080498,62872.522770884156,-10.949082119195019,-37.12747722911585,41.63725894269963
2002-09-06,Dovish/Co-operative,89050.91788080498,63736.52852284484,-10.949082119195019,-36.263471477155164,39.71723899096074
2002-09-09,Dovish/Co-operative,89050.91788080498,64203.92529346267,-10.949082119195019,-35.796074706537325,38.700114477069604
2002-09-10,Dovish/Co-operative,89050.91788080498,64940.428917126286,-10.949082119195019,-35.05957108287371,37.12708610909743
2002-09-11,Dovish/Co-operative,89050.91788080498,64536.791538142345,-10.949082119195019,-35.463208461857654,37.98473050550455
2002-09-12,Dovish/Co-operative,89050.91788080498,63347.027050253964,-10.949082119195019,-36.65297294974603,40.57631751235904
2002-09-13,Dovish/Co-operative,89050.91788080498,63502.80931882253,-10.949082119195019,-36.49719068117747,40.23146194007807
2002-09-16,Dovish/Co-operative,89050.91788080498,63658.63322481788,-10.949082119195019,-36.34136677518212,39.88820269877815
2002-09-17,Dovish/Co-operative,89050.91788080498,62199.78686633979,-10.949082119195019,-37.80021313366021,43.16916884645472
2002-09-18,Dovish/Co-operative,89050.91788080498,61576.595335925354,-10.949082119195019,-38.423404664074646,44.61812543385359
2002-09-19,Dovish/Co-operative,89050.91788080498,59983.12684917018,-10.949082119195019,-40.016873150829824,48.45994625243004
2002-09-20,Dovish/Co-operative,89050.91788080498,60003.08366782761,-10.949082119195019,-39.9969163321724,48.410568986393955
2002-09-23,Dovish/Co-operative,89050.91788080498,59512.23253470251,-10.949082119195019,-40.48776746529749,49.634644993158325
2002-09-24,Dovish/Co-operative,89050.91788080498,58551.89443213504,-10.949082119195019,-41.44810556786496,52.088875593974215
2002-09-25,Dovish/Co-operative,89050.91788080498,60003.08366782761,-10.949082119195019,-39.9969163321724,48.410568986393955
2002-09-26,Dovish/Co-operative,89050.91788080498,60984.74013290834,-10.949082119195019,-39.015259867091665,46.02164030990383
2002-09-27,Dovish/Co-operative,89050.91788080498,58864.916279209596,-10.949082119195019,-41.1350837207904,51.28012322045335
2002-09-30,Dovish/Co-operative,89050.91788080498,58181.97504136054,-10.949082119195019,-41.818024958639455,53.05585246547619
2002-10-01,Dovish/Co-operative,89013.07124070564,60977.63262415636,-10.986928759294356,-39.022367375843636,45.976594055970295
2002-10-02,Dovish/Co-operative,86743.68525066931,59149.44147139339,-13.256314749330688,-40.85055852860662,46.65174022415985
2002-10-03,Dovish/Co-operative,86001.93301254523,58551.89443213504,-13.998066987454772,-41.44810556786496,46.88155498064428
2002-10-04,Dovish/Co-operative,84668.56524272598,57477.74875093966,-15.331434757274021,-42.52225124906034,47.30668316465996
2002-10-07,Dovish/Co-operative,83193.89385761273,56289.7705086603,-16.80610614238728,-43.7102294913397,47.795759524038495
2002-10-08,Dovish/Co-operative,84288.84052681024,57171.846903845115,-15.711159473189761,-42.828153096154885,47.430676270738694
2002-10-09,Dovish/Co-operative,82284.35940508159,55557.06005457668,-17.715640594918412,-44.44293994542332,48.107836023449124
2002-10-10,Dovish/Co-operative,84518.41303057826,57356.78786239031,-15.481586969421734,-42.64321213760969,47.35555490546957
2002-10-11,Dovish/Co-operative,87635.56385807646,59867.92858048769,-12.364436141923541,-40.13207141951231,46.381486608906776
2002-10-14,Dovish/Co-operative,88050.52790421915,60202.21882516337,-11.949472095780845,-39.79778117483663,46.257944677972105
2002-10-15,Dovish/Co-operative,91644.48992152326,63097.47313282581,-8.355510078476748,-36.90252686717419,45.24272585148288
2002-10-16,Dovish/Co-operative,89745.98005054895,61568.05549969201,-10.254019949451044,-38.43194450030799,45.767117902558894
2002-10-17,Dovish/Co-operative,91264.7807113263,62791.583776959305,-8.7352192886737,-37.2084162230407,45.345562608368105
2002-10-18,Dovish/Co-operative,91591.49654328669,63054.78227914448,-8.408503456713312,-36.945217720855524,45.25701815575185
2002-10-21,Dovish/Co-operative,92942.56150681333,64143.1846152706,-7.0574384931866625,-35.8568153847294,44.89857662085341
2002-10-22,Dovish/Co-operative,92368.59665166923,63680.8051545802,-7.6314033483307675,-36.3191948454198,45.04935424018532
2002-10-23,Dovish/Co-operative,92969.02460020759,64164.50297778386,-7.030975399792416,-35.835497022216146,44.8916773069947
2002-10-24,Dovish/Co-operative,91344.26819439468,62855.61797560997,-8.655731805605315,-37.14438202439003,45.32395215625633
2002-10-25,Dovish/Co-operative,92969.02460020759,64164.50297778386,-7.030975399792416,-35.835497022216146,44.8916773069947
2002-10-28,Dovish/Co-operative,92448.05829187296,63744.81853451747,-7.551941708127041,-36.255181465482536,45.028349624703765
2002-10-29,Dovish/Co-operative,91529.6700739152,63004.9755892258,-8.470329926084796,-36.99502441077419,45.27371722300497
2002-10-30,Dovish/Co-operative,92289.1556857572,63616.808429613644,-7.710844314242804,-36.38319157038635,45.07039564530648
2002-10-31,Dovish/Co-operative,91485.57697826163,62969.454700436625,-8.51442302173837,-37.03054529956338,45.28564271913136
2002-11-01,Dovish/Co-operative,93030.83039528735,64214.29301273182,-6.9691696047126435,-35.785706987268185,44.87558147972144
2002-11-04,Dovish/Co-operative,93790.2539842542,64826.07588820751,-6.209746015745798,-35.17392411179249,44.679826287797184
2002-11-05,Dovish/Co-operative,94426.04014019687,65338.257875073905,-5.573959859803135,-34.6617421249261,44.51876008193931
2002-11-06,Dovish/Co-operative,95476.81618514686,66184.75092532935,-4.523183814853137,-33.81524907467065,44.25802749165779
2002-11-07,Dovish/Co-operative,93463.52781514794,64562.869058536984,-6.536472184852061,-35.43713094146301,44.76359117561475
2002-11-08,Dovish/Co-operative,92483.35447640214,63773.25273326807,-7.516645523597864,-36.22674726673193,45.01903307835684
2002-11-11,Dovish/Co-operative,91255.97863162895,62784.49292317804,-8.744021368371047,-37.215507076821964,45.34795836176953
2002-11-12,Dovish/Co-operative,91874.06242529128,63282.41409137101,-8.125937574708718,-36.71758590862899,45.18103290534698
2002-11-13,Dovish/Co-operative,91953.54473978674,63346.44412627899,-8.046455260213259,-36.65355587372101,45.159757596622875
2002-11-14,Dovish/Co-operative,93437.04921603491,64541.53820479569,-6.562950783965094,-35.45846179520431,44.770409591961304
2002-11-15,Dovish/Co-operative,94028.66474773007,65018.13684673272,-5.9713352522699275,-34.98186315326728,44.61913138080822
2002-11-18,Dovish/Co-operative,93216.29946625595,64363.70475500247,-6.783700533744053,-35.63629524499753,44.82743002609868
2002-11-19,Dovish/Co-operative,93110.33338407452,64278.339702610516,-6.889666615925483,-35.72166029738948,44.85491351341337
2002-11-20,Dovish/Co-operative,94885.23683346222,65708.18142959107,-5.1147631665377835,-34.29181857040893,44.403991662949174
2002-11-21,Dovish/Co-operative,96404.0478313854,66931.71803434372,-3.5959521686146023,-33.068281965656276,44.03342789127116
2002-11-22,Dovish/Co-operative,95812.34960252339,66455.05277252384,-4.187650397476606,-33.544947227476165,44.17616961420499
2002-11-25,Dovish/Co-operative,95865.38949791632,66497.78109988928,-4.13461050208368,-33.50221890011071,44.16329073283309
2002-11-26,Dovish/Co-operative,94293.56444746484,65231.53698648458,-5.706435552535161,-34.76846301351543,44.55211206659391
2002-11-27,Dovish/Co-operative,96571.79903435487,67066.85646671292,-3.428200965645123,-32.93314353328708,43.99332863064194
2002-11-29,Dovish/Co-operative,96306.88899747425,66853.44799947571,-3.6931110025257508,-33.14655200052429,44.056726884497444
2002-12-02,Dovish/Co-operative,96439.29233018529,66960.11059566753,-3.560707669814711,-33.03988940433247,44.02498961288324
2002-12-03,Dovish/Co-operative,95326.75700731187,66063.86498414823,-4.673242992688131,-33.936135015851775,44.294853215422926
2002-12-04,Dovish/Co-operative,94955.81886537468,65765.0414996069,-5.044181134625325,-34.2349585003931,44.38646536236468
2002-12-05,Dovish/Co-operative,94055.16918970775,65039.488519187405,-5.944830810292245,-34.96051148081259,44.61240598772604
2002-12-06,Dovish/Co-operative,94584.9375777397,65466.263816235056,-5.415062422260297,-34.533736183764944,44.47889961040281
2002-12-09,Dovish/Co-operative,92350.9666494099,63666.60262830428,-7.6490333505901065,-36.33339737169572,45.0540202193126
2002-12-10,Dovish/Co-operative,93410.54994263017,64520.19069608368,-6.589450057369827,-35.47980930391632,44.777237845795945
2002-12-11,Dovish/Co-operative,93481.18882884485,64577.09656726898,-6.518811171155148,-35.422903432731026,44.75904585067079
2002-12-12,Dovish/Co-operative,93472.36607485579,64569.989058517,-6.527633925144216,-35.430010941483005,44.76131626744711
2002-12-13,Dovish/Co-operative,92209.6682026888,63552.77423096298,-7.7903317973112,-36.44722576903702,45.09149178536433
2002-12-16,Dovish/Co-operative,94249.43517180075,65195.98695149665,-5.750564828199245,-34.80401304850334,44.56324626532424
2002-12-17,Dovish/Co-operative,93542.99979249755,64626.89076595961,-6.45700020750245,-35.37310923404039,44.74315363747729
2002-12-18,Dovish/Co-operative,92615.7836519778,63879.936148173285,-7.384216348022199,-36.120063851826714,44.984151889491606
2002-12-19,Dovish/Co-operative,92050.69323655203,63424.705833661654,-7.9493067634479715,-36.575294166338345,45.13381185868677
2002-12-20,Dovish/Co-operative,93174.12907973179,64329.73277848965,-6.825870920268207,-35.67026722151036,44.8383586491238
2002-12-23,Dovish/Co-operative,93200.72138744926,64351.155234569866,-6.799278612550741,-35.648844765430134,44.83146580308976
2002-12-24,Dovish/Co-operative,92606.15976918481,63872.183259306155,-7.393840230815185,-36.12781674069384,44.98668284631109
2002-12-26,Dovish/Co-operative,92641.65752805819,63900.77984402121,-7.358342471941814,-36.0992201559788,44.977350439528465
2002-12-27,Dovish/Co-operative,90858.00885327537,62463.89306442884,-9.141991146724626,-37.536106935571155,45.45684618081556
2002-12-30,Dovish/Co-operative,91505.85328986039,62985.78906296387,-8.494146710139617,-37.01421093703613,45.28015708176074
2002-12-31,Dovish/Co-operative,91612.33622933466,63071.57048962367,-8.387663770665343,-36.928429510376326,45.25139538804797
2003-01-02,Dovish/Co-operative,94052.07838202741,65101.77810965583,-5.947921617972596,-34.898221890344175,44.46929271825479
2003-01-03,Dovish/Co-operative,94298.06676422736,65301.92505646244,-5.701933235772638,-34.69807494353756,44.4031958976612
2003-01-06,Dovish/Co-operative,95712.56265004793,66452.82100644823,-4.287437349952072,-33.547178993551775,44.03084955680134
2003-01-07,Dovish/Co-operative,95510.45598740454,66288.37815310866,-4.489544012595459,-33.71162184689134,44.083259612719125
2003-01-08,Dovish/Co-operative,94333.1977268811,65330.50914994945,-5.666802273118899,-34.66949085005054,44.39378929431486
2003-01-09,Dovish/Co-operative,95580.769086729,66345.58797750947,-4.419230913271011,-33.65441202249053,44.064996634184595
2003-01-10,Dovish/Co-operative,95800.40796758822,66524.29581326514,-4.199592032411781,-33.47570418673486,44.008150400421584
2003-01-13,Dovish/Co-operative,95774.02264443561,66502.82755601546,-4.2259773555643925,-33.497172443984546,44.014963219067596
2003-01-14,Dovish/Co-operative,96037.63024068027,66717.3102688637,-3.9623697593197282,-33.282689731136294,43.947095369490754
2003-01-15,Dovish/Co-operative,95220.53982903273,66052.48963915091,-4.779460170967276,-33.94751036084909,44.15889597686444
2003-01-16,Dovish/Co-operative,94886.71124669418,65780.87204927007,-5.113288753305822,-34.219127950729934,44.24666060313665
2003-01-17,Dovish/Co-operative,93691.82865472435,64808.66311632656,-6.308171345275648,-35.19133688367344,44.56682818245259
2003-01-21,Dovish/Co-operative,92452.99781697588,63800.69596126121,-7.547002183024121,-36.19930403873879,44.909074147266196
2003-01-22,Dovish/Co-operative,91504.154781223,63028.675612551095,-8.495845218777,-36.9713243874489,45.17860940584557
2003-01-23,Dovish/Co-operative,91978.59421000538,63414.700360005525,-8.021405789994617,-36.585299639994474,45.04301634769621
2003-01-24,Dovish/Co-operative,89931.4544219224,61749.05755766347,-10.068545578077593,-38.25094244233652,45.64020566296287
2003-01-27,Dovish/Co-operative,88894.75583382582,60905.55407465108,-11.105244166174177,-39.09444592534892,45.95508929262637
2003-01-28,Dovish/Co-operative,89448.2437666304,61355.896155258306,-10.551756233369591,-38.64410384474169,45.78589731667464
2003-01-29,Dovish/Co-operative,90019.35603088136,61820.578165649844,-9.980643969118642,-38.17942183435016,45.6139018785495
2003-01-30,Dovish/Co-operative,88218.23532940853,60355.107292570465,-11.781764670591466,-39.644892707429534,46.165319368536586
2003-01-31,Dovish/Co-operative,89650.37089888057,61520.355663568596,-10.34962910111943,-38.479644336431406,45.72472790818103
2003-02-03,Dovish/Co-operative,89799.72226742383,61641.87449363685,-10.200277732576168,-38.35812550636315,45.67973963331313
2003-02-04,Dovish/Co-operative,89052.91936809228,61034.24286961149,-10.947080631907724,-38.96575713038851,45.90648655761582
2003-02-05,Dovish/Co-operative,88587.2614006229,60655.36310459314,-11.412738599377104,-39.34463689540686,46.05017077857474
2003-02-06,Dovish/Co-operative,88235.80336943625,60369.401421185314,-11.76419663056375,-39.63059857881469,46.1598115804273
2003-02-07,Dovish/Co-operative,87330.82670103484,59633.07267471419,-12.669173298965164,-40.36692732528581,46.446967737862586
2003-02-10,Dovish/Co-operative,87849.23996260435,60054.876463003864,-12.150760037395647,-39.94512353699614,46.2816096486734
2003-02-11,Dovish/Co-operative,87339.65933636481,59640.25929457706,-12.660340663635184,-40.359740705422944,46.44413080931456
2003-02-12,Dovish/Co-operative,86171.16206754762,58689.51861888323,-13.828837932452387,-41.31048138111677,46.82547087687685
2003-02-13,Dovish/Co-operative,86390.80094840683,58868.226454638905,-13.60919905159317,-41.13177354536109,46.75285149787132
2003-02-14,Dovish/Co-operative,87972.24694720856,60154.96034576386,-12.027753052791434,-39.84503965423614,46.24271455180773
2003-02-18,Dovish/Co-operative,89272.55313154981,61212.946541624486,-10.727446868450198,-38.78705345837551,45.83933330320071
2003-02-19,Dovish/Co-operative,88877.1877937981,60891.25994603623,-11.122812206201893,-39.108740053963764,45.96050052596037
2003-02-20,Dovish/Co-operative,88130.40536407332,60283.64497698159,-11.869594635926683,-39.716355023018416,46.19289427128137
2003-02-21,Dovish/Co-operative,88877.1877937981,60891.25994603623,-11.122812206201893,-39.108740053963764,45.96050052596037
2003-02-24,Dovish/Co-operative,87664.76274880904,59904.77770319127,-12.335237251190968,-40.09522229680873,46.340185390820544
2003-02-25,Dovish/Co-operative,88253.40211387415,60383.72053225623,-11.746597886125853,-39.61627946774377,46.154296780587224
2003-02-26,Dovish/Co-operative,87172.77574960573,59504.475482092705,-12.827224250394265,-40.4955245179073,46.49784750365464
2003-02-27,Dovish/Co-operative,88139.15612097614,60290.764976961604,-11.860843879023852,-39.70923502303839,46.190143970898376
2003-02-28,Dovish/Co-operative,88631.18917679474,60691.10467174427,-11.368810823205266,-39.30889532825572,46.03653971396309
2003-03-03,Dovish/Co-operative,87919.52747492031,60112.06546869128,-12.080472525079688,-39.88793453130872,46.25936871311176
2003-03-04,Dovish/Co-operative,86742.25897959349,59154.18813804673,-13.25774102040651,-40.84581186195327,46.63756144732327
2003-03-05,Dovish/Co-operative,87357.22225899085,59654.549259449224,-12.642777741009148,-40.34545074055078,46.43849185593092
2003-03-06,Dovish/Co-operative,86742.25897959349,59154.18813804673,-13.25774102040651,-40.84581186195327,46.63756144732327
2003-03-07,Dovish/Co-operative,87243.02232270812,59561.6311778387,-12.75697767729188,-40.438368822161294,46.47520660107261
2003-03-10,Dovish/Co-operative,85485.82939740713,58131.90187191046,-14.514170602592868,-41.86809812808955,47.05493308264559
2003-03-11,Dovish/Co-operative,84782.9645090508,57560.020142521586,-15.217035490949204,-42.43997985747841,47.29488332200682
2003-03-12,Dovish/Co-operative,85257.41417263658,57946.053217461376,-14.742585827363419,-42.05394678253862,47.13239200723551
2003-03-13,Dovish/Co-operative,87717.45663408881,59947.651761550456,-12.282543365911192,-40.05234823844954,46.323423948274645
2003-03-14,Dovish/Co-operative,87954.67378977915,60140.66205340633,-12.045326210220853,-39.85933794659366,46.2482632992522
2003-03-17,Dovish/Co-operative,90282.93292271585,62035.03589604201,-9.717067077284158,-37.96496410395799,45.535392409559506
2003-03-18,Dovish/Co-operative,90731.01773275579,62399.617368702835,-9.268982267244208,-37.600382631297165,45.4031636069981
2003-03-19,Dovish/Co-operative,91319.6673326243,62878.56852525315,-8.680332667375701,-37.121431474746856,45.231784810668366
2003-03-20,Dovish/Co-operative,91486.58162379358,63014.37732019357,-8.513418376206417,-36.985622679806426,45.18366365650941
2003-03-21,Dovish/Co-operative,93139.68659856623,64359.41610004375,-6.860313401433771,-35.64058389995625,44.718041651877115
2003-03-24,Dovish/Co-operative,90510.92852054718,62220.543123591466,-9.489071479452814,-37.77945687640853,45.46791779165484
2003-03-25,Dovish/Co-operative,91243.06494661354,62816.24146110062,-8.75693505338646,-37.18375853889938,45.25393882904698
2003-03-26,Dovish/Co-operative,90854.94073226389,62500.44656140226,-9.14505926773611,-37.49955343859773,45.36686652791406
2003-03-27,Dovish/Co-operative,90916.7435925653,62550.732081728944,-9.083256407434703,-37.449267918271055,45.348808186246735
2003-03-28,Dovish/Co-operative,90528.60402601055,62234.92469080256,-9.471395973989448,-37.765075309197435,45.46270357966608
2003-03-31,Dovish/Co-operative,88790.78046613482,60820.95515091195,-11.209219533865177,-39.17904484908805,45.987152365204985
2003-04-01,Dovish/Co-operative,89861.41253346582,61754.04572139216,-10.138587466534188,-38.24595427860784,45.515020892529165
2003-04-02,Dovish/Co-operative,91709.46806769117,63246.90985755254,-8.29053193230883,-36.753090142447455,45.00229066407078
2003-04-03,Dovish/Co-operative,91336.30454430511,62945.46737886653,-8.663695455694887,-37.054532621133475,45.1038626729946
2003-04-04,Dovish/Co-operative,91798.31456205703,63318.68029009962,-8.201685437942974,-36.681319709900386,44.97824992794492
2003-04-07,Dovish/Co-operative,91647.3213958475,63196.70761207942,-8.352678604152509,-36.80329238792057,45.019139222262304
2003-04-08,Dovish/Co-operative,91771.71267324679,63297.19121413655,-8.228287326753215,-36.70280878586345,44.985442344163374
2003-04-09,Dovish/Co-operative,90740.99643577199,62464.575918228096,-9.259003564228008,-37.53542408177191,45.26793002574825
2003-04-10,Dovish/Co-operative,91167.50806014352,62809.11313363524,-8.83249193985648,-37.19088686636476,45.15012792199724
2003-04-11,Dovish/Co-operative,90847.6514024958,62550.732081728944,-9.1523485975042,-37.449267918271055,45.238350342237446
2003-04-14,Dovish/Co-operative,92446.95015395206,63842.649832488474,-7.553049846047943,-36.157350167511524,44.80437512621434
2003-04-15,Dovish/Co-operative,93184.41162258938,64438.37315245369,-6.81558837741062,-35.561626847546314,44.61012447059443
2003-04-16,Dovish/Co-operative,91824.96284052031,63340.206839746796,-8.175037159479693,-36.65979316025321,44.971049862279514
2003-04-17,Dovish/Co-operative,92988.93593352917,64280.467375119166,-7.011064066470829,-35.719532624880834,44.661262947696144
2003-04-21,Dovish/Co-operative,93068.86530570131,64345.03453283266,-6.931134694298691,-35.654965467167344,44.6403222586073
2003-04-22,Dovish/Co-operative,94570.4674478746,65558.03270486635,-5.429532552125393,-34.44196729513366,44.254584138633966
2003-04-23,Dovish/Co-operative,95316.77387702314,66160.90100726765,-4.683226122976858,-33.83909899273235,44.06813151857285
2003-04-24,Dovish/Co-operative,94588.25530260899,65572.40178084941,-5.411744697391008,-34.42759821915059,44.250100246036325
2003-04-25,Dovish/Co-operative,93584.2337332505,64761.35050827224,-6.4157662667495,-35.238649491727756,44.50630352635494
2003-04-28,Dovish/Co-operative,94970.28955853572,65881.01006068489,-5.029710441464285,-34.118989939315114,44.15427066320912
2003-04-29,Dovish/Co-operative,95254.58596993233,66110.66545185311,-4.745414030067662,-33.88933454814689,44.08353828975458
2003-04-30,Dovish/Co-operative,95076.9032900124,65967.13291424431,-4.923096709987595,-34.03286708575569,44.12768766775128
2003-05-01,Dovish/Co-operative,95068.02224865994,65959.95878560947,-4.931977751340066,-34.04004121439053,44.12989941012666
2003-05-02,Dovish/Co-operative,96231.985032857,66900.2109934965,-3.7680149671429963,-33.0997890065035,43.844068058637234
2003-05-05,Dovish/Co-operative,96072.00773717718,66770.98091198789,-3.9279922628228214,-33.229019088012116,43.88287610123855
2003-05-06,Dovish/Co-operative,96853.91049341805,67402.60402132603,-3.1460895065819505,-32.59739597867397,43.69461224787947
2003-05-07,Dovish/Co-operative,96391.90563007203,67029.39527383562,-3.608094369927972,-32.97060472616439,43.805423331482494
2003-05-08,Dovish/Co-operative,95556.69085368692,66354.7065739751,-4.443309146313079,-33.6452934260249,44.00891178255182
2003-05-09,Dovish/Co-operative,96694.00535942071,67273.43223221494,-3.3059946405792906,-32.72656776778506,43.7328260964174
2003-05-12,Dovish/Co-operative,97715.78385707822,68098.82759831908,-2.28421614292178,-31.90117240168092,43.491139720429175
2003-05-13,Dovish/Co-operative,97564.75461002745,67976.82577410014,-2.4352453899725512,-32.02317422589985,43.52649377047053
2003-05-14,Dovish/Co-operative,97386.99461401912,67833.23078035116,-2.613005385980882,-32.16676921964884,43.568268079940275
2003-05-15,Dovish/Co-operative,97920.09419783787,68263.87003060435,-2.0799058021621297,-31.736129969395655,43.44351434212259
2003-05-16,Dovish/Co-operative,97706.92343334934,68091.67012465496,-2.2930765666506647,-31.908329875345032,43.49321033612177
2003-05-19,Dovish/Co-operative,95734.4044600422,66498.26409403997,-4.26559553995779,-33.501735905960025,43.96526851386271
2003-05-20,Dovish/Co-operative,95565.57704944527,66361.88486635262,-4.434422950554728,-33.63811513364738,44.006725007745786
2003-05-21,Dovish/Co-operative,95734.4044600422,66498.26409403997,-4.26559553995779,-33.501735905960025,43.96526851386271
2003-05-22,Dovish/Co-operative,96551.84169050472,67158.5920454028,-3.448158309495275,-32.8414079545972,43.76692356092058
2003-05-23,Dovish/Co-operative,96720.67425550756,67294.97543683283,-3.279325744492434,-32.70502456316717,43.726442617243386
2003-05-27,Dovish/Co-operative,98177.76810280068,68472.01969083879,-1.8222318971993223,-31.527980309161208,43.383777119599664
2003-05-28,Dovish/Co-operative,98417.69538827625,68665.83358503159,-1.5823046117237505,-31.33416641496841,43.328479754639204
2003-05-29,Dovish/Co-operative,98195.55595753506,68486.38876682184,-1.8044440424649366,-31.513611233178164,43.37966671284879
2003-05-30,Dovish/Co-operative,99554.963504357,69584.52176958731,-0.44503649564300307,-30.415478230412685,43.07055789505849
2003-06-02,Dovish/Co-operative,99910.3855626617,69871.63264597437,-0.08961443733830343,-30.12836735402563,42.99134252220453
2003-06-03,Dovish/Co-operative,100265.78184893694,70158.72270364803,0.26578184893693013,-29.841277296351965,42.9127811697225
2003-06-04,Dovish/Co-operative,101518.54989225273,71170.7120341407,1.5185498922527296,-28.829287965859297,42.640908023449484
2003-06-05,Dovish/Co-operative,101953.95286678852,71522.43170566803,1.953952866788522,-28.477568294331967,42.54821939829101
2003-06-06,Dovish/Co-operative,101607.40154102449,71242.48663043046,1.6074015410245002,-28.757513369569544,42.621918951414
2003-06-09,Dovish/Co-operative,100710.0504016075,70517.60401258217,0.7100504016074982,-29.48239598741782,42.81547396822813
2003-06-10,Dovish/Co-operative,101598.54627170149,71235.33332050902,1.5985462717014842,-28.76466667949098,42.623809752639644
2003-06-11,Dovish/Co-operative,102531.45250296369,71988.9374353527,2.5314525029636936,-28.011062564647304,42.42667853659974
2003-06-12,Dovish/Co-operative,102806.88333622552,72211.43118911411,2.8068833362255186,-27.788568810885884,42.3692643163174
2003-06-13,Dovish/Co-operative,101873.95648733976,71457.81041929973,1.8739564873397674,-28.542189580700274,42.56518061435741
2003-06-16,Dovish/Co-operative,103739.83080273485,72965.06861389923,3.739830802734856,-27.03493138610077,42.177390871353595
2003-06-17,Dovish/Co-operative,103739.83080273485,72965.06861389923,3.739830802734856,-27.03493138610077,42.177390871353595
2003-06-18,Dovish/Co-operative,103659.84473209787,72900.45565501627,3.6598447320978833,-27.099544344983727,42.19368562336972
2003-06-19,Dovish/Co-operative,102282.6905657887,71787.98688620917,2.282690565788692,-28.212013113790835,42.47883943021908
2003-06-20,Dovish/Co-operative,102086.49325990355,71629.49818489967,2.0864932599035546,-28.370501815100337,42.52018490536427
2003-06-23,Dovish/Co-operative,101176.95710495712,70894.77247935972,1.1769571049571326,-29.105227520640288,42.714270131008256
2003-06-24,Dovish/Co-operative,101266.1283268942,70966.80522769553,1.2661283268942114,-29.033194772304473,42.695064265587156
2003-06-25,Dovish/Co-operative,100383.3435385289,70253.68934665632,0.383343538528913,-29.746310653343677,42.88693515183568
2003-06-26,Dovish/Co-operative,101515.83867475338,71168.52190549187,1.515838674753378,-28.831478094508135,42.64148805782588
2003-06-27,Dovish/Co-operative,100499.24550942353,70347.31526452216,0.4992455094235293,-29.65268473547784,42.861522336031086
2003-06-30,Dovish/Co-operative,100472.51476046599,70325.72209499213,0.47251476046599183,-29.674277905007873,42.86737735128155
2003-07-01,Dovish/Co-operative,101188.06296538372,70974.00017504375,1.1880629653837183,-29.02599982495625,42.570607146029225
2003-07-02,Dovish/Co-operative,102271.45555856502,71867.23123686393,2.2714555585650276,-28.132768763136074,42.30610223662743
2003-07-03,Dovish/Co-operative,101371.5558123144,71125.28560151967,1.3715558123144067,-28.87471439848033,42.52534095996443
2003-07-07,Dovish/Co-operative,103083.97727768969,72537.135796387,3.0839772776896757,-27.462864203613,42.11200393554029
2003-07-08,Dovish/Co-operative,103477.0824465421,72861.24152647138,3.4770824465421013,-27.138758473528625,42.01937858682743
2003-07-09,Dovish/Co-operative,102979.13576554458,72450.69649838402,2.9791357655445827,-27.549303501615984,42.13684718385211
2003-07-10,Dovish/Co-operative,101860.81620232496,71528.66899220024,1.8608162023249664,-28.471331007799762,42.405580360277995
2003-07-11,Dovish/Co-operative,102682.05451345167,72205.76017158618,2.6820545134516705,-27.794239828413815,42.20756663934171
2003-07-14,Dovish/Co-operative,103110.17755538762,72558.73729340239,3.1101775553876276,-27.441262706597612,42.10580476124577
2003-07-15,Dovish/Co-operative,102917.93781543983,72400.24026460752,2.9179378154398306,-27.59975973539248,42.15137607181496
2003-07-16,Dovish/Co-operative,102402.51754908478,71975.288686853,2.4025175490847817,-28.024711313146998,42.274549247885965
2003-07-17,Dovish/Co-operative,101161.83238667074,70952.37369557229,1.1618323866707359,-29.04762630442771,42.57709378507184
2003-07-18,Dovish/Co-operative,102044.25854756383,71679.91278124937,2.0442585475638264,-28.320087218750633,42.36102499033374
2003-07-21,Dovish/Co-operative,100969.6734494298,70793.94328666029,0.9696734494297976,-29.206056713339713,42.624734210074045
2003-07-22,Dovish/Co-operative,101747.22779716272,71435.01809187832,1.7472277971627204,-28.564981908121688,42.433263845887794
2003-07-23,Dovish/Co-operative,101808.40554659074,71485.4576706841,1.8084055465907412,-28.514542329315894,42.41834474306228
2003-07-24,Dovish/Co-operative,101153.11579466869,70945.18707570943,1.1531157946686799,-29.054812924290573,42.57925021287596
2003-07-25,Dovish/Co-operative,102673.35812212633,72198.59020669402,2.6733581221263236,-27.801409793305986,42.20964402239365
2003-07-28,Dovish/Co-operative,102350.06649199715,71932.04405539544,2.350066491997138,-28.067955944604563,42.287165387899364
2003-07-29,Dovish/Co-operative,101948.1740287742,71600.6934130507,1.9481740287742078,-28.3993065869493,42.384338990482526
2003-07-30,Dovish/Co-operative,101738.4809041456,71427.80648955939,1.7384809041456117,-28.572193510440613,42.43539862730732
2003-07-31,Dovish/Co-operative,101939.41703541872,71593.4734832464,1.9394170354187334,-28.406526516753594,42.38646635754246
2003-08-01,Dovish/Co-operative,101170.56917934949,70959.57697040588,1.170569179349501,-29.04042302959412,42.57493279806796
2003-08-04,Dovish/Co-operative,101170.56917934949,70959.57697040588,1.170569179349501,-29.04042302959412,42.57493279806796
2003-08-05,Dovish/Co-operative,99344.63001118047,69454.13416761413,-0.6553699888195208,-30.545865832385864,43.036309071870946
2003-08-06,Dovish/Co-operative,99833.89040119102,69857.5175582947,-0.16610959880898335,-30.142482441705297,42.91073300433506
2003-08-07,Dovish/Co-operative,100725.02305374782,70592.23493634928,0.7250230537478197,-29.407765063650714,42.685697859783424
2003-08-08,Dovish/Co-operative,100969.6734494298,70793.94328666029,0.9696734494297976,-29.206056713339713,42.624734210074045
2003-08-11,Dovish/Co-operative,101292.91457786721,71060.44780053209,1.292914577867199,-28.93955219946791,42.54471750895546
2003-08-12,Dovish/Co-operative,102079.23601929395,71708.75086303976,2.079236019293962,-28.29124913696024,42.35255082641216
2003-08-13,Dovish/Co-operative,101633.64949233884,71341.37551904176,1.63364949233884,-28.658624480958238,42.46101754123279
2003-08-14,Dovish/Co-operative,101869.56309534208,71535.88059451917,1.869563095342075,-28.464119405480826,42.40345159481684
2003-08-15,Dovish/Co-operative,102140.40366838363,71759.1821143602,2.140403668383639,-28.240817885639803,42.337747809898254
2003-08-18,Dovish/Co-operative,102891.76783875698,72378.6637500482,2.8917678387569756,-27.6213362499518,42.15759521905853
2003-08-19,Dovish/Co-operative,103223.75586021149,72652.37986623895,3.2237558602114857,-27.34762013376105,42.0789739444982
2003-08-20,Dovish/Co-operative,102865.49685869056,72357.00396063532,2.8654968586905527,-27.642996039364675,42.16384209972666
2003-08-21,Dovish/Co-operative,103145.07422441087,72587.50875530993,3.14507422441086,-27.412491244690074,42.09755368807253
2003-08-22,Dovish/Co-operative,102271.45555856502,71867.23123686393,2.2714555585650276,-28.132768763136074,42.30610223662743
2003-08-25,Dovish/Co-operative,102411.23414108682,71982.47530671586,2.4112341410868154,-28.017524693284134,42.27245410041076
2003-08-26,Dovish/Co-operative,102568.4964093045,72112.13425372033,2.5684964093044993,-27.887865746279672,42.2347257791956
2003-08-27,Dovish/Co-operative,102594.7269880175,72133.7607331918,2.594726988017504,-27.8662392668082,42.228446077412585
2003-08-28,Dovish/Co-operative,103136.37783308554,72580.33879041777,3.136377833085535,-27.419661209582237,42.099609276971115
2003-08-29,Dovish/Co-operative,103730.48983557956,73070.16980658667,3.7304898355795535,-26.92983019341333,41.96010507454593
2003-09-02,Dovish/Co-operative,104918.6734392142,74049.79852898302,4.918673439214194,-25.950201471016975,41.68664266945861
2003-09-03,Dovish/Co-operative,105407.9439295631,74453.19024714894,5.407943929563097,-25.54680975285105,41.576128006952004
2003-09-04,Dovish/Co-operative,105451.61779261855,74489.1982938315,5.451617792618557,-25.510801706168497,41.56632130292515
2003-09-05,Dovish/Co-operative,104944.91411826554,74071.43333593984,4.944914118265542,-25.92856666406016,41.680684971092255
2003-09-08,Dovish/Co-operative,105687.54149596013,74683.71169679427,5.687541495960136,-25.316288303205724,41.513509565562565
2003-09-09,Dovish/Co-operative,105093.45979448118,74193.90566308144,5.093459794481192,-25.80609433691855,41.64702458408955
2003-09-10,Dovish/Co-operative,104184.77275386,73444.71511547684,4.18477275386,-26.555284884523168,41.85468973506221
2003-09-11,Dovish/Co-operative,104446.95733692966,73660.87998036713,4.446957336929658,-26.339120019632865,41.79433827666457
2003-09-12,Dovish/Co-operative,104612.89579579595,73797.69223729304,4.612895795795957,-26.202307762706955,41.756324112979115
2003-09-15,Dovish/Co-operative,104298.33085800718,73538.34103334267,4.298330858007171,-26.461658966657332,41.82850658912438
2003-09-16,Dovish/Co-operative,105600.1836695109,74611.68727594381,5.600183669510894,-25.388312724056185,41.533032591742966
2003-09-17,Dovish/Co-operative,105425.42761525897,74467.60512430147,5.425427615258971,-25.53239487569854,41.57220101181265
2003-09-18,Dovish/Co-operative,106491.29612139097,75346.38799902769,6.491296121390966,-24.653612000972313,41.33563525668302
2003-09-19,Dovish/Co-operative,106026.49875088094,74963.17377788115,6.026498750880949,-25.036826222118847,41.438113419586074
2003-09-22,Dovish/Co-operative,105044.18024363763,74153.2758620259,5.0441802436376415,-25.846724137974096,41.658178984687375
2003-09-23,Dovish/Co-operative,105386.27870378745,74435.32779105873,5.38627870378745,-25.564672208941264,41.58099632423004
2003-09-24,Dovish/Co-operative,103781.29453751502,73112.05705793107,3.781294537515012,-26.887942942068932,41.94826231640953
2003-09-25,Dovish/Co-operative,103053.35305179143,72511.88686078535,3.053353051791441,-27.488113139214654,42.11925452945702
2003-09-26,Dovish/Co-operative,102763.89755515802,72273.23778543185,2.7638975551580236,-27.726762214568158,42.18803626903815
2003-09-29,Dovish/Co-operative,103623.45655001099,72981.92344426128,3.623456550010995,-27.018076555738723,41.985099404993996
2003-09-30,Dovish/Co-operative,102763.89755515802,72273.23778543185,2.7638975551580236,-27.726762214568158,42.18803626903815
2003-10-01,Dovish/Co-operative,104542.75299031103,73813.43118461728,4.542752990311016,-26.186568815382717,41.63107081262163
2003-10-02,Dovish/Co-operative,104865.13633853226,74080.99328912939,4.865136338532272,-25.91900671087062,41.554711515889096
2003-10-03,Dovish/Co-operative,105684.14857575312,74760.73260885877,5.684148575753123,-25.23926739114123,41.363179422923515
2003-10-06,Dovish/Co-operative,106093.6245932106,75100.57728626739,6.093624593210589,-24.899422713732612,41.26872046376464
2003-10-07,Dovish/Co-operative,106442.08557361443,75389.78252522167,6.442085573614431,-24.610217474778327,41.18900732735793
2003-10-08,Dovish/Co-operative,106215.56436385898,75201.78121580787,6.215564363858972,-24.798218784192127,41.24075606540529
2003-10-09,Dovish/Co-operative,106459.52417489699,75404.2556947717,6.459524174896991,-24.59574430522831,41.18503417875203
2003-10-10,Dovish/Co-operative,106712.20328657626,75613.9667585105,6.712203286576268,-24.386033241489493,41.12763535787598
2003-10-13,Dovish/Co-operative,106999.69939851473,75852.57419643723,6.999699398514725,-24.147425803562772,41.06271347023114
2003-10-14,Dovish/Co-operative,107322.06267930065,76120.11964597862,7.322062679300645,-23.879880354021388,40.990401983650095
2003-10-15,Dovish/Co-operative,107078.09283454501,75917.63683952944,7.078092834545013,-24.082363160470553,41.045081607164406
2003-10-16,Dovish/Co-operative,107444.032551102,76221.34855797517,7.444032551101998,-23.778651442024824,40.963174469916865
2003-10-17,Dovish/Co-operative,106442.08557361443,75389.78252522167,6.442085573614431,-24.610217474778327,41.18900732735793
2003-10-20,Dovish/Co-operative,107121.7094051867,75953.8364183752,7.121709405186705,-24.046163581624803,41.03528466308146
2003-10-21,Dovish/Co-operative,106964.85229710258,75823.65283979326,6.964852297102575,-24.176347160206745,41.07056082236915
2003-10-22,Dovish/Co-operative,105814.83774819576,74869.19810563033,5.814837748195756,-25.130801894369668,41.33293854557558
2003-10-23,Dovish/Co-operative,105649.25130575271,74731.76961478802,5.649251305752712,-25.268230385211975,41.37126934144846
2003-10-24,Dovish/Co-operative,105849.6848496079,74898.11946227429,5.849684849607906,-25.101880537725705,41.324889876472426
2003-10-27,Dovish/Co-operative,105893.18101563775,74934.21911129577,5.893181015637738,-25.065780888704236,41.31485224175127
2003-10-28,Dovish/Co-operative,107121.7094051867,75953.8364183752,7.121709405186705,-24.046163581624803,41.03528466308146
2003-10-29,Dovish/Co-operative,107243.62910839978,76055.02369294497,7.243629108399774,-23.944976307055022,41.00794911506671
2003-10-30,Dovish/Co-operative,107435.32328417838,76214.12030068552,7.4353232841783745,-23.78587969931448,40.96511625446397
2003-10-31,Dovish/Co-operative,107348.20051378918,76141.81274533294,7.348200513789194,-23.85818725466706,40.98456110157296
2003-11-03,Dovish/Co-operative,107949.37070702526,76640.7540304821,7.949370707025261,-23.359245969517893,40.85113341146263
2003-11-04,Dovish/Co-operative,107748.96726432303,76474.4291654519,7.748967264323037,-23.52557083454809,40.89541882190304
2003-11-05,Dovish/Co-operative,107818.68153458263,76532.28853371054,7.818681534582628,-23.467711466289465,40.87999143928804
2003-11-06,Dovish/Co-operative,108306.54095435272,76937.18752672603,8.306540954352727,-23.062812473273965,40.77268020322391
2003-11-07,Dovish/Co-operative,107618.2580244451,76365.94701370964,7.61825802444509,-23.634052986290367,40.92440705950373
2003-11-10,Dovish/Co-operative,107243.62910839978,76055.02369294497,7.243629108399774,-23.944976307055022,41.00794911506671
2003-11-11,Dovish/Co-operative,107217.5013076289,76033.33892107602,7.217501307628904,-23.966661078923977,41.01380108918089
2003-11-12,Dovish/Co-operative,108245.57608588735,76886.58972569848,8.245576085887363,-23.113410274301526,40.78602845056021
2003-11-13,Dovish/Co-operative,108271.76408896415,76908.32446247956,8.27176408896415,-23.09167553752044,40.78029243997576
2003-11-14,Dovish/Co-operative,107487.59895315544,76257.50649939415,7.487598953155428,-23.742493500605853,40.95346659939556
2003-11-17,Dovish/Co-operative,107025.85730043857,75874.28395076226,7.025857300438565,-24.125716049237745,41.05682680299398
2003-11-18,Dovish/Co-operative,106076.15589077507,75086.07913426131,6.076155890775081,-24.913920865738692,41.27273272732812
2003-11-19,Dovish/Co-operative,106842.88242530124,75722.42392779671,6.842882425301244,-24.27757607220329,41.09807489414059
2003-11-20,Dovish/Co-operative,106023.89025551568,75042.70126303803,6.023890255515685,-24.957298736961963,41.284746512366425
2003-11-21,Dovish/Co-operative,106398.53923899631,75353.64123877342,6.398539238996315,-24.646358761226583,41.19893543279587
2003-11-24,Dovish/Co-operative,107600.86959175082,76351.5154815864,7.600869591750814,-23.648484518413603,40.92826961332652
2003-11-25,Dovish/Co-operative,107949.37070702526,76640.7540304821,7.949370707025261,-23.359245969517893,40.85113341146263
2003-11-26,Dovish/Co-operative,108280.46332217012,76915.54439228386,8.280463322170117,-23.084455607716137,40.77838774685028
2003-11-28,Dovish/Co-operative,108350.14749127676,76973.37877808644,8.350147491276761,-23.02662122191357,40.76314332471915
2003-12-01,Dovish/Co-operative,109352.09446876434,77804.94481083992,9.352094468764328,-22.195055189160072,40.546458499035154
2003-12-02,Dovish/Co-operative,109116.82385721465,77609.68193419505,9.116823857214662,-22.390318065804948,40.59692185020729
2003-12-03,Dovish/Co-operative,108968.72618464244,77486.76825032955,8.968726184642438,-22.51323174967045,40.62881785520715
2003-12-04,Dovish/Co-operative,109352.09446876434,77804.94481083992,9.352094468764328,-22.195055189160072,40.546458499035154
2003-12-05,Dovish/Co-operative,108698.6285391159,77262.60067201142,8.698628539115894,-22.737399327988573,40.68725048559265
2003-12-08,Dovish/Co-operative,109325.93656684051,77783.23505651491,9.32593656684051,-22.21676494348509,40.55205660629522
2003-12-09,Dovish/Co-operative,108602.81656923839,77183.0815143399,8.602816569238403,-22.81691848566011,40.70805989919049
2003-12-10,Dovish/Co-operative,108594.10730231476,77175.85325705024,8.594107302314757,-22.824146742949758,40.70995359211578
2003-12-11,Dovish/Co-operative,109639.54041211454,78043.51061133987,9.639540412114545,-21.956489388660138,40.48514675118127
2003-12-12,Dovish/Co-operative,109822.56545584013,78195.41227173219,9.822565455840127,-21.804587728267812,40.44630275009271
2003-12-15,Dovish/Co-operative,109352.09446876434,77804.94481083992,9.352094468764328,-22.195055189160072,40.546458499035154
2003-12-16,Dovish/Co-operative,109839.95388853442,78209.84380385542,9.839953888534424,-21.790156196144583,40.44262019497828
2003-12-17,Dovish/Co-operative,110136.20943598478,78455.72113649857,10.136209435984789,-21.544278863501432,40.38008680637575
2003-12-18,Dovish/Co-operative,111199.13131565538,79337.89329776498,11.199131315655375,-20.662106702235018,40.15891611630171
2003-12-19,Dovish/Co-operative,110933.01705603747,79117.03173113348,10.933017056037464,-20.88296826886652,40.21382580810855
2003-12-22,Dovish/Co-operative,111598.26257021163,79669.1523377708,11.598262570211638,-20.33084766222919,40.07713060266034
2003-12-23,Dovish/Co-operative,111659.57861879488,79720.04160078586,11.659578618794875,-20.279958399214138,40.0646266317229
2003-12-24,Dovish/Co-operative,111563.25492931702,79640.09774136114,11.563254929317024,-20.35990225863886,40.08427675670288
2003-12-26,Dovish/Co-operative,111633.3003122592,79698.23191663655,11.633300312259198,-20.30176808336345,40.06998352112301
2003-12-29,Dovish/Co-operative,112911.32503099507,80758.92870898079,12.911325030995059,-19.241071291019207,39.81280687597677
2003-12-30,Dovish/Co-operative,112928.85393573651,80773.47682589902,12.928853935736505,-19.226523174100972,39.80932649357896
2003-12-31,Dovish/Co-operative,113016.39812226717,80846.13413563659,13.01639812226718,-19.153865864363407,39.79196325288494
2004-01-02,Dovish/Co-operative,112875.89404708253,80809.77633456906,12.875894047082536,-19.19022366543094,39.68098807717666
2004-01-05,Dovish/Co-operative,113920.57219203624,81688.90896368027,13.92057219203624,-18.311091036319738,39.456596540769695
2004-01-06,Dovish/Co-operative,114015.49075570391,81768.78620322213,14.015490755703919,-18.23121379677787,39.43644763460006
2004-01-07,Dovish/Co-operative,114343.53968232473,82044.85067028347,14.343539682324735,-17.955149329716523,39.36711292441879
2004-01-08,Dovish/Co-operative,114732.0507048598,82371.7960728745,14.73205070485979,-17.628203927125508,39.285600381174305
2004-01-09,Dovish/Co-operative,113877.36801678884,81652.55116261273,13.877368016788827,-18.34744883738727,39.46578079354768
2004-01-12,Dovish/Co-operative,114593.9081747513,82255.54437729438,14.593908174751302,-17.744455622705612,39.3145094865891
2004-01-13,Dovish/Co-operative,114024.13950723076,81776.06442542392,14.02413950723076,-18.22393557457609,39.43461367135812
2004-01-14,Dovish/Co-operative,114835.66749803787,82458.99317204494,14.835667498037864,-17.541006827955062,39.26396998134729
2004-01-15,Dovish/Co-operative,115077.40703013103,82662.42531182477,15.07740703013103,-17.337574688175227,39.21368335858557
2004-01-16,Dovish/Co-operative,115465.87847027925,82989.33740447438,15.465878470279248,-17.010662595525616,39.13339000107969
2004-01-20,Dovish/Co-operative,115439.9322156987,82967.50273786901,15.439932215698704,-17.032497262130985,39.138733125937804
2004-01-21,Dovish/Co-operative,116216.98394755897,83621.41852550714,16.216983947558973,-16.378581474492858,38.97992403956789
2004-01-22,Dovish/Co-operative,115957.9271212187,83403.413286353,15.957927121218706,-16.596586713647,39.03259177546452
2004-01-23,Dovish/Co-operative,115638.54673731815,83134.64369646416,15.638546737318148,-16.86535630353584,39.097903828793854
2004-01-26,Dovish/Co-operative,116881.72065673076,84180.81735434625,16.88172065673075,-15.81918264565375,38.846027313722885
2004-01-27,Dovish/Co-operative,115854.33011923404,83316.23284215327,15.85433011923405,-16.68376715784673,39.053730788243634
2004-01-28,Dovish/Co-operative,114723.41184892967,82364.52617815806,14.723411848929668,-17.63547382184194,39.287405843600574
2004-01-29,Dovish/Co-operative,114818.35020379076,82444.42007267065,14.818350203790764,-17.555579927329358,39.26758184796994
2004-01-30,Dovish/Co-operative,114818.35020379076,82444.42007267065,14.818350203790764,-17.555579927329358,39.26758184796994
2004-02-02,Dovish/Co-operative,115241.38696325623,82800.42007167134,15.241386963256232,-17.199579928328657,39.17971293322458
2004-02-03,Dovish/Co-operative,115077.40703013103,82662.42531182477,15.07740703013103,-17.337574688175227,39.21368335858557
2004-02-04,Dovish/Co-operative,114274.50799965733,81986.75813243484,14.274507999657327,-18.013241867565156,39.38166431104331
2004-02-05,Dovish/Co-operative,114559.36264662747,82226.473125914,14.559362646627472,-17.77352687408601,39.321751610581536
2004-02-06,Dovish/Co-operative,115655.81455358172,83149.17515841169,15.655814553581715,-16.85082484158832,39.09436183009631
2004-02-09,Dovish/Co-operative,115681.68164338857,83170.9432051342,15.681681643388568,-16.829056794865803,39.089058252074096
2004-02-10,Dovish/Co-operative,116001.12140086938,83439.76275993518,16.00112140086938,-16.56023724006481,39.023791012705274
2004-02-11,Dovish/Co-operative,117054.37902817295,84326.11531885067,17.05437902817295,-15.67388468114933,38.811539682068144
2004-02-12,Dovish/Co-operative,116691.76478223487,84020.96294543824,16.691764782234863,-15.979037054561761,38.884107836293765
2004-02-13,Dovish/Co-operative,116242.88072415596,83643.21155468572,16.24288072415596,-16.356788445314272,38.97467417084606
2004-02-17,Dovish/Co-operative,117140.68842270061,84398.74764613218,17.1406884227006,-15.601252353867823,38.79434433535569
2004-02-18,Dovish/Co-operative,116700.43332495514,84028.25782261074,16.700433324955142,-15.97174217738926,38.88236689533364
2004-02-19,Dovish/Co-operative,116329.1604318935,83715.81889951116,16.3291604318935,-16.284181100488848,38.957203024592026
2004-02-20,Dovish/Co-operative,116027.04786425651,83461.58077156985,16.027047864256506,-16.538419228430158,39.01851222039121
2004-02-23,Dovish/Co-operative,115776.6496850398,83250.86208210285,15.7766496850398,-16.74913791789715,39.06961055953955
2004-02-24,Dovish/Co-operative,115604.02100038774,83105.5891000545,15.604021000387736,-16.894410899945512,39.10498951064163
2004-02-25,Dovish/Co-operative,116018.40900832637,83454.3108768534,16.018409008326362,-16.5456891231466,39.02027083960362
2004-02-26,Dovish/Co-operative,116078.82162625705,83505.15017495632,16.078821626257046,-16.49484982504368,39.00797900854476
2004-02-27,Dovish/Co-operative,116147.86320452117,83563.2510402903,16.147863204521173,-16.436748959709703,38.99394980279081
2004-03-01,Dovish/Co-operative,117132.0594623672,84391.4860789011,17.1320594623672,-15.608513921098899,38.79606214405986
2004-03-02,Dovish/Co-operative,116545.02297858309,83897.47466508312,16.54502297858309,-16.102525334916873,38.91362456835352
2004-03-03,Dovish/Co-operative,116726.33999714884,84050.0591792747,16.72633999714883,-15.949940820725296,38.877165747352095
2004-03-04,Dovish/Co-operative,116985.28797192527,84267.97281608991,16.985287971925267,-15.732027183910091,38.825325995724434
2004-03-05,Dovish/Co-operative,117322.0252324598,84551.34881529446,17.322025232459804,-15.448651184705541,38.75831299717534
2004-03-08,Dovish/Co-operative,116096.0696513272,83519.6649819331,16.096069651327195,-16.480335018066896,39.00447239155112
2004-03-09,Dovish/Co-operative,115698.93956405541,83185.46633959636,15.698939564055415,-16.81453366040364,39.08552137187768
2004-03-10,Dovish/Co-operative,114041.42711468774,81790.61254234215,14.041427114687743,-18.209387457657854,39.430948821479596
2004-03-11,Dovish/Co-operative,112780.96558781815,80729.89076754183,12.78096558781816,-19.270109232458164,39.70162044758116
2004-03-12,Dovish/Co-operative,114041.42711468774,81790.61254234215,14.041427114687743,-18.209387457657854,39.430948821479596
2004-03-15,Dovish/Co-operative,112850.0368528724,80788.01661533189,12.850036852872403,-19.21198338466812,39.68660400490116
2004-03-16,Dovish/Co-operative,113359.36321567213,81216.63228664338,13.359363215672126,-18.783367713356625,39.57653749491266
2004-03-17,Dovish/Co-operative,114438.51761957267,82124.77787473747,14.438517619572666,-17.875222125262535,39.347125899229106
2004-03-18,Dovish/Co-operative,114464.47376974994,82146.6208688282,14.46447376974993,-17.8533791311718,39.34167049004598
2004-03-19,Dovish/Co-operative,113065.26608137238,80969.13942184101,13.065266081372373,-19.030860578158983,39.639950342455535
2004-03-22,Dovish/Co-operative,111843.74372756704,79941.18630191949,11.843743727567047,-20.058813698080513,39.90753565397307
2004-03-23,Dovish/Co-operative,111679.1007894621,79802.63360055402,11.679100789462105,-20.197366399445983,39.94412934849154
2004-03-24,Dovish/Co-operative,111757.07809155772,79868.25418516515,11.757078091557727,-20.131745814834858,39.926782213696676
2004-03-25,Dovish/Co-operative,113013.29440743758,80925.40346874742,13.013294407437591,-19.074596531252585,39.6511967358707
2004-03-26,Dovish/Co-operative,113039.31982679183,80947.30475523564,13.039319826791829,-19.05269524476436,39.64556345463806
2004-03-29,Dovish/Co-operative,114390.80105222431,82084.62274034727,14.390801052224322,-17.915377259652733,39.35716244206784
2004-03-30,Dovish/Co-operative,114719.97807687038,82361.63654073927,14.719978076870376,-17.63836345926073,39.28812356724529
2004-03-31,Dovish/Co-operative,114832.60975865368,82456.4199790697,14.832609758653682,-17.543580020930293,39.26460764098438
2004-04-01,Dovish/Co-operative,115323.3838186399,82952.1801648126,15.32338381863989,-17.047819835187404,39.02393353557547
2004-04-02,Dovish/Co-operative,116064.9255935861,83579.16486480703,16.0649255935861,-16.42083513519298,38.86825237046365
2004-04-05,Dovish/Co-operative,116608.167411077,84038.48397462882,16.608167411077,-15.96151602537118,38.755677037535506
2004-04-06,Dovish/Co-operative,116289.18754010726,83768.78170638003,16.289187540107264,-16.231218293619964,38.8216292170934
2004-04-07,Dovish/Co-operative,116056.36680432272,83571.92828003202,16.05636680432272,-16.428071719967974,38.87003589942564
2004-04-08,Dovish/Co-operative,115832.1344048301,83382.33642091509,15.83213440483009,-16.61766357908491,38.91687301745541
2004-04-12,Dovish/Co-operative,116220.14598344879,83710.40603402928,16.220145983448788,-16.289593965970717,38.83596017465727
2004-04-13,Dovish/Co-operative,114831.94779116662,82536.66362796727,14.83194779116661,-17.463336372032735,39.12841002244753
2004-04-14,Dovish/Co-operative,114987.1583320198,82667.89646970415,14.987158332019801,-17.33210353029585,39.095299677983085
2004-04-15,Dovish/Co-operative,114616.35297301342,82354.3749735082,14.616352973013424,-17.645625026491807,39.17457695463451
2004-04-16,Dovish/Co-operative,115366.49293326102,82988.62956821905,15.366492933261021,-17.011370431780946,39.014818696851016
2004-04-19,Dovish/Co-operative,115366.49293326102,82988.62956821905,15.366492933261021,-17.011370431780946,39.014818696851016
2004-04-20,Dovish/Co-operative,113719.54156315698,81596.10746686473,13.719541563156978,-18.40389253313527,39.36883154547195
2004-04-21,Dovish/Co-operative,114366.26692355951,82142.92346532982,14.366266923559511,-17.85707653467018,39.22838644990549
2004-04-22,Dovish/Co-operative,115728.65086191846,83294.8395322718,15.728650861918458,-16.7051604677282,38.93856031390814
2004-04-23,Dovish/Co-operative,115823.46727646212,83375.00823380116,15.823467276462111,-16.62499176619885,38.918687661977344
2004-04-26,Dovish/Co-operative,115685.52204927831,83258.37347389464,15.685522049278312,-16.741626526105357,38.94761238105509
2004-04-27,Dovish/Co-operative,115771.82891960615,83331.34722807576,15.771828919606158,-16.668652771924243,38.92950584699133
2004-04-28,Dovish/Co-operative,114495.63366346095,82252.30498549061,14.49563366346094,-17.74769501450939,39.20051685318495
2004-04-29,Dovish/Co-operative,113641.97076426366,81530.52019219504,13.641970764263656,-18.469479807804966,39.38580361853581
2004-04-30,Dovish/Co-operative,112891.79140797803,80896.23228754275,12.891791407978026,-19.103767712457255,39.551358840431796
2004-05-03,Dovish/Co-operative,113917.87106764081,81763.79803949344,13.917871067640819,-18.23620196050656,39.325561922424825
2004-05-04,Dovish/Co-operative,113840.25102369995,81698.16912739696,13.840251023699945,-18.30183087260304,39.34247516144684
2004-05-05,Dovish/Co-operative,114461.16213017925,82223.15878674202,14.46116213017925,-17.77684121325799,39.20793584086362
2004-05-06,Dovish/Co-operative,113624.72514861332,81515.93876533539,13.624725148613326,-18.484061234664605,39.389580577255366
2004-05-07,Dovish/Co-operative,112029.55002149836,80167.19425450145,12.02955002149837,-19.83280574549855,39.744880762379694
2004-05-10,Dovish/Co-operative,111055.16781274862,79343.3394731883,11.055167812748623,-20.6566605268117,39.96785180724134
2004-05-11,Dovish/Co-operative,111848.45628365538,80014.07678124704,11.848456283655384,-19.985923218752955,39.78597364741374
2004-05-12,Dovish/Co-operative,112452.02328438924,80524.40173887888,12.452023284389234,-19.475598261121117,39.64962279265845
2004-05-13,Dovish/Co-operative,112055.35442641209,80189.01226613611,12.05535442641208,-19.810987733863893,39.739038129707914
2004-05-14,Dovish/Co-operative,112098.54233310929,80225.52828942542,12.098542333109297,-19.77447171057458,39.72926663530001
2004-05-17,Dovish/Co-operative,111287.97869952364,79540.18457205096,11.287978699523627,-20.459815427949046,39.914156973968474
2004-05-18,Dovish/Co-operative,111762.24790342264,79941.18630191949,11.76224790342264,-20.058813698080513,39.80559092696263
2004-05-19,Dovish/Co-operative,111434.63045111345,79664.18082901284,11.43463045111346,-20.335819170987158,39.88046985669895
2004-05-20,Dovish/Co-operative,111736.38440445186,79919.31832537267,11.736384404451861,-20.08068167462732,39.81148331313775
2004-05-21,Dovish/Co-operative,111900.16358357792,80057.79607936993,11.900163583577905,-19.942203920630064,39.77422445234342
2004-05-24,Dovish/Co-operative,112296.84229056459,80393.19387959807,12.29684229056458,-19.60680612040193,39.68451416266336
2004-05-25,Dovish/Co-operative,113659.22622892354,81545.10994654005,13.659226228923526,-18.45489005345995,39.38202585469208
2004-05-26,Dovish/Co-operative,113995.48126257215,81829.41862410457,13.995481262572152,-18.170581375895434,39.308677953862905
2004-05-27,Dovish/Co-operative,114538.69353303453,82288.71275147029,14.538693533034518,-17.711287248529718,39.19125686042284
2004-05-28,Dovish/Co-operative,114530.11504575214,82281.45951172456,14.530115045752146,-17.718540488275437,39.1931010040389
2004-06-01,Dovish/Co-operative,114400.75815486022,82172.08631904912,14.400758154860217,-17.82791368095088,39.22094871812918
2004-06-02,Dovish/Co-operative,114762.93578153667,82478.31293807257,14.762935781536669,-17.521687061927427,39.143165874045515
2004-06-03,Dovish/Co-operative,113866.17361672778,81720.08706885591,13.866173616727796,-18.279912931144093,39.336823663423345
2004-06-04,Dovish/Co-operative,114633.59858866378,82368.95640036785,14.633598588663776,-17.631043599632147,39.17087650287607
2004-06-07,Dovish/Co-operative,116116.68213855618,83622.92580035671,16.116682138556172,-16.377074199643292,38.857473626043415
2004-06-08,Dovish/Co-operative,116254.6372147495,83739.56888774858,16.25463721474949,-16.260431112251418,38.82879833139192
2004-06-09,Dovish/Co-operative,115331.9820039413,82959.45005952904,15.331982003941302,-17.04054994047095,39.02211492624743
2004-06-10,Dovish/Co-operative,115814.90848719876,83367.77164902615,15.814908487198753,-16.632228350973843,38.92047993650749
2004-06-14,Dovish/Co-operative,114840.51642943949,82543.90854022764,14.840516429439488,-17.45609145977236,39.126579368933264
2004-06-15,Dovish/Co-operative,115530.36075347268,83127.18226958453,15.53036075347267,-16.87281773041547,38.98024400586975
2004-06-16,Dovish/Co-operative,115513.11513782231,83112.60084272487,15.51311513782232,-16.88739915727513,38.983877253955
2004-06-17,Dovish/Co-operative,115366.49293326102,82988.62956821905,15.366492933261021,-17.011370431780946,39.014818696851016
2004-06-18,Dovish/Co-operative,115551.7134060883,83145.23625783794,15.551713406088297,-16.85476374216206,38.975747266814054
2004-06-21,Dovish/Co-operative,115179.5784307982,82830.59055111882,15.179578430798202,-17.16940944888118,39.054397251599006
2004-06-22,Dovish/Co-operative,115672.84637404016,83247.6560002405,15.672846374040162,-16.7523439997595,38.95027431607922
2004-06-23,Dovish/Co-operative,116520.97412989334,83964.76074676559,16.52097412989333,-16.035239253234412,38.77366301479259
2004-06-24,Dovish/Co-operative,116209.41056308392,83701.32907499043,16.209410563083914,-16.298670925009574,38.838190321886735
2004-06-25,Dovish/Co-operative,115733.41778252085,83298.87003518446,15.733417782520842,-16.701129964815543,38.93756029780047
2004-06-28,Dovish/Co-operative,115395.94147169309,83013.52874943572,15.395941471693098,-16.986471250564282,39.00859680353908
2004-06-29,Dovish/Co-operative,115802.70556441703,83357.45389466915,15.80270556441703,-16.642546105330858,38.923035858012
2004-06-30,Dovish/Co-operative,116330.58292707382,83803.78212733442,16.330582927073813,-16.196217872665585,38.81304634952756
2004-07-01,Dovish/Co-operative,114856.81292356852,82640.31583820263,14.85681292356853,-17.35968416179737,38.98399559416128
2004-07-02,Dovish/Co-operative,114804.91380605524,82596.42166288725,14.804913806055243,-17.403578337112748,38.99502120639702
2004-07-06,Dovish/Co-operative,113948.42575158208,81872.03869416036,13.948425751582082,-18.127961305839634,39.1786836739777
2004-07-07,Dovish/Co-operative,114233.92505179365,82113.50245956445,14.233925051793639,-17.886497540435553,39.11710209663315
2004-07-08,Dovish/Co-operative,113559.12821634395,81542.78657812552,13.559128216343952,-18.457213421874474,39.2632420128834
2004-07-09,Dovish/Co-operative,113809.9887202338,81754.95425004458,13.8099887202338,-18.245045749955413,39.20867519801925
2004-07-12,Dovish/Co-operative,113853.25275407052,81791.5452207021,13.853252754070521,-18.2084547792979,39.19929308934653
2004-07-13,Dovish/Co-operative,113922.44173126003,81850.06246030393,13.922441731260026,-18.14993753969607,39.18430640967527
2004-07-14,Dovish/Co-operative,113628.31719353344,81601.30381772734,13.628317193533434,-18.398696182272655,39.24816378834433
2004-07-15,Dovish/Co-operative,113005.37024478929,81074.44047417701,13.005370244789294,-18.925559525822987,39.38470569005354
2004-07-16,Dovish/Co-operative,112927.55603008477,81008.62835740269,12.927556030084775,-18.99137164259731,39.401886342105044
2004-07-19,Dovish/Co-operative,112520.91940436269,80664.71153965461,12.520919404362685,-19.33528846034539,39.49212394945172
2004-07-20,Dovish/Co-operative,113732.15481320619,81689.12547829954,13.732154813206176,-18.31087452170046,39.22557518799583
2004-07-21,Dovish/Co-operative,111949.89126545492,80181.7590263904,11.949891265454916,-19.8182409736096,39.62014880293236
2004-07-22,Dovish/Co-operative,112209.44592999062,80401.27986787945,12.209445929990626,-19.59872013212055,39.5617658255943
2004-07-23,Dovish/Co-operative,111413.45269206111,79728.0609691844,11.41345269206111,-20.2719390308156,39.74183159317444
2004-07-26,Dovish/Co-operative,111231.82055000695,79574.44384680859,11.231820550006955,-20.425556153191415,39.783346477599046
2004-07-27,Dovish/Co-operative,112114.26308631751,80320.77806693583,12.11426308631751,-19.679221933064174,39.583138740123225
2004-07-28,Dovish/Co-operative,112399.81161733682,80562.2834697667,12.399811617336809,-19.437716530233306,39.51914813774869
2004-07-29,Dovish/Co-operative,112806.4285507358,80906.18363254405,12.806428550735793,-19.09381636745595,39.428685776447935
2004-07-30,Dovish/Co-operative,113040.009041111,81103.73656766204,13.040009041111,-18.896263432337957,39.377066735767016
2004-08-02,Dovish/Co-operative,113239.0393506184,81272.0683566632,13.239039350618409,-18.72793164333679,39.33328096642976
2004-08-03,Dovish/Co-operative,112494.94523020218,80642.74363328354,12.49494523020218,-19.35725636671647,39.49791408606333
2004-08-04,Dovish/Co-operative,112486.26091571788,80635.3987911989,12.486260915717873,-19.3646012088011,39.499850688399405
2004-08-05,Dovish/Co-operative,110929.01169779606,79318.34036214736,10.929011697796053,-20.681659637852647,39.85291572078087
2004-08-06,Dovish/Co-operative,109588.01372592703,78184.17849398594,9.588013725927036,-21.815821506014068,40.16648359918078
2004-08-09,Dovish/Co-operative,109717.76644279102,78293.91809601708,9.71776644279101,-21.70608190398292,40.13574631459467
2004-08-10,Dovish/Co-operative,110911.70214579675,79303.70064289021,10.911702145796752,-20.696299357109794,39.856906104848065
2004-08-11,Dovish/Co-operative,110721.35615077364,79142.71369597368,10.721356150773653,-20.857286304026324,39.900884086574486
2004-08-12,Dovish/Co-operative,109700.51596776099,78279.32834167207,9.700515967760982,-21.720671658327937,40.13982783416632
2004-08-13,Dovish/Co-operative,109882.15795597671,78432.95379153323,9.882157955976712,-21.567046208466767,40.096926921855136
2004-08-16,Dovish/Co-operative,110842.49347628416,79245.16674831767,10.842493476284165,-20.754833251682324,39.87287556390595
2004-08-17,Dovish/Co-operative,111370.25758135521,79691.52829092437,11.370257581355215,-20.308471709075626,39.751690009988884
2004-08-18,Dovish/Co-operative,112339.1986468546,80511.01946991059,12.339198646854598,-19.488980530089407,39.5326992335989
2004-08-19,Dovish/Co-operative,112062.33443031959,80276.85890916438,12.062334430319588,-19.723141090835618,39.59481717778894
2004-08-20,Dovish/Co-operative,112728.555259062,80840.32155085758,12.728555259062002,-19.159678449142415,39.44595110021076
2004-08-23,Dovish/Co-operative,112486.26091571788,80635.3987911989,12.486260915717873,-19.3646012088011,39.499850688399405
2004-08-24,Dovish/Co-operative,112616.0825557127,80745.19668562752,12.616082555712694,-19.25480331437247,39.47093719292174
2004-08-25,Dovish/Co-operative,113264.97414013272,81294.00295309286,13.264974140132724,-18.705997046907143,39.32758878350142
2004-08-26,Dovish/Co-operative,113264.97414013272,81294.00295309286,13.264974140132724,-18.705997046907143,39.32758878350142
2004-08-27,Dovish/Co-operative,113567.72391537431,81550.05647284196,13.567723915374309,-18.44994352715804,39.26136759107577
2004-08-30,Dovish/Co-operative,112771.84883138338,80876.93750397117,12.77184883138338,-19.12306249602883,39.43634899113992
2004-08-31,Dovish/Co-operative,113273.59937764773,81301.29783026536,13.273599377647717,-18.698702169734638,39.32569639187271
2004-09-01,Dovish/Co-operative,113455.26105818654,81454.93993509725,13.45526105818655,-18.545060064902753,39.285918261786136
2004-09-02,Dovish/Co-operative,114545.38868000418,82376.92580385425,14.54538868000419,-17.62307419614575,39.05033182804794
2004-09-03,Dovish/Co-operative,114147.41667644329,82040.33717322012,14.147416676443282,-17.959662826779876,39.13572348615806
2004-09-07,Dovish/Co-operative,114787.66333102521,82581.83190854224,14.787663331025215,-17.418168091457765,38.99868854707691
2004-09-08,Dovish/Co-operative,114545.38868000418,82376.92580385425,14.54538868000419,-17.62307419614575,39.05033182804794
2004-09-09,Dovish/Co-operative,114458.88030465382,82303.76051750992,14.458880304653832,-17.696239482490085,39.06883426098493
2004-09-10,Dovish/Co-operative,114960.65054324127,82728.13749877483,14.960650543241272,-17.271862501225176,38.961971124931694
2004-09-13,Dovish/Co-operative,115280.778793613,82998.88903017857,15.280778793613003,-17.001110969821433,38.89436369647872
2004-09-14,Dovish/Co-operative,115479.77956463577,83167.19583672367,15.479779564635777,-16.83280416327634,38.85255887591681
2004-09-15,Dovish/Co-operative,114735.72482886574,82537.90442328542,14.735724828865738,-17.462095576714574,39.00973816885123
2004-09-16,Dovish/Co-operative,115029.84936659232,82786.66306586201,15.029849366592307,-17.213336934137992,38.94731966075118
2004-09-17,Dovish/Co-operative,115446.04661517637,83138.66587189147,15.446046615176368,-16.86133412810853,38.859633366101164
2004-09-20,Dovish/Co-operative,114855.26707620567,82639.00842300162,14.855267076205658,-17.360991576998373,38.98432382961292
2004-09-21,Dovish/Co-operative,115280.91663987466,82999.00561497356,15.280916639874654,-17.000994385026434,38.894334679929266
2004-09-22,Dovish/Co-operative,114056.05414345035,81963.0664365949,14.056054143450346,-18.0369335634051,39.15542585474397
2004-09-23,Dovish/Co-operative,113534.73927419247,81522.15939689687,13.534739274192464,-18.477840603103136,39.268562209496814
2004-09-24,Dovish/Co-operative,113977.81654379933,81896.89623795025,13.977816543799326,-18.103103762049756,39.172327376898906
2004-09-27,Dovish/Co-operative,113360.96436905266,81375.18760783575,13.360964369052653,-18.62481239216426,39.30654748885267
2004-09-28,Dovish/Co-operative,113821.42011378966,81764.62246054376,13.821420113789662,-18.235377539456245,39.20619540402721
2004-09-29,Dovish/Co-operative,114307.93864814109,82176.10016699108,14.307938648141082,-17.823899833008927,39.101196595913535
2004-09-30,Dovish/Co-operative,114238.45428610519,82117.33310282855,14.238454286105195,-17.88266689717145,39.11612806891098
2004-10-01,Dovish/Co-operative,115781.77370606364,83506.01623343342,15.781773706063639,-16.49398376656659,38.650816945220214
2004-10-04,Dovish/Co-operative,115946.44903705588,83645.62652543919,15.946449037055888,-16.354373474560813,38.616271828381876
2004-10-05,Dovish/Co-operative,115998.46935038334,83689.72888788849,15.998469350383338,-16.31027111211152,38.60538311191799
2004-10-06,Dovish/Co-operative,116674.44856920556,84262.81810265408,16.67444856920557,-15.73718189734592,38.46492580756753
2004-10-07,Dovish/Co-operative,115608.4446937947,83359.06942682836,15.608444693794699,-16.64093057317164,38.68730239998
2004-10-08,Dovish/Co-operative,114793.77083294383,82668.39611882556,14.793770832943842,-17.33160388117444,38.8605273869618
2004-10-11,Dovish/Co-operative,115192.43934824248,83006.38376699963,15.19243934824248,-16.993616233000374,38.77539789179308
2004-10-12,Dovish/Co-operative,114811.07819549726,82683.06914802414,14.811078195497274,-17.316930851975865,38.85681721605623
2004-10-13,Dovish/Co-operative,113953.05734772909,81955.64664714206,13.953057347729093,-18.044353352857947,39.042350356103064
2004-10-14,Dovish/Co-operative,113173.08661508554,81294.39434490463,13.173086615085538,-18.70560565509537,39.21388741138829
2004-10-15,Dovish/Co-operative,113710.39083701254,81749.91612140376,13.710390837012554,-18.250083878596246,39.09542202850149
2004-10-18,Dovish/Co-operative,114074.42498207088,82058.54105620996,14.074424982070877,-17.941458943790046,39.015906831599764
2004-10-19,Dovish/Co-operative,113259.73147608658,81367.85109323644,13.25973147608659,-18.632148906763558,39.19469416281671
2004-10-20,Dovish/Co-operative,113069.04598843062,81206.18962000603,13.069045988430616,-18.79381037999397,39.236979985790185
2004-10-21,Dovish/Co-operative,113693.06382932568,81735.22643723447,13.69306382932567,-18.264773562765534,39.09922170048925
2004-10-22,Dovish/Co-operative,112609.71330109453,80816.77142226872,12.609713301094526,-19.18322857773128,39.33953475165106
2004-10-25,Dovish/Co-operative,112497.07792856317,80721.28014768296,12.497077928563183,-19.27871985231704,39.36483381178428
2004-10-26,Dovish/Co-operative,113953.05734772909,81955.64664714206,13.953057347729093,-18.044353352857947,39.042350356103064
2004-10-27,Dovish/Co-operative,115114.39905568457,82940.22189584032,15.114399055684569,-17.059778104159673,38.79200757414161
2004-10-28,Dovish/Co-operative,115409.10552486203,83190.07143899864,15.409105524862031,-16.809928561001364,38.729422307911896
2004-10-29,Dovish/Co-operative,115391.77851717516,83175.38175482934,15.391778517175169,-16.824618245170655,38.73309155022335
2004-11-01,Dovish/Co-operative,115660.4257168553,83403.13847933622,15.660425716855308,-16.596861520663776,38.67634698844225
2004-11-02,Dovish/Co-operative,115695.11902249588,83432.55115761624,15.695119022495874,-16.567448842383758,38.669041539831326
2004-11-03,Dovish/Co-operative,116934.4617327424,84483.2549675324,16.9344617327424,-15.516745032467604,38.41140682574466
2004-11-04,Dovish/Co-operative,118295.15243219728,85636.83653154573,18.29515243219728,-14.363163468454266,38.13582708490326
2004-11-05,Dovish/Co-operative,118927.84359950248,86173.22651834416,18.92784359950248,-13.826773481655842,38.010201549300994
2004-11-08,Dovish/Co-operative,118780.4854536304,86048.29758302233,18.7804854536304,-13.951702416977675,38.039320695481436
2004-11-09,Dovish/Co-operative,118581.16592983116,85879.31625016333,18.581165929831165,-14.12068374983667,38.07884262190504
2004-11-10,Dovish/Co-operative,118659.15710955548,85945.43648389586,18.65915710955548,-14.054563516104146,38.06335968959724
2004-11-11,Dovish/Co-operative,119430.5920317229,86599.45220135828,19.430592031722902,-13.400547798641727,37.91148673091686
2004-11-12,Dovish/Co-operative,120236.53363076333,87282.72237487891,20.23653363076332,-12.717277625121092,37.755251393681256
2004-11-15,Dovish/Co-operative,120489.44507856457,87497.1384678443,20.489445078564582,-12.502861532155695,37.70672640093839
2004-11-16,Dovish/Co-operative,119750.61125532725,86870.76167428092,19.750611255327243,-13.129238325719083,37.849155397449216
2004-11-17,Dovish/Co-operative,120359.07997311102,87386.61608218962,20.359079973111015,-12.613383917810383,37.73170923555371
2004-11-18,Dovish/Co-operative,120498.16751780831,87504.53327484109,20.49816751780831,-12.49546672515891,37.70505710754235
2004-11-19,Dovish/Co-operative,119350.72474175584,86531.7414179226,19.350724741755833,-13.468258582077397,37.927103726397114
2004-11-22,Dovish/Co-operative,119837.51150306291,86944.434937232,19.8375115030629,-13.055565062768004,37.83229667267087
2004-11-23,Dovish/Co-operative,119993.98499084736,87077.0917789649,19.993984990847345,-12.922908221035101,37.802012606757906
2004-11-24,Dovish/Co-operative,120237.33908123404,87283.40522867817,20.23733908123404,-12.716594771321832,37.75509647706596
2004-11-26,Dovish/Co-operative,120159.1612727421,87217.12677272386,20.15916127274211,-12.782873227276138,37.77014414366202
2004-11-29,Dovish/Co-operative,119689.78009965562,86819.18955746661,19.689780099655607,-13.180810442533385,37.86097371990738
2004-11-30,Dovish/Co-operative,119759.30422687084,86878.13149882163,19.759304226870846,-13.12186850117837,37.8474676662391
2004-12-01,Dovish/Co-operative,120924.09365574359,87865.62969488012,20.92409365574359,-12.13437030511988,37.62388555759679
2004-12-02,Dovish/Co-operative,121011.0233711794,87939.32794028727,21.011023371179395,-12.06067205971273,37.60740069943282
2004-12-03,Dovish/Co-operative,120941.48942139748,87880.3776714469,20.941489421397485,-12.119622328553103,37.62058451040593
2004-12-06,Dovish/Co-operative,120906.71753522316,87850.89837328404,20.90671753522315,-12.149101626715952,37.627183983347365
2004-12-07,Dovish/Co-operative,119941.83698415259,87032.88115920595,19.941836984152594,-12.967118840794045,37.8120951376383
2004-12-08,Dovish/Co-operative,120541.60290782606,87541.3574150886,20.54160290782605,-12.458642584911406,37.696748676471344
2004-12-09,Dovish/Co-operative,120906.71753522316,87850.89837328404,20.90671753522315,-12.149101626715952,37.627183983347365
2004-12-10,Dovish/Co-operative,121011.0233711794,87939.32794028727,21.011023371179395,-12.06067205971273,37.60740069943282
2004-12-13,Dovish/Co-operative,121915.07276657833,88705.77303755106,21.915072766578337,-11.294226962448938,37.43758561798347
2004-12-14,Dovish/Co-operative,122280.12845857513,89015.26403083435,22.28012845857512,-10.984735969165648,37.36984301503394
2004-12-15,Dovish/Co-operative,122358.36520246735,89081.5924517008,22.358365202467347,-10.918407548299204,37.35538603983635
2004-12-16,Dovish/Co-operative,122297.53404679573,89030.0203348865,22.297534046795732,-10.969979665113494,37.36662486066322
2004-12-17,Dovish/Co-operative,121597.06716915075,88436.17069912655,21.59706716915075,-11.56382930087345,37.49698365258563
2004-12-20,Dovish/Co-operative,121623.31306741566,88458.42173999976,21.62331306741565,-11.54157826000024,37.49206765738526
2004-12-21,Dovish/Co-operative,122426.76955707696,89139.58505972516,22.426769557076966,-10.860414940274843,37.34276357136819
2004-12-22,Dovish/Co-operative,122680.06408498013,89354.32592461945,22.680064084980135,-10.645674075380551,37.29616648719922
2004-12-23,Dovish/Co-operative,122758.61515100725,89420.92082501731,22.758615151007255,-10.579079174982686,37.28176138023289
2004-12-27,Dovish/Co-operative,122540.30860574615,89235.84246296373,22.54030860574614,-10.764157537036267,37.32184873651529
2004-12-28,Dovish/Co-operative,123116.71646576919,89724.51595866804,23.116716465769183,-10.27548404133196,37.21636182744459
2004-12-29,Dovish/Co-operative,123273.92664605733,89857.79736180269,23.27392664605732,-10.142202638197318,37.18779033688997
2004-12-30,Dovish/Co-operative,123073.05515671698,89687.50028625732,23.073055156716983,-10.312499713742685,37.22431193187718
2004-12-31,Dovish/Co-operative,122845.97705937857,89494.98547978017,22.845977059378562,-10.505014520219834,37.26576567480808
2005-01-03,Dovish/Co-operative,122243.62922901931,89072.94019441515,22.2436292290193,-10.927059805584848,37.23991704125196
2005-01-04,Dovish/Co-operative,120972.86972499361,87984.52953080367,20.972869724993615,-12.015470469196332,37.49334157960191
2005-01-05,Dovish/Co-operative,120264.02080141993,87377.39755589972,20.264020801419935,-12.622602444100284,37.637448774416725
2005-01-06,Dovish/Co-operative,120782.68505419348,87821.63558974044,20.782685054193472,-12.178364410259556,37.53181006378756
2005-01-07,Dovish/Co-operative,120635.67865255257,87695.72401114652,20.635678652552556,-12.304275988853474,37.56164284272199
2005-01-10,Dovish/Co-operative,121119.7789001784,88110.35783454403,21.1197789001784,-11.889642165455971,37.463723762897814
2005-01-11,Dovish/Co-operative,120410.97858983278,87503.26749706686,20.410978589832784,-12.496732502933138,37.607408310631364
2005-01-12,Dovish/Co-operative,120748.10160375455,87792.01472432652,20.748101603754556,-12.207985275673472,37.53882056689619
2005-01-13,Dovish/Co-operative,119926.83945162452,87088.60036372792,19.926839451624524,-12.91139963627208,37.70670208356408
2005-01-14,Dovish/Co-operative,120462.79056829472,87547.64466653294,20.46279056829472,-12.452355333467057,37.59683773005526
2005-01-18,Dovish/Co-operative,121526.15631878853,88458.42173999976,21.526156318788537,-11.54157826000024,37.38223441967197
2005-01-19,Dovish/Co-operative,120445.5328723349,87532.86338002472,20.445532872334905,-12.467136619975284,37.600357421668605
2005-01-20,Dovish/Co-operative,119823.14743618137,86999.78773239827,19.823147436181365,-13.000212267601729,37.728091710688005
2005-01-21,Dovish/Co-operative,119200.71338679979,86466.67044734502,19.200713386799784,-13.533329552654983,37.85741115056418
2005-01-24,Dovish/Co-operative,119001.89500669694,86296.38169928502,19.001895006696934,-13.703618300714982,37.899055167086914
2005-01-25,Dovish/Co-operative,119287.1477062831,86540.70179216647,19.287147706283104,-13.459298207833537,37.8393579390649
2005-01-26,Dovish/Co-operative,119589.71643770275,86799.85313646826,19.589716437702755,-13.200146863531748,37.77640412557115
2005-01-27,Dovish/Co-operative,119762.6045219606,86947.93248108184,19.76260452196059,-13.052067518918165,37.74060073023426
2005-01-28,Dovish/Co-operative,119762.6045219606,86947.93248108184,19.76260452196059,-13.052067518918165,37.74060073023426
2005-01-31,Dovish/Co-operative,120393.63339006246,87488.41126319043,20.393633390062462,-12.511588736809575,37.61094944093066
2005-02-01,Dovish/Co-operative,121042.03662587148,88043.77126163153,21.042036625871475,-11.95622873836848,37.479386549881035
2005-02-02,Dovish/Co-operative,121353.21962130263,88310.3007579594,21.35321962130263,-11.689699242040607,37.41683425346627
2005-02-03,Dovish/Co-operative,121085.27323090435,88080.80358901295,21.085273230904345,-11.919196410987043,37.47067271989366
2005-02-04,Dovish/Co-operative,122183.12520538099,89021.11825304014,22.183125205380993,-10.978881746959857,37.25184271228623
2005-02-07,Dovish/Co-operative,122044.79140362525,88902.63479138442,22.044791403625254,-11.097365208615573,37.27916128696407
2005-02-08,Dovish/Co-operative,122165.80917354749,89006.28700161978,22.16580917354749,-10.99371299838021,37.2552583519457
2005-02-09,Dovish/Co-operative,121387.79334909595,88339.91329588798,21.38779334909595,-11.660086704112027,37.40990773051425
2005-02-10,Dovish/Co-operative,121759.49981345664,88658.28138856156,21.75949981345664,-11.341718611438434,37.33573210135077
2005-02-11,Dovish/Co-operative,122649.90942117333,89420.92082501731,22.64990942117333,-10.579079174982686,37.16019505231883
2005-02-14,Dovish/Co-operative,122572.15742422079,89354.32592461945,22.572157424220784,-10.645674075380551,37.175403827257746
2005-02-15,Dovish/Co-operative,122961.15075247815,89687.50028625732,22.961150752478154,-10.312499713742685,37.0995404711032
2005-02-16,Dovish/Co-operative,123030.33709864724,89746.75867205589,23.030337098647237,-10.253241327944107,37.086106416626194
2005-02-17,Dovish/Co-operative,122183.12520538099,89021.11825304014,22.183125205380993,-10.978881746959857,37.25184271228623
2005-02-18,Dovish/Co-operative,122321.43956184552,89139.58505972516,22.321439561845512,-10.860414940274843,37.22460058557364
2005-02-22,Dovish/Co-operative,120774.04162224515,87814.2324552583,20.774041622245143,-12.185767544741699,37.53356175353466
2005-02-23,Dovish/Co-operative,121508.82084166381,88443.5738336087,21.508820841663812,-11.55642616639131,37.38569754119352
2005-02-24,Dovish/Co-operative,122191.79780526615,89028.54636997836,22.191797805266145,-10.971453630021644,37.25013244344164
2005-02-25,Dovish/Co-operative,123220.50232415614,89909.6359581484,23.220502324156133,-10.090364041851597,37.049272873836856
2005-02-28,Dovish/Co-operative,122528.92081918792,89317.29359723802,22.528920819187913,-10.682706402761976,37.18387098887299
2005-03-01,Dovish/Co-operative,123047.57534931584,89761.52330359339,23.047575349315853,-10.238476696406607,37.08276199050413
2005-03-02,Dovish/Co-operative,122995.72448027147,89717.1128241859,22.995724480271473,-10.282887175814103,37.09282500129043
2005-03-03,Dovish/Co-operative,123038.93191736752,89754.12016911125,23.03893191736752,-10.245879830888748,37.08443878179888
2005-03-04,Dovish/Co-operative,124344.30403976899,90872.17668059273,24.344304039768993,-9.12782331940727,36.83429690127009
2005-03-07,Dovish/Co-operative,124396.15490881338,90916.58716000023,24.396154908813372,-9.083412839999772,36.82448802207443
2005-03-08,Dovish/Co-operative,123998.50842596208,90576.00133639485,23.998508425962072,-9.423998663605149,36.89995870477618
2005-03-09,Dovish/Co-operative,122822.83639601362,89569.03347957232,22.822836396013614,-10.430966520427686,37.12645054278203
2005-03-10,Dovish/Co-operative,123056.19933597295,89768.90978310483,23.05619933597296,-10.231090216895177,37.08108924715163
2005-03-11,Dovish/Co-operative,122321.43956184552,89139.58505972516,22.321439561845512,-10.860414940274843,37.22460058557364
2005-03-14,Dovish/Co-operative,122969.83307500892,89694.93673068089,22.96983307500893,-10.305063269319115,37.09785363274145
2005-03-15,Dovish/Co-operative,122105.334317846,88954.49004270085,22.105334317846005,-11.04550995729915,37.267196135048096
2005-03-16,Dovish/Co-operative,121223.52925149522,88199.22043078582,21.223529251495222,-11.800779569214182,37.44285795204409
2005-03-17,Dovish/Co-operative,121431.05912206566,88376.97060572547,21.431059122065665,-11.623029394274532,37.40124637650659
2005-03-18,Dovish/Co-operative,121124.64022298399,88114.5215772224,21.12464022298399,-11.885478422777595,37.46274513541103
2005-03-21,Dovish/Co-operative,120742.82220718768,87787.4928997778,20.742822207187682,-12.212507100222192,37.53989118362586
2005-03-22,Dovish/Co-operative,119701.38102254705,86895.49430579043,19.70138102254706,-13.104505694209568,37.7532655505828
2005-03-23,Dovish/Co-operative,119788.15563462676,86969.81711259935,19.78815563462677,-13.030182887400644,37.73531969089654
2005-03-24,Dovish/Co-operative,119909.6789821208,87073.90235207326,19.909678982120795,-12.926097647926738,37.7102389385052
2005-03-28,Dovish/Co-operative,120057.19096133349,87200.24695990575,20.057190961333493,-12.799753040094252,37.67987493950011
2005-03-29,Dovish/Co-operative,119380.23231536445,86620.4291369719,19.380232315364452,-13.3795708630281,37.81995021819835
2005-03-30,Dovish/Co-operative,120812.28078743389,87846.98445516637,20.81228078743389,-12.153015544833634,37.52581438818963
2005-03-31,Dovish/Co-operative,120621.33775027608,87683.44097024533,20.62133775027608,-12.31655902975467,37.56455770389755
2005-04-01,Dovish/Co-operative,120059.32426213037,87289.45931053252,20.059324262130374,-12.710540689467486,37.54160606611041
2005-04-04,Dovish/Co-operative,120233.25407038842,87438.10492415036,20.233254070388405,-12.561895075849637,37.50670165448662
2005-04-05,Dovish/Co-operative,120720.39394904686,87854.42922707529,20.720393949046855,-12.145570772924707,37.409570594356346
2005-04-06,Dovish/Co-operative,121076.974415893,88159.17355370526,21.076974415893,-11.840826446294738,37.33905336820644
2005-04-07,Dovish/Co-operative,121633.54980231877,88634.83951728234,21.633549802318775,-11.365160482717663,37.22995434385845
2005-04-08,Dovish/Co-operative,120555.14601525143,87713.20340291031,20.555146015251434,-12.286796597089689,37.442416122327415
2005-04-11,Dovish/Co-operative,120633.36083714988,87780.04812786888,20.633360837149883,-12.21995187213112,37.42685656930114
2005-04-12,Dovish/Co-operative,121163.94906398887,88233.50468799954,21.163949063988863,-11.766495312000469,37.32192718903542
2005-04-13,Dovish/Co-operative,119946.25527081235,87192.82717045289,19.94625527081235,-12.80717282954711,37.564360697159096
2005-04-14,Dovish/Co-operative,118615.51197425151,86055.53416779733,18.615511974251508,-13.944465832202669,37.83600685455786
2005-04-15,Dovish/Co-operative,117206.52462389167,84851.37145772716,17.206524623891674,-15.148628542272835,38.13156182429391
2005-04-18,Dovish/Co-operative,117510.87742842615,85111.48046284498,17.51087742842614,-14.88851953715502,38.06701139422075
2005-04-19,Dovish/Co-operative,118302.37985558592,85787.92209837309,18.302379855585915,-14.212077901626907,37.90097365912239
2005-04-20,Dovish/Co-operative,116902.03540382131,84591.14586781434,16.902035403821316,-15.408854132185656,38.19653842554316
2005-04-21,Dovish/Co-operative,118824.25697606173,86233.93388659481,18.824256976061736,-13.766066113405195,37.79292167318502
2005-04-22,Dovish/Co-operative,118441.5529340929,85906.86357172343,18.441552934092908,-14.093136428276576,37.87204887908211
2005-04-25,Dovish/Co-operative,119102.53492530777,86471.758540898,19.10253492530778,-13.52824145910201,37.73576128786211
2005-04-26,Dovish/Co-operative,118119.719453031,85631.81505787562,18.119719453030992,-14.368184942124385,37.939058483342805
2005-04-27,Dovish/Co-operative,118511.11511342929,85966.31348968521,18.511115113429288,-14.03368651031479,37.85762155271322
2005-04-28,Dovish/Co-operative,117249.95348413852,84888.48705996215,17.249953484138516,-15.111512940037851,38.122326766546564
2005-04-29,Dovish/Co-operative,118598.07027359147,86040.62796900877,18.59807027359146,-13.959372030991235,37.83961492739181
2005-05-02,Dovish/Co-operative,119163.48343794946,86523.84696180442,19.163483437949445,-13.476153038195582,37.72328395263524
2005-05-03,Dovish/Co-operative,119337.40350224066,86672.4842479369,19.33740350224067,-13.327515752063102,37.6877616209337
2005-05-04,Dovish/Co-operative,120120.23379890465,87341.51442149752,20.120233798904643,-12.658485578502487,37.52936916026184
2005-05-05,Dovish/Co-operative,120085.40886138564,87311.75198883252,20.085408861385634,-12.688248011167481,37.536363806724424
2005-05-06,Dovish/Co-operative,119763.58512429056,87036.71180247006,19.76358512429057,-12.963288197529943,37.60122900333618
2005-05-09,Dovish/Co-operative,120398.51174815069,87579.3390758007,20.398511748150682,-12.4206609241993,37.47364734500302
2005-05-10,Dovish/Co-operative,119337.40350224066,86672.4842479369,19.33740350224067,-13.327515752063102,37.6877616209337
2005-05-11,Dovish/Co-operative,119894.03735246754,87148.20017642611,19.89403735246753,-12.851799823573895,37.57488635422135
2005-05-12,Dovish/Co-operative,118772.02931375007,86189.29856508267,18.77202931375006,-13.810701434917327,37.80368478583655
2005-05-13,Dovish/Co-operative,118572.01490623673,86018.36027316484,18.572014906236724,-13.98163972683516,37.845007193455714
2005-05-16,Dovish/Co-operative,119511.36254239926,86821.1548440108,19.51136254239927,-13.178845155989194,37.65235299751779
2005-05-17,Dovish/Co-operative,120189.79597824102,87400.96433945929,20.189795978241023,-12.599035660540714,37.51541174240616
2005-05-18,Dovish/Co-operative,121242.18337382103,88300.3660679288,21.24218337382102,-11.699633932071196,37.306546702819254
2005-05-19,Dovish/Co-operative,121677.06635826726,88672.03006688553,21.67706635826725,-11.327969933114467,37.22147363321437
2005-05-20,Dovish/Co-operative,121529.23089323133,88545.68545905306,21.529230893231333,-11.454314540946942,37.250313511245146
2005-05-23,Dovish/Co-operative,122103.28695618456,89036.29093136013,22.103286956184554,-10.96370906863987,37.138784285518426
2005-05-24,Dovish/Co-operative,121859.75599272274,88828.16208983908,21.85975599272274,-11.17183791016092,37.18594770594954
2005-05-25,Dovish/Co-operative,121781.48270702318,88761.26739996838,21.78148270702318,-11.23873260003162,37.2011534696344
2005-05-26,Dovish/Co-operative,122338.184765018,89237.0416208551,22.33818476501801,-10.762958379144894,37.093501244473124
2005-05-27,Dovish/Co-operative,122512.08534137551,89385.66225201686,22.51208534137552,-10.614337747983138,37.060108136762395
2005-05-31,Dovish/Co-operative,121842.33377999638,88813.27254602124,21.84233377999638,-11.186727453978762,37.18933025112903
2005-06-01,Dovish/Co-operative,122729.5414495489,89571.50674272327,22.729541449548883,-10.428493257276727,37.018507238094834
2005-06-02,Dovish/Co-operative,122955.65020028438,89764.74604042646,22.95565020028438,-10.235253959573543,36.97543370190126
2005-06-03,Dovish/Co-operative,122425.10094931278,89311.32279023723,22.42510094931278,-10.688677209762766,37.076797347239896
2005-06-06,Dovish/Co-operative,122329.40545088689,89229.53855654868,22.329405450886885,-10.770461443451318,37.095190034364435
2005-06-07,Dovish/Co-operative,122407.67873658643,89296.43324641937,22.407678736586423,-10.70356675358063,37.08014339026779
2005-06-08,Dovish/Co-operative,122216.36569146941,89132.93139892511,22.21636569146941,-10.867068601074891,37.1169597737961
2005-06-09,Dovish/Co-operative,122712.11923682255,89556.61719890541,22.71211923682255,-10.443382801094591,37.02183386882367
2005-06-10,Dovish/Co-operative,122468.53955352648,89348.44671995759,22.46853955352648,-10.651553280042414,37.06845955294143
2005-06-13,Dovish/Co-operative,122799.08414095157,89630.94000571434,22.799084140951575,-10.369059994285667,37.00523963390614
2005-06-14,Dovish/Co-operative,123042.6540802808,89839.10215717679,23.042654080280812,-10.160897842823202,36.95890890028395
2005-06-15,Dovish/Co-operative,123242.64899986044,90010.02379412392,23.24264899986044,-9.989976205876083,36.921027019999556
2005-06-16,Dovish/Co-operative,123512.3327703455,90240.50360634245,23.512332770345502,-9.759496393657551,36.870172299952216
2005-06-17,Dovish/Co-operative,123903.5335514068,90574.83548844492,23.903533551406795,-9.425164511555073,36.796862929123165
2005-06-20,Dovish/Co-operative,123938.50464842856,90604.72283339026,23.938504648428548,-9.39527716660974,36.79033583749776
2005-06-21,Dovish/Co-operative,123999.57983263928,90656.91951160632,23.999579832639274,-9.343080488393685,36.77894693605188
2005-06-22,Dovish/Co-operative,124086.96372734282,90731.60040028558,24.086963727342827,-9.268399599714428,36.762674944453266
2005-06-23,Dovish/Co-operative,122593.61311200268,89455.33832199672,22.593613112002675,-10.544661678003276,37.04449104057257
2005-06-24,Dovish/Co-operative,121825.12593454072,88798.56620688122,21.82512593454071,-11.201433793118776,37.192672290130034
2005-06-27,Dovish/Co-operative,121973.58501345498,88925.44377377654,21.973585013454986,-11.074556226223464,37.163875531227994
2005-06-28,Dovish/Co-operative,122846.8880423137,89671.79464887451,22.846888042313694,-10.328205351125497,36.996129634008156
2005-06-29,Dovish/Co-operative,122567.44081704576,89432.97069632851,22.567440817045757,-10.567029303671482,37.04950183666158
2005-06-30,Dovish/Co-operative,121999.76705237875,88947.8197269301,21.99976705237876,-11.0521802730699,37.15880549620909
2005-07-01,Dovish/Co-operative,122201.27358827004,89209.06127005645,22.20127358827004,-10.790938729943544,36.9830282355943
2005-07-05,Dovish/Co-operative,123036.21285266068,89925.53312769442,23.036212852660686,-10.074466872305576,36.82010945428485
2005-07-06,Dovish/Co-operative,122157.76866919728,89171.72915320218,22.157768669197274,-10.828270846797828,36.991588959010954
2005-07-07,Dovish/Co-operative,122566.59651454579,89522.54945631098,22.56659651454578,-10.477450543689015,36.91142316535685
2005-07-08,Dovish/Co-operative,123758.09561310361,90544.98978092635,23.758095613103603,-9.455010219073646,36.681329262432286
2005-07-11,Dovish/Co-operative,124297.341171461,91007.72315974442,24.297341171461007,-8.992276840255586,36.57889336851537
2005-07-12,Dovish/Co-operative,124575.64455517028,91246.53878480504,24.57564455517027,-8.753461215194957,36.526432908286274
2005-07-13,Dovish/Co-operative,124723.50111260785,91373.41635170036,24.72350111260784,-8.626583648299635,36.49867334777275
2005-07-14,Dovish/Co-operative,125140.96589259269,91731.64811677668,25.140965892592693,-8.268351883223325,36.42071025834521
2005-07-15,Dovish/Co-operative,125080.09976445878,91679.41812861919,25.080099764458772,-8.320581871380817,36.432039292593444
2005-07-18,Dovish/Co-operative,124653.91071004911,91313.69995420717,24.653910710049097,-8.686300045792827,36.511729097125276
2005-07-19,Dovish/Co-operative,125236.6417786374,91813.74879490878,25.236641778637402,-8.18625120509122,36.40292812614352
2005-07-20,Dovish/Co-operative,125601.92588722937,92127.2036712219,25.60192588722938,-7.872796328778097,36.335328634818964
2005-07-21,Dovish/Co-operative,124975.71901283115,91589.84769612207,24.975719012831156,-8.410152303877927,36.45149779861752
2005-07-22,Dovish/Co-operative,125688.91631653302,92201.85124995973,25.688916316533028,-7.7981487500402675,36.31929794531965
2005-07-25,Dovish/Co-operative,125384.49833607496,91940.6263618041,25.38449833607497,-8.059373638195899,36.37551025883028
2005-07-26,Dovish/Co-operative,125514.95486676761,92052.57274745477,25.514954866767603,-7.947427252545225,36.35138173825572
2005-07-27,Dovish/Co-operative,125906.32445884556,92388.4119044068,25.906324458845553,-7.611588095593191,36.27934701282596
2005-07-28,Dovish/Co-operative,126584.73141347853,92970.56142324054,26.584731413478522,-7.029438576759461,36.15571367501198
2005-07-29,Dovish/Co-operative,125862.8680618775,92351.12142497931,25.8628680618775,-7.6488785750206905,36.287319655475095
2005-08-01,Dovish/Co-operative,125784.59220257771,92283.95192809185,25.784592202577716,-7.716048071908155,36.30169663799157
2005-08-02,Dovish/Co-operative,126428.16999045803,92836.21410198022,26.428169990458027,-7.163785898019781,36.184107908124275
2005-08-03,Dovish/Co-operative,126715.1685353293,93082.4911539205,26.71516853532929,-6.91750884607949,36.1321199771008
2005-08-04,Dovish/Co-operative,125845.43892186976,92336.16526127861,25.845438921869768,-7.663834738721387,36.29051906776915
2005-08-05,Dovish/Co-operative,125114.89981794861,91709.28049110847,25.11489981794861,-8.29071950889153,36.425560366356734
2005-08-08,Dovish/Co-operative,124914.87229353911,91537.6343629353,24.914872293539105,-8.462365637064694,36.46285832367835
2005-08-09,Dovish/Co-operative,125558.45978584037,92089.90486430905,25.55845978584037,-7.910095135690954,36.343348351641744
2005-08-10,Dovish/Co-operative,125506.2305923428,92045.08633811907,25.506230592342803,-7.954913661880925,36.35299350071477
2005-08-11,Dovish/Co-operative,125932.41964675246,92410.80451253109,25.932419646752457,-7.589195487468913,36.274562602337014
2005-08-12,Dovish/Co-operative,125271.42242328534,91843.59450242735,25.27142242328535,-8.15640549757265,36.39647174302887
2005-08-15,Dovish/Co-operative,125932.41964675246,92410.80451253109,25.932419646752457,-7.589195487468913,36.274562602337014
2005-08-16,Dovish/Co-operative,124532.14934051846,91209.21499543614,24.532149340518462,-8.790785004563862,36.53461368651152
2005-08-17,Dovish/Co-operative,124523.48329261929,91201.77855101255,24.523483292619286,-8.798221448987443,36.53624443625149
2005-08-18,Dovish/Co-operative,124514.76872261541,91194.3004691622,24.5147687226154,-8.805699530837796,36.537884584926104
2005-08-19,Dovish/Co-operative,124758.3302793605,91403.3036966457,24.758330279360496,-8.596696303354301,36.49214550648552
2005-08-22,Dovish/Co-operative,124758.3302793605,91403.3036966457,24.758330279360496,-8.596696303354301,36.49214550648552
2005-08-23,Dovish/Co-operative,124558.21541516254,91231.58262110435,24.558215415162543,-8.768417378895654,36.52971025666374
2005-08-24,Dovish/Co-operative,123610.23905566604,90418.11221403103,23.61023905566604,-9.581887785968968,36.70959946947916
2005-08-25,Dovish/Co-operative,123992.92319100293,90746.49827158879,23.992923191002923,-9.253501728411207,36.63659265387107
2005-08-26,Dovish/Co-operative,123271.05013498096,90127.04994584221,23.271050134980964,-9.872950054157792,36.77475320567483
2005-08-29,Dovish/Co-operative,124079.91362030659,90821.14585032662,24.07991362030659,-9.178854149673377,36.62007064388999
2005-08-30,Dovish/Co-operative,123523.2777396252,90343.48961774928,23.523277739625215,-9.656510382250726,36.726263577223264
2005-08-31,Dovish/Co-operative,124853.9576433005,91485.36273735104,24.853957643300497,-8.51463726264896,36.474244521223234
2005-09-01,Dovish/Co-operative,124775.71089726353,91418.21822291963,24.775710897263536,-8.581781777080366,36.488889548255024
2005-09-02,Dovish/Co-operative,124584.33001191133,91253.99188419933,24.584330011911337,-8.746008115800663,36.52480010957544
2005-09-06,Dovish/Co-operative,125828.0777128086,92321.2673899754,25.828077712808593,-7.678732610024596,36.29370704075874
2005-09-07,Dovish/Co-operative,126010.70521047318,92477.98233690392,26.010705210473194,-7.522017663096081,36.260223272829585
2005-09-08,Dovish/Co-operative,125654.07744535942,92171.95557752902,25.654077445359412,-7.828044422470981,36.3257149726713
2005-09-09,Dovish/Co-operative,126610.78778370167,92992.92072142339,26.610787783701674,-7.007079278576612,36.15099601289704
2005-09-12,Dovish/Co-operative,126393.39905023102,92806.37672194702,26.393399050231015,-7.193623278052986,36.19042517833937
2005-09-13,Dovish/Co-operative,125793.27765931876,92291.40502748612,25.793277659318758,-7.7085949725138825,36.30010034179796
2005-09-14,Dovish/Co-operative,125401.90806724082,91955.56587053409,25.401908067240807,-8.044434129465905,36.37228685406215
2005-09-15,Dovish/Co-operative,125349.71769142701,91910.78065428554,25.349717691427,-8.08921934571446,36.381953019112245
2005-09-16,Dovish/Co-operative,126111.35946445995,92564.35501502405,26.111359464459948,-7.435644984975953,36.24181732157148
2005-09-19,Dovish/Co-operative,125753.22751410054,92257.03749541884,25.75322751410054,-7.742962504581152,36.307463287388764
2005-09-20,Dovish/Co-operative,124844.88400972185,91477.57653854249,24.844884009721845,-8.522423461457507,36.475941682955096
2005-09-21,Dovish/Co-operative,123849.152194781,90623.12657602866,23.849152194780988,-9.376873423971332,36.66395860981162
2005-09-22,Dovish/Co-operative,124224.76180725284,90945.44189676135,24.224761807252836,-9.054558103238652,36.59261994489973
2005-09-23,Dovish/Co-operative,124312.07248244749,91020.36428251595,24.31207248244749,-8.979635717484047,36.57610960180098
2005-09-26,Dovish/Co-operative,124434.32877744608,91125.27394304017,24.43432877744607,-8.874726056959826,36.553036707715634
2005-09-27,Dovish/Co-operative,124408.13654532978,91102.79806006233,24.408136545329782,-8.897201939937672,36.55797537997667
2005-09-28,Dovish/Co-operative,124512.94429147875,91192.73490191514,24.512944291478746,-8.80726509808486,36.538227990861415
2005-09-29,Dovish/Co-operative,125377.62760604963,91934.73050217153,25.377627606049625,-8.065269497828476,36.37678266005051
2005-09-30,Dovish/Co-operative,125709.56732429274,92219.57213879887,25.70956732429275,-7.780427861201122,36.31549616722183
2005-10-03,Dovish/Co-operative,125218.47689634193,91889.81204615727,25.218476896341933,-8.110187953842729,36.27025032268356
2005-10-04,Dovish/Co-operative,124019.36229215014,90855.4550899964,24.019362292150138,-9.144544910003605,36.50183378565812
2005-10-05,Dovish/Co-operative,122637.83668686177,89663.75029801989,22.637836686861768,-10.336249701980105,36.775270138985114
2005-10-06,Dovish/Co-operative,122264.21995474014,89341.46828722864,22.26421995474015,-10.658531712771369,36.850470782130415
2005-10-07,Dovish/Co-operative,122620.44030559815,89648.74416940704,22.620440305598155,-10.351255830592955,36.778759637597716
2005-10-10,Dovish/Co-operative,121742.90775261183,88891.78407796459,21.742907752611828,-11.108215922035402,36.956310434532845
2005-10-11,Dovish/Co-operative,121595.17366688648,88764.34856955038,21.59517366688648,-11.235651430449622,36.98649922678343
2005-10-12,Dovish/Co-operative,120787.12044572824,88067.3213902204,20.787120445728235,-11.9326786097796,37.15316707604697
2005-10-13,Dovish/Co-operative,120726.28138095394,88014.84157750221,20.726281380953935,-11.985158422497788,37.16582251034035
2005-10-14,Dovish/Co-operative,121803.65993201912,88944.18894331457,21.803659932019116,-11.055811056685428,36.943921102756214
2005-10-17,Dovish/Co-operative,122186.00381656156,89273.99900086831,22.186003816561552,-10.72600099913169,36.866282662405595
2005-10-18,Dovish/Co-operative,121065.13431233735,88307.13631352384,21.065134312337342,-11.692863686476162,37.09552745829079
2005-10-19,Dovish/Co-operative,122768.17439132351,89776.17967782126,22.768174391323505,-10.223820322178746,36.74916312088601
2005-10-20,Dovish/Co-operative,120934.7966078756,88194.70693372247,20.934796607875604,-11.805293066277533,37.122510876709434
2005-10-21,Dovish/Co-operative,121334.51756582232,88539.50646491835,21.33451756582232,-11.46049353508165,37.039975046504466
2005-10-24,Dovish/Co-operative,122924.539090173,89911.0599581444,22.924539090173003,-10.088940041855599,36.7179289704705
2005-10-25,Dovish/Co-operative,122716.04317111068,89731.21125689485,22.71604317111069,-10.268788743105151,36.759597304200334
2005-10-26,Dovish/Co-operative,122411.94438653583,89468.8954681575,22.411944386535843,-10.531104531842505,36.82067242028595
2005-10-27,Dovish/Co-operative,121308.4229939269,88516.99727199908,21.3084229939269,-11.483002728000924,37.04534353008477
2005-10-28,Dovish/Co-operative,122785.5804265168,89791.19413391946,22.785580426516795,-10.208805866080539,36.74568159032135
2005-10-31,Dovish/Co-operative,123072.28282982804,90038.50379404398,23.072282829828026,-9.961496205956022,36.68850285578515
2005-11-01,Dovish/Co-operative,123385.08945896436,90308.33097457311,23.38508945896436,-9.691669025426886,36.6264752403676
2005-11-02,Dovish/Co-operative,124479.87404522281,91252.69279648368,24.479874045222804,-8.74730720351632,36.41227478387301
2005-11-03,Dovish/Co-operative,124931.68760766368,91642.42743866454,24.93168760766369,-8.357572561335457,36.32516193580679
2005-11-04,Dovish/Co-operative,124792.76755972616,91522.59492438103,24.792767559726148,-8.477405075618972,36.35186771401535
2005-11-07,Dovish/Co-operative,124896.9431147848,91612.45681886563,24.896943114784786,-8.387543181134372,36.331834612544675
2005-11-08,Dovish/Co-operative,124896.9431147848,91612.45681886563,24.896943114784786,-8.387543181134372,36.331834612544675
2005-11-09,Dovish/Co-operative,125035.9983177377,91732.40591794414,25.035998317737707,-8.267594082055862,36.30515526823102
2005-11-10,Dovish/Co-operative,125861.43826622986,92444.43089840161,25.861438266229865,-7.555569101598392,36.14821038225033
2005-11-11,Dovish/Co-operative,126226.36646164935,92759.2181723718,26.226366461649352,-7.240781827628206,36.079592895108824
2005-11-14,Dovish/Co-operative,126165.52739687504,92706.73835965361,26.16552739687503,-7.293261640346394,36.09100010337851
2005-11-15,Dovish/Co-operative,125774.53359134913,92369.46687522021,25.774533591349137,-7.6305331247797925,36.16462002671841
2005-11-16,Dovish/Co-operative,125991.76631676193,92556.85195071762,25.99176631676192,-7.443148049282378,36.123651206122375
2005-11-17,Dovish/Co-operative,126990.95769143754,93418.75501262573,26.990957691437533,-6.581244987374268,35.937326154982976
2005-11-18,Dovish/Co-operative,127416.78287520935,93786.07206422625,27.416782875209343,-6.213927935773755,35.85896079318924
2005-11-21,Dovish/Co-operative,127964.1510335144,94258.23215646813,27.964151033514394,-5.741767843531864,35.75912480630299
2005-11-22,Dovish/Co-operative,128433.34166935955,94662.95627229112,28.433341669359557,-5.337043727708879,35.67434055189484
2005-11-23,Dovish/Co-operative,129067.66277219367,95210.12202514119,29.067662772193657,-4.789877974858814,35.560862676042014
2005-11-25,Dovish/Co-operative,129154.5674470744,95285.08604832257,29.15456744707441,-4.714913951677435,35.545417235154055
2005-11-28,Dovish/Co-operative,128372.55087423358,94610.51809699973,28.372550874233582,-5.38948190300027,35.68528474034909
2005-11-29,Dovish/Co-operative,128250.92101433332,94505.60010899014,28.250921014333308,-5.49439989100986,35.70721826688137
2005-11-30,Dovish/Co-operative,127660.01363322088,93995.88305778934,27.66001363322088,-6.004116942210658,35.814473443198146
2005-12-01,Dovish/Co-operative,128772.23321646162,94955.28431825418,28.77223321646163,-5.044715681745815,35.61355130575548
2005-12-02,Dovish/Co-operative,128911.26911155519,95075.21676236198,28.911269111555193,-4.924783237638019,35.588719648954935
2005-12-05,Dovish/Co-operative,128676.64000487876,94872.82555825173,28.676640004878774,-5.127174441748272,35.630660568733205
2005-12-06,Dovish/Co-operative,128885.20350144876,95052.73255189878,28.885203501448764,-4.947267448101222,35.59337016542629
2005-12-07,Dovish/Co-operative,128242.17455405316,94498.05540725694,28.242174554053157,-5.501944592743069,35.70879739415764
2005-12-08,Dovish/Co-operative,128172.66626043606,94438.09751268839,28.172666260436063,-5.56190248731161,35.72135572004213
2005-12-09,Dovish/Co-operative,128459.4265873253,94685.45713772504,28.459426587325297,-5.314542862274962,35.669648191563596
2005-12-12,Dovish/Co-operative,128563.71798953997,94775.41896203392,28.56371798953998,-5.224581037966081,35.65090969530962
2005-12-13,Dovish/Co-operative,129310.98041557222,95420.0079660725,29.31098041557223,-4.5799920339274935,35.517679333615206
2005-12-14,Dovish/Co-operative,129745.3300192418,95794.67818724301,29.7453300192418,-4.20532181275699,35.44106256679298
2005-12-15,Dovish/Co-operative,129423.91208484069,95517.42288977567,29.423912084840698,-4.482577110224328,35.49770101543896
2005-12-16,Dovish/Co-operative,129067.53727110797,95210.01376783155,29.06753727110798,-4.789986232168452,35.560884998753984
2005-12-19,Dovish/Co-operative,128499.74139762322,94720.2327165748,28.49974139762321,-5.279767283425196,35.66240043151567
2005-12-20,Dovish/Co-operative,128604.54445811035,94810.63589760759,28.60454445811036,-5.189364102392413,35.64358390866516
2005-12-21,Dovish/Co-operative,128779.28058512002,94961.36338256461,28.779280585120027,-5.0386366174353885,35.61229114446829
2005-12-22,Dovish/Co-operative,129355.78430316625,95458.65582561314,29.355784303166253,-4.541344174386863,35.50974836632672
2005-12-23,Dovish/Co-operative,129416.95160154931,95511.41877283345,29.416951601549314,-4.488581227166543,35.49893118995286
2005-12-27,Dovish/Co-operative,128290.10631485996,94539.40137205315,28.290106314859976,-5.460598627946844,35.7001466615843
2005-12-28,Dovish/Co-operative,128534.68862302515,94750.3782135662,28.53468862302515,-5.2496217864338,35.656121955850686
2005-12-29,Dovish/Co-operative,128045.48539097609,94328.39122059867,28.04548539097609,-5.671608779401327,35.744375297916186
2005-12-30,Dovish/Co-operative,127451.54667594757,93816.05933899587,27.451546675947558,-6.183940661004128,35.85259024301255
2006-01-03,Dovish/Co-operative,129254.14705110714,95466.14223494886,29.25414705110714,-4.533857765051142,35.39265756963723
2006-01-04,Dovish/Co-operative,129774.90302577609,95918.25806993706,29.7749030257761,-4.081741930062943,35.2973934651243
2006-01-05,Dovish/Co-operative,129844.33779518279,95978.54073643452,29.844337795182785,-4.021459263565486,35.284759279417166
2006-01-06,Dovish/Co-operative,130764.28374542407,96777.2298569996,30.76428374542406,-3.2227701430003974,35.118853824029216
2006-01-09,Dovish/Co-operative,131050.69377643443,97025.8885697519,31.050693776434436,-2.9741114302481053,35.06775944878062
2006-01-10,Dovish/Co-operative,131163.49290452158,97123.81979754718,31.163492904521583,-2.876180202452816,35.04770835612672
2006-01-11,Dovish/Co-operative,131519.35688846384,97432.77783176766,31.519356888463832,-2.5672221682323415,34.98471440027275
2006-01-12,Dovish/Co-operative,131076.70663658512,97048.47271003938,31.07670663658513,-2.9515272899606204,35.063131831260264
2006-01-13,Dovish/Co-operative,130972.53050306861,96958.02789157981,30.972530503068608,-3.041972108420188,35.08167745483068
2006-01-17,Dovish/Co-operative,130668.82652410406,96694.3547227293,30.668826524104055,-3.305645277270697,35.1359413885086
2006-01-18,Dovish/Co-operative,130226.18586398798,96310.05792848639,30.226185863987975,-3.6899420715136078,35.21556176478007
2006-01-19,Dovish/Co-operative,130651.44625028656,96679.2653192629,30.651446250286575,-3.320734680737103,35.139055741515726
2006-01-20,Dovish/Co-operative,128620.61113187623,94916.11182713608,28.620611131876217,-5.083888172863926,35.50977663952748
2006-01-23,Dovish/Co-operative,129011.18770464054,95255.20703086258,29.01118770464055,-4.744792969137412,35.437412532042536
2006-01-24,Dovish/Co-operative,129124.01560801546,95353.16324111394,29.12401560801545,-4.646836758886053,35.416604147160946
2006-01-25,Dovish/Co-operative,129219.46323757285,95436.03004789888,29.219463237572853,-4.563969952101122,35.39903448699431
2006-01-26,Dovish/Co-operative,129826.97670489046,95963.46798793881,29.826976704890452,-4.036532012061189,35.28791677392044
2006-01-27,Dovish/Co-operative,130851.09878864828,96852.60192696347,30.85109878864827,-3.1473980730365336,35.10333866644395
2006-01-30,Dovish/Co-operative,130764.28374542407,96777.2298569996,30.76428374542406,-3.2227701430003974,35.118853824029216
2006-01-31,Dovish/Co-operative,129948.51392869932,96068.98555489408,29.948513928699327,-3.931014445105918,35.265833378084736
2006-02-01,Dovish/Co-operative,130720.90979498104,96739.57296821641,30.720909794981033,-3.260427031783586,35.12661445996783
2006-02-02,Dovish/Co-operative,129427.75795403037,95616.86971990587,29.427757954030366,-4.3831302800941385,35.36079808214598
2006-02-03,Dovish/Co-operative,128880.97952744811,95142.16141714482,28.880979527448126,-4.8578385828551784,35.46147954572692
2006-02-06,Dovish/Co-operative,129167.38955845848,95390.82012989713,29.167389558458478,-4.609179870102875,35.40861624060532
2006-02-07,Dovish/Co-operative,128195.36033734024,94546.91276384493,28.195360337340247,-5.453087236155074,35.589155256228096
2006-02-08,Dovish/Co-operative,129184.74105698822,95405.88455090747,29.18474105698823,-4.594115449092529,35.40542249053489
2006-02-09,Dovish/Co-operative,129002.54552654475,95247.70396655616,29.002545526544754,-4.752296033443837,35.439008138023745
2006-02-10,Dovish/Co-operative,129202.06378023016,95420.92398946175,29.20206378023016,-4.579076010538252,35.402235042807995
2006-02-13,Dovish/Co-operative,129002.54552654475,95247.70396655616,29.002545526544754,-4.752296033443837,35.439008138023745
2006-02-14,Dovish/Co-operative,130165.43163972744,96257.3116362368,30.165431639727448,-3.7426883637632025,35.22653960213622
2006-02-15,Dovish/Co-operative,130556.00821249174,96596.40683996331,30.556008212491736,-3.4035931600366887,35.156174523956366
2006-02-16,Dovish/Co-operative,131389.1391195088,97319.72389056452,31.3891391195088,-2.6802761094354755,35.007718751088056
2006-02-17,Dovish/Co-operative,131085.37758996873,97056.00075680188,31.085377589968722,-2.9439992431981254,35.061589770668576
2006-02-21,Dovish/Co-operative,130807.68647115487,96814.91172823885,30.80768647115486,-3.1850882717611495,35.11109408262887
2006-02-22,Dovish/Co-operative,131484.6251161166,97402.62400729088,31.484625116116604,-2.5973759927091167,34.99084491427518
2006-02-23,Dovish/Co-operative,131319.7043501021,97259.44122406708,31.319704350102118,-2.740558775932922,35.02000700123984
2006-02-24,Dovish/Co-operative,131606.14315640024,97508.12491927545,31.606143156400247,-2.491875080724548,34.96941230831143
2006-02-27,Dovish/Co-operative,131649.55547389365,97545.81511800006,31.649555473893653,-2.4541848819999434,34.961766749950975
2006-02-28,Dovish/Co-operative,130582.01148087985,96618.98265276544,30.582011480879846,-3.3810173472345606,35.151507390812206
2006-03-01,Dovish/Co-operative,131571.40179229045,97477.96276731334,31.571401792290455,-2.522037232686669,34.97553504104361
2006-03-02,Dovish/Co-operative,131562.75002243204,97470.45137552154,31.562750022432027,-2.5295486244784504,34.97706039706752
2006-03-03,Dovish/Co-operative,131041.9844560005,97018.32721304797,31.041984456000506,-2.9816727869520276,35.06930929476661
2006-03-06,Dovish/Co-operative,130529.96657705326,96573.79771721976,30.52996657705327,-3.426202282780244,35.16085073019644
2006-03-07,Dovish/Co-operative,130356.37485765522,96423.08688723345,30.35637485765521,-3.5769131127665443,35.19207802391418
2006-03-08,Dovish/Co-operative,130590.75916836417,96626.57731941079,30.59075916836416,-3.373422680589211,35.149937823711475
2006-03-09,Dovish/Co-operative,129844.33779518279,95978.54073643452,29.844337795182785,-4.021459263565486,35.284759279417166
2006-03-10,Dovish/Co-operative,130894.48233085389,96890.267143232,30.8944823308539,-3.1097328567679994,35.09559441853305
2006-03-13,Dovish/Co-operative,131102.78663907398,97071.11514272436,31.102786639073976,-2.9288848572756376,35.05849443092583
2006-03-14,Dovish/Co-operative,132274.36288916544,98088.2675141382,32.27436288916543,-1.9117324858617946,34.85237963867567
2006-03-15,Dovish/Co-operative,132777.7385900169,98525.29394566,32.77773859001692,-1.4747060543400026,34.76512809314558
2006-03-16,Dovish/Co-operative,133012.12290072584,98728.78437783734,33.012122900725835,-1.2712156221626691,34.72476516239213
2006-03-17,Dovish/Co-operative,133107.02379981548,98811.17651795695,33.10702379981547,-1.1888234820430554,34.70846972014947
2006-03-20,Dovish/Co-operative,132924.05133660202,98652.32140729173,32.92405133660201,-1.347678592708268,34.739912290373276
2006-03-21,Dovish/Co-operative,132209.57053285348,98032.01535055341,32.20957053285349,-1.9679846494465858,34.86366679302093
2006-03-22,Dovish/Co-operative,132897.98092587577,98629.68730209212,32.89798092587577,-1.3703126979078828,34.74440055642025
2006-03-23,Dovish/Co-operative,132662.7237647709,98425.43906874732,32.66272376477091,-1.5745609312526776,34.7849956474259
2006-03-24,Dovish/Co-operative,132749.7881938225,98501.02765333046,32.74978819382248,-1.498972346669547,34.76995251362134
2006-03-27,Dovish/Co-operative,132584.2823302899,98357.33689349989,32.584282330289895,-1.6426631065001085,34.79856868618811
2006-03-28,Dovish/Co-operative,131887.20098388405,97752.1368951987,31.887200983884046,-2.2478631048013065,34.920018296154474
2006-03-29,Dovish/Co-operative,132592.98205896124,98364.88992271844,32.59298205896124,-1.635110077281554,34.79706241031175
2006-03-30,Dovish/Co-operative,132392.6005466425,98190.92042613076,32.392600546642505,-1.8090795738692433,34.83181537771787
2006-03-31,Dovish/Co-operative,132418.70932441912,98213.58784127182,32.418709324419126,-1.786412158728179,34.827280252125625
2006-04-03,Dovish/Co-operative,132218.7607229381,98137.89099937903,32.2187607229381,-1.8621090006209706,34.7275342647976
2006-04-04,Dovish/Co-operative,132938.4453895188,98765.80005024806,32.9384453895188,-1.2341999497519462,34.59967450462111
2006-04-05,Dovish/Co-operative,133328.65875552793,99106.25263408772,33.328658755527925,-0.8937473659122785,34.53102625905296
2006-04-06,Dovish/Co-operative,133207.23189247074,99000.31036537925,33.207231892470745,-0.9996896346207484,34.55233766525014
2006-04-07,Dovish/Co-operative,132054.0871127883,97994.21689451917,32.054087112788274,-2.0057831054808295,34.75702066677171
2006-04-10,Dovish/Co-operative,132227.4463419746,98145.46901105366,32.227446341974606,-1.8545309889463346,34.72598141752468
2006-04-11,Dovish/Co-operative,131273.6794700427,97313.32838181056,31.273679470042694,-2.68667161818944,34.897944251776195
2006-04-12,Dovish/Co-operative,131481.8288985564,97494.93418247037,31.48182889855642,-2.505065817529628,34.860164788127925
2006-04-13,Dovish/Co-operative,131334.4119908439,97366.31617113549,31.33441199084388,-2.633683828864508,34.88690663823053
2006-04-17,Dovish/Co-operative,131291.09843129717,97328.5260425866,31.291098431297158,-2.671473957413395,34.894777276140054
2006-04-18,Dovish/Co-operative,133059.85316330343,98871.72566398581,33.05985316330342,-1.12827433601419,34.57826519131011
2006-04-19,Dovish/Co-operative,133276.65003230842,99060.87616637883,33.27665003230842,-0.9391238336211694,34.540148633918896
2006-04-20,Dovish/Co-operative,133432.68574660327,99197.01389699084,33.432685746603276,-0.8029861030091512,34.512804876529614
2006-04-21,Dovish/Co-operative,133450.01880613103,99212.1366103987,33.450018806131034,-0.7878633896013065,34.509772055593224
2006-04-24,Dovish/Co-operative,133241.9266454351,99030.58077465101,33.24192664543511,-0.9694192253489886,34.546243799815436
2006-04-25,Dovish/Co-operative,132773.70496691487,98622.06765299069,32.77370496691488,-1.377932347009303,34.62879873304758
2006-04-26,Dovish/Co-operative,132799.7427347517,98644.78503304388,32.7997427347517,-1.3552149669561198,34.62418990549438
2006-04-27,Dovish/Co-operative,133346.00135969196,99121.38367498093,33.34600135969197,-0.878616325019077,34.52798620823694
2006-04-28,Dovish/Co-operative,133727.46229421048,99454.19995474846,33.72746229421048,-0.5458000452515432,34.46135241654582
2006-05-01,Dovish/Co-operative,132799.7427347517,98644.78503304388,32.7997427347517,-1.3552149669561198,34.62418990549438
2006-05-02,Dovish/Co-operative,133649.44443706307,99386.13108944245,33.64944443706306,-0.6138689105575468,34.47494431268823
2006-05-03,Dovish/Co-operative,133224.59358590737,99015.45806124317,33.22459358590737,-0.9845419387568222,34.54928775212564
2006-05-04,Dovish/Co-operative,133632.11137753533,99371.0083760346,33.632111377535324,-0.6289916239654025,34.477966523044266
2006-05-05,Dovish/Co-operative,134637.88697268674,100248.5254729866,34.63788697268675,0.24852547298659378,34.304107055386915
2006-05-08,Dovish/Co-operative,134499.1175054655,100127.45216338494,34.499117505465485,0.12745216338494458,34.32791367345882
2006-05-09,Dovish/Co-operative,134724.56181496172,100324.14736751118,34.72456181496173,0.324147367511185,34.289266692129125
2006-05-10,Dovish/Co-operative,134663.86747270572,100271.19288812765,34.66386747270571,0.2711928881276471,34.29965635588867
2006-05-11,Dovish/Co-operative,133276.65003230842,99060.87616637883,33.27665003230842,-0.9391238336211694,34.540148633918896
2006-05-12,Dovish/Co-operative,131793.99577350917,97767.29291854796,31.793995773509167,-2.2327070814520455,34.80376907163585
2006-05-15,Dovish/Co-operative,132019.40190446022,97963.95481273277,32.019401904460224,-2.0360451872672325,34.763242415873876
2006-05-16,Dovish/Co-operative,131854.69966040147,97820.25572541684,31.854699660401465,-2.179744274583162,34.79283884773305
2006-05-17,Dovish/Co-operative,129721.74069631401,95959.29591777509,29.721740696314015,-4.040704082224911,35.18413141283263
2006-05-18,Dovish/Co-operative,129166.82508624617,95475.14424661949,29.166825086246174,-4.524855753380519,35.288431460861204
2006-05-19,Dovish/Co-operative,129938.47075286487,96148.38812777061,29.938470752864866,-3.851611872229388,35.1436808074109
2006-05-22,Dovish/Co-operative,129097.4642142263,95414.62841053205,29.0974642142263,-4.585371589467946,35.3015427139433
2006-05-23,Dovish/Co-operative,128265.06693753377,94688.38008508526,28.265066937533767,-5.311619914914745,35.460197779576674
2006-05-24,Dovish/Co-operative,129132.13987791807,95444.88216483309,29.13213987791807,-4.555117835166911,35.29498591124789
2006-05-25,Dovish/Co-operative,130484.74846707776,96625.00342467836,30.48474846707776,-3.3749965753216427,35.04242571002227
2006-05-26,Dovish/Co-operative,131048.32106227317,97116.70812505252,31.048321062273175,-2.88329187494748,34.93900647201564
2006-05-30,Dovish/Co-operative,129071.45508029839,95391.93601293492,29.07145508029838,-4.608063987065081,35.306463496868965
2006-05-31,Dovish/Co-operative,130293.97027663699,96458.55364736781,30.293970276636983,-3.5414463526321938,35.07767362235634
2006-06-01,Dovish/Co-operative,131351.78322891684,97381.47219448477,31.35178322891685,-2.618527805515225,34.88375177424765
2006-06-02,Dovish/Co-operative,131585.86543426805,97585.70377285885,31.585865434268044,-2.414296227141155,34.84133469032331
2006-06-05,Dovish/Co-operative,129955.79426775631,96163.5025136931,29.955794267756318,-3.836497486306889,35.140454403947466
2006-06-06,Dovish/Co-operative,129687.04594334961,95929.02550850333,29.68704594334961,-4.070974491496671,35.19062166627964
2006-06-07,Dovish/Co-operative,128863.39155351139,95210.40515964331,28.863391553511384,-4.789594840356692,35.34591238997533
2006-06-08,Dovish/Co-operative,128767.9929136547,95127.17194350269,28.767992913654705,-4.872828056497314,35.36405033688139
2006-06-09,Dovish/Co-operative,128421.15037501015,94824.55945312405,28.421150375010164,-5.1754405468759535,35.43026312555069
2006-06-12,Dovish/Co-operative,127241.98691676352,93795.76525718148,27.241986916763516,-6.204234742818516,35.65856258848661
2006-06-13,Dovish/Co-operative,125993.4339525881,92706.43024269541,25.993433952588084,-7.293569757304585,35.905819717953655
2006-06-14,Dovish/Co-operative,126817.12652097153,93425.08390149685,26.817126520971524,-6.574916098503147,35.74205258909024
2006-06-15,Dovish/Co-operative,129088.76905055351,95407.04207137205,29.08876905055351,-4.59295792862795,35.30318752989412
2006-06-16,Dovish/Co-operative,128291.90645482011,94711.79697390842,28.291906454820115,-5.288203026091576,35.45504420126511
2006-06-19,Dovish/Co-operative,127438.45371044136,93967.17821576465,27.438453710441358,-6.032821784235343,35.620177311082976
2006-06-20,Dovish/Co-operative,127804.20417360378,94286.28745463499,27.804204173603786,-5.713712545365013,35.549089505826224
2006-06-21,Dovish/Co-operative,128605.48593594585,94985.38817781881,28.60548593594585,-5.014611822181192,35.39502064800539
2006-06-22,Dovish/Co-operative,128126.42155058448,94567.41503279323,28.126421550584467,-5.4325849672067665,35.48686035898725
2006-06-23,Dovish/Co-operative,128109.05985714782,94552.26733692932,28.109059857147823,-5.447732663070681,35.49020395316549
2006-06-26,Dovish/Co-operative,128588.04788541877,94970.17386207204,28.588047885418778,-5.029826137927962,35.39834945671569
2006-06-27,Dovish/Co-operative,127647.45261158614,94149.52516262123,27.647452611586143,-5.850474837378772,35.57949696624077
2006-06-28,Dovish/Co-operative,128379.0298950014,94787.81026024475,28.379029895001405,-5.2121897397552575,35.438332779848224
2006-06-29,Dovish/Co-operative,130573.59948643003,96702.52398586427,30.573599486430037,-3.297476014135725,35.026051135456335
2006-06-30,Dovish/Co-operative,130582.34237328432,96710.15196245104,30.58234237328432,-3.289848037548959,35.024441305794454
2006-07-03,Dovish/Co-operative,130923.8771858476,97105.27448765772,30.923877185847594,-2.8947255123422777,34.82674126263685
2006-07-05,Dovish/Co-operative,130287.66144992562,96550.59734301588,30.28766144992563,-3.449402656984124,34.94236704414357
2006-07-06,Dovish/Co-operative,130610.08665983708,96831.69993871804,30.610086659837087,-3.168300061281959,34.88360396698229
2006-07-07,Dovish/Co-operative,129886.75040194562,96201.06780013736,29.886750401945616,-3.798932199862637,35.015913411472724
2006-07-10,Dovish/Co-operative,130095.94090207214,96383.44805693536,30.095940902072126,-3.6165519430646387,34.977471261686155
2006-07-11,Dovish/Co-operative,130583.94381709718,96808.90761129664,30.583943817097193,-3.1910923887033538,34.88835587466057
2006-07-12,Dovish/Co-operative,129398.71883199611,95775.58326332,29.398718831996117,-4.224416736679992,35.106166334935864
2006-07-13,Dovish/Co-operative,127612.08429253835,94217.9271273415,27.61208429253834,-5.782072872658494,35.44352776946846
2006-07-14,Dovish/Co-operative,127193.74149885125,93853.19992368693,27.193741498851253,-6.146800076313075,35.52413940310386
2006-07-17,Dovish/Co-operative,127036.87489077044,93716.43763167317,27.036874890770445,-6.283562368326834,35.55452821420096
2006-07-18,Dovish/Co-operative,127585.94144979845,94195.1347999201,27.585941449798447,-5.804865200079901,35.44854701976252
2006-07-19,Dovish/Co-operative,129084.9283059856,95502.00871438034,29.084928305985592,-4.497991285619662,35.164621188275035
2006-07-20,Dovish/Co-operative,128335.41099878831,94848.55093843682,28.335410998788312,-5.151449061563184,35.30561060662567
2006-07-21,Dovish/Co-operative,127568.4906008084,94179.92048417333,27.568490600808417,-5.82007951582667,35.45189881769537
2006-07-24,Dovish/Co-operative,129538.1727976528,95897.16454952843,29.538172797652805,-4.102835450471565,35.080295028691545
2006-07-25,Dovish/Co-operative,129930.3154387511,96239.04946084946,29.93031543875111,-3.7609505391505427,35.007895616848764
2006-07-26,Dovish/Co-operative,130078.49005308207,96368.2337411886,30.078490053082074,-3.6317662588114086,34.98067257559938
2006-07-27,Dovish/Co-operative,129973.87092391512,96277.0227940762,29.973870923915126,-3.7229772059238053,34.99988590414975
2006-07-28,Dovish/Co-operative,131080.70558736246,97242.00346973006,31.080705587362466,-2.757996530269946,34.79844193889514
2006-07-31,Dovish/Co-operative,130967.4326710116,97143.24782088445,30.967432671011608,-2.8567521791155404,34.818873785744906
2006-08-01,Dovish/Co-operative,130418.33745705913,96664.52567018147,30.41833745705913,-3.335474329818533,34.91850971476897
2006-08-02,Dovish/Co-operative,131167.8643158979,97317.99177361032,31.167864315897887,-2.682008226389676,34.78274872444154
2006-08-03,Dovish/Co-operative,131464.20399291837,97576.35200680324,31.46420399291836,-2.4236479931967647,34.729574624548775
2006-08-04,Dovish/Co-operative,131272.4643417819,97409.186065752,31.27246434178188,-2.590813934248004,34.76394747120861
2006-08-07,Dovish/Co-operative,131011.00725945857,97181.23780908191,31.011007259458555,-2.8187621909180893,34.81100901064582
2006-08-08,Dovish/Co-operative,130583.94381709718,96808.90761129664,30.583943817097193,-3.1910923887033538,34.88835587466057
2006-08-09,Dovish/Co-operative,130209.25202498893,96482.23701572239,30.209252024988942,-3.517762984277606,34.95670918551621
2006-08-10,Dovish/Co-operative,130549.10898060747,96778.53727220061,30.549108980607475,-3.2214627277993846,34.89469117870969
2006-08-11,Dovish/Co-operative,130235.3471095214,96504.98770571701,30.235347109521406,-3.4950122942829953,34.95193378674064
2006-08-14,Dovish/Co-operative,130322.5249413398,96580.99266456798,30.3225249413398,-3.4190073354320227,34.935996561930494
2006-08-15,Dovish/Co-operative,131647.1847888146,97735.88164378233,31.64718478881461,-2.2641183562176703,34.69688161061328
2006-08-16,Dovish/Co-operative,132579.73065011553,98548.91069413173,32.57973065011552,-1.4510893058682695,34.531908791570466
2006-08-17,Dovish/Co-operative,132867.32102353725,98799.64295073785,32.867321023537244,-1.2003570492621463,34.481580150836955
2006-08-18,Dovish/Co-operative,133442.51132202218,99301.11579143547,33.442511322022185,-0.6988842085645319,34.38168368852441
2006-08-21,Dovish/Co-operative,132954.49885535566,98875.64790958884,32.954498855355666,-1.1243520904111626,34.466374346217464
2006-08-22,Dovish/Co-operative,132945.75910339842,98868.02826048742,32.94575910339843,-1.1319717395125717,34.46789770412582
2006-08-23,Dovish/Co-operative,132632.0067839538,98594.48702148917,32.63200678395381,-1.4055129785108256,34.52274137299989
2006-08-24,Dovish/Co-operative,132536.1274067441,98510.8957234782,32.53612740674412,-1.489104276521802,34.53956177474553
2006-08-25,Dovish/Co-operative,132675.61957896675,98632.51031962805,32.67561957896676,-1.3674896803719472,34.515099685710894
2006-08-28,Dovish/Co-operative,133215.92728275454,99103.57118380285,33.215927282754535,-0.8964288161971479,34.42091510071323
2006-08-29,Dovish/Co-operative,133346.65104809546,99217.54114839522,33.34665104809547,-0.7824588516047837,34.39826214666504
2006-08-30,Dovish/Co-operative,133416.4257891312,99278.3734289262,33.416425789131196,-0.7216265710737968,34.3861922603361
2006-08-31,Dovish/Co-operative,133398.97494014117,99263.15911317944,33.398974940141166,-0.7368408868205556,34.3892095838298
2006-09-01,Dovish/Co-operative,134078.75571286862,99855.81791853339,34.07875571286863,-0.14418208146661504,34.27235238537203
2006-09-05,Dovish/Co-operative,134296.60000017902,100045.7428770646,34.296600000179026,0.045742877064602894,34.23519695905664
2006-09-06,Dovish/Co-operative,133285.67336886586,99164.37848187778,33.28567336886585,-0.8356215181222204,34.40882241118843
2006-09-07,Dovish/Co-operative,132762.73054929473,98708.45698608154,32.76273054929473,-1.2915430139184614,34.499854017589435
2006-09-08,Dovish/Co-operative,133085.19396577214,98989.59289172513,33.08519396577214,-1.010407108274869,34.44362187784811
2006-09-11,Dovish/Co-operative,133198.5146403304,99088.39017799751,33.19851464033039,-0.9116098220024904,34.42393644811379
2006-09-12,Dovish/Co-operative,134314.06995245203,100060.97384778208,34.31406995245203,0.060973847782075374,34.23222340088108
2006-09-13,Dovish/Co-operative,134775.97778294462,100463.68271214874,34.775977782944636,0.4636827121487386,34.15392920555023
2006-09-14,Dovish/Co-operative,134784.66022505297,100471.25239633801,34.784660225052974,0.47125239633800664,34.152463525940504
2006-09-15,Dovish/Co-operative,135055.20091842697,100707.12009158236,35.055200918426976,0.7071200915823583,34.1069040556504
2006-09-18,Dovish/Co-operative,135212.71703812864,100844.44865260039,35.21271703812865,0.8444486526003825,34.08047626292618
2006-09-19,Dovish/Co-operative,134923.83719310665,100592.59218547109,34.92383719310666,0.5925921854710969,34.128999225247256
2006-09-20,Dovish/Co-operative,135536.5654426211,101126.7920436207,35.5365654426211,1.1267920436207168,34.02636700287878
2006-09-21,Dovish/Co-operative,134976.38077290647,100638.40168241854,34.97638077290648,0.6384016824185323,34.120155444089036
2006-09-22,Dovish/Co-operative,134626.2366994104,100333.1327242111,34.626236699410384,0.33313272421109374,34.179241736089175
2006-09-25,Dovish/Co-operative,135510.3270834664,101103.91644134575,35.5103270834664,1.1039164413457536,34.030739711335634
2006-09-26,Dovish/Co-operative,136473.18985483542,101943.37693021743,36.47318985483543,1.9433769302174442,33.871560825628166
2006-09-27,Dovish/Co-operative,136613.30288375448,102065.53281291548,36.613302883754486,2.0655328129154826,33.84861580467573
2006-09-28,Dovish/Co-operative,136569.51815919485,102027.35962004017,36.56951815919485,2.02735962004017,33.85578012387369
2006-09-29,Dovish/Co-operative,136473.18985483542,101943.37693021743,36.47318985483543,1.9433769302174442,33.871560825628166
2006-10-02,Dovish/Co-operative,135919.51091635032,101561.84486111296,35.919510916350326,1.5618448611129487,33.82930479671957
2006-10-03,Dovish/Co-operative,136162.78421028442,101775.51980788159,36.16278421028441,1.7755198078815981,33.78736307838523
2006-10-04,Dovish/Co-operative,137518.2750540611,102966.09206184957,37.51827505406109,2.966092061849568,33.556855757385385
2006-10-05,Dovish/Co-operative,137744.1222474359,103164.46109053252,37.74412224743591,3.164461090532522,33.51896650393764
2006-10-06,Dovish/Co-operative,137596.38911418518,103034.70221370377,37.59638911418517,3.034702213703766,33.54373444861052
2006-10-09,Dovish/Co-operative,137665.9228582014,103095.77599131012,37.665922858201405,3.0957759913101235,33.53206912163422
2006-10-10,Dovish/Co-operative,137822.35007970728,103233.17117221099,37.82235007970727,3.23317117221098,33.505876565387574
2006-10-11,Dovish/Co-operative,137683.32051572387,103111.05692693974,37.68332051572387,3.111056926939737,33.529152565355446
2006-10-12,Dovish/Co-operative,138699.9220567849,104003.97154431634,38.69992205678492,4.003971544316354,33.36021691987459
2006-10-13,Dovish/Co-operative,139004.00656344334,104271.05898216311,39.00400656344334,4.271058982163112,33.31024727314003
2006-10-16,Dovish/Co-operative,139186.44968262856,104431.3047828829,39.18644968262856,4.431304782882894,33.28038941197094
2006-10-17,Dovish/Co-operative,138812.83143195388,104103.14356742978,38.81283143195389,4.103143567429779,33.341632802896015
2006-10-18,Dovish/Co-operative,138969.24917244748,104240.5304208453,38.96924917244748,4.240530420845312,33.3159459294706
2006-10-19,Dovish/Co-operative,139160.45274697372,104408.47081803471,39.16045274697373,4.408470818034704,33.28463835995215
2006-10-20,Dovish/Co-operative,139186.44968262856,104431.3047828829,39.18644968262856,4.431304782882894,33.28038941197094
2006-10-23,Dovish/Co-operative,139733.87385030702,104912.1254598958,39.73387385030702,4.912125459895811,33.19134774723664
2006-10-24,Dovish/Co-operative,140090.10392447148,105225.01406720465,40.09010392447148,5.2250140672046586,33.133841954156786
2006-10-25,Dovish/Co-operative,140498.47956614202,105583.70384397559,40.49847956614203,5.583703843975596,33.06833767999
2006-10-26,Dovish/Co-operative,140872.07885479214,105911.84840445798,40.872078854792136,5.9118484044579755,33.00880022113053
2006-10-27,Dovish/Co-operative,140116.1861892368,105247.92297942104,40.11618618923678,5.247922979421049,33.12964495901121
2006-10-30,Dovish/Co-operative,140029.2832307349,105171.59324864115,40.02928323073489,5.171593248641138,33.143635943296054
2006-10-31,Dovish/Co-operative,140011.87609220017,105156.30398552617,40.01187609220016,5.156303985526178,33.14644085576794
2006-11-01,Dovish/Co-operative,139203.8283781265,104446.5690635418,39.20382837812648,4.446569063541794,33.27755006814972
2006-11-02,Dovish/Co-operative,139134.32307714707,104385.52026839153,39.13432307714706,4.385520268391518,33.28891087519699
2006-11-03,Dovish/Co-operative,138925.82613623334,104202.39053791143,38.92582613623334,4.202390537911427,33.323070055373314
2006-11-06,Dovish/Co-operative,140263.85295540164,105377.62356385229,40.263852955401646,5.377623563852296,33.10591775720817
2006-11-07,Dovish/Co-operative,140724.33624052908,105782.08120014388,40.72433624052909,5.782081200143874,33.03230059755875
2006-11-08,Dovish/Co-operative,140985.05459704704,106011.07871996891,40.985054597047046,6.01107871996891,32.99086878406625
2006-11-09,Dovish/Co-operative,140350.7653949158,105453.96162211754,40.3507653949158,5.453961622117531,33.09197988961956
2006-11-10,Dovish/Co-operative,140402.88251938502,105499.73780912356,40.40288251938502,5.499737809123562,33.08363170855488
2006-11-13,Dovish/Co-operative,140698.34878588654,105759.25556278105,40.69834878588654,5.7592555627810516,33.03644020297105
2006-11-14,Dovish/Co-operative,141601.94614165585,106552.91488219066,41.601946141655844,6.552914882190652,32.89354523826668
2006-11-15,Dovish/Co-operative,141949.4916085775,106858.17551291274,41.94949160857748,6.858175512912745,32.83914958048699
2006-11-16,Dovish/Co-operative,142262.33657057694,107132.95754722913,42.26233657057694,7.132957547229135,32.79045013562811
2006-11-17,Dovish/Co-operative,142297.0086324623,107163.41116117874,42.29700863246231,7.163411161178734,32.78506823419516
2006-11-20,Dovish/Co-operative,142366.54237647855,107224.48493878508,42.36654237647854,7.224484938785092,32.774284211070096
2006-11-21,Dovish/Co-operative,142488.17428293946,107331.31824842672,42.488174282939475,7.331318248426721,32.75544976829545
2006-11-22,Dovish/Co-operative,142731.46653889812,107545.00985016607,42.73146653889812,7.545009850166062,32.71788875909216
2006-11-24,Dovish/Co-operative,142236.23534378706,107110.03198004203,42.236235343787065,7.110031980042031,32.79450366543646
2006-11-27,Dovish/Co-operative,140559.30025987863,105637.12466253908,40.55930025987862,5.6371246625390725,33.058619977493194
2006-11-28,Dovish/Co-operative,141080.61371975494,106095.0114448795,41.080613719754936,6.095011444879517,32.975727886180415
2006-11-29,Dovish/Co-operative,142340.49803576234,107201.60933651011,42.340498035762344,7.201609336510106,32.7783220016314
2006-11-30,Dovish/Co-operative,142392.63412225613,107247.40217848684,42.39263412225613,7.247402178486828,32.770240798260765
2006-12-01,Dovish/Co-operative,142123.27856355673,107010.8183195018,42.12327856355673,7.01081831950181,32.812065915821506
2006-12-04,Dovish/Co-operative,143053.0340321895,107827.45317101067,43.053034032189494,7.8274531710106565,32.668471548996195
2006-12-05,Dovish/Co-operative,143582.98469424728,108292.9262925111,43.58298469424729,8.292926292511105,32.587593308185106
2006-12-06,Dovish/Co-operative,143478.74096429656,108201.36559101372,43.478740964296556,8.20136559101372,32.603447452434644
2006-12-07,Dovish/Co-operative,142940.02984689776,107728.19787304367,42.94002984689775,7.728197873043663,32.685808051250234
2006-12-08,Dovish/Co-operative,143165.91496432165,107926.60021166803,43.16591496432165,7.926600211668022,32.65118579065911
2006-12-11,Dovish/Co-operative,143522.23984860888,108239.57209383046,43.522239848608876,8.23957209383046,32.59682856487336
2006-12-12,Dovish/Co-operative,143426.5574727414,108155.53111161021,43.4265574727414,8.155531111610204,32.61139397922568
2006-12-13,Dovish/Co-operative,143556.9403535311,108270.05069023612,43.556940353531104,8.270050690236118,32.59155180803583
2006-12-14,Dovish/Co-operative,144643.028233547,109223.9974477923,44.643028233547,9.223997447792298,32.427883627574204
2006-12-15,Dovish/Co-operative,144654.3580432142,109233.9487927936,44.65435804321418,9.233948792793601,32.42619134607112
2006-12-18,Dovish/Co-operative,144313.6009810806,108934.65064158695,44.31360098108061,8.93465064158696,32.47722385037637
2006-12-19,Dovish/Co-operative,144549.5264905025,109141.87178720412,44.5495264905025,9.141871787204114,32.441861334697776
2006-12-20,Dovish/Co-operative,144479.63246801984,109080.48156515422,44.479632468019844,9.08048156515422,32.452323637498395
2006-12-21,Dovish/Co-operative,144025.3023598581,108681.42846685916,44.02530235985809,8.681428466859153,32.52061956820575
2006-12-22,Dovish/Co-operative,143265.17168181634,108013.78065586775,43.26517168181634,8.013780655867752,32.636012564229766
2006-12-26,Dovish/Co-operative,143990.3837916536,108650.75833829028,43.990383791653606,8.650758338290277,32.525889366856894
2006-12-27,Dovish/Co-operative,144802.88758149598,109364.40717839231,44.80288758149597,9.364407178392309,32.40403465571513
2006-12-28,Dovish/Co-operative,144540.7944781983,109134.20217319056,44.54079447819832,9.134202173190564,32.443167769549696
2006-12-29,Dovish/Co-operative,144025.3023598581,108681.42846685916,44.02530235985809,8.681428466859153,32.52061956820575
2007-01-03,Dovish/Co-operative,143683.98312914238,108489.56320423984,43.68398312914237,8.489563204239836,32.44037388061594
2007-01-04,Dovish/Co-operative,143943.45029279235,108719.85148429517,43.94345029279234,8.719851484295171,32.39849790779496
2007-01-05,Dovish/Co-operative,142966.33414721943,107852.61883175874,42.96633414721942,7.85261883175874,32.557128140054914
2007-01-08,Dovish/Co-operative,143528.33473188375,108351.41854965685,43.52833473188375,8.351418549656863,32.46557973406274
2007-01-09,Dovish/Co-operative,143424.60979176115,108259.35819903808,43.42460979176115,8.259358199038068,32.48241277033132
2007-01-10,Dovish/Co-operative,143830.97136179375,108620.02158983855,43.83097136179374,8.620021589838544,32.416629325407165
2007-01-11,Dovish/Co-operative,144367.08527890508,109095.8457756374,44.367085278905094,9.0958457756374,32.33050649408342
2007-01-12,Dovish/Co-operative,145300.87245356114,109924.62210079639,45.300872453561134,9.924622100796388,32.18228061800947
2007-01-16,Dovish/Co-operative,145058.81006276753,109709.78130607781,45.05881006276753,9.709781306077803,32.2204896736326
2007-01-17,Dovish/Co-operative,145110.65845888853,109755.79899015918,45.11065845888853,9.755798990159171,32.21229292121439
2007-01-18,Dovish/Co-operative,144695.61795899493,109387.4326754037,44.69561795899493,9.387432675403694,32.27810034482184
2007-01-19,Dovish/Co-operative,144937.75541080354,109602.34009000513,44.93775541080354,9.602340090005136,32.23965409112712
2007-01-22,Dovish/Co-operative,144557.28050832392,109264.65223130392,44.55728050832393,9.264652231303927,32.30013326021351
2007-01-23,Dovish/Co-operative,144920.42569896218,109586.95922455123,44.92042569896218,9.58695922455124,32.24240066923496
2007-01-24,Dovish/Co-operative,145914.83402586897,110469.53943260014,45.91483402586898,10.46953943260014,32.08603455334833
2007-01-25,Dovish/Co-operative,144453.50865506695,109172.55024325835,44.45350865506694,9.172550243258337,32.31669346662285
2007-01-26,Dovish/Co-operative,144341.17046347144,109072.84526108208,44.341170463471435,9.072845261082074,32.33465223903289
2007-01-29,Dovish/Co-operative,144271.92667712097,109011.38841914933,44.271926677120966,9.011388419149323,32.34573815571882
2007-01-30,Dovish/Co-operative,144911.8030648624,109579.30626550839,44.91180306486242,9.579306265508404,32.24376755383367
2007-01-31,Dovish/Co-operative,145741.85591676898,110316.01391256324,45.74185591676898,10.31601391256325,32.11305480298115
2007-02-01,Dovish/Co-operative,146485.4478620062,110975.98378205573,46.48544786200619,10.975983782055732,31.997431218710393
2007-02-02,Dovish/Co-operative,146658.38844059868,111129.47599215119,46.658388440598685,11.129475992151194,31.97073695457433
2007-02-05,Dovish/Co-operative,146692.95403801266,111160.15444820543,46.69295403801266,11.16015444820544,31.965410417240435
2007-02-06,Dovish/Co-operative,146727.56654856104,111190.87454168644,46.72756654856103,11.190874541686435,31.960079595876877
2007-02-07,Dovish/Co-operative,147004.2508325299,111436.4437573714,47.004250832529905,11.436443757371384,31.91757191444451
2007-02-08,Dovish/Co-operative,146840.01733167906,111290.679453687,46.840017331679064,11.290679453687002,31.94278088021354
2007-02-09,Dovish/Co-operative,145906.15509600798,110461.83650864515,45.90615509600797,10.461836508645161,32.087388466141256
2007-02-12,Dovish/Co-operative,145482.38875311898,110085.72563250792,45.48238875311898,10.085725632507913,32.153726486550546
2007-02-13,Dovish/Co-operative,146528.70177190806,111014.37348955031,46.52870177190807,11.014373489550323,31.99074783383855
2007-02-14,Dovish/Co-operative,147350.09445920738,111743.3948676209,47.35009445920737,11.743394867620903,31.864701832057897
2007-02-15,Dovish/Co-operative,147514.36549056575,111889.19248124672,47.51436549056574,11.889192481246713,31.839690875675952
2007-02-16,Dovish/Co-operative,147453.894460345,111835.52183812253,47.453894460345005,11.835521838122531,31.848890260268693
2007-02-20,Dovish/Co-operative,147721.89981445286,112073.3881298525,47.721899814452854,12.073388129852503,31.808185939106835
2007-02-21,Dovish/Co-operative,147670.08894883937,112027.40375571256,47.67008894883937,12.027403755712562,31.81604143112109
2007-02-22,Dovish/Co-operative,147574.93034705525,111942.94639922449,47.57493034705524,11.942946399224486,31.830486059171314
2007-02-23,Dovish/Co-operative,147082.07033984578,111505.51192092021,47.08207033984579,11.50551192092022,31.905650049081437
2007-02-26,Dovish/Co-operative,146969.6946177428,111405.77362880252,46.96969461774279,11.405773628802528,31.922870629162503
2007-02-27,Dovish/Co-operative,142067.09380472358,107054.50430768328,42.06709380472358,7.054504307683285,32.70538659112492
2007-02-28,Dovish/Co-operative,143303.564522424,108151.92531045075,43.30356452242401,8.151925310450746,32.50209287635912
2007-03-01,Dovish/Co-operative,142940.37241865142,107829.57667977664,42.94037241865141,7.82957667977664,32.561377703581186
2007-03-02,Dovish/Co-operative,141349.43544017378,106417.55160771683,41.34943544017378,6.41755160771682,32.82530306769797
2007-03-05,Dovish/Co-operative,140208.11394163058,105404.57963395207,40.20811394163057,5.404579633952067,33.018996355323324
2007-03-06,Dovish/Co-operative,142239.99685280857,107207.96320783731,42.239996852808574,7.20796320783732,32.67670851749778
2007-03-07,Dovish/Co-operative,142118.94220084458,107100.52199176463,42.11894220084458,7.10052199176463,32.69677827692814
2007-03-08,Dovish/Co-operative,143139.24657793128,108006.08605939813,43.13924657793127,8.006086059398143,32.528871103811305
2007-03-09,Dovish/Co-operative,143173.8403232259,108036.78949790844,43.17384032322589,8.036789497908448,32.52322749372119
2007-03-12,Dovish/Co-operative,143355.3847706644,108197.91801207603,43.35538477066439,8.197918012076034,32.49366291379508
2007-03-13,Dovish/Co-operative,140986.29024953552,106095.2446144695,40.98629024953553,6.095244614469508,32.886531118198214
2007-03-14,Dovish/Co-operative,141876.879810051,106885.68119704605,41.876879810050994,6.885681197046045,32.73703102335843
2007-03-15,Dovish/Co-operative,142041.16022403623,107031.48713815724,42.04116022403623,7.031487138157244,32.70969508317507
2007-03-16,Dovish/Co-operative,141703.4513348609,106731.75595771204,41.70345133486091,6.731755957712049,32.765970224461526
2007-03-19,Dovish/Co-operative,143153.22669197764,108018.49401257967,43.15322669197765,8.01849401257968,32.52659000717622
2007-03-20,Dovish/Co-operative,143821.59811754385,108611.70243196716,43.82159811754385,8.61170243196716,32.418141781390155
2007-03-21,Dovish/Co-operative,145835.5320635066,110399.15552636495,45.83553206350661,10.399155526364945,32.09841268095472
2007-03-22,Dovish/Co-operative,145740.04506978177,110314.4067078894,45.74004506978178,10.31440670788939,32.113338066258954
2007-03-23,Dovish/Co-operative,145922.34012737038,110476.20142088553,45.922340127370376,10.476201420885523,32.084863753999194
2007-03-26,Dovish/Co-operative,145757.4029295038,110329.81255579936,45.75740292950379,10.329812555799368,32.11062318789575
2007-03-27,Dovish/Co-operative,145462.2724010952,110067.87150390306,45.46227240109519,10.06787150390307,32.15688684952631
2007-03-28,Dovish/Co-operative,144559.4760430131,109266.60086287739,44.55947604301309,9.266600862877382,32.29978319214488
2007-03-29,Dovish/Co-operative,144689.66937355505,109382.15304968753,44.68966937355505,9.382153049687524,32.279046754390414
2007-03-30,Dovish/Co-operative,144715.71554576495,109405.27014903785,44.715715545764944,9.405270149037847,32.27490352944176
2007-04-02,Dovish/Co-operative,144731.3963801646,109528.59187968583,44.73139638016461,9.528591879685822,32.140287660365516
2007-04-03,Dovish/Co-operative,146056.48396305437,110707.33910444725,46.056483963054376,10.707339104447255,31.930263291087545
2007-04-04,Dovish/Co-operative,146195.08788644674,110830.63585263916,46.19508788644673,10.830635852639148,31.90855286694221
2007-04-05,Dovish/Co-operative,146532.88229220727,111131.12483425182,46.53288229220727,11.131124834251827,31.855843725829214
2007-04-09,Dovish/Co-operative,146706.03890243208,111285.15833089547,46.70603890243208,11.285158330895474,31.82893487576852
2007-04-10,Dovish/Co-operative,146853.30206053593,111416.15800304238,46.85330206053593,11.416158003042387,31.80610846097016
2007-04-11,Dovish/Co-operative,146342.33232188094,110961.61886981536,46.34233232188094,10.961618869815348,31.88554187694004
2007-04-12,Dovish/Co-operative,146896.61695676288,111454.68927778801,46.896616956762884,11.45468927778801,31.799404680623123
2007-04-13,Dovish/Co-operative,147468.25750640704,111963.19884361209,47.46825750640704,11.963198843612076,31.711365010558247
2007-04-16,Dovish/Co-operative,148663.4752912945,113026.41886401942,48.66347529129451,13.02641886401943,31.5298465486636
2007-04-17,Dovish/Co-operative,149001.24161305057,113326.88286317601,49.001241613050574,13.326882863176003,31.479167033073363
2007-04-18,Dovish/Co-operative,149157.1733672007,113465.59378676326,49.15717336720071,13.465593786763264,31.45586110227643
2007-04-19,Dovish/Co-operative,149122.49898301554,113434.74878100188,49.12249898301555,13.434748781001883,31.46103869010435
2007-04-20,Dovish/Co-operative,150326.43217062342,114505.72169027635,50.32643217062343,14.505721690276353,31.282900060869977
2007-04-23,Dovish/Co-operative,149841.39332942874,114074.2496914875,49.84139332942874,14.074249691487495,31.354265958069494
2007-04-24,Dovish/Co-operative,149893.33001502787,114120.4505802467,49.89333001502787,14.120450580246713,31.34659848685626
2007-04-25,Dovish/Co-operative,151071.2293304924,115168.26475274406,51.071229330492415,15.168264752744065,31.174355760963145
2007-04-26,Dovish/Co-operative,151218.50184993108,115299.27275237632,51.21850184993109,15.299272752376325,31.153040466002825
2007-04-27,Dovish/Co-operative,151114.5910333935,115206.83766491649,51.11459103339349,15.206837664916485,31.16807482635369
2007-04-30,Dovish/Co-operative,150040.5463664576,114251.40861496681,50.040546366457605,14.25140861496681,31.324898472019758
2007-05-01,Dovish/Co-operative,150369.69089884145,114544.20300010985,50.36969089884145,14.544203000109857,31.276561327767283
2007-05-02,Dovish/Co-operative,151123.22218410048,115214.5156064154,51.123222184100484,15.214515606415402,31.166825107656493
2007-05-03,Dovish/Co-operative,151824.82614509523,115838.63565144711,51.82482614509523,15.83863565144712,31.06579276531609
2007-05-04,Dovish/Co-operative,152318.4493303228,116277.7439543081,52.31844933032279,16.2777439543081,30.99536003224923
2007-05-07,Dovish/Co-operative,152344.436395792,116300.86105365842,52.344436395792,16.300861053658423,30.991666799013593
2007-05-08,Dovish/Co-operative,152171.2142562234,116146.76926461727,52.171214256223394,16.146769264617266,31.01631256701736
2007-05-09,Dovish/Co-operative,152526.38329941581,116462.71405905204,52.52638329941581,16.46271405905204,30.96584991319866
2007-05-10,Dovish/Co-operative,151157.86848428118,115245.3356297207,51.15786848428119,15.245335629720703,31.16181028787681
2007-05-11,Dovish/Co-operative,152266.5407287281,116231.56804800496,52.26654072872812,16.231568048004963,31.002741583801317
2007-05-14,Dovish/Co-operative,151980.67364723192,115977.27162766615,51.98067364723191,15.977271627666155,31.04349801843176
2007-05-15,Dovish/Co-operative,152015.30122474296,116008.07499600074,52.01530122474296,16.008074996000744,31.038551609431963
2007-05-16,Dovish/Co-operative,152907.4177107247,116801.66769552749,52.907417710724694,16.801667695527488,30.912015836379837
2007-05-17,Dovish/Co-operative,152647.57514003702,116570.52168448042,52.64757514003702,16.570521684480433,30.94869348977076
2007-05-18,Dovish/Co-operative,153790.86560066015,117587.54914361391,53.790865600660155,17.587549143613913,30.788392751370154
2007-05-21,Dovish/Co-operative,153721.58236163366,117525.91742448867,53.721582361633644,17.525917424488657,30.79802798425377
2007-05-22,Dovish/Co-operative,153617.63409975677,117433.44902708741,53.61763409975677,17.433449027087413,30.81250305807084
2007-05-23,Dovish/Co-operative,153634.98065318418,117448.87985745344,53.63498065318417,17.44887985745345,30.810085919635366
2007-05-24,Dovish/Co-operative,152439.75350696186,116385.65150956076,52.439753506961864,16.385651509560752,30.978133068610568
2007-05-25,Dovish/Co-operative,152985.397629802,116871.03564854915,52.98539762980199,16.87103564854915,30.901037011304332
2007-05-29,Dovish/Co-operative,153461.74915228074,117294.77974092694,53.461749152280746,17.29477974092695,30.83425323039699
2007-05-30,Dovish/Co-operative,154535.72828987293,118250.15049847912,54.53572828987294,18.250150498479133,30.68543899388989
2007-05-31,Dovish/Co-operative,154397.12436648057,118126.8537502872,54.39712436648057,18.126853750287196,30.70450914816241
2007-06-01,Dovish/Co-operative,155055.3853472438,118712.41753811721,55.05538534724381,18.712417538117208,30.614293401494642
2007-06-04,Dovish/Co-operative,155072.7319006712,118727.84836848325,55.072731900671215,18.727848368483247,30.61192806205679
2007-06-05,Dovish/Co-operative,154544.36880191474,118257.83676746339,54.544368801914736,18.2578367674634,30.684251485001756
2007-06-06,Dovish/Co-operative,153115.29551180877,116986.5878353593,53.11529551180878,16.98658783535929,30.882777543093297
2007-06-07,Dovish/Co-operative,150742.17841145676,114875.5536424546,50.74217841145676,14.875553642454609,31.22215617835935
2007-06-08,Dovish/Co-operative,152422.36014686036,116370.17904176793,52.42236014686037,16.37017904176794,30.980601217561478
2007-06-11,Dovish/Co-operative,152647.57514003702,116570.52168448042,52.64757514003702,16.570521684480433,30.94869348977076
2007-06-12,Dovish/Co-operative,151218.50184993108,115299.27275237632,51.21850184993109,15.299272752376325,31.153040466002825
2007-06-13,Dovish/Co-operative,153158.6010467009,117025.11078261958,53.158601046700895,17.025110782619592,30.87669819104142
2007-06-14,Dovish/Co-operative,153998.7714857487,117772.49426590178,53.9987714857487,17.772494265901774,30.75953977679775
2007-06-15,Dovish/Co-operative,154752.01256962825,118442.54872016129,54.75201256962825,18.44254872016129,30.65576031739543
2007-06-18,Dovish/Co-operative,154595.42552204052,118303.25487259906,54.59542552204051,18.303254872599073,30.67723765379451
2007-06-19,Dovish/Co-operative,154925.9836159827,118597.30670803097,54.92598361598269,18.59730670803097,30.631957770666386
2007-06-20,Dovish/Co-operative,153073.23503444815,116949.17244365146,53.07323503444816,16.949172443651463,30.88868594448757
2007-06-21,Dovish/Co-operative,153803.88721739926,117599.13267574513,53.80388721739926,17.599132675745132,30.786582960166143
2007-06-22,Dovish/Co-operative,152559.99985276593,116492.6180589681,52.55999985276594,16.492618058968112,30.96108783093936
2007-06-25,Dovish/Co-operative,151933.72655309353,115935.50928860209,51.93372655309352,15.935509288602079,31.05020841792301
2007-06-26,Dovish/Co-operative,150594.1008172233,114743.82947908166,50.59410081722331,14.743829479081661,31.243746614433256
2007-06-27,Dovish/Co-operative,152429.5590133394,116376.58287800726,52.429559013339414,16.376582878007273,30.979579605911756
2007-06-28,Dovish/Co-operative,152412.15629190305,116361.10208272908,52.41215629190306,16.361102082729072,30.982049468337625
2007-06-29,Dovish/Co-operative,152455.60224681755,116399.74994226971,52.455602246817556,16.399749942269715,30.975884675379728
2007-07-02,Dovish/Co-operative,153507.21542659958,117452.03597440365,53.50721542659957,17.452035974403657,30.697790083480058
2007-07-03,Dovish/Co-operative,153980.49826655828,117877.6953884135,53.980498266558286,17.877695388413507,30.62734027772096
2007-07-05,Dovish/Co-operative,153842.77726564766,117753.83237121733,53.842777265647655,17.753832371217328,30.647787989320328
2007-07-06,Dovish/Co-operative,154531.10449488624,118372.8976326375,54.53110449488623,18.372897632637496,30.546018206349366
2007-07-09,Dovish/Co-operative,154634.3906159806,118465.79073179195,54.63439061598061,18.465790731791955,30.530839038651102
2007-07-10,Dovish/Co-operative,152758.76836013413,116778.90035056217,52.758768360134134,16.778900350562175,30.810247314851313
2007-07-11,Dovish/Co-operative,153679.34352979495,117606.84392718547,53.679343529794956,17.60684392718548,30.67210920560306
2007-07-12,Dovish/Co-operative,155744.24188491638,119463.96476407777,55.74424188491638,19.46396476407777,30.36922237805044
2007-07-13,Dovish/Co-operative,156139.96985707706,119819.87316073955,56.139969857077055,19.819873160739544,30.31224765829432
2007-07-16,Dovish/Co-operative,156122.8218609976,119804.45065785886,56.1228218609976,19.80445065785885,30.31470951513966
2007-07-17,Dovish/Co-operative,156053.95210136514,119742.51082177542,56.05395210136515,19.742510821775426,30.324603209327726
2007-07-18,Dovish/Co-operative,155813.01905277732,119525.82132530765,55.813019052777314,19.525821325307646,30.359295861861145
2007-07-19,Dovish/Co-operative,156329.26447470626,119990.12027137277,56.32926447470625,19.990120271372767,30.285113575307655
2007-07-20,Dovish/Co-operative,154978.498675537,118775.27339758989,54.97849867553701,18.775273397589885,30.480439440252827
2007-07-23,Dovish/Co-operative,155382.90249668615,119138.98464803094,55.382902496686135,19.13898464803094,30.421543339260126
2007-07-24,Dovish/Co-operative,153085.75620114247,117072.98549593549,53.085756201142466,17.072985495935477,30.760956981367205
2007-07-25,Dovish/Co-operative,153352.42050302666,117312.81707420966,53.352420503026664,17.31281707420966,30.720942798619433
2007-07-26,Dovish/Co-operative,150263.7997448073,114534.98447381993,50.2637997448073,14.534984473819934,31.194674216901962
2007-07-27,Dovish/Co-operative,147760.13676213776,112283.24908832774,47.76013676213775,12.283249088327741,31.59588626251997
2007-07-30,Dovish/Co-operative,149713.21203483362,114039.79888456666,49.71321203483361,14.039798884566657,31.281546880292453
2007-07-31,Dovish/Co-operative,148284.9654412836,112755.26761331856,48.2849654412836,12.755267613318555,31.51045497032574
2007-08-01,Dovish/Co-operative,148895.79335778707,113304.6318223028,48.89579335778706,13.304631822302815,31.411921086599847
2007-08-02,Dovish/Co-operative,149902.4881341085,114210.02934022917,49.902488134108516,14.21002934022917,31.251597604928616
2007-08-03,Dovish/Co-operative,146633.06342370535,111269.58593327837,46.633063423705345,11.269585933278382,31.781800205163258
2007-08-06,Dovish/Co-operative,148706.50799933507,113134.39303915494,48.70650799933507,13.134393039154935,31.442352767004202
2007-08-07,Dovish/Co-operative,150048.68128211022,114341.51200652675,50.048681282110216,14.341512006526758,31.228526410902504
2007-08-08,Dovish/Co-operative,151821.01741686236,115935.50928860209,51.82101741686236,15.935509288602079,30.952991321174352
2007-08-09,Dovish/Co-operative,148001.06055154843,112499.93025731014,48.00106055154843,12.499930257310155,31.556579824574115
2007-08-10,Dovish/Co-operative,147416.0287025814,111973.76642252979,47.41602870258139,11.973766422529785,31.65229090027324
2007-08-13,Dovish/Co-operative,147863.36732816926,112376.09222257005,47.86336732816927,12.376092222570056,31.57902575515241
2007-08-14,Dovish/Co-operative,145953.36574756942,110658.28188821068,45.95336574756943,10.658281888210674,31.895564667283182
2007-08-15,Dovish/Co-operative,144258.5104071981,109133.96900360056,44.2585104071981,9.133969003600573,32.18479243840082
2007-08-16,Dovish/Co-operative,145170.5115788192,109954.20132878354,45.170511578819195,9.954201328783551,32.02816247533127
2007-08-17,Dovish/Co-operative,147416.0287025814,111973.76642252979,47.41602870258139,11.973766422529785,31.65229090027324
2007-08-20,Dovish/Co-operative,147355.72368181153,111919.52951040133,47.35572368181153,11.91952951040134,31.6622079510412
2007-08-21,Dovish/Co-operative,147605.26776514767,112143.96356825087,47.605267765147666,12.143963568250872,31.62123316188574
2007-08-22,Dovish/Co-operative,149085.12501212486,113474.91224287746,49.085125012124855,13.474912242877469,31.381573305849876
2007-08-23,Dovish/Co-operative,148973.3297072308,113374.36618468016,48.97332970723078,13.374366184680152,31.399481841038046
2007-08-24,Dovish/Co-operative,150530.47330586863,114774.82437957946,50.53047330586862,14.774824379579465,31.15286746860033
2007-08-27,Dovish/Co-operative,149343.1782792607,113706.99925976984,49.34317827926069,13.706999259769837,31.340356575656394
2007-08-28,Dovish/Co-operative,146564.2307007815,111207.67940713635,46.56423070078151,11.20767940713636,31.79326417216497
2007-08-29,Dovish/Co-operative,148990.43140742453,113389.74705013406,48.99043140742454,13.389747050134048,31.396740255139655
2007-08-30,Dovish/Co-operative,148654.89734590787,113087.97563577646,48.65489734590787,13.087975635776461,31.450666182832855
2007-08-31,Dovish/Co-operative,149893.78450758866,114202.20150399383,49.893784507588656,14.202201503993827,31.25297282675119
2007-09-04,Dovish/Co-operative,151175.7453613655,115355.16683409078,51.175745361365486,15.355166834090772,31.05242661457337
2007-09-05,Dovish/Co-operative,150065.87557407547,114356.97614683423,50.06587557407547,14.356976146834244,31.22581641315092
2007-09-06,Dovish/Co-operative,150358.47483115335,114620.13301159262,50.358474831153345,14.620133011592618,31.179811853774563
2007-09-07,Dovish/Co-operative,148586.12017804693,113026.11907454657,48.58612017804693,13.026119074546582,31.46175538421052
2007-09-10,Dovish/Co-operative,148345.19638863625,112809.43790556416,48.34519638863626,12.80943790556417,31.500696344945922
2007-09-11,Dovish/Co-operative,149807.82230693963,114124.88912994185,49.80782230693963,14.124889129941852,31.266565469666684
2007-09-12,Dovish/Co-operative,150134.6990378222,114418.87434549088,50.134699037822195,14.418874345490874,31.214976459641107
2007-09-13,Dovish/Co-operative,151029.4781399466,115223.61754791033,51.02947813994658,15.22361754791033,31.075105394211455
2007-09-14,Dovish/Co-operative,151020.8763643754,115215.88131401391,51.0208763643754,15.215881314013902,31.076440714607003
2007-09-17,Dovish/Co-operative,150332.59543102258,114596.85769002052,50.332595431022575,14.596857690020526,31.183872281791224
2007-09-18,Dovish/Co-operative,154083.75661012123,117970.56350511187,54.083756610121235,17.97056350511188,30.612037471063292
2007-09-19,Dovish/Co-operative,154858.0367808317,118666.93281309868,54.858036780831696,18.66693281309868,30.498052919876393
2007-09-20,Dovish/Co-operative,153928.85057642253,117831.24467509359,53.92885057642252,17.831244675093583,30.635003475405888
2007-09-21,Dovish/Co-operative,154282.41225584777,118149.22970344077,54.28241225584778,18.149229703440774,30.58266451935634
2007-09-24,Dovish/Co-operative,154040.40514271072,117931.57421867162,54.04040514271071,17.93157421867162,30.618459189805456
2007-09-25,Dovish/Co-operative,153781.02781324263,117698.29637137322,53.78102781324263,17.69829637137321,30.656970027856346
2007-09-26,Dovish/Co-operative,154472.54019942036,118320.2262877561,54.47254019942036,18.320226287756093,30.554635539439758
2007-09-27,Dovish/Co-operative,155250.61663276184,119020.00986473917,55.25061663276185,19.020009864739173,30.44076942120666
2007-09-28,Dovish/Co-operative,154809.7038761152,118623.4633395365,54.809703876115215,18.623463339536485,30.50512901735356
2007-10-01,Dovish/Co-operative,156163.36071958242,119960.63264572455,56.163360719582414,19.96063264572454,30.178840570784658
2007-10-02,Dovish/Co-operative,155982.58352945748,119797.3972777617,55.982583529457486,19.797397277761707,30.2053192088948
2007-10-03,Dovish/Co-operative,155715.77070997457,119556.47479890581,55.71577070997458,19.55647479890581,30.24453169256518
2007-10-04,Dovish/Co-operative,155922.37057800737,119743.02712586753,55.922370578007374,19.743027125867528,30.214154694878403
2007-10-05,Dovish/Co-operative,157498.0058272499,121165.76967158148,57.49800582724991,21.16576967158148,29.985561313353237
2007-10-08,Dovish/Co-operative,156783.3078818402,120520.42286637543,56.78330788184021,20.520422866375434,30.088580966622168
2007-10-09,Dovish/Co-operative,158040.40195431942,121655.53406786751,58.04040195431941,21.65553406786751,29.9081074816983
2007-10-10,Dovish/Co-operative,157816.52855924328,121453.38436083261,57.81652855924329,21.453384360832615,29.940000758132346
2007-10-11,Dovish/Co-operative,157170.8509429273,120870.36045603643,57.17085094292729,20.87036045603643,30.032582305481135
2007-10-12,Dovish/Co-operative,157911.27934239517,121538.94094538777,57.911279342395176,21.538940945387775,29.926489497181752
2007-10-15,Dovish/Co-operative,156774.7679533607,120512.71161493509,56.774767953360694,20.512711614935085,30.08981861954192
2007-10-16,Dovish/Co-operative,155715.77070997457,119556.47479890581,55.71577070997458,19.55647479890581,30.24453169256518
2007-10-17,Dovish/Co-operative,156120.42129517565,119921.85987390357,56.120421295175646,19.921859873903557,30.185123428984873
2007-10-18,Dovish/Co-operative,155638.21967478632,119486.44897454098,55.63821967478633,19.48644897454097,30.255958738842594
2007-10-19,Dovish/Co-operative,152177.02170709718,116361.11041021445,52.1770217070972,16.36111041021444,30.77996692418874
2007-10-22,Dovish/Co-operative,152926.13759320404,117037.53539077184,52.92613759320404,17.03753539077184,30.664181437694516
2007-10-23,Dovish/Co-operative,153976.484239491,117985.9610255365,53.97648423949099,17.98596102553649,30.504072604167565
2007-10-24,Dovish/Co-operative,153735.39265168132,117768.26390334056,53.73539265168132,17.768263903340564,30.54059519622463
2007-10-25,Dovish/Co-operative,154045.37545519517,118048.16734115136,54.04537545519516,18.048167341151355,30.493661125643957
2007-10-26,Dovish/Co-operative,155577.96061141134,119432.03718522002,55.577960611411335,19.432037185220018,30.264847086326398
2007-10-29,Dovish/Co-operative,156017.03835969453,119828.50876305449,56.01703835969454,19.828508763054487,30.200267006742298
2007-10-30,Dovish/Co-operative,155095.77743579194,118996.64294082815,55.095777435791945,18.996642940828146,30.33626294223637
2007-10-31,Dovish/Co-operative,156464.7943722318,120232.81650460965,56.46479437223179,20.232816504609662,30.13484913765869
2007-11-01,Dovish/Co-operative,153347.97870398377,117418.44289847456,53.34797870398378,17.418442898474563,30.599567596527866
2007-11-02,Dovish/Co-operative,153494.27339671672,117550.54179868854,53.49427339671671,17.550541798688535,30.5772572784766
2007-11-05,Dovish/Co-operative,152504.23192572955,116656.56959067163,52.50423192572955,16.656569590671634,30.729227218699616
2007-11-06,Dovish/Co-operative,154243.3892828236,118226.96677924595,54.24338928282359,18.226966779245956,30.463796445719282
2007-11-07,Dovish/Co-operative,150661.69163315443,114992.82129124823,50.66169163315444,14.992821291248237,31.018345268324033
2007-11-08,Dovish/Co-operative,150015.85723629402,114409.65581920098,50.015857236294025,14.409655819200973,31.12167514371402
2007-11-09,Dovish/Co-operative,148276.69987919996,112839.25863062666,48.27669987919996,12.83925863062667,31.405241117877146
2007-11-12,Dovish/Co-operative,147036.87933376414,111719.74480920774,47.03687933376415,11.719744809207743,31.61225849993674
2007-11-13,Dovish/Co-operative,150808.02321542727,115124.95350140365,50.808023215427276,15.12495350140366,30.995078502757913
2007-11-14,Dovish/Co-operative,150455.06409796677,114806.24398183044,50.45506409796676,14.806243981830436,31.051290312901635
2007-11-15,Dovish/Co-operative,148621.09140102606,113150.23191630346,48.621091401026064,13.150231916303445,31.348463793658144
2007-11-16,Dovish/Co-operative,148836.34186615795,113344.5954245298,48.83634186615795,13.344595424529814,31.313135230395893
2007-11-19,Dovish/Co-operative,147088.5062448099,111766.36207223478,47.08850624480989,11.76636207223478,31.60355541477349
2007-11-20,Dovish/Co-operative,147846.1620593963,112450.49830423253,47.84616205939629,12.450498304232527,31.476662432745762
2007-11-21,Dovish/Co-operative,145297.6113080505,110149.24769080913,45.29761130805048,10.149247690809137,31.909762757439264
2007-11-23,Dovish/Co-operative,147407.11197826802,112054.05170885414,47.40711197826801,12.054051708854141,31.550006207067295
2007-11-26,Dovish/Co-operative,144669.10577254323,109581.7295637472,44.66910577254324,9.581729563747189,32.01936705003783
2007-11-27,Dovish/Co-operative,146063.89005258112,110841.17012161545,46.063890052581115,10.841170121615452,31.77765075226031
2007-11-28,Dovish/Co-operative,149990.09911508093,114386.3971525996,49.99009911508092,14.386397152599596,31.12581814687585
2007-11-29,Dovish/Co-operative,150033.11231856744,114425.23654430344,50.03311231856744,14.425236544303432,31.118900733473474
2007-11-30,Dovish/Co-operative,151307.41536139525,115575.8868334712,51.30741536139525,15.575886833471198,30.9160755819319
2007-12-03,Dovish/Co-operative,150463.677805526,114814.02185315364,50.46367780552601,14.814021853153637,31.04991478999668
2007-12-04,Dovish/Co-operative,149327.05574787193,113787.69259287666,49.32705574787193,13.787692592876667,31.23304668998983
2007-12-05,Dovish/Co-operative,151436.56564047438,115692.50493840702,51.436565640474385,15.692504938407016,30.89574447462864
2007-12-06,Dovish/Co-operative,153270.50144787523,117348.48369399257,53.27050144787522,17.348483693992577,30.61140342260904
2007-12-07,Dovish/Co-operative,153244.63265804254,117325.12509756691,53.24463265804253,17.325125097566918,30.615358415859497
2007-12-10,Dovish/Co-operative,154252.0214351528,118234.76130553987,54.2520214351528,18.23476130553987,30.46249658891589
2007-12-11,Dovish/Co-operative,150661.69163315443,114992.82129124823,50.66169163315444,14.992821291248237,31.018345268324033
2007-12-12,Dovish/Co-operative,151918.71192655392,116127.86587285747,51.918711926553925,16.127865872857463,30.82020476711598
2007-12-13,Dovish/Co-operative,151651.79766083637,115886.85179166264,51.651797660836365,15.886851791662648,30.861953117399988
2007-12-14,Dovish/Co-operative,150024.52627816307,114417.48365543631,50.02452627816307,14.417483655436314,31.120281171325125
2007-12-17,Dovish/Co-operative,148216.39470390018,112784.80520387892,48.21639470390018,12.784805203878925,31.415215405986885
2007-12-18,Dovish/Co-operative,148913.8467894214,113414.57961146785,48.91384678942139,13.414579611467857,31.300444175313125
2007-12-19,Dovish/Co-operative,148913.8467894214,113414.57961146785,48.91384678942139,13.414579611467857,31.300444175313125
2007-12-20,Dovish/Co-operative,149705.98510139977,114129.85231121446,49.70598510139976,14.129852311214464,31.17162781668612
2007-12-21,Dovish/Co-operative,151527.9502531133,115775.02199080697,51.527950253113296,15.77502199080698,30.88138326170671
2007-12-24,Dovish/Co-operative,152480.06927711578,116634.75157903697,52.480069277115774,16.634751579036955,30.732965272179968
2007-12-26,Dovish/Co-operative,152757.0820543723,116884.88425669742,52.75708205437228,16.88488425669743,30.690194053573205
2007-12-27,Dovish/Co-operative,151129.85678362387,115415.55775789786,51.12985678362387,15.415557757897847,30.944094296751846
2007-12-28,Dovish/Co-operative,150809.59102087165,115126.3691739143,50.80959102087166,15.1263691739143,30.994829510390364
2007-12-31,Dovish/Co-operative,149866.05803727356,114274.39247455142,49.866058037273554,14.274392474551423,31.14579285175223
2008-01-02,Dovish/Co-operative,148632.15358770668,113273.94503876321,48.632153587706675,13.273945038763202,31.214776299036483
2008-01-03,Dovish/Co-operative,148571.1643176911,113219.30840733762,48.571164317691085,13.219308407337627,31.2242288065967
2008-01-04,Dovish/Co-operative,145473.93936753733,110444.69021629562,45.47393936753732,10.444690216295616,31.716553401200343
2008-01-07,Dovish/Co-operative,145369.26017691917,110350.91440369336,45.369260176919155,10.350914403693356,31.73362537361428
2008-01-08,Dovish/Co-operative,143380.0116132461,108568.86584729208,43.38001161324612,8.568865847292084,32.063654247726745
2008-01-09,Dovish/Co-operative,144653.8423749163,109710.0144756678,44.653842374916294,9.710014475667816,31.851083117848432
2008-01-10,Dovish/Co-operative,145456.4726950241,110429.0428713103,45.45647269502411,10.429042871310301,31.71939999926776
2008-01-11,Dovish/Co-operative,144461.9134832821,109538.07688550717,44.461913483282075,9.538076885507163,31.88282795422679
2008-01-14,Dovish/Co-operative,145447.7997809981,110421.27332747246,45.44779978099809,10.42127332747247,31.720813750850986
2008-01-15,Dovish/Co-operative,142734.4140226572,107990.51366178102,42.734414022657205,7.990513661781029,32.17310408365288
2008-01-16,Dovish/Co-operative,141696.24855186272,107060.48344216941,41.696248551862716,7.060483442169407,32.35158668828768
2008-01-17,Dovish/Co-operative,138599.03289743676,104285.87357861277,38.59903289743676,4.285873578612764,32.902979225616825
2008-01-18,Dovish/Co-operative,137403.76033130105,103215.10052898686,37.40376033130104,3.2151005289868584,33.12369956246146
2008-01-22,Dovish/Co-operative,136234.6924217991,102167.80266058161,36.23469242179909,2.167802660581608,33.34405641902012
2008-01-23,Dovish/Co-operative,138974.1341051291,104621.904267728,38.97413410512911,4.621904267727994,32.83464402396421
2008-01-24,Dovish/Co-operative,139960.04829002853,105505.12569214936,39.960048290028524,5.50512569214936,32.657107767838966
2008-01-25,Dovish/Co-operative,138258.7627817652,103981.04597712924,38.258762781765185,3.9810459771292273,32.965351023854275
2008-01-28,Dovish/Co-operative,140178.13535965752,105700.49682610387,40.17813535965753,5.7004968261038735,32.618236970328994
2008-01-29,Dovish/Co-operative,140762.70649731968,106224.17907024793,40.76270649731968,6.224179070247926,32.514751094692684
2008-01-30,Dovish/Co-operative,139890.25596579787,105442.60293209094,39.89025596579787,5.442602932090934,32.66957764300691
2008-01-31,Dovish/Co-operative,142036.44430171198,107365.24442377008,42.03644430171198,7.36524442377009,32.29275922950898
2008-02-01,Dovish/Co-operative,143964.56415945265,109092.53143646542,43.96456415945265,9.092531436465423,31.965554620296267
2008-02-04,Dovish/Co-operative,142429.06795628433,107716.97242278278,42.42906795628434,7.716972422782775,32.22527959406305
2008-02-05,Dovish/Co-operative,139209.71573445474,104832.9477291239,39.209715734454754,4.832947729123904,32.79195019313623
2008-02-06,Dovish/Co-operative,138267.4821744301,103988.85715839386,38.2674821744301,3.988857158393855,32.96374818681167
2008-02-07,Dovish/Co-operative,139035.19774096704,104676.60751903644,39.03519774096704,4.6766075190364464,32.82356109571296
2008-02-08,Dovish/Co-operative,138284.92095975997,104004.47952092311,38.28492095975997,4.00447952092311,32.960543235006035
2008-02-11,Dovish/Co-operative,138878.20219435927,104535.96461884642,38.87820219435927,4.535964618846422,32.85207890005102
2008-02-12,Dovish/Co-operative,139960.04829002853,105505.12569214936,39.960048290028524,5.50512569214936,32.657107767838966
2008-02-13,Dovish/Co-operative,141164.03095310135,106583.70159555454,41.164030953101346,6.583701595554525,32.44429386470953
2008-02-14,Dovish/Co-operative,140117.10890673078,105645.82688473687,40.11710890673077,5.645826884736871,32.62909954749394
2008-02-15,Dovish/Co-operative,140090.90425009705,105622.35170351622,40.09090425009705,5.622351703516215,32.6337673708825
2008-02-19,Dovish/Co-operative,140422.45497310365,105919.36812373511,40.42245497310366,5.919368123735103,32.57486091595827
2008-02-20,Dovish/Co-operative,140771.39800280123,106231.96526905648,40.77139800280123,6.231965269056494,32.51322014637103
2008-02-21,Dovish/Co-operative,139785.5395922686,105348.79380954725,39.785539592268584,5.348793809547248,32.68831520271331
2008-02-22,Dovish/Co-operative,140509.63960402523,105997.471608896,40.509639604025224,5.997471608895988,32.55942568372805
2008-02-25,Dovish/Co-operative,142001.6132096912,107334.04133613837,42.00161320969118,7.334041336138375,32.29876695407776
2008-02-26,Dovish/Co-operative,142900.2033277522,108139.03436311851,42.900203327752216,8.139034363118514,32.14488567366865
2008-02-27,Dovish/Co-operative,142778.05746462083,108029.61120553092,42.77805746462082,8.029611205530918,32.165668163869924
2008-02-28,Dovish/Co-operative,141600.25157099834,106974.48550089034,41.60025157099834,6.974485500890348,32.36824735167323
2008-02-29,Dovish/Co-operative,138939.27512592496,104590.67619764022,38.939275125924965,4.59067619764022,32.84097605734737
2008-03-03,Dovish/Co-operative,138660.124420458,104340.60181237727,38.66012442045801,4.340601812377276,32.891819686638655
2008-03-04,Dovish/Co-operative,138215.11004407378,103941.94010589398,38.21511004407378,3.941940105893993,32.973379083806755
2008-03-05,Dovish/Co-operative,138948.02240577326,104598.51236136092,38.948022405773266,4.598512361360907,32.83938678376575
2008-03-06,Dovish/Co-operative,136531.29120832367,102433.50773585917,36.53129120832368,2.433507735859175,33.287724130653594
2008-03-07,Dovish/Co-operative,135353.53179334017,101378.42366864537,35.353531793340174,1.3784236686453566,33.513154865913286
2008-03-10,Dovish/Co-operative,133861.59537058533,100041.88725134442,33.86159537058533,0.04188725134441906,33.80554790442183
2008-03-11,Dovish/Co-operative,137874.87711131334,103637.14581435188,37.874877111313346,3.637145814351883,33.03615805696971
2008-03-12,Dovish/Co-operative,136793.0310156441,102667.98474104895,36.793031015644104,2.6679847410489455,33.238254710722124
2008-03-13,Dovish/Co-operative,137046.07002175518,102894.66721994481,37.04607002175517,2.894667219944802,33.19064410676336
2008-03-14,Dovish/Co-operative,135266.24490941293,101300.22858114557,35.266244909412926,1.3002285811455572,33.530049047282475
2008-03-17,Dovish/Co-operative,134123.3165864502,100276.34760156348,34.1233165864502,0.2763476015634758,33.753691468075566
2008-03-18,Dovish/Co-operative,138773.4672293744,104442.13884133202,38.773467229374404,4.442138841332022,32.871146425101806
2008-03-19,Dovish/Co-operative,135885.67502627923,101855.1388953774,35.88567502627924,1.8551388953774062,33.41072085312946
2008-03-20,Dovish/Co-operative,137991.7337053335,103741.83063277148,37.99173370533349,3.7418306327714923,33.01455436409337
2008-03-24,Dovish/Co-operative,140306.36062876214,105815.36615911477,40.306360628762135,5.8153661591147765,32.59544971737205
2008-03-25,Dovish/Co-operative,140420.34484289587,105917.47778455913,40.42034484289587,5.917477784559133,32.57523477713198
2008-03-26,Dovish/Co-operative,138973.72509310645,104621.5378583723,38.97372509310644,4.6215378583723155,32.8347182979065
2008-03-27,Dovish/Co-operative,138605.41906242695,104291.59456105284,38.60541906242696,4.291594561052836,32.90181212186436
2008-03-28,Dovish/Co-operative,137491.93030936812,103294.08672759555,37.49193030936813,3.2940867275955465,33.10726166925531
2008-03-31,Dovish/Co-operative,137895.2347551686,103655.38300728315,37.8952347551686,3.6553830072831417,33.032391328368995
2008-04-01,Dovish/Co-operative,141843.25979798572,107299.88199120502,41.84325979798573,7.299881991205015,32.19330456450278
2008-04-02,Dovish/Co-operative,141922.75036105647,107370.56568691305,41.92275036105648,7.370565686913055,32.18031352735515
2008-04-03,Dovish/Co-operative,142223.09695015196,107637.6364697891,42.22309695015196,7.6376364697891,32.13138230703352
2008-04-04,Dovish/Co-operative,142090.5720964745,107519.79422450585,42.09057209647449,7.51979422450586,32.15294274074167
2008-04-07,Dovish/Co-operative,142152.4095361489,107574.78061031642,42.152409536148895,7.574780610316423,32.14287654565431
2008-04-08,Dovish/Co-operative,142028.78148206108,107464.84947612206,42.028781482061085,7.464849476122071,32.16301160280215
2008-04-09,Dovish/Co-operative,141154.2541775519,106687.21223853884,41.1542541775519,6.687212238538831,32.30662908498274
2008-04-10,Dovish/Co-operative,141322.0946430743,106836.45743110235,41.32209464307428,6.83645743110235,32.27890370121207
2008-04-11,Dovish/Co-operative,138990.12172493982,104762.84695739085,38.99012172493981,4.762846957390843,32.67119571642596
2008-04-14,Dovish/Co-operative,138592.6314493772,104409.39516890931,38.592631449377194,4.4093951689093025,32.739617182120085
2008-04-15,Dovish/Co-operative,138866.45621064323,104652.88251325508,38.86645621064322,4.6528825132550855,32.692433190318226
2008-04-16,Dovish/Co-operative,142055.25648462956,107488.39127722559,42.05525648462955,7.488391277225581,32.15869620585523
2008-04-17,Dovish/Co-operative,142231.93755942845,107645.49761596587,42.231937559428445,7.645497615965868,32.12994571017966
2008-04-18,Dovish/Co-operative,143495.02087970183,108768.64222100031,43.495020879701826,8.768642221000311,31.926829230931396
2008-04-21,Dovish/Co-operative,143556.8395892718,108823.61195184017,43.55683958927181,8.82361195184016,31.91699578286633
2008-04-22,Dovish/Co-operative,143018.03067601623,108344.4984093254,43.01803067601624,8.344498409325407,32.003039172043856
2008-04-23,Dovish/Co-operative,142823.71520792536,108171.71141565837,42.82371520792536,8.171711415658379,32.034256774503554
2008-04-24,Dovish/Co-operative,143353.69287695666,108642.97213948173,43.35369287695665,8.642972139481731,31.949347531574723
2008-04-25,Dovish/Co-operative,144484.32626397017,109648.34111911578,44.48432626397016,9.648341119115788,31.770644944833727
2008-04-28,Dovish/Co-operative,144510.84809179962,109671.92455764607,44.510848091799616,9.671924557646072,31.76649235861766
2008-04-29,Dovish/Co-operative,144024.98918368094,109239.89461733832,44.024989183680944,9.239894617338319,31.842848886107955
2008-04-30,Dovish/Co-operative,143300.69604655876,108595.84689984792,43.30069604655875,8.595846899847913,31.957805143982387
2008-05-01,Dovish/Co-operative,145826.9937978363,110842.25269471182,45.8269937978363,10.842252694711817,31.562639925301305
2008-05-02,Dovish/Co-operative,146171.46851289662,111148.56258858884,46.17146851289662,11.14856258858885,31.509994469243296
2008-05-05,Dovish/Co-operative,145570.79406481003,110614.43767780744,45.57079406481004,10.61443767780743,31.60198353927526
2008-05-06,Dovish/Co-operative,146648.4212563734,111572.67309032234,46.64842125637341,11.572673090322327,31.437579825353758
2008-05-07,Dovish/Co-operative,144413.6950402803,109585.53522455523,44.4136950402803,9.58553522455523,31.781712563029018
2008-05-08,Dovish/Co-operative,144095.69532778842,109302.76713178171,44.095695327788405,9.302767131781708,31.831699332971453
2008-05-09,Dovish/Co-operative,143865.9705973306,109098.49391598084,43.865970597330595,9.098493915980832,31.867971255519766
2008-05-12,Dovish/Co-operative,145244.00993335486,110323.85840376929,45.24400993335487,10.323858403769282,31.652402331491047
2008-05-13,Dovish/Co-operative,145261.63496159465,110339.53073121069,45.26163496159465,10.3395307312107,31.649676230230583
2008-05-14,Dovish/Co-operative,145517.80659946433,110567.320765659,45.517806599464315,10.567320765659005,31.610140855163582
2008-05-15,Dovish/Co-operative,147072.4239947133,111949.69998984881,47.0724239947133,11.949699989848806,31.373665144300755
2008-05-16,Dovish/Co-operative,147187.22080457682,112051.77830535175,47.187220804576825,12.051778305351757,31.356434525722253
2008-05-19,Dovish/Co-operative,147531.75170995033,112358.13816414091,47.53175170995032,12.358138164140907,31.30490956910059
2008-05-20,Dovish/Co-operative,146507.10261868045,111447.0113362891,46.50710261868045,11.447011336289092,31.458978452637233
2008-05-21,Dovish/Co-operative,144387.18257750303,109561.9601135103,44.387182577503026,9.561960113510292,31.785870230792224
2008-05-22,Dovish/Co-operative,144404.84506595158,109577.66575089311,44.40484506595157,9.577665750893116,31.783100211527014
2008-05-23,Dovish/Co-operative,142753.01842887007,108108.84722870032,42.75301842887007,8.108847228700334,32.04563926843218
2008-05-27,Dovish/Co-operative,143654.05819615658,108910.0595773285,43.654058196156576,8.91005957732851,31.901551384387126
2008-05-28,Dovish/Co-operative,144219.35147703282,109412.72324843213,44.219351477032816,9.412723248432119,31.812230968393763
2008-05-29,Dovish/Co-operative,144837.69777862018,109962.56212408171,44.83769777862017,9.962562124081709,31.715462954733063
2008-05-30,Dovish/Co-operative,145146.83815173112,110237.45241570775,45.14683815173113,10.237452415707748,31.66744601859932
2008-06-02,Dovish/Co-operative,143865.9705973306,109098.49391598084,43.865970597330595,9.098493915980832,31.867971255519766
2008-06-03,Dovish/Co-operative,143150.5180694849,108462.30734466722,43.15051806948491,8.46230734466722,31.981811538073647
2008-06-04,Dovish/Co-operative,143088.6899948627,108407.329286342,43.088689994862705,8.407329286342001,31.99171212576872
2008-06-05,Dovish/Co-operative,145526.61911358422,110575.1569293797,45.52661911358422,10.575156929379691,31.60878370403466
2008-06-06,Dovish/Co-operative,141560.53823712998,107048.48353577036,41.560538237129975,7.048483535770367,32.23964839242901
2008-06-09,Dovish/Co-operative,141852.0629470534,107307.70982744035,41.85206294705341,7.307709827440356,32.19186503482669
2008-06-10,Dovish/Co-operative,141251.44468928,106773.6348815711,41.251444689280014,6.7736348815711,32.2905648439807
2008-06-11,Dovish/Co-operative,139484.83060738718,105202.74637136073,39.48483060738719,5.202746371360734,32.58668182959057
2008-06-12,Dovish/Co-operative,139935.28025313892,105603.29008953464,39.93528025313893,5.6032900895346405,32.51034142449185
2008-06-13,Dovish/Co-operative,141436.9289131466,106938.56905654672,41.43692891314661,6.938569056546728,32.259978940206246
2008-06-16,Dovish/Co-operative,141507.59759704527,107001.4082610487,41.507597597045276,7.001408261048692,32.24835064956593
2008-06-17,Dovish/Co-operative,140924.62309761607,106483.02229759152,40.92462309761606,6.483022297591523,32.34468749747683
2008-06-18,Dovish/Co-operative,139758.6366385488,105446.21706073577,39.758636638548815,5.4462170607357585,32.54020915520326
2008-06-19,Dovish/Co-operative,139908.79588551825,105579.73996094576,39.90879588551826,5.579739960945762,32.51481386227215
2008-06-20,Dovish/Co-operative,137981.56179334898,103866.02674938193,37.981561793348995,3.8660267493819234,32.8457110680515
2008-06-23,Dovish/Co-operative,137866.1375249881,103763.39049236008,37.86613752498808,3.7633904923600747,32.86587578799185
2008-06-24,Dovish/Co-operative,137635.29835331853,103558.12630580176,37.63529835331853,3.5581263058017676,32.90632349497
2008-06-25,Dovish/Co-operative,138185.71993130172,104047.56593015889,38.18571993130171,4.047565930158892,32.81014187689677
2008-06-26,Dovish/Co-operative,135007.595816823,101221.55049949508,35.00759581682302,1.2215504994950832,33.3783123757786
2008-06-27,Dovish/Co-operative,134386.23396842735,100669.03017356063,34.38623396842735,0.6690301735606363,33.493124684658056
2008-06-30,Dovish/Co-operative,134785.70963505632,101024.2473889378,34.785709635056314,1.0242473889378045,33.41916729766741
2008-07-01,Dovish/Co-operative,135026.41429447618,101340.02563366544,35.0264142944762,1.3400256336654426,33.24095139129315
2008-07-02,Dovish/Co-operative,133057.90184795432,99603.37019994376,33.05790184795432,-0.39662980005623627,33.587750676361594
2008-07-03,Dovish/Co-operative,133174.22196533182,99705.98980199489,33.17422196533182,-0.2940101980051124,33.5669223381676
2008-07-07,Dovish/Co-operative,132019.98809753015,98687.70489257254,32.01998809753015,-1.3122951074274636,33.77551767086062
2008-07-08,Dovish/Co-operative,134006.32188476523,100440.08261864774,34.00632188476522,0.44008261864774134,33.41916731944781
2008-07-09,Dovish/Co-operative,131814.1837058089,98506.1407293395,31.814183705808887,-1.4938592706605025,33.813164062521
2008-07-10,Dovish/Co-operative,132270.51574788446,98908.72468142581,32.27051574788447,-1.091275318574192,33.729876887921996
2008-07-11,Dovish/Co-operative,130964.13973515945,97756.21736302349,30.964139735159456,-2.24378263697651,33.97013844021437
2008-07-14,Dovish/Co-operative,129962.01025520338,96872.12155263967,29.962010255203374,-3.1278784473603327,34.1583194134784
2008-07-15,Dovish/Co-operative,128414.10221590569,95506.53053892904,28.41410221590568,-4.493469461070953,34.45583405792687
2008-07-16,Dovish/Co-operative,131071.55862144979,97850.98414638321,31.07155862144979,-2.149015853616787,33.95016898896921
2008-07-17,Dovish/Co-operative,132181.059791349,98829.80510269997,32.181059791349,-1.1701948973000253,33.746150418886
2008-07-18,Dovish/Co-operative,132878.98993488337,99445.53104249209,32.878989934883364,-0.5544689575079143,33.619870638636826
2008-07-21,Dovish/Co-operative,132941.60060911573,99500.76725286336,32.94160060911573,-0.49923274713664645,33.60861858609441
2008-07-22,Dovish/Co-operative,134221.14077880702,100629.59953039646,34.221140778807026,0.6295995303964519,33.38137228526266
2008-07-23,Dovish/Co-operative,134838.50675762366,101174.25038266878,34.838506757623655,1.1742503826687845,33.27354168439838
2008-07-24,Dovish/Co-operative,132458.4044061981,99074.48327745176,32.45840440619809,-0.9255167225482475,33.69578121871886
2008-07-25,Dovish/Co-operative,132431.5685631644,99050.80823658254,32.43156856316438,-0.9491917634174563,33.700644064258434
2008-07-28,Dovish/Co-operative,130785.1995042802,97598.35322311574,30.785199504280204,-2.4016467768842586,34.00349000284597
2008-07-29,Dovish/Co-operative,133147.39556156757,99682.32308861104,33.14739556156756,-0.31767691138896437,33.57172208276915
2008-07-30,Dovish/Co-operative,135160.61238818354,101458.41749298223,35.16061238818353,1.4584174929822336,33.21774154178232
2008-07-31,Dovish/Co-operative,133639.49299557233,100116.45988271404,33.63949299557234,0.11645988271404839,33.48403764189263
2008-08-01,Dovish/Co-operative,133040.04275016335,99587.6145976488,33.040042750163344,-0.4123854023512008,33.59095233646086
2008-08-04,Dovish/Co-operative,131993.13337595755,98664.0131967326,31.993133375957548,-1.3359868032673972,33.780422161389126
2008-08-05,Dovish/Co-operative,135008.47968252964,101324.20341148763,35.008479682529625,1.3242034114876233,33.24405732976437
2008-08-06,Dovish/Co-operative,135518.47397140317,101774.12911782702,35.518473971403175,1.7741291178270169,33.15611260550242
2008-08-07,Dovish/Co-operative,133800.5741286606,100258.56842032683,33.8005741286606,0.25856842032683236,33.45550034956746
2008-08-08,Dovish/Co-operative,135912.16702143813,102121.45187708599,35.91216702143814,2.121451877085989,33.08875316914106
2008-08-11,Dovish/Co-operative,137111.1524656811,103179.21739458466,37.11115246568111,3.179217394584666,32.886404770189074
2008-08-12,Dovish/Co-operative,135894.3173629166,102105.7046022764,35.894317362916595,2.1057046022763926,33.09179726270348
2008-08-13,Dovish/Co-operative,135196.37778011273,101489.97033499893,35.19637778011273,1.4899703349989357,33.21156497913578
2008-08-14,Dovish/Co-operative,136064.29972709203,102255.66595858059,36.06429972709204,2.2556659585805994,33.062846397387766
2008-08-15,Dovish/Co-operative,136628.01289838017,102752.98338408521,36.62801289838018,2.752983384085206,32.96744133225982
2008-08-18,Dovish/Co-operative,135035.33440410224,101347.89510732755,35.03533440410222,1.347895107327557,33.23940695670062
2008-08-19,Dovish/Co-operative,133782.6678345224,100242.7711806051,33.782667834522414,0.24277118060509473,33.45866864902334
2008-08-20,Dovish/Co-operative,134310.58729607303,100708.51078163694,34.31058729607304,0.7085107816369396,33.3656770948529
2008-08-21,Dovish/Co-operative,134507.44326035993,100882.18048875178,34.50744326035993,0.8821804887517715,33.33122124115597
2008-08-22,Dovish/Co-operative,136162.72298960073,102342.49664839535,36.162722989600724,2.3424966483953424,33.04612203999389
2008-08-25,Dovish/Co-operative,133809.47535974777,100266.42123901824,33.809475359747765,0.266421239018233,33.45392575722688
2008-08-26,Dovish/Co-operative,134140.56717481982,100558.5161153913,34.140567174819815,0.5585161153913054,33.39553163343518
2008-08-27,Dovish/Co-operative,135250.05890544958,101537.32874422272,35.25005890544959,1.5373287442227213,33.20230163445683
2008-08-28,Dovish/Co-operative,136645.88143544056,102768.74731386552,36.645881435440565,2.768747313865516,32.96443228806814
2008-08-29,Dovish/Co-operative,135393.23374439965,101663.64004211377,35.393233744399645,1.6636400421137676,33.17763724406635
2008-09-02,Dovish/Co-operative,134677.41618526593,101032.13351757063,34.67741618526594,1.0321335175706325,33.30156604269274
2008-09-03,Dovish/Co-operative,134578.96460494888,100945.27784529982,34.57896460494887,0.9452778452998079,33.31873216614769
2008-09-04,Dovish/Co-operative,131134.19761349045,97906.24533921055,31.134197613490457,-2.0937546607894486,33.93854208090279
2008-09-05,Dovish/Co-operative,131483.15796562293,98214.10414536393,31.483157965622933,-1.785895854636066,33.874008330838514
2008-09-08,Dovish/Co-operative,133782.6678345224,100242.7711806051,33.782667834522414,0.24277118060509473,33.45866864902334
2008-09-09,Dovish/Co-operative,130409.43162692236,97266.84435854922,30.409431626922355,-2.7331556414507796,34.07387942617066
2008-09-10,Dovish/Co-operative,130856.77748448579,97661.50054457592,30.856777484485786,-2.338499455424081,33.99013608720711
2008-09-11,Dovish/Co-operative,132458.4044061981,99074.48327745176,32.45840440619809,-0.9255167225482475,33.69578121871886
2008-09-12,Dovish/Co-operative,132977.38487958378,99532.33674985076,32.977384879583795,-0.4676632501492417,33.60219323875482
2008-09-15,Dovish/Co-operative,127608.81926096707,94796.09610817471,27.608819260967078,-5.20390389182529,34.61400258017879
2008-09-16,Dovish/Co-operative,129407.29270769683,96382.74022068003,29.40729270769684,-3.61725977931997,34.263969266077154
2008-09-17,Dovish/Co-operative,124495.04969188625,92049.07520360494,24.49504969188625,-7.950924796395064,35.24856107083476
2008-09-18,Dovish/Co-operative,127590.93184536776,94780.31552342369,27.590931845367763,-5.2196844765763135,34.61754283128058
2008-09-19,Dovish/Co-operative,131857.52883110283,98544.38054209766,31.857528831102822,-1.4556194579023463,33.805223703013645
2008-09-22,Dovish/Co-operative,129328.64471467653,96313.35561268766,29.328644714676532,-3.6866443873123322,34.27903523033273
2008-09-23,Dovish/Co-operative,126844.83310985271,94122.09442585612,26.844833109852708,-5.877905574143883,34.76626703177929
2008-09-24,Dovish/Co-operative,127186.80840259549,94423.79089284551,27.186808402595485,-5.576209107154484,34.69784171971053
2008-09-25,Dovish/Co-operative,128860.71181045235,95900.53718109791,28.860711810452354,-4.099462818902088,34.369124092717726
2008-09-26,Dovish/Co-operative,128914.70443168089,95948.17039733847,28.914704431680892,-4.0518296026615275,34.35868959024661
2008-09-29,Dovish/Co-operative,120392.25234883979,88429.5170383265,20.39225234883979,-11.57048296167349,36.144871510109255
2008-09-30,Dovish/Co-operative,124541.00949481662,92089.62172980692,24.541009494816613,-7.910378270193075,35.23891960401664
2008-10-01,Dovish/Co-operative,124498.81739528853,92145.19103959245,24.49881739528852,-7.8548089604075555,35.11157336663891
2008-10-02,Dovish/Co-operative,120656.85381655129,88802.66332967674,20.65685381655129,-11.197336670323265,35.870760281836354
2008-10-03,Dovish/Co-operative,119278.84485115277,87603.78857280809,19.278844851152765,-12.396211427191917,36.15717629839643
2008-10-06,Dovish/Co-operative,114150.20610491258,83141.84697129775,14.150206104912577,-16.85815302870225,37.29573044524683
2008-10-07,Dovish/Co-operative,109870.25762530496,79418.27018642826,9.870257625304957,-20.581729813571748,38.34380598745479
2008-10-08,Dovish/Co-operative,107570.59281568449,77417.5501920443,7.570592815684485,-22.582449807955697,38.94858794787699
2008-10-09,Dovish/Co-operative,101355.91270383705,72010.747119502,1.3559127038370589,-27.989252880497993,40.751091688629025
2008-10-10,Dovish/Co-operative,99348.28249637478,70264.09870335224,-0.6517175036252154,-29.73590129664776,41.3926661406602
2008-10-13,Dovish/Co-operative,111074.85489331573,80466.27589108882,11.074854893315722,-19.533724108911176,38.039015305810395
2008-10-14,Dovish/Co-operative,109705.98696512013,79275.35388273586,9.705986965120129,-20.724646117264143,38.385994627532384
2008-10-15,Dovish/Co-operative,100735.34635307589,71470.85126136839,0.735346353075883,-28.529148738631616,40.946056434514055
2008-10-16,Dovish/Co-operative,104157.52095944823,74448.16044599348,4.157520959448235,-25.551839554006527,39.90610424149654
2008-10-17,Dovish/Co-operative,103646.48433508813,74003.55600279705,3.646484335088118,-25.996443997202956,40.05608640099767
2008-10-20,Dovish/Co-operative,108756.93672458953,78449.67538212957,8.756936724589526,-21.55032461787043,38.63274283141749
2008-10-21,Dovish/Co-operative,106064.8486236127,76107.54514308994,6.0648486236127175,-23.89245485691006,39.36180496191275
2008-10-22,Dovish/Co-operative,101301.14305475316,71963.09724829072,1.3011430547531733,-28.03690275170928,40.76818109320508
2008-10-23,Dovish/Co-operative,102259.3534760201,72796.74515238342,2.2593534760201095,-27.203254847616588,40.47242532885698
2008-10-24,Dovish/Co-operative,98015.90214285723,69104.92106917918,-1.9840978571427748,-30.89507893082082,41.836356407579146
2008-10-27,Dovish/Co-operative,95196.05967167372,66651.64388308312,-4.803940328326284,-33.348356116916875,42.826274230627746
2008-10-28,Dovish/Co-operative,104148.39906577872,74440.2243524485,4.1483990657787295,-25.559775647551508,39.908765686508914
2008-10-29,Dovish/Co-operative,103527.85185855096,73900.34514928558,3.5278518585509566,-26.099654850714415,40.09116148160749
2008-10-30,Dovish/Co-operative,106466.35552157175,76456.85817134917,6.466355521571754,-23.543141828650825,39.25023610435001
2008-10-31,Dovish/Co-operative,106950.0073213899,76877.63767893997,6.950007321389906,-23.12236232106003,39.117187455784716
2008-11-03,Dovish/Co-operative,107205.54477710337,77099.9565555089,7.2055447771033565,-22.900043444491093,39.047477542895415
2008-11-04,Dovish/Co-operative,110216.99487418012,79719.93334347622,10.21699487418013,-20.280066656523775,38.255252170503205
2008-11-05,Dovish/Co-operative,106365.93811707349,76369.4945224716,6.3659381170734886,-23.630505477528395,39.2780439129075
2008-11-06,Dovish/Co-operative,101501.93957668285,72137.79123610446,1.5019395766828536,-27.862208763895545,40.70563824787838
2008-11-07,Dovish/Co-operative,104239.65628954065,74519.61859783967,4.239656289540661,-25.480381402160333,39.882165597345896
2008-11-10,Dovish/Co-operative,103117.23263868912,73543.10435496674,3.117232638689127,-26.456895645033264,40.213325971362934
2008-11-11,Dovish/Co-operative,100507.23200897119,71272.39063034652,0.5072320089711813,-28.727609369653486,41.01846608492601
2008-11-12,Dovish/Co-operative,96902.6003856752,68136.3429198512,-3.0973996143247917,-31.863657080148798,42.21866955739284
2008-11-13,Dovish/Co-operative,101784.83314163816,72383.91006582294,1.7848331416381535,-27.616089934177058,40.61803659000907
2008-11-14,Dovish/Co-operative,97632.65817577062,68771.4968829806,-2.3673418242293853,-31.2285031170194,41.96674872716417
2008-11-17,Dovish/Co-operative,96583.16181544165,67858.42975104068,-3.416838184558346,-32.141570248959326,42.330381309715534
2008-11-18,Dovish/Co-operative,98052.41364695203,69136.68626207247,-1.9475863530479698,-30.863313737927534,41.82399959880978
2008-11-19,Dovish/Co-operative,92960.24333185647,64706.47237977131,-7.039756668143527,-35.293527620228694,43.66452058498853
2008-11-20,Dovish/Co-operative,87439.18129425994,59903.12053360528,-12.560818705740061,-40.09687946639472,45.96765663519498
2008-11-21,Dovish/Co-operative,91153.35700160703,63134.472150265814,-8.846642998392973,-36.86552784973418,44.379692895275525
2008-11-24,Dovish/Co-operative,96181.61184453242,67509.07924909733,-3.818388155467578,-32.490920750902674,42.47211325403833
2008-11-25,Dovish/Co-operative,96756.55436929599,68009.28214827804,-3.2434456307040116,-31.99071785172196,42.2696304283015
2008-11-26,Dovish/Co-operative,99777.17421887576,70637.23666721712,-0.22282578112423623,-29.362763332782883,41.252940979191145
2008-11-28,Dovish/Co-operative,100799.3048981962,71526.49551852212,0.7993048981961959,-28.473504481477885,40.92582639127589
2008-12-01,Dovish/Co-operative,93516.9037822142,65190.76978192065,-6.4830962177858,-34.80923021807934,43.45114207893466
2008-12-02,Dovish/Co-operative,96400.64258203444,67699.63709651564,-3.599357417965554,-32.300362903484356,42.39462235905545
2008-12-03,Dovish/Co-operative,98271.40609738723,69327.21079954936,-1.728593902612774,-30.672789200450644,41.75012230266448
2008-12-04,Dovish/Co-operative,96428.01783480968,67723.45370463593,-3.571982165190324,-32.27654629536407,42.38496792464797
2008-12-05,Dovish/Co-operative,98828.1096206951,69811.5456753828,-1.1718903793048963,-30.188454324617197,41.56413336017029
2008-12-08,Dovish/Co-operative,101629.68437512283,72248.92985567552,1.6296843751228307,-27.751070144324473,40.66600651129131
2008-12-09,Dovish/Co-operative,100260.85473399404,71058.04115726399,0.2608547339940426,-28.941958842736014,41.09712722322176
2008-12-10,Dovish/Co-operative,100817.4721114016,71542.30108572922,0.8174721114015959,-28.45769891427078,40.920085853251905
2008-12-11,Dovish/Co-operative,98837.21237083121,69819.46511395706,-1.1627876291687822,-30.18053488604293,41.56111366581272
2008-12-12,Dovish/Co-operative,99795.46586504832,70653.15049173386,-0.20453413495168382,-29.34684950826614,41.24701470562731
2008-12-15,Dovish/Co-operative,98663.82460286023,69668.61688046237,-1.3361753971397716,-30.331383119537627,41.618750336536635
2008-12-16,Dovish/Co-operative,102432.73645810774,72947.58922213543,2.4327364581077315,-27.052410777864566,40.41963216383475
2008-12-17,Dovish/Co-operative,101620.55290968661,72240.98543464519,1.6205529096866123,-27.75901456535481,40.668835423930446
2008-12-18,Dovish/Co-operative,100069.18967750057,70891.2915904806,0.06918967750058069,-29.1087084095194,41.15864929584387
2008-12-19,Dovish/Co-operative,99718.6907243105,70586.35573168744,-0.2813092756895008,-29.413644268312567,41.271906858828025
2008-12-22,Dovish/Co-operative,98679.09635663746,69681.90338334905,-1.3209036433625476,-30.318096616650948,41.61366375680471
2008-12-23,Dovish/Co-operative,97851.07632020353,68961.52177133609,-2.148923679796466,-31.038478228663912,41.89228109649314
2008-12-24,Dovish/Co-operative,98311.13850097814,69361.77819126518,-1.6888614990218653,-30.638221808734812,41.73676203900809
2008-12-26,Dovish/Co-operative,98771.1049640857,69761.95133634073,-1.2288950359143014,-30.238048663659267,41.583059349765314
2008-12-29,Dovish/Co-operative,98541.08105252343,69561.8293719902,-1.458918947476573,-30.438170628009797,41.6597032340297
2008-12-30,Dovish/Co-operative,100436.27650238977,71210.65898139699,0.43627650238977633,-28.78934101860301,41.04107157416932
2008-12-31,Dovish/Co-operative,101604.64463342352,72227.14515398229,1.6046446334235132,-27.772854846017715,40.67376526763012
2009-01-02,Dovish/Co-operative,104019.99490835276,74404.2079782806,4.019994908352764,-25.595792021719397,39.80391396507754
2009-01-05,Dovish/Co-operative,103915.2788047119,74316.16147560376,3.915278804711897,-25.68383852439624,39.82864122876533
2009-01-06,Dovish/Co-operative,104505.45452587483,74812.38800052664,4.50545452587483,-25.187611999473358,39.69003973665319
2009-01-07,Dovish/Co-operative,101840.09146302426,72571.32012377642,1.8400914630242626,-27.428679876223583,40.331044397879936
2009-01-08,Dovish/Co-operative,102192.28144178803,72867.44550306215,2.1922814417880243,-27.132554496937857,40.24408394760257
2009-01-09,Dovish/Co-operative,100336.01444010585,71306.67488756022,0.33601444010584736,-28.693325112439783,40.71055002679691
2009-01-12,Dovish/Co-operative,98298.88857446965,69593.83606195883,-1.701111425530355,-30.406163938041164,41.24654443096789
2009-01-13,Dovish/Co-operative,98451.2483758845,69721.94193294426,-1.5487516241154964,-30.278058067055735,41.20554540860455
2009-01-14,Dovish/Co-operative,95842.97257505853,67528.8736817903,-4.157027424941462,-32.4711263182097,41.928877751893204
2009-01-15,Dovish/Co-operative,95871.5063019657,67552.86516710308,-4.128493698034308,-32.44713483289692,41.92071063871505
2009-01-16,Dovish/Co-operative,96499.75835533776,68081.10670947994,-3.5002416446622386,-31.918893290520067,41.74234676755142
2009-01-20,Dovish/Co-operative,92225.66159055875,64487.39705874884,-7.774338409441251,-35.51260294125116,43.01346588162025
2009-01-21,Dovish/Co-operative,95538.33220506995,67272.72855970229,-4.4616677949300465,-32.72727144029771,42.01643704741795
2009-01-22,Dovish/Co-operative,94300.83407608868,66232.22591934814,-5.69916592391132,-33.76777408065186,42.37908022436094
2009-01-23,Dovish/Co-operative,94643.53097007614,66520.36940391944,-5.35646902992386,-33.47963059608057,42.27751862800038
2009-01-26,Dovish/Co-operative,95186.13727425362,66976.59901667388,-4.813862725746376,-33.02340098332613,42.1184991052725
2009-01-27,Dovish/Co-operative,95995.24819157971,67656.9087691502,-4.004751808420293,-32.343091230849794,41.885359437750516
2009-01-28,Dovish/Co-operative,98717.78270134854,69946.04705512221,-1.2822172986514668,-30.053952944877793,41.13418392829584
2009-01-29,Dovish/Co-operative,96014.30368986828,67672.93085097657,-3.9856963101317255,-32.32706914902344,41.87992522638426
2009-01-30,Dovish/Co-operative,94376.98674050697,66296.25595425614,-5.623013259493037,-33.70374404574387,42.356435340219356
2009-02-02,Dovish/Co-operative,94139.02575837066,66096.17562733238,-5.860974241629346,-33.903824372667614,42.42734146851588
2009-02-03,Dovish/Co-operative,95243.25424859363,67024.62362472621,-4.756745751406378,-32.97537637527379,42.10188599023661
2009-02-04,Dovish/Co-operative,94852.9087047796,66696.41660810364,-5.147091295220396,-33.30358339189636,42.21589933701917
2009-02-05,Dovish/Co-operative,96033.3641402094,67688.95709654562,-3.9666358597905904,-32.31104290345438,41.87449217637642
2009-02-06,Dovish/Co-operative,98327.52629448078,69617.91498586784,-1.6724737055192285,-30.382085014132155,41.23882669344647
2009-02-09,Dovish/Co-operative,98441.70081852995,69713.91423706037,-1.5582991814700464,-30.286085762939628,41.20811016833954
2009-02-10,Dovish/Co-operative,94643.53097007614,66520.36940391944,-5.35646902992386,-33.47963059608057,42.27751862800038
2009-02-11,Dovish/Co-operative,95109.97965778275,66912.56481802322,-4.89002034221725,-33.08743518197678,42.14068750233353
2009-02-12,Dovish/Co-operative,95167.11644033303,66960.60608104627,-4.832883559666968,-33.03939391895373,42.12403681822534
2009-02-13,Dovish/Co-operative,94310.34201702269,66240.22030529061,-5.689657982977314,-33.759779694709394,42.37625053534146
2009-02-17,Dovish/Co-operative,90940.5544281715,63406.864196284834,-9.059445571828507,-36.59313580371517,43.42383207384657
2009-02-18,Dovish/Co-operative,90759.68070805976,63254.78349495734,-9.240319291940235,-36.74521650504266,43.482714971738254
2009-02-19,Dovish/Co-operative,89950.55493457596,62574.46125125298,-10.049445065424035,-37.42553874874702,43.74962746127488
2009-02-20,Dovish/Co-operative,89227.0501500239,61966.13011845765,-10.772949849976099,-38.03386988154235,43.993258864887764
2009-02-23,Dovish/Co-operative,86590.22576613308,59749.05789076289,-13.409774233866923,-40.25094210923711,44.923165022020875
2009-02-24,Dovish/Co-operative,89284.17702846906,62014.16305399534,-10.715822971530942,-37.98583694600466,43.97384828160931
2009-02-25,Dovish/Co-operative,88703.52905645041,61525.94756998565,-11.296470943549586,-38.474052430014346,44.1725524918577
2009-02-26,Dovish/Co-operative,87513.6003444546,60525.44184179993,-12.48639965554541,-39.47455815820007,44.589775276974784
2009-02-27,Dovish/Co-operative,85904.85178636844,59172.787576591014,-14.095148213631559,-40.82721242340899,45.176280017527404
2009-03-02,Dovish/Co-operative,82734.96370360212,56507.50926828302,-17.265036296397884,-43.492490731716984,46.41410455873738
2009-03-03,Dovish/Co-operative,82230.42382752865,56083.28634549721,-17.769576172471357,-43.91671365450279,46.62197810761981
2009-03-04,Dovish/Co-operative,83810.6485628128,57411.95745287872,-16.189351437187206,-42.58804254712128,45.981172356997234
2009-03-05,Dovish/Co-operative,81021.49408982252,55066.80433665459,-18.97850591017748,-44.933195663345415,47.133096001889264
2009-03-06,Dovish/Co-operative,81135.70823029225,55162.83689778853,-18.86429176970775,-44.83716310221146,47.08400218906248
2009-03-09,Dovish/Co-operative,80364.66374107018,54514.53383528085,-19.635336258929815,-45.485466164719156,47.41878557358146
2009-03-10,Dovish/Co-operative,84229.45355274541,57764.093498673894,-15.770546447254585,-42.235906501326106,45.81628214191416
2009-03-11,Dovish/Co-operative,84676.86655037374,58140.28348592202,-15.323133449626258,-41.85971651407798,45.64233518207259
2009-03-12,Dovish/Co-operative,87399.41096424771,60429.43009937938,-12.600589035752286,-39.570569900620626,44.63053982226008
2009-03-13,Dovish/Co-operative,87961.01334208292,60901.631829048056,-12.038986657917071,-39.09836817095195,44.43129141266859
2009-03-16,Dovish/Co-operative,87742.07319386718,60717.54443775193,-12.257926806132824,-39.28245556224807,44.508599625304335
2009-03-17,Dovish/Co-operative,89950.55493457596,62574.46125125298,-10.049445065424035,-37.42553874874702,43.74962746127488
2009-03-18,Dovish/Co-operative,91616.40561084442,63975.127633286196,-8.38359438915558,-36.0248723667138,43.20628813122758
2009-03-19,Dovish/Co-operative,90674.01019860232,63182.750746621525,-9.325989801397682,-36.81724925337847,43.51070367643148
2009-03-20,Dovish/Co-operative,89073.84849967218,61837.316411216896,-10.92615150032782,-38.16268358878311,44.0454626254039
2009-03-23,Dovish/Co-operative,94356.49514697316,66279.02638705303,-5.643504853026837,-33.72097361294697,42.362524452237274
2009-03-24,Dovish/Co-operative,92803.3581392458,64973.130952122214,-7.196641860754205,-35.02686904787778,42.83344019180988
2009-03-25,Dovish/Co-operative,93618.3025744991,65658.34559347366,-6.3816974255008985,-34.341654406526345,42.584010803654216
2009-03-26,Dovish/Co-operative,95209.7981814321,66996.49337919113,-4.790201818567907,-33.003506620808864,42.1116141744277
2009-03-27,Dovish/Co-operative,93771.70230695361,65787.32585042155,-6.228297693046391,-34.21267414957845,42.53764094342307
2009-03-30,Dovish/Co-operative,91068.06482979112,63514.076406510205,-8.93193517020887,-36.4859235934898,43.38249090945867
2009-03-31,Dovish/Co-operative,91767.94337153269,64102.54232298702,-8.23205662846731,-35.89745767701298,43.158040299167546
2009-04-01,Dovish/Co-operative,93165.88161433335,65343.9372200872,-6.834118385666644,-34.6560627799128,42.57769821940494
2009-04-02,Dovish/Co-operative,95483.19716660245,67254.44556560156,-4.5168028333975485,-32.745554434398436,41.973064179773665
2009-04-03,Dovish/Co-operative,96294.75052251595,67923.529867817,-3.7052494774840405,-32.07647013218301,41.76935549420202
2009-04-06,Dovish/Co-operative,95649.43396760341,67391.49931960282,-4.350566032396586,-32.60850068039718,41.9310075206784
2009-04-07,Dovish/Co-operative,93742.75603997243,65819.5407275241,-6.257243960027569,-34.18045927247589,42.423898744664946
2009-04-08,Dovish/Co-operative,94603.21178208392,66528.9425500942,-5.396788217916082,-33.47105744990579,42.198580280831436
2009-04-09,Dovish/Co-operative,97810.34571958697,69173.06071811072,-2.1896542804130337,-30.826939281889278,41.39947647853395
2009-04-13,Dovish/Co-operative,97829.8299089861,69189.12443736386,-2.170170091013901,-30.81087556263614,41.39480836695706
2009-04-14,Dovish/Co-operative,96382.74754586755,67996.07892024494,-3.617252454132458,-32.00392107975506,41.74750820399271
2009-04-15,Dovish/Co-operative,97262.71272904922,68721.56528078158,-2.7372872709507834,-31.278434719218417,41.53157357760207
2009-04-16,Dovish/Co-operative,98484.96431361142,69729.24930134481,-1.5150356863885772,-30.270750698655192,41.23910023467299
2009-04-17,Dovish/Co-operative,99052.02593987192,70196.76265675764,-0.9479740601280762,-29.803237343242362,41.10625930743899
2009-04-20,Dovish/Co-operative,95483.19716660245,67254.44556560156,-4.5168028333975485,-32.745554434398436,41.973064179773665
2009-04-21,Dovish/Co-operative,97076.93618497277,68568.4020063577,-2.923063815027227,-31.431597993642292,41.57678076845328
2009-04-22,Dovish/Co-operative,96568.50893894136,68149.22970344077,-3.4314910610586336,-31.850770296559226,41.70154139550859
2009-04-23,Dovish/Co-operative,97380.04714385222,68818.30151442817,-2.619952856147778,-31.18169848557183,41.503124896850174
2009-04-24,Dovish/Co-operative,98641.42366757331,69858.24204952073,-1.3585763324266864,-30.141757950479263,41.2022701596884
2009-04-27,Dovish/Co-operative,97839.55685268302,69197.1438057624,-2.1604431473169816,-30.80285619423759,41.39247875218719
2009-04-28,Dovish/Co-operative,97575.59103429932,68979.51746719201,-2.424408965700686,-31.020482532807993,41.45589099069611
2009-04-29,Dovish/Co-operative,99355.16720075667,70446.68714728416,-0.6448327992433334,-29.55331285271584,41.03596808325851
2009-04-30,Dovish/Co-operative,99384.49954187387,70470.87016476014,-0.6155004581261281,-29.529129835239853,41.02919306873034
2009-05-01,Dovish/Co-operative,99844.04965337837,70849.7457660358,-0.155950346621625,-29.15025423396419,40.92365268760352
2009-05-04,Dovish/Co-operative,102767.58712340638,73260.05312769109,2.76758712340639,-26.739946872308906,40.27779497277204
2009-05-05,Dovish/Co-operative,102464.45596319006,73010.13696464992,2.464455963190071,-26.98986303535008,40.34278008929273
2009-05-06,Dovish/Co-operative,103999.5353496602,74275.73153419679,3.9995353496601993,-25.724268465803213,40.01819060075964
2009-05-07,Dovish/Co-operative,102748.00192732297,73243.90613358436,2.748001927322963,-26.756093866415643,40.28198023727487
2009-05-08,Dovish/Co-operative,104820.88130361542,74952.88933346559,4.820881303615421,-25.04711066653441,39.849020145530424
2009-05-11,Dovish/Co-operative,103119.55501547588,73550.2326824321,3.119555015475872,-26.449767317567897,40.202894341225615
2009-05-12,Dovish/Co-operative,102855.54374408427,73332.5688701776,2.8555437440842546,-26.667431129822404,40.25902178085688
2009-05-13,Dovish/Co-operative,100616.50837213827,71486.59853617797,0.6165083721382691,-28.51340146382203,40.74877030443436
2009-05-14,Dovish/Co-operative,101359.58424643881,72099.22665141738,1.3595842464388053,-27.900773348582618,40.58345554313405
2009-05-15,Dovish/Co-operative,100645.79020991332,71510.73991622718,0.6457902099133106,-28.489260083772827,40.74220225915302
2009-05-18,Dovish/Co-operative,103109.74726643153,73542.14669415071,3.1097472664315173,-26.457853305849287,40.20497347629441
2009-05-19,Dovish/Co-operative,103002.25595301238,73453.52559498427,3.0022559530123782,-26.54647440501573,40.227790454820365
2009-05-20,Dovish/Co-operative,102405.75087828196,72961.73761975653,2.4057508782819648,-27.038262380243474,40.35541671440759
2009-05-21,Dovish/Co-operative,101134.69286387188,71913.81518994953,1.134692863871889,-28.086184810050476,40.6331907113255
2009-05-22,Happiness Zone,100948.9112694612,71760.64775178299,0.9489112694611945,-28.23935224821701,40.674470524066564
2009-05-26,Happiness Zone,103178.20959704184,73598.5903898987,3.178209597041848,-26.4014096101013,40.190469750087644
2009-05-27,Happiness Zone,101584.49583034261,72284.65476785594,1.5844958303426138,-27.715345232144063,40.53397108498875
2009-05-28,Happiness Zone,102806.65650888893,73292.26384105097,2.8066565088889384,-26.707736158949036,40.26945153699424
2009-05-29,Happiness Zone,104380.90628752591,74590.15239881127,4.380906287525921,-25.40984760118873,39.93925864292698
2009-06-01,Happiness Zone,106571.09482695028,76395.8510136257,6.571094826950286,-23.604148986374305,39.4985374375143
2009-06-02,Happiness Zone,106649.29420192595,76460.32240525758,6.649294201925948,-23.539677594742415,39.483186634578594
2009-06-03,Happiness Zone,105475.98035590124,75492.98505124777,5.475980355901244,-24.507014948752225,39.71626672902093
2009-06-04,Happiness Zone,106336.44619868115,76202.39520130322,6.336446198681145,-23.79760479869677,39.544755670439315
2009-06-05,Happiness Zone,106355.96069008556,76218.48390301246,6.355960690085549,-23.78151609698754,39.54090299857296
2009-06-08,Happiness Zone,105974.66045689887,75904.12133079546,5.974660456898873,-24.09587866920454,39.61647747037858
2009-06-09,Happiness Zone,106443.94761276872,76291.02462795502,6.443947612768719,-23.708975372044982,39.52355225514286
2009-06-10,Happiness Zone,106209.309085168,76097.57714311792,6.209309085168013,-23.90242285688209,39.56989574769045
2009-06-11,Happiness Zone,106619.98206214562,76436.15604275232,6.619982062145624,-23.563843957247677,39.48893767304422
2009-06-12,Happiness Zone,106874.14518181917,76645.70055678401,6.874145181819169,-23.354299443215986,39.439191507735
2009-06-15,Happiness Zone,104742.61122396076,74888.35964943618,4.742611223960758,-25.111640350563814,39.86500934761674
2009-06-16,Happiness Zone,103510.67309837537,73872.68957041585,3.510673098375361,-26.12731042958415,40.120352596216804
2009-06-17,Happiness Zone,103422.65587368692,73800.1238630172,3.4226558736869084,-26.1998761369828,40.13886489628806
2009-06-18,Happiness Zone,104077.79532864645,74340.25289074081,4.07779532864645,-25.65974710925919,40.001938763393
2009-06-19,Happiness Zone,104410.12752129039,74614.24381394833,4.4101275212903746,-25.38575618605168,39.93323819194432
2009-06-22,Happiness Zone,101696.23952517027,72376.78173835757,1.6962395251702622,-27.623218261642425,40.50947981191355
2009-06-23,Happiness Zone,101765.06547984402,72433.52522357841,1.7650654798440302,-27.56647477642159,40.494425979860594
2009-06-24,Happiness Zone,102522.18128326058,73057.72854346369,2.5221812832605828,-26.942271456536314,40.3303706907173
2009-06-25,Happiness Zone,104449.46962482051,74646.67936941284,4.449469624820512,-25.353320630587163,39.92513867618823
2009-06-26,Happiness Zone,104213.47760765033,74452.11600153793,4.21347760765034,-25.547883998462073,39.97382909237614
2009-06-29,Happiness Zone,105059.10556850836,75149.29307560434,5.059105568508349,-24.85070692439566,39.80052408851418
2009-06-30,Happiness Zone,104321.59516251207,74541.25340479649,4.321595162512071,-25.458746595203507,39.951490480034394
2009-07-01,Happiness Zone,104649.90612754448,74849.35370802521,4.649906127544479,-25.150646291974788,39.81404106141815
2009-07-02,Happiness Zone,104649.90612754448,72806.4300178533,4.649906127544479,-27.193569982146705,43.7371755515037
2009-07-06,Happiness Zone,104649.90612754448,72798.3440295719,4.649906127544479,-27.201655970428096,43.75314098495695
2009-07-07,Happiness Zone,104649.90612754448,71387.7429575081,4.649906127544479,-28.612257042491894,46.593661309386
2009-07-08,Happiness Zone,104649.90612754448,71339.11877051009,4.649906127544479,-28.66088122948991,46.693578405687134
2009-07-09,Happiness Zone,104649.90612754448,71476.90534322272,4.649906127544479,-28.523094656777282,46.41079608165653
2009-07-10,Happiness Zone,104649.90612754448,71306.69154253093,4.649906127544479,-28.69330845746907,46.76028835964991
2009-07-13,Happiness Zone,104649.90612754448,73041.55656690091,4.649906127544479,-26.958443433099088,43.27447421207755
2009-07-14,Happiness Zone,104649.90612754448,73454.96624995097,4.649906127544479,-26.54503375004903,42.468115459265256
2009-07-15,Happiness Zone,104649.90612754448,75603.26593982709,4.649906127544479,-24.39673406017291,38.419821983399125
2009-07-16,Happiness Zone,104649.90612754448,75481.67632613331,4.649906127544479,-24.518323673866693,38.64279547182306
2009-07-17,Happiness Zone,104649.90612754448,76308.54565714562,4.649906127544479,-23.691454342854378,37.14048043548968
2009-07-20,Happiness Zone,104649.90612754448,77119.20137416833,4.649906127544479,-22.880798625831666,35.69889763225398
2009-07-21,Happiness Zone,104649.90612754448,77475.9175369097,4.649906127544479,-22.524082463090288,35.074110064832766
2009-07-22,Happiness Zone,104649.90612754448,77459.67894046407,4.649906127544479,-22.540321059535927,35.102426912947784
2009-07-23,Happiness Zone,104649.90612754448,79170.21105262164,4.649906127544479,-20.829788947378358,32.18343709856653
2009-07-24,Happiness Zone,104649.90612754448,79494.46667744244,4.649906127544479,-20.505533322557557,31.644264690991662
2009-07-27,Happiness Zone,104649.90612754448,79729.58489900468,4.649906127544479,-20.270415100995322,31.256052894426766
2009-07-28,Happiness Zone,104649.90612754448,79356.68843221515,4.649906127544479,-20.64331156778485,31.872824074475183
2009-07-29,Happiness Zone,104649.90612754448,79162.1333918256,4.649906127544479,-20.837866608174405,32.19692502419444
2009-07-30,Happiness Zone,104649.90612754448,79989.00272283789,4.649906127544479,-20.01099727716211,30.830367382072122
2009-07-31,Happiness Zone,104649.90612754448,80102.49802076492,4.649906127544479,-19.897501979235077,30.644996989252625
2009-08-03,Happiness Zone,104649.90612754448,81423.8784147166,4.649906127544479,-18.5761215852834,28.52483591426418
2009-08-04,Happiness Zone,104649.90612754448,81634.68870652252,4.649906127544479,-18.365311293477482,28.192938303178792
2009-08-05,Happiness Zone,104649.90612754448,81399.56215747492,4.649906127544479,-18.600437842525075,28.56322976908603
2009-08-06,Happiness Zone,104649.90612754448,80978.00819374595,4.649906127544479,-19.021991806254057,29.23250208521029
2009-08-07,Happiness Zone,104649.90612754448,82040.00407380585,4.649906127544479,-17.95999592619415,27.55960620552631
2009-08-10,Happiness Zone,104649.90612754448,81869.7403082019,4.649906127544479,-18.130259691798102,27.824890775988464
2009-08-11,Happiness Zone,104649.90612754448,80848.27429937327,4.649906127544479,-19.15172570062673,29.43987615621342
2009-08-12,Happiness Zone,104649.90612754448,81715.72346652897,4.649906127544479,-18.284276533471022,28.065813637946224
2009-08-13,Happiness Zone,104649.90612754448,82339.91845892889,4.649906127544479,-17.660081541071104,27.09498392294838
2009-08-14,Happiness Zone,104649.90612754448,81707.6124957915,4.649906127544479,-18.292387504208495,28.078526505635782
2009-08-17,Happiness Zone,104649.90612754448,79697.15767102553,4.649906127544479,-20.302842328974467,31.309458437048754
2009-08-18,Happiness Zone,104649.90612754448,80329.47196164828,4.649906127544479,-19.67052803835172,30.275854642126276
2009-08-19,Happiness Zone,104649.90612754448,81034.77666142286,4.649906127544479,-18.965223338577143,29.141968965731422
2009-08-20,Happiness Zone,104649.90612754448,81869.7403082019,4.649906127544479,-18.130259691798102,27.824890775988464
2009-08-21,Happiness Zone,104649.90612754448,83474.8714381992,4.649906127544479,-16.525128561800795,25.366956935084662
2009-08-24,Happiness Zone,104649.90612754448,83466.79377740316,4.649906127544479,-16.533206222596842,25.379089565407753
2009-08-25,Happiness Zone,104649.90612754448,83628.92158981356,4.649906127544479,-16.371078410186445,25.13602248853033
2009-08-26,Happiness Zone,104649.90612754448,83636.9992506096,4.649906127544479,-16.363000749390398,25.123936852363492
2009-08-27,Happiness Zone,104649.90612754448,83823.48495768847,4.649906127544479,-16.17651504231152,24.845568256161798
2009-08-28,Happiness Zone,104649.90612754448,83807.26301621355,4.649906127544479,-16.19273698378645,24.86973367367775
2009-08-31,Happiness Zone,104649.90612754448,83061.42011772234,4.649906127544479,-16.93857988227766,25.990990738209074
2009-09-01,Happiness Zone,104649.90612754448,81229.30671935635,4.649906127544479,-18.77069328064366,28.832696417199855
2009-09-02,Happiness Zone,104649.90612754448,80921.25638103976,4.649906127544479,-19.078743618960246,29.323135610712626
2009-09-03,Happiness Zone,104649.90612754448,81594.12552534984,4.649906127544479,-18.40587447465016,28.256667319795746
2009-09-04,Happiness Zone,104649.90612754448,82737.15616541618,4.649906127544479,-17.26284383458382,26.484775375066306
2009-09-08,Happiness Zone,104649.90612754448,83450.57183592823,4.649906127544479,-16.549428164071767,25.403461983815
2009-09-09,Happiness Zone,104649.90612754448,84090.98876980308,4.649906127544479,-15.909011230196924,24.448419097581198
2009-09-10,Happiness Zone,104649.90612754448,84950.3103112506,4.649906127544479,-15.04968968874939,23.18955133196836
2009-09-11,Happiness Zone,104649.90612754448,84934.08836977567,4.649906127544479,-15.065911630224338,23.21307985544332
2009-09-14,Happiness Zone,104649.90612754448,85347.51470779646,4.649906127544479,-14.652485292203533,22.616231399160757
2009-09-15,Happiness Zone,104649.90612754448,85704.26418047927,4.649906127544479,-14.295735819520738,22.105833505750393
2009-09-16,Happiness Zone,104649.90612754448,87001.28667976247,4.649906127544479,-12.998713320237531,20.285469469829454
2009-09-17,Happiness Zone,104649.90612754448,86871.60275030194,4.649906127544479,-13.128397249698054,20.46503438913558
2009-09-18,Happiness Zone,104649.90612754448,86927.02216535105,4.649906127544479,-13.072977834648947,20.388233164689893
2009-09-21,Happiness Zone,104649.90612754448,86707.0766221088,4.649906127544479,-13.292923377891197,20.693616028176166
2009-09-22,Happiness Zone,104649.90612754448,87212.08031659768,4.649906127544479,-12.787919683402315,19.994736678272005
2009-09-23,Happiness Zone,104649.90612754448,86487.12275138119,4.649906127544479,-13.512877248618816,21.00056378147144
2009-09-24,Happiness Zone,104649.90612754448,85534.1586370971,4.649906127544479,-14.465841362902898,22.348670747497913
2009-09-25,Happiness Zone,104649.90612754448,85078.0206266816,4.649906127544479,-14.921979373318406,23.00463193278017
2009-09-28,Happiness Zone,104649.90612754448,86601.16766334177,4.649906127544479,-13.398832336658229,20.841218370595648
2009-09-29,Happiness Zone,104649.90612754448,86340.53402664646,4.649906127544479,-13.659465973353536,21.205998210814148
2009-09-30,Happiness Zone,104649.90612754448,86006.5685538997,4.649906127544479,-13.99343144610029,21.67664387396311
2009-10-01,Happiness Zone,104649.90612754448,83872.48388152754,4.649906127544479,-16.12751611847245,24.772632554158868
2009-10-02,Happiness Zone,104649.90612754448,83481.52509899923,4.649906127544479,-16.51847490100077,25.356964913424918
2009-10-05,Happiness Zone,104649.90612754448,84727.74161012097,4.649906127544479,-15.272258389879035,23.513154179296293
2009-10-06,Happiness Zone,104649.90612754448,85941.43929092462,4.649906127544479,-14.058560709075374,21.76885445598473
2009-10-07,Happiness Zone,104649.90612754448,86177.62343061253,4.649906127544479,-13.822376569387473,21.43512661590772
2009-10-08,Happiness Zone,104649.90612754448,86837.39344045645,4.649906127544479,-13.162606559543555,20.51249119919969
2009-10-09,Happiness Zone,104649.90612754448,87366.86328692343,4.649906127544479,-12.633136713076576,19.782148735111882
2009-10-12,Happiness Zone,104649.90612754448,87708.93973040767,4.649906127544479,-12.291060269592325,19.31498254249626
2009-10-13,Happiness Zone,104649.90612754448,87529.7489005013,4.649906127544479,-12.470251099498697,19.559244076553185
2009-10-14,Happiness Zone,104649.90612754448,89036.59072083297,4.649906127544479,-10.963409279167024,17.535841478550985
2009-10-15,Happiness Zone,104649.90612754448,89362.42856787155,4.649906127544479,-10.637571432128446,17.10727629572193
2009-10-16,Happiness Zone,104649.90612754448,88694.51427734875,4.649906127544479,-11.305485722651254,17.989152970952695
2009-10-19,Happiness Zone,104649.90612754448,89427.62445072949,4.649906127544479,-10.572375549270507,17.021900973341598
2009-10-20,Happiness Zone,104649.90612754448,88955.14791404404,4.649906127544479,-11.04485208595597,17.64345131398808
2009-10-21,Happiness Zone,104649.90612754448,88156.90847768822,4.649906127544479,-11.843091522311777,18.708684247962815
2009-10-22,Happiness Zone,104649.90612754448,89052.93757458826,4.649906127544479,-10.947062425411747,17.514266208110918
2009-10-23,Happiness Zone,104649.90612754448,88034.76092247553,4.649906127544479,-11.965239077524469,18.87339163640196
2009-10-26,Happiness Zone,104649.90612754448,87081.74684327931,4.649906127544479,-12.918253156720693,20.174330351781443
2009-10-27,Happiness Zone,104649.90612754448,86682.63545258676,4.649906127544479,-13.317364547413234,20.727646986212566
2009-10-28,Happiness Zone,104649.90612754448,85045.41019402459,4.649906127544479,-14.954589805975417,23.051797726407266
2009-10-29,Happiness Zone,104649.90612754448,86869.96223568666,4.649906127544479,-13.13003776431334,20.46730933716663
2009-10-30,Happiness Zone,104649.90612754448,84353.07971643581,4.649906127544479,-15.646920283564192,24.061749113771747
2009-11-02,Happiness Zone,104649.90612754448,84972.11166791455,4.649906127544479,-15.027888332085448,23.157944498936423
2009-11-03,Happiness Zone,104649.90612754448,85240.90624025946,4.649906127544479,-14.759093759740537,22.769584162536873
2009-11-04,Happiness Zone,104649.90612754448,85460.84345601636,4.649906127544479,-14.539156543983644,22.45363127196849
2009-11-05,Happiness Zone,104649.90612754448,87032.86450423524,4.649906127544479,-12.967135495764758,20.241826721045065
2009-11-06,Happiness Zone,104649.90612754448,87260.94600067104,4.649906127544479,-12.739053999328952,19.927540238607676
2009-11-09,Happiness Zone,104649.90612754448,89248.42529333776,4.649906127544479,-10.751574706662248,17.256865634979924
2009-11-10,Happiness Zone,104649.90612754448,89264.70552721019,4.649906127544479,-10.735294472789814,17.235480148023896
2009-11-11,Happiness Zone,104649.90612754448,89720.81022768428,4.649906127544479,-10.27918977231571,16.639501874731934
2009-11-12,Happiness Zone,104649.90612754448,88808.55918930932,4.649906127544479,-11.191440810690679,17.83763533925469
2009-11-13,Happiness Zone,104649.90612754448,89289.13004176151,4.649906127544479,-10.71086995823849,17.203411074336337
2009-11-16,Happiness Zone,104649.90612754448,90584.24554689803,4.649906127544479,-9.415754453101965,15.52771179549568
2009-11-17,Happiness Zone,104649.90612754448,90690.12119572365,4.649906127544479,-9.30987880427635,15.392839647543743
2009-11-18,Happiness Zone,104649.90612754448,90633.1278859421,4.649906127544479,-9.3668721140579,15.465402737994328
2009-11-19,Happiness Zone,104649.90612754448,89452.02398282474,4.649906127544479,-10.547976017175253,16.989981297279332
2009-11-20,Happiness Zone,104649.90612754448,89134.38870886255,4.649906127544479,-10.865611291137455,17.406881500427286
2009-11-23,Happiness Zone,104649.90612754448,90266.58529047976,4.649906127544479,-9.733414709520238,15.934269354245423
2009-11-24,Happiness Zone,104649.90612754448,90405.01307956489,4.649906127544479,-9.594986920435112,15.756751271572478
2009-11-25,Happiness Zone,104649.90612754448,90722.71497340994,4.649906127544479,-9.277285026590064,15.351382680970783
2009-11-27,Happiness Zone,104649.90612754448,89248.42529333776,4.649906127544479,-10.751574706662248,17.256865634979924
2009-11-30,Happiness Zone,104649.90612754448,89549.79698839824,4.649906127544479,-10.450203011601754,16.86224832101244
2009-12-01,Happiness Zone,104649.90612754448,90657.58571043485,4.649906127544479,-9.342414289565149,15.434252200143339
2009-12-02,Happiness Zone,104649.90612754448,90616.80601464289,4.649906127544479,-9.383193985357108,15.48620033091208
2009-12-03,Happiness Zone,104649.90612754448,89908.18697569633,4.649906127544479,-10.091813024303676,16.396414662252145
2009-12-04,Happiness Zone,104649.90612754448,90421.3349508641,4.649906127544479,-9.578665049135903,15.735856127773772
2009-12-07,Happiness Zone,104649.90612754448,90282.88217932291,4.649906127544479,-9.71711782067709,15.913342154590616
2009-12-08,Happiness Zone,104649.90612754448,89280.98576108263,4.649906127544479,-10.719014238917367,17.214102460281232
2009-12-09,Happiness Zone,104649.90612754448,89614.94290634403,4.649906127544479,-10.38505709365597,16.777294872478343
2009-12-10,Happiness Zone,104649.90612754448,90119.95492831827,4.649906127544479,-9.880045071681732,16.122901094195385
2009-12-11,Happiness Zone,104649.90612754448,90502.79441262374,4.649906127544479,-9.497205587376257,15.63168497363816
2009-12-14,Happiness Zone,104649.90612754448,91121.83469158784,4.649906127544479,-8.878165308412168,14.846135925317938
2009-12-15,Happiness Zone,104649.90612754448,90698.29045885861,4.649906127544479,-9.30170954114139,15.38244612781805
2009-12-16,Happiness Zone,104649.90612754448,90836.75155788515,4.649906127544479,-9.163248442114858,15.206570394425656
2009-12-17,Happiness Zone,104649.90612754448,89745.25139720632,4.649906127544479,-10.254748602793684,16.607736340690813
2009-12-18,Happiness Zone,104649.90612754448,90253.00316186293,4.649906127544479,-9.746996838137068,15.951716243571013
2009-12-21,Happiness Zone,104649.90612754448,91170.17574408372,4.649906127544479,-8.829824255916275,14.785241196966204
2009-12-22,Happiness Zone,104649.90612754448,91497.74570807652,4.649906127544479,-8.502254291923483,14.37429995426327
2009-12-23,Happiness Zone,104649.90612754448,91677.91918125497,4.649906127544479,-8.322080818745025,14.149521566521162
2009-12-24,Happiness Zone,104649.90612754448,92111.93939056298,4.649906127544479,-7.888060609437019,13.611662961322946
2009-12-28,Happiness Zone,104649.90612754448,92308.49302743816,4.649906127544479,-7.691506972561834,13.369748216383414
2009-12-29,Happiness Zone,104649.90612754448,92177.43506289375,4.649906127544479,-7.822564937106247,13.530937431856959
2009-12-30,Happiness Zone,104649.90612754448,92144.71637292713,4.649906127544479,-7.855283627072874,13.571249928217789
2009-12-31,Happiness Zone,104649.90612754448,91260.27913564366,4.649906127544479,-8.739720864356338,14.671911064395605
2010-01-04,Happiness Zone,104649.90612754448,92808.0172365623,4.649906127544479,-7.191982763437698,12.759553801044898
2010-01-05,Happiness Zone,104649.90612754448,93053.69470955689,4.649906127544479,-6.946305290443111,12.461849531264901
2010-01-06,Happiness Zone,104649.90612754448,93119.20703685838,4.649906127544479,-6.880792963141625,12.382729039049956
2010-01-07,Happiness Zone,104649.90612754448,93512.2810006673,4.649906127544479,-6.487718999332703,11.910334137606714
2010-01-08,Happiness Zone,104649.90612754448,93823.49578341944,4.649906127544479,-6.17650421658057,11.539124878821983
2010-01-11,Happiness Zone,104649.90612754448,93954.51211053705,4.649906127544479,-6.045487889462953,11.383587415604213
2010-01-12,Happiness Zone,104649.90612754448,93078.27744632999,4.649906127544479,-6.921722553670017,12.432147434063578
2010-01-13,Happiness Zone,104649.90612754448,93864.42537394782,4.649906127544479,-6.135574626052187,11.490488234097462
2010-01-14,Happiness Zone,104649.90612754448,94118.31374750416,4.649906127544479,-5.881686252495843,11.18973764053397
2010-01-15,Happiness Zone,104649.90612754448,93061.88895514792,4.649906127544479,-6.93811104485208,12.451947088653581
2010-01-19,Happiness Zone,104649.90612754448,94224.74733784868,4.649906127544479,-5.7752526621513205,11.064140880437435
2010-01-20,Happiness Zone,104649.90612754448,93266.64516509949,4.649906127544479,-6.733354834900518,12.205071751315266
2010-01-21,Happiness Zone,104649.90612754448,91473.19628124483,4.649906127544479,-8.526803718755172,14.404995541848509
2010-01-22,Happiness Zone,104649.90612754448,89434.06159691025,4.649906127544479,-10.565938403089747,17.013478152444673
2010-01-25,Happiness Zone,104649.90612754448,89892.65621550601,4.649906127544479,-10.107343784493994,16.416524478551263
2010-01-26,Happiness Zone,104649.90612754448,89515.97074287916,4.649906127544479,-10.484029257120842,16.906408162779375
2010-01-27,Happiness Zone,104649.90612754448,89941.8050340815,4.649906127544479,-10.05819496591851,16.352908514444064
2010-01-28,Happiness Zone,104649.90612754448,88909.96297849836,4.649906127544479,-11.090037021501642,17.70323889669443
2010-01-29,Happiness Zone,104649.90612754448,87943.6332502167,4.649906127544479,-12.056366749783297,18.996568892935308
2010-02-01,Happiness Zone,104649.90612754448,89311.22286041295,4.649906127544479,-10.688777139587046,17.174418595863152
2010-02-02,Happiness Zone,104649.90612754448,90392.20540708622,4.649906127544479,-9.607794592913777,15.773152846805694
2010-02-03,Happiness Zone,104649.90612754448,89941.8050340815,4.649906127544479,-10.05819496591851,16.352908514444064
2010-02-04,Happiness Zone,104649.90612754448,87165.6629132192,4.649906127544479,-12.8343370867808,20.058636199133062
2010-02-05,Happiness Zone,104649.90612754448,87345.84471388302,4.649906127544479,-12.654155286116975,19.8109726574218
2010-02-08,Happiness Zone,104649.90612754448,86715.27086769983,4.649906127544479,-13.284729132300166,20.682210965133518
2010-02-09,Happiness Zone,104649.90612754448,87804.43933247878,4.649906127544479,-12.195560667521221,19.18521081978435
2010-02-10,Happiness Zone,104649.90612754448,87632.44344992064,4.649906127544479,-12.367556550079362,19.41913520572871
2010-02-11,Happiness Zone,104649.90612754448,88549.66599705358,4.649906127544479,-11.450334002946416,18.182157944025022
2010-02-12,Happiness Zone,104649.90612754448,88475.90945924891,4.649906127544479,-11.524090540751086,18.280678624439737
2010-02-16,Happiness Zone,104649.90612754448,89868.08180621827,4.649906127544479,-10.13191819378173,16.448358554264164
2010-02-17,Happiness Zone,104649.90612754448,90293.96606233274,4.649906127544479,-9.706033937667268,15.899113408421318
2010-02-18,Happiness Zone,104649.90612754448,90826.23394387959,4.649906127544479,-9.173766056120414,15.2199112342436
2010-02-19,Happiness Zone,104649.90612754448,91014.56835270765,4.649906127544479,-8.985431647292351,14.981489251254775
2010-02-22,Happiness Zone,104649.90612754448,91030.99015383115,4.649906127544479,-8.969009846168852,14.960746829952122
2010-02-23,Happiness Zone,104649.90612754448,89925.42487038478,4.649906127544479,-10.074575129615216,16.374102517039013
2010-02-24,Happiness Zone,104649.90612754448,90752.56900841385,4.649906127544479,-9.247430991586148,15.313436601273711
2010-02-25,Happiness Zone,104649.90612754448,90629.68863448978,4.649906127544479,-9.37031136551022,15.469784464998382
2010-02-26,Happiness Zone,104649.90612754448,90687.04002614165,4.649906127544479,-9.312959973858348,15.396760217753137
2010-03-01,Happiness Zone,104649.90612754448,91628.80367262091,4.649906127544479,-8.371196327379094,14.210708786995042
2010-03-02,Happiness Zone,104649.90612754448,91882.63375377975,4.649906127544479,-8.117366246220248,13.895196352313445
2010-03-03,Happiness Zone,104649.90612754448,91964.55955471938,4.649906127544479,-8.035440445280617,13.79373384078162
2010-03-04,Happiness Zone,104649.90612754448,92242.9557176806,4.649906127544479,-7.757044282319403,13.45029581211239
2010-03-05,Happiness Zone,104649.90612754448,93561.46312918421,4.649906127544479,-6.438536870815792,11.851506621962503
2010-03-08,Happiness Zone,104649.90612754448,93577.80998293949,4.649906127544479,-6.422190017060503,11.831967585716718
2010-03-09,Happiness Zone,104649.90612754448,93733.38406437414,4.649906127544479,-6.266615935625852,11.64635436150807
2010-03-10,Happiness Zone,104649.90612754448,94151.04076495615,4.649906127544479,-5.848959235043849,11.151087951112814
2010-03-11,Happiness Zone,104649.90612754448,94544.10640127971,4.649906127544479,-5.4558935987202855,10.688979050023551
2010-03-12,Happiness Zone,104649.90612754448,94552.31730184145,4.649906127544479,-5.447682698158552,10.679366845625026
2010-03-15,Happiness Zone,104649.90612754448,94576.87505615849,4.649906127544479,-5.423124943841506,10.65062793141005
2010-03-16,Happiness Zone,104649.90612754448,95330.28763883897,4.649906127544479,-4.669712361161027,9.7761359160198
2010-03-17,Happiness Zone,104649.90612754448,95895.34915772067,4.649906127544479,-4.104650842279323,9.129282125481431
2010-03-18,Happiness Zone,104649.90612754448,95846.24197657197,4.649906127544479,-4.153758023428034,9.185194922013151
2010-03-19,Happiness Zone,104649.90612754448,95361.06602471748,4.649906127544479,-4.638933975282522,9.740704975361059
2010-03-22,Happiness Zone,104649.90612754448,95870.8746782572,4.649906127544479,-4.1291253217428,9.157141288999116
2010-03-23,Happiness Zone,104649.90612754448,96545.15949507793,4.649906127544479,-3.4548405049220743,8.394772637855308
2010-03-24,Happiness Zone,104649.90612754448,96076.42199931765,4.649906127544479,-3.9235780006823484,8.923608883236422
2010-03-25,Happiness Zone,104649.90612754448,95920.2150289959,4.649906127544479,-4.079784971004107,9.10099200247798
2010-03-26,Happiness Zone,104649.90612754448,95862.66377769546,4.649906127544479,-4.137336222304544,9.16649089808994
2010-03-29,Happiness Zone,104649.90612754448,96471.16146019792,4.649906127544479,-3.5288385398020816,8.477916657737094
2010-03-30,Happiness Zone,104649.90612754448,96536.94026703082,4.649906127544479,-3.463059732969176,8.404001450711407
2010-03-31,Happiness Zone,104649.90612754448,96208.01292292489,4.649906127544479,-3.7919870770751096,8.77462588421054
2010-04-01,Happiness Zone,104649.90612754448,96865.8592836514,4.649906127544479,-3.134140716348599,8.035903363123143
2010-04-05,Happiness Zone,104649.90612754448,97655.23827558765,4.649906127544479,-2.3447617244123586,7.162614085501029
2010-04-06,Happiness Zone,104649.90612754448,97885.49324570155,4.649906127544479,-2.114506754298451,6.910536645980447
2010-04-07,Happiness Zone,104649.90612754448,97326.33591393779,4.649906127544479,-2.6736640860622107,7.5247569374055745
2010-04-08,Happiness Zone,104649.90612754448,97663.47415860546,4.649906127544479,-2.3365258413945433,7.153577147576229
2010-04-09,Happiness Zone,104649.90612754448,98304.84875329635,4.649906127544479,-1.6951512467036522,6.454470409869151
2010-04-12,Happiness Zone,104649.90612754448,98461.06405110346,4.649906127544479,-1.538935948896547,6.2855730192280745
2010-04-13,Happiness Zone,104649.90612754448,98535.08706843953,4.649906127544479,-1.4649129315604692,6.205727564697616
2010-04-14,Happiness Zone,104649.90612754448,99653.41838693779,4.649906127544479,-0.34658161306221347,5.013864874365037
2010-04-15,Happiness Zone,104649.90612754448,99735.62732237953,4.649906127544479,-0.26437267762047245,4.927305253999492
2010-04-16,Happiness Zone,104649.90612754448,98148.64178297458,4.649906127544479,-1.8513582170254228,6.623896394761575
2010-04-19,Happiness Zone,104649.90612754448,98518.66526731604,4.649906127544479,-1.4813347326839588,6.223430700763366
2010-04-20,Happiness Zone,104649.90612754448,99398.51406016793,4.649906127544479,-0.6014859398320693,5.283169589635706
2010-04-21,Happiness Zone,104649.90612754448,99217.62442324878,4.649906127544479,-0.7823755767512153,5.47511768788409
2010-04-22,Happiness Zone,104649.90612754448,99513.63321773952,4.649906127544479,-0.48636678226047225,5.161376128802986
2010-04-23,Happiness Zone,104649.90612754448,100163.21871299215,4.649906127544479,0.1632187129921414,4.479376234312604
2010-04-26,Happiness Zone,104649.90612754448,99785.01763803037,4.649906127544479,-0.21498236196962894,4.8753696743948804
2010-04-27,Happiness Zone,104649.90612754448,97425.04159787124,4.649906127544479,-2.5749584021287575,7.415818778394145
2010-04-28,Happiness Zone,104649.90612754448,98165.07191158344,4.649906127544479,-1.8349280884165653,6.606050491973248
2010-04-29,Happiness Zone,104649.90612754448,99382.07560407372,4.649906127544479,-0.6179243959262837,5.300584125911367
2010-04-30,Happiness Zone,104649.90612754448,97696.38438073531,4.649906127544479,-2.3036156192646873,7.11748115437969
2010-05-03,Happiness Zone,104649.90612754448,98962.6867865375,4.649906127544479,-1.0373132134625096,5.7468319885800145
2010-05-04,Happiness Zone,104649.90612754448,96635.59598605214,4.649906127544479,-3.3644040139478637,8.293331313079587
2010-05-05,Happiness Zone,104649.90612754448,96060.00019819416,4.649906127544479,-3.939999801805838,8.942229764342446
2010-05-06,Happiness Zone,104649.90612754448,92869.53237089256,4.649906127544479,-7.130467629107439,12.684863868598706
2010-05-07,Happiness Zone,104649.90612754448,91488.07749757734,4.649906127544479,-8.511922502422664,14.386386718330236
2010-05-10,Happiness Zone,104649.90612754448,95517.29797749531,4.649906127544479,-4.482702022504692,9.561208643277253
2010-05-11,Happiness Zone,104649.90612754448,95245.96352211661,4.649906127544479,-4.754036477883394,9.873324031463259
2010-05-12,Happiness Zone,104649.90612754448,96578.06138972241,4.649906127544479,-3.421938610277586,8.35784506509163
2010-05-13,Happiness Zone,104649.90612754448,95377.51280829705,4.649906127544479,-4.622487191702951,9.721781420201614
2010-05-14,Happiness Zone,104649.90612754448,93650.6921347817,4.649906127544479,-6.349307865218301,11.744936147330076
2010-05-17,Happiness Zone,104649.90612754448,93700.02415803503,4.649906127544479,-6.299975841964978,11.686103678096526
2010-05-18,Happiness Zone,104649.90612754448,92425.47754172966,4.649906127544479,-7.574522458270339,13.22625417899037
2010-05-19,Happiness Zone,104649.90612754448,91899.23043209573,4.649906127544479,-8.100769567904266,13.874627279790142
2010-05-20,Happiness Zone,104649.90612754448,88429.14230148545,4.649906127544479,-11.570857698514548,18.34323324177096
2010-05-21,Happiness Zone,104649.90612754448,89720.16901131181,4.649906127544479,-10.279830988688188,16.640335479473233
2010-05-24,Happiness Zone,104649.90612754448,88568.93579816908,4.649906127544479,-11.431064201830921,18.156445241727546
2010-05-25,Happiness Zone,104649.90612754448,88659.39727159936,4.649906127544479,-11.34060272840064,18.03588716823754
2010-05-26,Happiness Zone,104649.90612754448,88124.91427894762,4.649906127544479,-11.87508572105238,18.751782040081434
2010-05-27,Happiness Zone,104649.90612754448,91076.91623557358,4.649906127544479,-8.923083764426421,14.90277718325894
2010-05-28,Happiness Zone,104649.90612754448,89933.91890544866,4.649906127544479,-10.066081094551338,16.363111272363607
2010-06-01,Happiness Zone,104649.90612754448,88420.93972840907,4.649906127544479,-11.579060271590935,18.3542116256441
2010-06-02,Happiness Zone,104649.90612754448,90723.36451726776,4.649906127544479,-9.276635482732232,15.350556810121407
2010-06-03,Happiness Zone,104649.90612754448,91035.82842282341,4.649906127544479,-8.964171577176593,14.954637026522533
2010-06-04,Happiness Zone,104649.90612754448,87837.09973004792,4.649906127544479,-12.162900269952083,19.140894279487597
2010-06-07,Happiness Zone,104649.90612754448,86743.46773311777,4.649906127544479,-13.256532266882237,20.642981958617533
2010-06-08,Happiness Zone,104649.90612754448,87672.62356676691,4.649906127544479,-12.327376433233095,19.36440575186913
2010-06-09,Happiness Zone,104649.90612754448,87203.92770843343,4.649906127544479,-12.796072291566574,20.005954866438724
2010-06-10,Happiness Zone,104649.90612754448,89753.02094104416,4.649906127544479,-10.24697905895584,16.597642096398737
2010-06-11,Happiness Zone,104649.90612754448,90188.85654215995,4.649906127544479,-9.811143457840055,16.03418663881666
2010-06-14,Happiness Zone,104649.90612754448,90049.06304547633,4.649906127544479,-9.95093695452367,16.214319825509428
2010-06-15,Happiness Zone,104649.90612754448,92096.55852510908,4.649906127544479,-7.903441474890915,13.630637022134628
2010-06-16,Happiness Zone,104649.90612754448,92063.67328543532,4.649906127544479,-7.936326714564679,13.671226003644964
2010-06-17,Happiness Zone,104649.90612754448,92211.67768268067,4.649906127544479,-7.788322317319329,13.488777948131814
2010-06-18,Happiness Zone,104649.90612754448,92311.65747187372,4.649906127544479,-7.688342528126279,13.36586190041067
2010-06-21,Happiness Zone,104649.90612754448,92047.27646676789,4.649906127544479,-7.952723533232109,13.691474799177318
2010-06-22,Happiness Zone,104649.90612754448,90527.06070495328,4.649906127544479,-9.47293929504671,15.600689244313948
2010-06-23,Happiness Zone,104649.90612754448,90246.14964141433,4.649906127544479,-9.75385035858567,15.960521909646342
2010-06-24,Happiness Zone,104649.90612754448,88750.70814853604,4.649906127544479,-11.24929185146396,17.91444633027495
2010-06-25,Happiness Zone,104649.90612754448,89122.53036971454,4.649906127544479,-10.877469630285452,17.422503258622047
2010-06-28,Happiness Zone,104649.90612754448,88841.60265120487,4.649906127544479,-11.158397348795134,17.79380718558572
2010-06-29,Happiness Zone,104649.90612754448,86098.62890451848,4.649906127544479,-13.901371095481519,21.546541982217814
2010-06-30,Happiness Zone,104649.90612754448,85280.67831032324,4.649906127544479,-14.719321689676757,22.71232851448437
2010-07-01,Happiness Zone,104649.90612754448,84900.63686109764,4.649906127544479,-15.099363138902365,23.261626763480937
2010-07-02,Happiness Zone,104649.90612754448,84437.92846473565,4.649906127544479,-15.562071535264344,23.937083761179778
2010-07-06,Happiness Zone,104649.90612754448,84991.52303628111,4.649906127544479,-15.008476963718886,23.129816232227785
2010-07-07,Happiness Zone,104649.90612754448,87668.41818666176,4.649906127544479,-12.331581813338243,19.370131561774162
2010-07-08,Happiness Zone,104649.90612754448,88535.9173187296,4.649906127544479,-11.464082681270405,18.200510365532764
2010-07-09,Happiness Zone,104649.90612754448,89196.87815897953,4.649906127544479,-10.80312184102048,17.324628717411315
2010-07-12,Happiness Zone,104649.90612754448,89254.70421729675,4.649906127544479,-10.745295782703257,17.248616804294215
2010-07-13,Happiness Zone,104649.90612754448,90601.42514918899,4.649906127544479,-9.398574850811015,15.505805736744804
2010-07-14,Happiness Zone,104649.90612754448,90593.1642837151,4.649906127544479,-9.4068357162849,15.516338296570797
2010-07-15,Happiness Zone,104649.90612754448,90617.94688013676,4.649906127544479,-9.382053119863244,15.4847463780748
2010-07-16,Happiness Zone,104649.90612754448,88122.82408012307,4.649906127544479,-11.877175919876926,18.754598731872974
2010-07-19,Happiness Zone,104649.90612754448,88643.34187983157,4.649906127544479,-11.356658120168428,18.057266240494464
2010-07-20,Happiness Zone,104649.90612754448,89626.47647356312,4.649906127544479,-10.373523526436879,16.76226740701201
2010-07-21,Happiness Zone,104649.90612754448,88461.56120197925,4.649906127544479,-11.538438798020756,18.29986347245591
2010-07-22,Happiness Zone,104649.90612754448,90436.1578747991,4.649906127544479,-9.563842125200894,15.716886460859026
2010-07-23,Happiness Zone,104649.90612754448,91221.0983170402,4.649906127544479,-8.778901682959795,14.721164355895255
2010-07-26,Happiness Zone,104649.90612754448,92171.19777636156,4.649906127544479,-7.8288022236384425,13.538620146241875
2010-07-27,Happiness Zone,104649.90612754448,92162.99520328517,4.649906127544479,-7.83700479671483,13.548725165362473
2010-07-28,Happiness Zone,104649.90612754448,91568.09630437026,4.649906127544479,-8.431903695629739,14.286427643631017
2010-07-29,Happiness Zone,104649.90612754448,91121.94294889749,4.649906127544479,-8.878057051102516,14.845999482510685
2010-07-30,Happiness Zone,104649.90612754448,91105.40456297899,4.649906127544479,-8.894595437021014,14.866847504312997
2010-08-02,Happiness Zone,104649.90612754448,93162.63487299379,4.649906127544479,-6.837365127006212,12.330341740775141
2010-08-03,Happiness Zone,104649.90612754448,92716.481517521,4.649906127544479,-7.283518482479002,12.87087733993484
2010-08-04,Happiness Zone,104649.90612754448,93336.15468537221,4.649906127544479,-6.6638453146277925,12.121510126820546
2010-08-05,Happiness Zone,104649.90612754448,93236.99098974412,4.649906127544479,-6.763009010255871,12.240758755348246
2010-08-06,Happiness Zone,104649.90612754448,92856.94954051852,4.649906127544479,-7.143050459481481,12.70013353376429
2010-08-09,Happiness Zone,104649.90612754448,93352.68474380534,4.649906127544479,-6.647315256194664,12.101656652663983
2010-08-10,Happiness Zone,104649.90612754448,92848.68867504463,4.649906127544479,-7.151311324955367,12.710160607439702
2010-08-11,Happiness Zone,104649.90612754448,90304.00900967297,4.649906127544479,-9.69599099032703,15.886223961922719
2010-08-12,Happiness Zone,104649.90612754448,89750.43109309822,4.649906127544479,-10.249568906901786,16.601006650309035
2010-08-13,Happiness Zone,104649.90612754448,89486.05008799238,4.649906127544479,-10.513949912007625,16.945497118982633
2010-08-16,Happiness Zone,104649.90612754448,89444.72910565224,4.649906127544479,-10.555270894347768,16.999522692870883
2010-08-17,Happiness Zone,104649.90612754448,90543.58243590106,4.649906127544479,-9.45641756409894,15.579595275711311
2010-08-18,Happiness Zone,104649.90612754448,90708.82472783489,4.649906127544479,-9.291175272165109,15.369046442326617
2010-08-19,Happiness Zone,104649.90612754448,89130.78290770308,4.649906127544479,-10.869217092296923,17.41163121602085
2010-08-20,Happiness Zone,104649.90612754448,88841.60265120487,4.649906127544479,-11.158397348795134,17.79380718558572
2010-08-23,Happiness Zone,104649.90612754448,88502.89883929012,4.649906127544479,-11.497101160709878,18.24460836878943
2010-08-24,Happiness Zone,104649.90612754448,87189.21304180806,4.649906127544479,-12.810786958191933,20.026207917903616
2010-08-25,Happiness Zone,104649.90612754448,87527.95016366424,4.649906127544479,-12.472049836335763,19.561701070189287
2010-08-26,Happiness Zone,104649.90612754448,86941.35376765001,4.649906127544479,-13.058646232349991,20.368388105872405
2010-08-27,Happiness Zone,104649.90612754448,88288.03306211547,4.649906127544479,-11.711966937884533,18.53237918882793
2010-08-30,Happiness Zone,104649.90612754448,87007.41570898503,4.649906127544479,-12.992584291014964,20.276996247731958
2010-08-31,Happiness Zone,104649.90612754448,87007.41570898503,4.649906127544479,-12.992584291014964,20.276996247731958
2010-09-01,Happiness Zone,104649.90612754448,89609.97972507142,4.649906127544479,-10.39002027492858,16.783762755684606
2010-09-02,Happiness Zone,104649.90612754448,90444.45205021442,4.649906127544479,-9.55554794978558,15.706274686083855
2010-09-03,Happiness Zone,104649.90612754448,91617.6198597868,4.649906127544479,-8.382380140213197,14.224650550519113
2010-09-07,Happiness Zone,104649.90612754448,90584.88676327051,4.649906127544479,-9.41511323672949,15.526894018238057
2010-09-08,Happiness Zone,104649.90612754448,91221.0983170402,4.649906127544479,-8.778901682959795,14.721164355895255
2010-09-09,Happiness Zone,104649.90612754448,91642.44409363525,4.649906127544479,-8.357555906364755,14.193709216898354
2010-09-10,Happiness Zone,104649.90612754448,92105.11918005582,4.649906127544479,-7.894880819944183,13.62007569086896
2010-09-13,Happiness Zone,104649.90612754448,93129.60806606895,4.649906127544479,-6.870391933931053,12.370177756254153
2010-09-14,Happiness Zone,104649.90612754448,93071.74869781031,4.649906127544479,-6.928251302189691,12.440034265743382
2010-09-15,Happiness Zone,104649.90612754448,93427.0575155264,4.649906127544479,-6.572942484473609,12.012417933801455
2010-09-16,Happiness Zone,104649.90612754448,93402.2416091633,4.649906127544479,-6.597758390836694,12.042178350971945
2010-09-17,Happiness Zone,104649.90612754448,93437.11711783735,4.649906127544479,-6.562882882162658,12.000358482342977
2010-09-20,Happiness Zone,104649.90612754448,94865.83879803742,4.649906127544479,-5.134161201962573,10.313583323009068
2010-09-21,Happiness Zone,104649.90612754448,94674.78962898305,4.649906127544479,-5.325210371016942,10.536190825089209
2010-09-22,Happiness Zone,104649.90612754448,94209.60796947012,4.649906127544479,-5.790392030529878,11.081988751569472
2010-09-23,Happiness Zone,104649.90612754448,93445.45293067944,4.649906127544479,-6.554547069320559,11.990367476924568
2010-09-24,Happiness Zone,104649.90612754448,95372.50798959765,4.649906127544479,-4.627492010402346,9.72753923904226
2010-09-27,Happiness Zone,104649.90612754448,94915.67047041217,4.649906127544479,-5.084329529587839,10.255667593020634
2010-09-28,Happiness Zone,104649.90612754448,95247.89549871937,4.649906127544479,-4.75210450128063,9.87109539753719
2010-09-29,Happiness Zone,104649.90612754448,95081.78714830845,4.649906127544479,-4.91821285169155,10.063040742294515
2010-09-30,Happiness Zone,104649.90612754448,94799.36048243455,4.649906127544479,-5.200639517565442,10.390941030593925
2010-10-01,Happiness Zone,104649.90612754448,95198.07215382998,4.649906127544479,-4.801927846170018,9.928598090139197
2010-10-04,Happiness Zone,104649.90612754448,94483.73213244333,4.649906127544479,-5.516267867556667,10.759708328255524
2010-10-05,Happiness Zone,104649.90612754448,96385.88801014489,4.649906127544479,-3.6141119898551066,8.573888032789378
2010-10-06,Happiness Zone,104649.90612754448,96377.54386981743,4.649906127544479,-3.622456130182572,8.583288103814922
2010-10-07,Happiness Zone,104649.90612754448,96261.25053681053,4.649906127544479,-3.7387494631894613,8.714467705285124
2010-10-08,Happiness Zone,104649.90612754448,96801.17970488558,4.649906127544479,-3.198820295114424,8.108089639596372
2010-10-11,Happiness Zone,104649.90612754448,96892.55720170512,4.649906127544479,-3.1074427982948793,8.006134991040215
2010-10-12,Happiness Zone,104649.90612754448,97191.57221840964,4.649906127544479,-2.8084277815903613,7.673848399503624
2010-10-13,Happiness Zone,104649.90612754448,97947.433081785,4.649906127544479,-2.052566918215004,6.84292873725747
2010-10-14,Happiness Zone,104649.90612754448,97565.35972613233,4.649906127544479,-2.434640273867672,7.261333757492006
2010-10-15,Happiness Zone,104649.90612754448,97764.71139808737,4.649906127544479,-2.235288601912633,7.042617556984698
2010-10-18,Happiness Zone,104649.90612754448,98246.48140843093,4.649906127544479,-1.7535185915690699,6.517714046667167
2010-10-19,Happiness Zone,104649.90612754448,96959.01886233727,4.649906127544479,-3.040981137662735,7.932100959196764
2010-10-20,Happiness Zone,104649.90612754448,97905.90391231093,4.649906127544479,-2.094096087689079,6.888248763091753
2010-10-21,Happiness Zone,104649.90612754448,98121.87724503802,4.649906127544479,-1.878122754961975,6.652980014033094
2010-10-22,Happiness Zone,104649.90612754448,98304.58227376493,4.649906127544479,-1.6954177262350711,6.454758981741748
2010-10-25,Happiness Zone,104649.90612754448,98595.3280975102,4.649906127544479,-1.404671902489807,6.140836636849922
2010-10-26,Happiness Zone,104649.90612754448,98611.9414307969,4.649906127544479,-1.388058569203099,6.122954896882193
2010-10-27,Happiness Zone,104649.90612754448,98329.514764923,4.649906127544479,-1.6704852350769905,6.4277662487521425
2010-10-28,Happiness Zone,104649.90612754448,98346.11977072436,4.649906127544479,-1.6538802292756394,6.4097967174670645
2010-10-29,Happiness Zone,104649.90612754448,98420.90891671325,4.649906127544479,-1.5790910832867544,6.328936888910874
2010-11-01,Happiness Zone,104649.90612754448,98454.11060083058,4.649906127544479,-1.54588939916942,6.29307957677252
2010-11-02,Happiness Zone,104649.90612754448,99234.91228284939,4.649906127544479,-0.7650877171506143,5.456742712948381
2010-11-03,Happiness Zone,104649.90612754448,99633.63228173017,4.649906127544479,-0.3663677182698333,5.034719432520518
2010-11-04,Happiness Zone,104649.90612754448,101552.37651026234,4.649906127544479,1.5523765102623432,3.0501793495390173
2010-11-05,Happiness Zone,104649.90612754448,101934.46652088572,4.649906127544479,1.9344665208857137,2.6639072134667874
2010-11-08,Happiness Zone,104649.90612754448,101743.41735183135,4.649906127544479,1.7434173518313445,2.8566848365849884
2010-11-09,Happiness Zone,104649.90612754448,101012.43901470193,4.649906127544479,1.012439014701938,3.601009091873464
2010-11-10,Happiness Zone,104649.90612754448,101419.46984396875,4.649906127544479,1.4194698439687459,3.185223003576798
2010-11-11,Happiness Zone,104649.90612754448,101037.32986843324,4.649906127544479,1.0373298684332344,3.575486667962613
2010-11-12,Happiness Zone,104649.90612754448,99841.25314664445,4.649906127544479,-0.1587468533555514,4.816298703540101
2010-11-15,Happiness Zone,104649.90612754448,99700.08561487697,4.649906127544479,-0.2999143851230346,4.9647103933167624
2010-11-16,Happiness Zone,104649.90612754448,98146.80140871074,4.649906127544479,-1.8531985912892512,6.625895725071063
2010-11-17,Happiness Zone,104649.90612754448,98196.64973605619,4.649906127544479,-1.8033502639438037,6.57176839417033
2010-11-18,Happiness Zone,104649.90612754448,99641.91812966012,4.649906127544479,-0.35808187033988803,5.025985139474809
2010-11-19,Happiness Zone,104649.90612754448,99916.00065520656,4.649906127544479,-0.08399934479343951,4.7378852649175185
2010-11-22,Happiness Zone,104649.90612754448,99832.93398877306,4.649906127544479,-0.1670660112269351,4.825033129160694
2010-11-23,Happiness Zone,104649.90612754448,98387.67392265449,4.649906127544479,-1.6123260773455161,6.36485441236565
2010-11-24,Happiness Zone,104649.90612754448,99841.25314664445,4.649906127544479,-0.1587468533555514,4.816298703540101
2010-11-26,Happiness Zone,104649.90612754448,98678.40309142905,4.649906127544479,-1.3215969085709545,6.051479198120613
2010-11-29,Happiness Zone,104649.90612754448,98977.40978064822,4.649906127544479,-1.0225902193517822,5.731102035775182
2010-11-30,Happiness Zone,104649.90612754448,98420.90891671325,4.649906127544479,-1.5790910832867544,6.328936888910874
2010-12-01,Happiness Zone,104649.90612754448,100514.07232604238,4.649906127544479,0.5140723260423918,4.114681363308503
2010-12-02,Happiness Zone,104649.90612754448,101801.55152710677,4.649906127544479,1.8015515271067706,2.7979481232948356
2010-12-03,Happiness Zone,104649.90612754448,102075.65903510927,4.649906127544479,2.0756590351092674,2.5219010259339036
2010-12-06,Happiness Zone,104649.90612754448,101967.65155003233,4.649906127544479,1.9676515500323344,2.6304955902569427
2010-12-07,Happiness Zone,104649.90612754448,102025.82736273453,4.649906127544479,2.0258273627345336,2.5719749916660817
2010-12-08,Happiness Zone,104649.90612754448,102399.59821548652,4.649906127544479,2.3995982154865203,2.1975749429431257
2010-12-09,Happiness Zone,104649.90612754448,102798.3015593966,4.649906127544479,2.7983015593965987,1.8012015179823093
2010-12-10,Happiness Zone,104649.90612754448,103396.32326532027,4.649906127544479,3.396323265320267,1.2124056471596756
2010-12-13,Happiness Zone,104649.90612754448,103462.77659846707,4.649906127544479,3.4627765984670766,1.147397709694764
2010-12-14,Happiness Zone,104649.90612754448,103554.16242277196,4.649906127544479,3.554162422771956,1.05813583842147
2010-12-15,Happiness Zone,104649.90612754448,103080.6865878437,4.649906127544479,3.080686587843684,1.5223215828733538
2010-12-16,Happiness Zone,104649.90612754448,103678.76658616487,4.649906127544479,3.678766586164861,0.936681225439262
2010-12-17,Happiness Zone,104649.90612754448,103789.80527591167,4.649906127544479,3.789805275911662,0.828694927547402
2010-12-20,Happiness Zone,104649.90612754448,104040.29603544246,4.649906127544479,4.040296035442448,0.58593652203216
2010-12-21,Happiness Zone,104649.90612754448,104699.94946049138,4.649906127544479,4.6999494604913705,-0.04779690267737724
2010-12-22,Happiness Zone,104649.90612754448,105025.57912039604,4.649906127544479,5.025579120396029,-0.3576966639916357
2010-12-23,Happiness Zone,104649.90612754448,104875.317974619,4.649906127544479,4.875317974618998,-0.21493317152951885
2010-12-27,Happiness Zone,104649.90612754448,104917.05533122699,4.649906127544479,4.917055331226994,-0.25462895697854204
2010-12-28,Happiness Zone,104649.90612754448,105067.35811443081,4.649906127544479,5.06735811443082,-0.3973184387406681
2010-12-29,Happiness Zone,104649.90612754448,105142.46370486327,4.649906127544479,5.142463704863265,-0.468466840097459
2010-12-30,Happiness Zone,104649.90612754448,104975.50595094595,4.649906127544479,4.975505950945958,-0.3101674247263153
2010-12-31,Happiness Zone,104649.90612754448,105000.53837192833,4.649906127544479,5.000538371928331,-0.33393375864593233
2011-01-03,Happiness Zone,104649.90612754448,106086.03441566494,4.649906127544479,6.0860344156649315,-1.3537392513829238
2011-01-04,Happiness Zone,104649.90612754448,106027.59212343133,4.649906127544479,6.027592123431336,-1.2993655408895965
2011-01-05,Happiness Zone,104649.90612754448,106578.68844936977,4.649906127544479,6.578688449369774,-1.8097260811588578
2011-01-06,Happiness Zone,104649.90612754448,106369.9517014177,4.649906127544479,6.369951701417698,-1.6170408525721713
2011-01-07,Happiness Zone,104649.90612754448,106161.18997100953,4.649906127544479,6.16118997100954,-1.4235747017132594
2011-01-10,Happiness Zone,104649.90612754448,106027.59212343133,4.649906127544479,6.027592123431336,-1.2993655408895965
2011-01-11,Happiness Zone,104649.90612754448,106403.36157266893,4.649906127544479,6.403361572668942,-1.64793237657902
2011-01-12,Happiness Zone,104649.90612754448,107363.57059921337,4.649906127544479,7.363570599213376,-2.527546780088896
2011-01-13,Happiness Zone,104649.90612754448,107188.24372251255,4.649906127544479,7.188243722512544,-2.3681119372934933
2011-01-14,Happiness Zone,104649.90612754448,107964.7817320287,4.649906127544479,7.964781732028703,-3.0703304830568046
2011-01-18,Happiness Zone,104649.90612754448,108148.50271396912,4.649906127544479,8.148502713969119,-3.23499308693872
2011-01-19,Happiness Zone,104649.90612754448,107088.04741870023,4.649906127544479,7.088047418700216,-2.276763233550172
2011-01-20,Happiness Zone,104649.90612754448,106946.12208576528,4.649906127544479,6.946122085765283,-2.1470773445897873
2011-01-21,Happiness Zone,104649.90612754448,107188.24372251255,4.649906127544479,7.188243722512544,-2.3681119372934933
2011-01-24,Happiness Zone,104649.90612754448,107797.7989956553,4.649906127544479,7.797798995655314,-2.9201828770527127
2011-01-25,Happiness Zone,104649.90612754448,107856.22463291821,4.649906127544479,7.856224632918218,-2.9727709423227333
2011-01-26,Happiness Zone,104649.90612754448,108273.69812882238,4.649906127544479,8.273698128822371,-3.346881157570103
2011-01-27,Happiness Zone,104649.90612754448,108540.90215146415,4.649906127544479,8.540902151464147,-3.5848200510531503
2011-01-28,Happiness Zone,104649.90612754448,106645.47488193084,4.649906127544479,6.645474881930835,-1.8712174675912796
2011-01-31,Happiness Zone,104649.90612754448,107447.08694985614,4.649906127544479,7.447086949856141,-2.6033100586682734
2011-02-01,Happiness Zone,104649.90612754448,109167.1873426886,4.649906127544479,9.1671873426886,-4.137947789168406
2011-02-02,Happiness Zone,104649.90612754448,108958.44226725117,4.649906127544479,8.958442267251176,-3.9542930772989537
2011-02-03,Happiness Zone,104649.90612754448,109200.59721393985,4.649906127544479,9.200597213939844,-4.167276738862425
2011-02-04,Happiness Zone,104649.90612754448,109509.53026570425,4.649906127544479,9.509530265704246,-4.437626685429841
2011-02-07,Happiness Zone,104649.90612754448,110194.2244392209,4.649906127544479,10.19422443922089,-5.031405538621902
2011-02-08,Happiness Zone,104649.90612754448,110695.2226132532,4.649906127544479,10.695222613253197,-5.461226187538215
2011-02-09,Happiness Zone,104649.90612754448,110444.72352623704,4.649906127544479,10.444723526237043,-5.246803300038094
2011-02-10,Happiness Zone,104649.90612754448,110486.4858653011,4.649906127544479,10.486485865301098,-5.282618676887097
2011-02-11,Happiness Zone,104649.90612754448,111146.09765292324,4.649906127544479,11.146097652923249,-5.844731990199481
2011-02-14,Happiness Zone,104649.90612754448,111413.30167556502,4.649906127544479,11.413301675565023,-6.070545838158092
2011-02-15,Happiness Zone,104649.90612754448,111062.6146122219,4.649906127544479,11.06261461222191,-5.7739577868462515
2011-02-16,Happiness Zone,104649.90612754448,111763.98041142276,4.649906127544479,11.76398041142277,-6.3652656765535
2011-02-17,Happiness Zone,104649.90612754448,112097.99584908166,4.649906127544479,12.097995849081666,-6.644266621469841
2011-02-18,Happiness Zone,104649.90612754448,112331.79832795754,4.649906127544479,12.331798327957543,-6.83857315093046
2011-02-22,Happiness Zone,104649.90612754448,110077.33985475368,4.649906127544479,10.077339854753674,-4.930564032861495
2011-02-23,Happiness Zone,104649.90612754448,109400.97316659377,4.649906127544479,9.400973166593761,-4.342801440910815
2011-02-24,Happiness Zone,104649.90612754448,109325.81761124918,4.649906127544479,9.325817611249176,-4.277042317974455
2011-02-25,Happiness Zone,104649.90612754448,110494.81335065785,4.649906127544479,10.49481335065785,-5.289757089832269
2011-02-28,Happiness Zone,104649.90612754448,111179.51585165985,4.649906127544479,11.179515851659838,-5.873033061978273
2011-03-01,Happiness Zone,104649.90612754448,109325.81761124918,4.649906127544479,9.325817611249176,-4.277042317974455
2011-03-02,Happiness Zone,104649.90612754448,109559.65340006648,4.649906127544479,9.55965340006648,-4.481346116159779
2011-03-03,Happiness Zone,104649.90612754448,111446.71154681627,4.649906127544479,11.446711546816267,-6.098704326880567
2011-03-04,Happiness Zone,104649.90612754448,110611.74790003721,4.649906127544479,10.611747900037205,-5.389881170561194
2011-03-07,Happiness Zone,104649.90612754448,109743.30776212407,4.649906127544479,9.743307762124065,-4.641195657797992
2011-03-08,Happiness Zone,104649.90612754448,110703.55842609529,4.649906127544479,10.703558426095295,-5.46834481620766
2011-03-09,Happiness Zone,104649.90612754448,110544.93648502007,4.649906127544479,10.544936485020063,-5.332700479025931
2011-03-10,Happiness Zone,104649.90612754448,108499.19810479759,4.649906127544479,8.499198104797578,-3.5477607618216056
2011-03-11,Happiness Zone,104649.90612754448,109250.69536584601,4.649906127544479,9.250695365846017,-4.211221926684261
2011-03-14,Happiness Zone,104649.90612754448,108591.04194079709,4.649906127544479,8.591041940797094,-3.6293378742983995
2011-03-15,Happiness Zone,104649.90612754448,107346.88231855848,4.649906127544479,7.3468823185584675,-2.5123935905381534
2011-03-16,Happiness Zone,104649.90612754448,105359.57790308424,4.649906127544479,5.359577903084234,-0.6735712022238327
2011-03-17,Happiness Zone,104649.90612754448,106754.04030852669,4.649906127544479,6.754040308526688,-1.9710112843514982
2011-03-18,Happiness Zone,104649.90612754448,107142.32596825546,4.649906127544479,7.1423259682554585,-2.3262700507822087
2011-03-21,Happiness Zone,104649.90612754448,108802.80989341902,4.649906127544479,8.802809893419017,-3.816908561408139
2011-03-22,Happiness Zone,104649.90612754448,108425.43323950756,4.649906127544479,8.425433239507552,-3.4821415964491287
2011-03-23,Happiness Zone,104649.90612754448,108735.7070164144,4.649906127544479,8.735707016414395,-3.757552142695064
2011-03-24,Happiness Zone,104649.90612754448,109775.62673279358,4.649906127544479,9.775626732793574,-4.669270181190299
2011-03-25,Happiness Zone,104649.90612754448,110111.06617044848,4.649906127544479,10.11106617044848,-4.959683193377029
2011-03-28,Happiness Zone,104649.90612754448,109842.71295482748,4.649906127544479,9.842712954827482,-4.727493237916047
2011-03-29,Happiness Zone,104649.90612754448,110580.68637965656,4.649906127544479,10.580686379656568,-5.3633056967560595
2011-03-30,Happiness Zone,104649.90612754448,111343.808810263,4.649906127544479,11.343808810263,-6.0119217711739665
2011-03-31,Happiness Zone,104649.90612754448,111192.848155716,4.649906127544479,11.192848155715996,-5.884319123662241
2011-04-01,Happiness Zone,104649.90612754448,111662.46836492408,4.649906127544479,11.662468364924084,-6.280142594073634
2011-04-04,Dovish/Co-operative,104649.90612754448,111754.72024770606,4.649906127544479,11.754720247706075,-6.357506962044779
2011-04-05,Dovish/Co-operative,104649.90612754448,111737.9653471683,4.649906127544479,11.737965347168288,-6.343465443997765
2011-04-06,Dovish/Co-operative,104649.90612754448,112090.2096502731,4.649906127544479,12.0902096502731,-6.637781788385199
2011-04-07,Dovish/Co-operative,104649.90612754448,111805.08487914363,4.649906127544479,11.805084879143624,-6.3996899240616685
2011-04-08,Dovish/Co-operative,104649.90612754448,111419.26415508044,4.649906127544479,11.419264155080434,-6.075572369706128
2011-04-11,Dovish/Co-operative,104649.90612754448,111083.86635485232,4.649906127544479,11.083866354852322,-5.791984415409923
2011-04-12,Dovish/Co-operative,104649.90612754448,110253.6327197559,4.649906127544479,10.2536327197559,-5.0825777382365604
2011-04-13,Dovish/Co-operative,104649.90612754448,110245.2386145163,4.649906127544479,10.245238614516294,-5.075350697490411
2011-04-14,Dovish/Co-operative,104649.90612754448,110329.08806457333,4.649906127544479,10.329088064573334,-5.147492865802472
2011-04-15,Dovish/Co-operative,104649.90612754448,110731.59706929144,4.649906127544479,10.731597069291432,-5.492281428887258
2011-04-18,Dovish/Co-operative,104649.90612754448,109490.46032423731,4.649906127544479,9.490460324237304,-4.420982597349898
2011-04-19,Dovish/Co-operative,104649.90612754448,110119.42696574665,4.649906127544479,10.119426965746658,-4.966899110275513
2011-04-20,Dovish/Co-operative,104649.90612754448,111620.5561311236,4.649906127544479,11.620556131123605,-6.2449518665634525
2011-04-21,Dovish/Co-operative,104649.90612754448,112190.8140008679,4.649906127544479,12.1908140008679,-6.721502059219464
2011-04-25,Dovish/Co-operative,104649.90612754448,112073.45474973535,4.649906127544479,12.073454749735358,-6.623824204195328
2011-04-26,Dovish/Co-operative,104649.90612754448,113037.82751895816,4.649906127544479,13.037827518958167,-7.420455236550694
2011-04-27,Dovish/Co-operative,104649.90612754448,113775.83425372867,4.649906127544479,13.775834253728657,-8.020972279432092
2011-04-28,Dovish/Co-operative,104649.90612754448,114144.77516497375,4.649906127544479,14.144775164973744,-8.318268640598136
2011-04-29,Dovish/Co-operative,104649.90612754448,114413.19500047759,4.649906127544479,14.413195000477597,-8.533359174955601
2011-05-02,Dovish/Co-operative,104649.90612754448,114237.04370272644,4.649906127544479,14.23704370272645,-8.392319395213088
2011-05-03,Dovish/Co-operative,104649.90612754448,113826.12393779802,4.649906127544479,13.82612393779803,-8.061609666396109
2011-05-04,Dovish/Co-operative,104649.90612754448,113071.40393991653,4.649906127544479,13.071403939916525,-7.4479466239289245
2011-05-05,Dovish/Co-operative,104649.90612754448,112048.30574395799,4.649906127544479,12.048305743957988,-6.602866118582473
2011-05-06,Dovish/Co-operative,104649.90612754448,112543.04997648735,4.649906127544479,12.543049976487364,-7.013444055934082
2011-05-09,Dovish/Co-operative,104649.90612754448,112979.17703959062,4.649906127544479,12.979177039590617,-7.3723947459162
2011-05-10,Dovish/Co-operative,104649.90612754448,113943.54980881343,4.649906127544479,13.943549808813426,-8.156357860416685
2011-05-11,Dovish/Co-operative,104649.90612754448,112744.2670051623,4.649906127544479,12.74426700516229,-7.179399088423
2011-05-12,Dovish/Co-operative,104649.90612754448,113281.04005628715,4.649906127544479,13.281040056287141,-7.6192220025999235
2011-05-13,Dovish/Co-operative,104649.90612754448,112408.8442224781,4.649906127544479,12.408844222478098,-6.902426716155208
2011-05-16,Dovish/Co-operative,104649.90612754448,111696.05311336782,4.649906127544479,11.69605311336781,-6.308322263340605
2011-05-17,Dovish/Co-operative,104649.90612754448,111679.25657540327,4.649906127544479,11.679256575403274,-6.294231053653842
2011-05-18,Dovish/Co-operative,104649.90612754448,112677.2390755259,4.649906127544479,12.677239075525893,-7.124183210240719
2011-05-19,Dovish/Co-operative,104649.90612754448,112945.60061863225,4.649906127544479,12.945600618632259,-7.344858450130065
2011-05-20,Dovish/Co-operative,104649.90612754448,112048.30574395799,4.649906127544479,12.048305743957988,-6.602866118582473
2011-05-23,Dovish/Co-operative,104649.90612754448,110748.41858971205,4.649906127544479,10.748418589712049,-5.5066361577230545
2011-05-24,Dovish/Co-operative,104649.90612754448,110656.13339698865,4.649906127544479,10.656133396988654,-5.427830419391477
2011-05-25,Dovish/Co-operative,104649.90612754448,111025.14092811657,4.649906127544479,11.025140928116572,-5.742154206946459
2011-05-26,Dovish/Co-operative,104649.90612754448,111536.6983535812,4.649906127544479,11.536698353581198,-6.174463049107814
2011-05-27,Dovish/Co-operative,104649.90612754448,111964.3896740181,4.649906127544479,11.964389674018094,-6.532866001207682
2011-05-31,Dovish/Co-operative,104649.90612754448,113130.05441928408,4.649906127544479,13.130054419284075,-7.495928765587223
2011-06-01,Dovish/Co-operative,104649.90612754448,110589.06382992545,4.649906127544479,10.589063829925461,-5.370474707620976
2011-06-02,Dovish/Co-operative,104649.90612754448,110471.6629413661,4.649906127544479,10.4716629413661,-5.269909639100456
2011-06-03,Dovish/Co-operative,104649.90612754448,109373.07609064868,4.649906127544479,9.37307609064868,-4.318402784236975
2011-06-06,Dovish/Co-operative,104649.90612754448,108215.77214068089,4.649906127544479,8.215772140680876,-3.295144453158605
2011-06-07,Dovish/Co-operative,104649.90612754448,108148.6609361909,4.649906127544479,8.148660936190911,-3.2351346547977444
2011-06-08,Dovish/Co-operative,104649.90612754448,107695.82060997665,4.649906127544479,7.695820609976645,-2.8282569046602424
2011-06-09,Dovish/Co-operative,104649.90612754448,108517.68512228955,4.649906127544479,8.517685122289542,-3.564192316106296
2011-06-10,Dovish/Co-operative,104649.90612754448,107008.13686921693,4.649906127544479,7.00813686921693,-2.203786376128225
2011-06-13,Dovish/Co-operative,104649.90612754448,107091.99464675933,4.649906127544479,7.091994646759336,-2.28036514519131
2011-06-14,Dovish/Co-operative,104649.90612754448,108450.57391779957,4.649906127544479,8.450573917799575,-3.504516069353225
2011-06-15,Dovish/Co-operative,104649.90612754448,106521.75343198574,4.649906127544479,6.521753431985733,-1.7572441723243237
2011-06-16,Dovish/Co-operative,104649.90612754448,106756.57186407513,4.649906127544479,6.756571864075123,-1.9733358796991896
2011-06-17,Dovish/Co-operative,104649.90612754448,107075.0981789705,4.649906127544479,7.075098178970496,-2.2649449710262504
2011-06-20,Dovish/Co-operative,104649.90612754448,107622.89682070767,4.649906127544479,7.62289682070767,-2.76241467288878
2011-06-21,Dovish/Co-operative,104649.90612754448,109097.81938966695,4.649906127544479,9.097819389666961,-4.076995568752628
2011-06-22,Dovish/Co-operative,104649.90612754448,108440.43936812041,4.649906127544479,8.440439368120401,-3.4954978628482736
2011-06-23,Dovish/Co-operative,104649.90612754448,108128.61667893722,4.649906127544479,8.128616678937227,-3.2171969440078607
2011-06-24,Dovish/Co-operative,104649.90612754448,106872.8318871406,4.649906127544479,6.872831887140585,-2.079972730528512
2011-06-27,Dovish/Co-operative,104649.90612754448,107825.20474996435,4.649906127544479,7.825204749964354,-2.9448574939255234
2011-06-28,Dovish/Co-operative,104649.90612754448,109232.66636004866,4.649906127544479,9.232666360048668,-4.1954118536287055
2011-06-29,Dovish/Co-operative,104649.90612754448,110168.15108256895,4.649906127544479,10.168151082568944,-5.008929441766385
2011-06-30,Dovish/Co-operative,104649.90612754448,111221.59463516746,4.649906127544479,11.221594635167476,-5.908644386173057
2011-07-01,Dovish/Co-operative,104605.42991744028,112865.0072153497,4.605429917440285,12.86500721534971,-7.318102839571794
2011-07-05,Dovish/Co-operative,104532.32955228369,112772.25568344632,4.532329552283687,12.77225568344631,-7.306696209298369
2011-07-06,Dovish/Co-operative,104638.6525829478,112907.16094622553,4.6386525829478,12.907160946225527,-7.323280732579729
2011-07-07,Dovish/Co-operative,105561.92371496472,114078.62994878515,5.561923714964734,14.07862994878515,-7.465645614471306
2011-07-08,Dovish/Co-operative,104924.28087273189,113269.57310895092,4.92428087273189,13.269573108950915,-7.367638110714802
2011-07-11,Dovish/Co-operative,103310.20538315008,111221.59463516746,3.3102053831500777,11.221594635167476,-7.113177326730991
2011-07-12,Dovish/Co-operative,102931.62976248543,110741.2486248199,2.9316297624854437,10.741248624819889,-7.052131847269183
2011-07-13,Dovish/Co-operative,103223.8671443608,111112.04656529953,3.2238671443608036,11.112046565299538,-7.099301709201189
2011-07-14,Dovish/Co-operative,102619.41415188527,110345.10181891435,2.6194141518852687,10.345101818914348,-7.0013870481605895
2011-07-15,Dovish/Co-operative,103124.2385267385,110985.63533758419,3.1242385267384876,10.985635337584188,-7.083256123131376
2011-07-18,Dovish/Co-operative,102406.8731009577,110075.42453312162,2.406873100957707,10.075424533121623,-6.9666335285006875
2011-07-19,Dovish/Co-operative,103815.03632115334,111862.13648132267,3.8150363211533422,11.862136481322661,-7.193765838285171
2011-07-20,Dovish/Co-operative,103761.8748058213,111794.68384993306,3.761874805821286,11.794683849933051,-7.185322921879322
2011-07-21,Dovish/Co-operative,104984.05148015522,113345.41151809477,4.984051480155216,13.345411518094764,-7.37688445076995
2011-07-22,Dovish/Co-operative,105043.84177702869,113421.27490969468,5.043841777028701,13.42127490969467,-7.38612146560339
2011-07-25,Dovish/Co-operative,104545.65274686691,112789.1604787205,4.545652746866913,12.789160478720497,-7.308776567593
2011-07-26,Dovish/Co-operative,104213.52453904238,112367.74808224259,4.213524539042379,12.367748082242592,-7.2567295174698065
2011-07-27,Dovish/Co-operative,102400.2443194163,110067.01377291132,2.4002443194163003,10.067013772911327,-6.965546888837181
2011-07-28,Dovish/Co-operative,102147.81900568961,109746.73035860568,2.1478190056896107,9.74673035860567,-6.924043502786869
2011-07-29,Dovish/Co-operative,101556.69577094735,108996.69873498003,1.5566957709473472,8.996698734980036,-6.825897527522984
2011-08-01,Dovish/Co-operative,101191.3448976153,108533.1326076263,1.1913448976152985,8.533132607626314,-6.764558926492392
2011-08-02,Dovish/Co-operative,99006.0587705156,105760.38810078957,-0.9939412294843963,5.76038810078956,-6.386445295413523
2011-08-03,Dovish/Co-operative,99457.72819318682,106333.47731555517,-0.5422718068131771,6.333477315555158,-6.466212989502706
2011-08-04,Dovish/Co-operative,95532.17689066712,101352.6417739809,-4.46782310933288,1.3526417739808894,-5.7427855667477985
2011-08-05,Dovish/Co-operative,95412.6291126704,101200.95662820784,-4.5873708873296,1.2009566282078499,-5.719637154026724
2011-08-08,Dovish/Co-operative,90218.40778092635,94610.40151220473,-9.781592219073643,-5.389598487795277,-4.642189083947401
2011-08-09,Dovish/Co-operative,93685.66087923344,99009.73707880308,-6.3143391207665545,-0.9902629211969161,-5.377325863750293
2011-08-10,Dovish/Co-operative,90238.35975705099,94635.71706768923,-9.76164024294901,-5.364282932310771,-4.6466148795522795
2011-08-11,Dovish/Co-operative,93586.0256984611,98883.3175236024,-6.413974301538894,-1.1166824763976013,-5.357113775917643
2011-08-12,Dovish/Co-operative,94110.74298108858,99549.09165038852,-5.889257018911421,-0.4509083496114785,-5.46298170996794
2011-08-15,Dovish/Co-operative,95771.29869926072,101656.04537546843,-4.22870130073928,1.656045375468418,-5.788880193472301
2011-08-16,Dovish/Co-operative,95087.17562843756,100788.01328433775,-4.912824371562441,0.7880132843377519,-5.6562655321097495
2011-08-17,Dovish/Co-operative,95140.29120171933,100855.40762332985,-4.859708798280671,0.8554076233298513,-5.666643520945424
2011-08-18,Dovish/Co-operative,91712.9420556615,96506.70316770049,-8.287057944338505,-3.4932968322995195,-4.967283053601812
2011-08-19,Dovish/Co-operative,90470.81340520293,94930.65994405429,-9.529186594797068,-5.069340055945704,-4.698004355473451
2011-08-22,Dovish/Co-operative,90530.61682837647,95006.53999062492,-9.469383171623525,-4.993460009375072,-4.711173738871166
2011-08-23,Dovish/Co-operative,92994.89590056881,98133.2775724914,-7.0051040994311915,-1.8667224275086047,-5.236125602884146
2011-08-24,Dovish/Co-operative,94084.19503917276,99515.4069721205,-5.915804960827242,-0.48459302787949854,-5.457659369738909
2011-08-25,Dovish/Co-operative,92888.57943305474,97998.38063719754,-7.1114205669452595,-2.0016193628024648,-5.21416902087386
2011-08-26,Dovish/Co-operative,94011.12092661634,99422.68875015854,-5.988879073383668,-0.5773112498414612,-5.442990821884786
2011-08-29,Dovish/Co-operative,96262.84582158101,102279.73239126158,-3.737154178418989,2.2797323912615797,-5.882775041553234
2011-08-30,Dovish/Co-operative,96475.3737462085,102549.39302208359,-3.5246262537915074,2.5493930220835903,-5.923018261616697
2011-08-31,Dovish/Co-operative,96834.07614854902,103004.52340677094,-3.16592385145098,3.0045234067709314,-5.990462412853903
2011-09-01,Dovish/Co-operative,95983.85287648837,101925.73931623185,-4.0161471235116375,1.925739316231856,-5.8296230957995405
2011-09-02,Dovish/Co-operative,93931.41803251849,99321.55976798627,-6.068581967481512,-0.6784402320137328,-5.426960418321136
2011-09-06,Dovish/Co-operative,93360.18114240044,98596.76042499156,-6.639818857599556,-1.4032395750084414,-5.311106835578938
2011-09-07,Dovish/Co-operative,95552.11574049166,101377.94067449468,-4.4478842595083385,1.377940674494682,-5.7466396488646705
2011-09-08,Dovish/Co-operative,94721.83788140559,100324.46381195473,-5.278162118594409,0.32446381195472274,-5.584506228760455
2011-09-09,Dovish/Co-operative,92649.45762446114,97694.97703571002,-7.3505423755388595,-2.305022964289982,-5.164563792675459
2011-09-12,Dovish/Co-operative,93147.62696517279,98327.06648422813,-6.852373034827208,-1.6729335157718794,-5.267562334818687
2011-09-13,Dovish/Co-operative,93858.32423051193,99228.81656356824,-6.141675769488064,-0.771183436431766,-5.412230558666231
2011-09-14,Dovish/Co-operative,94941.05365592486,100602.61015035526,-5.058946344075144,0.6026101503552539,-5.627643742015187
2011-09-15,Dovish/Co-operative,96309.34573962145,102338.73262501409,-3.6906542603785453,2.338732625014095,-5.891598157156497
2011-09-16,Dovish/Co-operative,96786.68364210299,102944.39063500991,-3.2133163578970114,2.944390635009908,-5.981585742480244
2011-09-19,Dovish/Co-operative,95978.82550355696,101919.36046244859,-4.021174496443036,1.9193604624485827,-5.8286619263867685
2011-09-20,Dovish/Co-operative,95885.35968382316,101800.76874348323,-4.114640316176843,1.8007687434832276,-5.810770520373643
2011-09-21,Dovish/Co-operative,93521.84465421022,98801.88304429881,-6.478155345789782,-1.1981169557011895,-5.344066557639627
2011-09-22,Dovish/Co-operative,91004.81098198838,95608.20913513486,-8.995189018011619,-4.391790864865131,-4.814856584793814
2011-09-23,Dovish/Co-operative,91458.79719662406,96184.23795223139,-8.541202803375947,-3.8157620477686116,-4.912905540670975
2011-09-26,Dovish/Co-operative,93261.47136578389,98471.51504522617,-6.738528634216112,-1.5284849547738233,-5.290914511723932
2011-09-27,Dovish/Co-operative,94129.41514295521,99572.78334622846,-5.870584857044781,-0.42721665377153384,-5.466722954148917
2011-09-28,Dovish/Co-operative,92527.03518674646,97539.64445135072,-7.472964813253535,-2.4603555486492845,-5.139048120176781
2011-09-29,Dovish/Co-operative,93134.63849124167,98310.58639070713,-6.865361508758328,-1.6894136092928669,-5.2648937306661425
2011-09-30,Dovish/Co-operative,91198.41078189763,95853.85329818803,-8.801589218102368,-4.14614670181197,-4.856813112987702
2011-10-03,Dovish/Co-operative,88973.97634707979,93126.0189198802,-11.026023652920214,-6.8739810801198065,-4.458520423140355
2011-10-04,Dovish/Co-operative,90633.36727618371,95167.63519485109,-9.366632723816293,-4.832364805148915,-4.764506241416722
2011-10-05,Dovish/Co-operative,92065.5417336316,96929.69778639618,-7.934458266368393,-3.070302213603815,-5.018230907398181
2011-10-06,Dovish/Co-operative,93490.82592095302,98683.2829978481,-6.509174079046975,-1.3167170021519015,-5.261739292771916
2011-10-07,Dovish/Co-operative,92953.79772582038,98022.55532718817,-7.046202274179625,-1.9774446728118344,-5.171011492659883
2011-10-10,Dovish/Co-operative,95618.43710206017,101300.96972734232,-4.381562897939828,1.300969727342327,-5.609554025570573
2011-10-11,Dovish/Co-operative,95701.03912231902,101402.598358636,-4.29896087768098,1.402598358635987,-5.622695402885003
2011-10-12,Dovish/Co-operative,96424.00985273121,102292.09870701634,-3.5759901472687927,2.2920987070163434,-5.736600312691243
2011-10-13,Dovish/Co-operative,96258.79227533701,102088.82478945827,-3.741207724662987,2.0888247894582657,-5.710745055734323
2011-10-14,Dovish/Co-operative,97677.16588721724,103833.90763836096,-2.3228341127827568,3.833907638360956,-5.929413513538173
2011-10-17,Dovish/Co-operative,96065.9933121222,101851.6163690715,-3.9340066878778,1.851616369071496,-5.6804430437160764
2011-10-18,Dovish/Co-operative,97684.04938890548,103842.37669096878,-2.3159506110945194,3.842376690968785,-5.930456811856555
2011-10-19,Dovish/Co-operative,96685.65060126667,102614.00598096654,-3.3143493987333295,2.6140059809665495,-5.777335484592139
2011-10-20,Dovish/Co-operative,97050.61155950806,103063.0323188874,-2.94938844049194,3.0630323188874042,-5.83373167284299
2011-10-21,Dovish/Co-operative,98641.12009266192,105019.89977538274,-1.3588799073380842,5.019899775382752,-6.073877137917483
2011-10-24,Dovish/Co-operative,99687.70339211842,106307.55385363962,-0.3122966078815792,6.307553853639614,-6.22707439081438
2011-10-25,Dovish/Co-operative,98007.64842107332,104240.5137658746,-1.9923515789266766,4.240513765874598,-5.979311804621723
2011-10-26,Dovish/Co-operative,98868.34333275618,105299.46178629392,-1.1316566672438189,5.299461786293924,-6.1074561488165475
2011-10-27,Dovish/Co-operative,101849.73885010499,108967.59417365823,1.849738850104976,8.967594173658222,-6.532084494964385
2011-10-28,Dovish/Co-operative,101829.06127128733,108942.15370589338,1.8290612712873244,8.942153705893375,-6.52923794200817
2011-10-31,Dovish/Co-operative,99694.57335693018,106316.00625127672,-0.30542664306981715,6.316006251276729,-6.228067746165012
2011-11-01,Dovish/Co-operative,97284.70476441408,103351.04672743566,-2.715295235585913,3.3510467274356692,-5.869647337989859
2011-11-02,Dovish/Co-operative,98654.90740135312,105036.86286305443,-1.3450925986468798,5.036862863054425,-6.075919717844213
2011-11-03,Dovish/Co-operative,100211.00519450403,106951.3933839961,0.21100519450403254,6.951393383996085,-6.302291140136451
2011-11-04,Dovish/Co-operative,99680.8401957449,106299.10978348789,-0.31915980425510915,6.299109783487888,-6.226081856398624
2011-11-07,Dovish/Co-operative,100217.88192775403,106959.85410911855,0.2178819277540267,6.959854109118546,-6.303273538954601
2011-11-08,Dovish/Co-operative,101333.31378096939,108332.21536842421,1.3333137809693918,8.332215368424212,-6.46059121347462
2011-11-09,Dovish/Co-operative,98083.40078183512,104333.71498198724,-1.9165992181648717,4.333714981987247,-5.990694571961908
2011-11-10,Dovish/Co-operative,98882.11033613265,105316.39989150953,-1.1178896638673441,5.316399891509538,-6.109484906439155
2011-11-11,Dovish/Co-operative,100493.29644810419,107298.70781576973,0.4932964481041857,7.298707815769734,-6.342491448592591
2011-11-14,Dovish/Co-operative,99667.032581739,106282.12171336013,-0.33296741826099874,6.282121713360134,-6.224084563781895
2011-11-15,Dovish/Co-operative,100093.95859205101,106807.38617972197,0.09395859205101331,6.807386179721964,-6.285546185330714
2011-11-16,Dovish/Co-operative,98716.8656849855,105113.09266401004,-1.2831343150145003,5.113092664010033,-6.085090655138292
2011-11-17,Dovish/Co-operative,97360.45035673765,103444.23961606296,-2.639549643262351,3.4442396160629496,-5.881225752062669
2011-11-18,Dovish/Co-operative,97270.91068728465,103334.07531227863,-2.7290893127153493,3.334075312278628,-5.867536537846707
2011-11-21,Dovish/Co-operative,95673.51865244255,101368.73880317548,-4.326481347557454,1.3687388031754733,-5.618320024471412
2011-11-22,Dovish/Co-operative,95349.89931496,100970.5767458136,-4.6501006850400035,0.9705767458136005,-5.566648831771315
2011-11-23,Dovish/Co-operative,93539.0307380854,98742.59134855882,-6.460969261914595,-1.257408651441172,-5.2698238312431815
2011-11-25,Dovish/Co-operative,93387.54632187649,98556.21389878959,-6.612453678123509,-1.4437861012104092,-5.244385282718911
2011-11-28,Dovish/Co-operative,95707.9632346367,101411.11737615593,-4.292036765363305,1.4111173761559348,-5.623795782039354
2011-11-29,Dovish/Co-operative,95942.06320798094,101699.14011218956,-4.057936792019056,1.6991401121895677,-5.660890443968047
2011-11-30,Dovish/Co-operative,99343.44708644763,105884.00129342504,-0.6565529135523662,5.884001293425034,-6.177093920782484
2011-12-01,Dovish/Co-operative,99329.65977775645,105867.03820575336,-0.6703402222435595,5.867038205753361,-6.175083896549061
2011-12-02,Dovish/Co-operative,99253.92772230935,105773.86197209677,-0.7460722776906459,5.773861972096772,-6.164031574745166
2011-12-05,Dovish/Co-operative,100190.35468943931,106925.98622617268,0.19035468943930933,6.925986226172687,-6.299340108480256
2011-12-06,Dovish/Co-operative,100217.88192775403,106959.85410911855,0.2178819277540267,6.959854109118546,-6.303273538954601
2011-12-07,Dovish/Co-operative,100541.51480211304,107358.03282145115,0.5415148021130411,7.358032821451155,-6.349332080883752
2011-12-08,Dovish/Co-operative,98627.35985772368,105002.96999765249,-1.3726401422763157,5.002969997652484,-6.07183791093846
2011-12-09,Dovish/Co-operative,100073.28778167159,106781.95403944248,0.07328778167159378,6.781954039442484,-6.282584279449399
2011-12-12,Dovish/Co-operative,98806.40535443851,105223.25696779438,-1.193594645561491,5.223256967794376,-6.098320654833822
2011-12-13,Dovish/Co-operative,98007.64842107332,104240.5137658746,-1.9923515789266766,4.240513765874598,-5.979311804621723
2011-12-14,Dovish/Co-operative,97105.6660361375,103130.76808477913,-2.8943339638625054,3.1307680847791453,-5.842196427441204
2011-12-15,Dovish/Co-operative,97408.6484054318,103503.53963928833,-2.591351594568203,3.5035396392883333,-5.888582414763144
2011-12-16,Dovish/Co-operative,97533.3501115322,103656.96522950093,-2.466649888467798,3.656965229500919,-5.907577078309001
2011-12-19,Dovish/Co-operative,96632.5928139175,102548.72682325504,-3.367407186082505,2.548726823255043,-5.769095524251733
2011-12-20,Dovish/Co-operative,99154.7565652434,105651.8476566498,-0.845243434756604,5.651847656649789,-6.149529076406523
2011-12-21,Dovish/Co-operative,99321.05709275571,105856.45397186493,-0.6789429072442843,5.856453971864939,-6.173829401886288
2011-12-22,Dovish/Co-operative,100083.25769119644,106794.22042537296,0.08325769119643667,6.794220425372965,-6.2840130368909675
2011-12-23,Dovish/Co-operative,100859.29974583427,107749.01658643552,0.8592997458342744,7.74901658643552,-6.39422712046227
2011-12-27,Dovish/Co-operative,100928.60855339334,107834.29003648856,0.9286085533933397,7.834290036488567,-6.403975470843736
2011-12-28,Dovish/Co-operative,99778.36662231896,106419.10051999318,-0.22163337768102975,6.419100519993193,-6.240171045635378
2011-12-29,Dovish/Co-operative,100672.24041824543,107518.86987363125,0.6722404182454289,7.51886987363124,-6.367839862372793
2011-12-30,Dovish/Co-operative,100242.6002641999,106990.26608564137,0.24260026419988812,6.990266085641372,-6.306803476907186
2012-01-03,Dovish/Co-operative,101541.07981779391,108695.32703991956,1.5410798177939222,8.695327039919555,-6.581927132431531
2012-01-04,Dovish/Co-operative,101676.5667727667,108865.80732014278,1.6765667727667077,8.865807320142771,-6.603763591477907
2012-01-05,Dovish/Co-operative,101906.93165791192,109155.67043044024,1.9069316579119144,9.155670430440232,-6.640734964976092
2012-01-06,Dovish/Co-operative,101683.34376777902,108874.33466514808,1.6833437677790108,8.874334665148087,-6.604854045249087
2012-01-09,Dovish/Co-operative,101893.41075868325,109138.6573778564,1.893410758683256,9.138657377856397,-6.638570414229017
2012-01-10,Dovish/Co-operative,102645.42556947864,110084.9012114576,2.6454255694786433,10.084901211457598,-6.757943696282909
2012-01-11,Dovish/Co-operative,102692.86453456485,110144.59262649472,2.692864534564854,10.14459262649472,-6.765405286121496
2012-01-12,Dovish/Co-operative,102902.89843467313,110408.87370177628,2.902898434673129,10.408873701776278,-6.798344204993356
2012-01-13,Dovish/Co-operative,102448.9588957134,109837.69148115737,2.4489588957133934,9.837691481157362,-6.726955461105543
2012-01-17,Dovish/Co-operative,102787.74246473728,110263.97545656897,2.787742464737275,10.263975456568964,-6.780304229803901
2012-01-18,Dovish/Co-operative,103756.58802513084,111483.05269291309,3.756588025130836,11.483052692913077,-6.930618135354861
2012-01-19,Dovish/Co-operative,104224.06831779683,112071.27294857187,4.224068317796825,12.071272948571865,-7.001976888739392
2012-01-20,Dovish/Co-operative,104556.04841917164,112488.99626903675,4.556048419171632,12.488996269036745,-7.052198982104974
2012-01-23,Dovish/Co-operative,104325.67029770804,112199.11650376857,4.325670297708051,12.19911650376857,-7.01738699145289
2012-01-24,Dovish/Co-operative,104224.06831779683,112071.27294857187,4.224068317796825,12.071272948571865,-7.001976888739392
2012-01-25,Dovish/Co-operative,104969.33922437587,113009.03107459455,4.969339224375879,13.009031074594546,-7.114202974549766
2012-01-26,Dovish/Co-operative,104508.6359267222,112429.33816394105,4.508635926722193,12.42933816394105,-7.045049242991297
2012-01-27,Dovish/Co-operative,104467.9739566483,112378.17409390923,4.467973956648308,12.378174093909223,-7.038911426564676
2012-01-30,Dovish/Co-operative,104163.0687445268,111994.51851603879,4.163068744526788,11.994518516038788,-6.9927081032902905
2012-01-31,Dovish/Co-operative,104129.22347842036,111951.93175592441,4.129223478420352,11.951931755924416,-6.987559888255412
2012-02-01,Dovish/Co-operative,104908.37936006098,112932.3266069736,4.908379360060988,12.932326606973588,-7.105093366966142
2012-02-02,Dovish/Co-operative,105050.61683740932,113111.30092226069,5.050616837409327,13.111300922260693,-7.126329570191514
2012-02-03,Dovish/Co-operative,106310.86656517329,114697.04566634749,6.310866565173279,14.697045666347485,-7.311591203115652
2012-02-06,Dovish/Co-operative,106249.84713742568,114620.26625135833,6.249847137425668,14.620266251358327,-7.3027391993459645
2012-02-07,Dovish/Co-operative,106480.2120225709,114910.1293616558,6.480212022570897,14.910129361655788,-7.336095943773147
2012-02-08,Dovish/Co-operative,106751.23887779,115251.15654198507,6.751238877790011,15.251156541985056,-7.375125698715756
2012-02-09,Dovish/Co-operative,106866.41470220343,115396.07976964844,6.866414702203438,15.39607976964843,-7.391641972995766
2012-02-10,Dovish/Co-operative,106188.89389126998,114543.57011122274,6.188893891269975,14.543570111222737,-7.293884948618501
2012-02-13,Dovish/Co-operative,106866.41470220343,115396.07976964844,6.866414702203438,15.39607976964843,-7.391641972995766
2012-02-14,Dovish/Co-operative,106751.23887779,115251.15654198507,6.751238877790011,15.251156541985056,-7.375125698715756
2012-02-15,Dovish/Co-operative,106324.41393703873,114714.09202887274,6.324413937038731,14.714092028872727,-7.313554894129648
2012-02-16,Dovish/Co-operative,107333.94132198376,115984.35831770474,7.33394132198375,15.98435831770475,-7.45826171838252
2012-02-17,Dovish/Co-operative,107577.80725188008,116291.20949812995,7.5778072518800865,16.291209498129945,-7.492743676717872
2012-02-21,Dovish/Co-operative,107618.48907643155,116342.39855061784,7.618489076431545,16.342398550617855,-7.498478270061392
2012-02-22,Dovish/Co-operative,107320.34762300397,115967.253662782,7.3203476230039755,15.967253662782,-7.456334238044581
2012-02-23,Dovish/Co-operative,107726.88128767346,116478.78610579055,7.726881287673448,16.478786105790544,-7.513732852751643
2012-02-24,Dovish/Co-operative,107930.1448109286,116734.54816355216,7.930144810928597,16.734548163552155,-7.5422430558330085
2012-02-27,Dovish/Co-operative,108085.96275093834,116930.61047879128,8.085962750938336,16.930610478791273,-7.564013983709739
2012-02-28,Dovish/Co-operative,108356.94989720231,117271.58769420841,8.356949897202304,17.271587694208424,-7.601702997533788
2012-02-29,Dovish/Co-operative,107991.06496628834,116811.20266626096,7.9910649662883415,16.81120266626095,-7.550763538641469
2012-03-01,Dovish/Co-operative,108472.13233977492,117416.51924935715,8.47213233977493,17.416519249357144,-7.617656328737743
2012-03-02,Dovish/Co-operative,108187.56473084955,117058.45403398797,8.187564730849562,17.058454033987978,-7.5781705613186645
2012-03-05,Dovish/Co-operative,107808.1655188661,116581.06428094205,7.808165518866095,16.58106428094206,-7.525148973537121
2012-03-06,Dovish/Co-operative,106453.11066068082,114876.02830911994,6.453110660680816,14.876028309119938,-7.332180414327949
2012-03-07,Dovish/Co-operative,107090.00921049553,115677.42386242596,7.090009210495518,15.677423862425965,-7.423587390866659
2012-03-08,Dovish/Co-operative,108004.66528342731,116828.31564866907,8.004665283427315,16.82831564866907,-7.552664194677428
2012-03-09,Dovish/Co-operative,108363.73351037382,117280.12336669907,8.363733510373805,17.280123366699062,-7.6026436538154325
2012-03-12,Dovish/Co-operative,108370.50388722694,117288.64238421903,8.370503887226931,17.28864238421903,-7.603582338158265
2012-03-13,Dovish/Co-operative,110050.76185177472,119402.87433150072,10.050761851774714,19.40287433150072,-7.832401466116745
2012-03-14,Dovish/Co-operative,109949.11354474917,119274.97248390652,9.949113544749167,19.274972483906527,-7.818789428281503
2012-03-15,Dovish/Co-operative,110497.9574865181,119965.5708445411,10.497957486518095,19.96557084454109,-7.8919420725232285
2012-03-16,Dovish/Co-operative,110629.96328975605,120131.67086746667,10.62996328975605,20.131670867466678,-7.909410989707477
2012-03-19,Dovish/Co-operative,111004.23342836591,120602.60681936111,11.004233428365918,20.602606819361124,-7.958678211136572
2012-03-20,Dovish/Co-operative,110725.23830947997,120251.55334666232,10.725238309479979,20.25155334666231,-7.921989173578314
2012-03-21,Dovish/Co-operative,110568.68575379996,120054.5666805486,10.568685753799967,20.05456668054859,-7.901307871102881
2012-03-22,Dovish/Co-operative,109881.41639437711,119189.79063619241,9.88141639437712,19.189790636192416,-7.809707687319967
2012-03-23,Dovish/Co-operative,110187.612147541,119575.07007370742,10.187612147541003,19.575070073707423,-7.850681517794545
2012-03-26,Dovish/Co-operative,111521.38300576573,121253.32485262226,11.521383005765728,21.253324852622256,-8.026123703152265
2012-03-27,Dovish/Co-operative,111222.0039565693,120876.6227250247,11.222003956569292,20.876622725024706,-7.987167866542844
2012-03-28,Dovish/Co-operative,110745.60238531289,120277.17701910502,10.74560238531288,20.277177019105007,-7.924674381306874
2012-03-29,Dovish/Co-operative,110582.33239805327,120071.7379553542,10.582332398053262,20.071737955354195,-7.903113354475922
2012-03-30,Dovish/Co-operative,110976.97984881444,120568.31423466206,10.97697984881445,20.568314234662054,-7.9551036661091645
2012-04-02,Dovish/Co-operative,111582.19869786172,121450.29486376527,11.582198697861724,21.45029486376526,-8.125213839104228
2012-04-03,Dovish/Co-operative,111194.00679517588,120953.63530960384,11.19400679517588,20.953635309603836,-8.068900524937783
2012-04-04,Dovish/Co-operative,110257.07669662252,119754.91044747162,10.257076696622525,19.75491044747162,-7.931059958510134
2012-04-05,Dovish/Co-operative,110210.20675998094,119694.94422541771,10.210206759980945,19.69494422541771,-7.924091971315406
2012-04-09,Dovish/Co-operative,109159.515690365,118350.67157422035,9.159515690365016,18.350671574220346,-7.766036104063312
2012-04-10,Dovish/Co-operative,107606.85222057239,116364.16659734036,7.60685222057238,16.36416659734037,-7.525782749831622
2012-04-11,Dovish/Co-operative,108343.03111014972,117306.04682861462,8.343031110149713,17.30604682861463,-7.640710739796697
2012-04-12,Dovish/Co-operative,109540.95795768112,118838.69552606683,9.54095795768113,18.83869552606683,-7.823830047298264
2012-04-13,Dovish/Co-operative,108436.69938652926,117425.88767038348,8.436699386529266,17.42588767038349,-7.655201474045514
2012-04-16,Dovish/Co-operative,108376.49289938377,117348.85843083363,8.37649289938376,17.348858430833623,-7.645890766579755
2012-04-17,Dovish/Co-operative,109735.0376370005,119087.00448443415,9.735037637000499,19.087004484434146,-7.853054065740683
2012-04-18,Dovish/Co-operative,109420.53196577131,118684.6203919964,9.420531965771307,18.68462039199641,-7.805635132527944
2012-04-19,Dovish/Co-operative,108824.88478040567,117922.53889705955,8.824884780405661,17.922538897059546,-7.714940843154395
2012-04-20,Dovish/Co-operative,108978.78557916838,118119.44228831971,8.978785579168381,18.11944228831972,-7.738486173038095
2012-04-23,Dovish/Co-operative,108202.47987950976,117126.22310982113,8.202479879509749,17.126223109821126,-7.618911455843835
2012-04-24,Dovish/Co-operative,108550.46035759183,117571.43545944862,8.550460357591838,17.571435459448615,-7.67276087648705
2012-04-25,Dovish/Co-operative,109808.67179798178,119181.21332627497,9.808671797981772,19.18121332627496,-7.864109843079525
2012-04-26,Dovish/Co-operative,110457.86044964565,120011.79671575637,10.45786044964565,20.01179671575637,-7.960830957925635
2012-04-27,Dovish/Co-operative,110611.78077483663,120208.7250894726,10.611780774836642,20.2087250894726,-7.9835671724268416
2012-04-30,Dovish/Co-operative,110263.7807703263,119763.48775738906,10.263780770326303,19.763487757389054,-7.932056058944104
2012-05-01,Dovish/Co-operative,110845.98726423728,120508.37299506423,10.845987264237289,20.508372995064228,-8.01802023434729
2012-05-02,Dovish/Co-operative,110564.93687343273,120148.79217736013,10.564936873432739,20.14879217736012,-7.9766555537071016
2012-05-03,Dovish/Co-operative,109848.80511687249,119232.56060098464,9.848805116872494,19.232560600984637,-7.870128291142864
2012-05-04,Dovish/Co-operative,108343.03111014972,117306.04682861462,8.343031110149713,17.30604682861463,-7.640710739796697
2012-05-07,Dovish/Co-operative,108409.96119742724,117391.67836053799,8.40996119742725,17.391678360537988,-7.651068021640972
2012-05-08,Dovish/Co-operative,108041.86849823386,116920.73408115818,8.04186849823385,16.920734081158173,-7.593918779847241
2012-05-09,Dovish/Co-operative,107499.75627035706,116227.14615328054,7.499756270357061,16.227146153280536,-7.508908350389831
2012-05-10,Dovish/Co-operative,107687.16442001976,116466.9194391572,7.687164420019754,16.46691943915719,-7.538410959451891
2012-05-11,Dovish/Co-operative,107412.75952363417,116115.84098400232,7.412759523634183,16.11584098400232,-7.495171534405198
2012-05-14,Dovish/Co-operative,106408.93188185041,114831.5262273735,6.40893188185041,14.831526227373493,-7.334740399466455
2012-05-15,Dovish/Co-operative,105893.57736950388,114172.17259179743,5.893577369503888,14.172172591797416,-7.250974588958914
2012-05-16,Dovish/Co-operative,105552.26191226905,113735.48758717524,5.552261912269052,13.735487587175243,-7.194962494563506
2012-05-17,Dovish/Co-operative,104233.85700235245,112048.69713576975,4.233857002352459,12.048697135769748,-6.974503348261186
2012-05-18,Dovish/Co-operative,103484.28298298643,111089.67893963133,3.484282982986442,11.08967893963133,-6.846176916919378
2012-05-21,Dovish/Co-operative,104976.68138634876,112999.07972959324,4.976681386348769,12.999079729593245,-7.099525378827931
2012-05-22,Dovish/Co-operative,105130.64076439626,113196.05806822161,5.130640764396266,13.196058068221618,-7.125175064810508
2012-05-23,Dovish/Co-operative,105177.45212175306,113255.94934290729,5.177452121753046,13.25594934290728,-7.132956165238447
2012-05-24,Dovish/Co-operative,105351.47165043649,113478.59299140514,5.351471650436501,13.478592991405147,-7.1618101059679145
2012-05-25,Dovish/Co-operative,105063.71067711875,113110.42653629823,5.063710677118749,13.110426536298236,-7.114035465684676
2012-05-29,Dovish/Co-operative,106134.48142379888,114480.38947982114,6.134481423798865,14.480389479821131,-7.290251277048066
2012-05-30,Dovish/Co-operative,104836.14317332765,112819.27266577048,4.836143173327656,12.819272665770477,-7.076033468229326
2012-05-31,Dovish/Co-operative,104642.07000281771,112570.97203488852,4.642070002817711,12.570972034888506,-7.043469456418516
2012-06-01,Dovish/Co-operative,102426.86831323846,109736.80399606045,2.4268683132384616,9.73680399606045,-6.661334590247792
2012-06-04,Dovish/Co-operative,102386.7154679195,109685.43173889471,2.386715467919487,9.685431738894712,-6.654225775716283
2012-06-05,Dovish/Co-operative,103035.89110196453,110515.9984734054,3.0358911019645385,10.515998473405407,-6.768347999173063
2012-06-06,Dovish/Co-operative,104976.68138634876,112999.07972959324,4.976681386348769,12.999079729593245,-7.099525378827931
2012-06-07,Dovish/Co-operative,105030.22285264701,113067.58162413779,5.030222852647004,13.067581624137791,-7.10845554140247
2012-06-08,Dovish/Co-operative,105732.95297060914,113966.66690816375,5.73295297060914,13.966666908163749,-7.224668546452683
2012-06-11,Dovish/Co-operative,104601.936683927,112519.62476017885,4.601936683926988,12.51962476017885,-7.0367174554015754
2012-06-12,Dovish/Co-operative,105612.4879258428,113812.54180918119,5.612487925842791,13.81254180918119,-7.20487720684303
2012-06-13,Dovish/Co-operative,105043.64401767339,113084.75289894339,5.043644017673388,13.084752898943396,-7.110692356957992
2012-06-14,Dovish/Co-operative,105980.56760741734,114283.46943359028,5.980567607417342,14.283469433590268,-7.265181803915855
2012-06-15,Dovish/Co-operative,106894.13108014883,115452.2986232918,6.894131080148824,15.452298623291805,-7.412730318230687
2012-06-18,Dovish/Co-operative,107069.01628048526,115676.0498273421,7.069016280485263,15.676049827342098,-7.440635775256577
2012-06-19,Dovish/Co-operative,107943.5724583559,116794.97239730068,7.9435724583559075,16.79497239730068,-7.578579588884205
2012-06-20,Dovish/Co-operative,107795.56213211932,116605.60538028837,7.795562132119316,16.605605380288367,-7.555420015561576
2012-06-21,Dovish/Co-operative,105750.52024723678,113989.1427911416,5.75052024723679,13.989142791141607,-7.227550222919177
2012-06-22,Dovish/Co-operative,106436.6789364127,114867.0262974493,6.43667893641271,14.867026297449293,-7.339223128494787
2012-06-25,Dovish/Co-operative,104997.08650388403,113025.18639618662,4.997086503884018,13.025186396186616,-7.102930017882681
2012-06-26,Dovish/Co-operative,105441.05239449955,113593.20417236997,5.441052394499546,13.593204172369955,-7.17661926808586
2012-06-27,Dovish/Co-operative,106241.57737401422,114617.40992388097,6.241577374014207,14.617409923880963,-7.307644236097522
2012-06-28,Dovish/Co-operative,105985.95690161803,114290.36459146565,5.985956901618028,14.290364591465643,-7.266061071317753
2012-06-29,Dovish/Co-operative,108212.65965744441,117139.24729691909,8.212659657444421,17.13924729691909,-7.620492572269977
2012-07-02,Dovish/Co-operative,108396.41408990943,117492.08285148423,8.396414089909431,17.492082851484227,-7.741516313973396
2012-07-03,Dovish/Co-operative,109004.40627628485,118266.7305218244,9.004406276284849,18.266730521824392,-7.831724276702079
2012-07-05,Dovish/Co-operative,108585.60323481793,117733.13024262046,8.585603234817917,17.733130242620465,-7.769713579305693
2012-07-06,Dovish/Co-operative,107707.42860968664,116614.24098260331,7.707428609686651,16.614240982603313,-7.637842769345293
2012-07-09,Dovish/Co-operative,107592.55957003465,116467.88542745858,7.59255957003464,16.467885427458583,-7.620406110104816
2012-07-10,Dovish/Co-operative,106795.46320589243,115452.2986232918,6.795463205892438,15.452298623291805,-7.49819234491439
2012-07-11,Dovish/Co-operative,106808.9795173576,115469.51986300954,6.808979517357594,15.469519863009552,-7.500282633829791
2012-07-12,Dovish/Co-operative,106369.86932902304,114910.04608680222,6.369869329023037,14.91004608680222,-7.432054070649308
2012-07-13,Dovish/Co-operative,107883.04915565814,116838.00051413896,7.8830491556581395,16.83800051413895,-7.664416815655062
2012-07-16,Dovish/Co-operative,107666.86660342319,116562.56060847937,7.666866603423195,16.56256060847936,-7.631690620572263
2012-07-17,Dovish/Co-operative,108295.1463288643,117363.05679336686,8.2951463288643,17.363056793366873,-7.726375498610105
2012-07-18,Dovish/Co-operative,108977.39326115644,118232.31302484497,8.977393261156429,18.23231302484498,-7.827741441329783
2012-07-19,Dovish/Co-operative,109220.58229258584,118542.16209999862,9.220582292585844,18.542162099998617,-7.863514248668235
2012-07-20,Dovish/Co-operative,108369.44682631886,117457.7236469023,8.36944682631886,17.457723646902302,-7.73748761546268
2012-07-23,Dovish/Co-operative,107437.22656312885,116269.97441047025,7.43722656312884,16.269974410470244,-7.596757367606344
2012-07-24,Dovish/Co-operative,106653.6203667159,115271.5755360798,6.653620366715907,15.271575536079807,-7.476218772308274
2012-07-25,Dovish/Co-operative,106673.83601050785,115297.3324482882,6.673836010507839,15.297332448288191,-7.47935468641312
2012-07-26,Dovish/Co-operative,108166.7740496151,117199.49665347511,8.1667740496151,17.19949665347511,-7.7071342981678175
2012-07-27,Dovish/Co-operative,109862.29336235042,119359.77126729421,9.862293362350428,19.359771267294224,-7.957017514448106
2012-07-30,Dovish/Co-operative,109862.29336235042,119359.77126729421,9.862293362350428,19.359771267294224,-7.957017514448106
2012-07-31,Dovish/Co-operative,109207.09866079055,118524.98249770766,9.207098660790546,18.524982497707665,-7.861535720621027
2012-08-01,Dovish/Co-operative,109125.96811232966,118421.61342197443,9.125968112329662,18.421613421974435,-7.849618866888242
2012-08-02,Dovish/Co-operative,108484.25704256506,117604.00425467883,8.484257042565059,17.604004254678827,-7.7546230418858775
2012-08-03,Dovish/Co-operative,110314.91986215016,119936.46628321928,10.314919862150163,19.93646628321928,-8.022202687169976
2012-08-06,Dovish/Co-operative,110497.32470759016,120168.86974455524,10.497324707590149,20.16886974455523,-8.048294918246324
2012-08-07,Dovish/Co-operative,110970.1799230498,120771.33832765941,10.970179923049805,20.771338327659407,-8.115467246060081
2012-08-08,Dovish/Co-operative,111085.00321116396,120917.63559040664,11.085003211163968,20.917635590406647,-8.131677675661386
2012-08-09,Dovish/Co-operative,111166.04225654918,121020.88808134489,11.16604225654918,21.0208880813449,-8.143094949172514
2012-08-10,Dovish/Co-operative,111321.46676653065,121218.9156831282,11.321466766530651,21.21891568312819,-8.164937675626415
2012-08-13,Dovish/Co-operative,111274.18582013847,121158.67465405754,11.274185820138483,21.158674654057542,-8.15830056093143
2012-08-14,Dovish/Co-operative,111287.64330819785,121175.82094640707,11.287643308197847,21.175820946407065,-8.160190342413697
2012-08-15,Dovish/Co-operative,111395.72804838135,121313.5325717515,11.39572804838136,21.3135325717515,-8.175348877508126
2012-08-16,Dovish/Co-operative,112098.2886634751,122208.67062771837,12.09828866347511,22.208670627718362,-8.273047986130466
2012-08-17,Dovish/Co-operative,112226.62172712045,122372.18080269799,12.226621727120456,22.372180802697983,-8.290739781728107
2012-08-20,Dovish/Co-operative,112233.38641878702,122380.7997500422,12.233386418787017,22.380799750042215,-8.291671039886051
2012-08-21,Dovish/Co-operative,111942.92951283339,122010.72630078862,11.9429295128334,22.01072630078862,-8.25156696726438
2012-08-22,Dovish/Co-operative,111983.47191129492,122062.38169245649,11.983471911294918,22.06238169245649,-8.257179354861343
2012-08-23,Dovish/Co-operative,111199.859178948,121063.97449058067,11.19985917894799,21.063974490580684,-8.147853523840942
2012-08-24,Dovish/Co-operative,111774.03444292459,121795.53575168506,11.774034442924597,21.79553575168507,-8.228135166786544
2012-08-27,Dovish/Co-operative,111794.30237418837,121821.35928377631,11.79430237418837,21.82135928377631,-8.23095142636724
2012-08-28,Dovish/Co-operative,111699.72740953605,121700.86057066427,11.699727409536042,21.700860570664272,-8.217799869476828
2012-08-29,Dovish/Co-operative,111774.03444292459,121795.53575168506,11.774034442924597,21.79553575168507,-8.228135166786544
2012-08-30,Dovish/Co-operative,111085.00321116396,120917.63559040664,11.085003211163968,20.917635590406647,-8.131677675661386
2012-08-31,Dovish/Co-operative,111537.5970312938,121494.28896890493,11.5375970312938,21.49428896890493,-8.195193389015543
2012-09-04,Dovish/Co-operative,111449.78022237407,121382.40087565176,11.449780222374063,21.382400875651754,-8.182916618573888
2012-09-05,Dovish/Co-operative,111368.71503325294,121279.11507477208,11.36871503325294,21.279115074772093,-8.171563616216272
2012-09-06,Dovish/Co-operative,113300.70443728895,123740.6781087981,13.300704437288946,23.740678108798097,-8.436977904977926
2012-09-07,Dovish/Co-operative,113679.01736776617,124222.68961621703,13.679017367766155,24.222689616217032,-8.487718532761834
2012-09-10,Dovish/Co-operative,113125.09042725143,123516.92690474782,13.125090427251429,23.516926904747827,-8.41328936681709
2012-09-11,Dovish/Co-operative,113395.27286600729,123861.1684944248,13.395272866007279,23.86116849442479,-8.449698768091785
2012-09-12,Dovish/Co-operative,113719.53362249178,124274.31169794347,13.719533622491786,24.274311697943475,-8.493129377457942
2012-09-13,Dovish/Co-operative,115205.68082619656,126167.82364584472,15.205680826196556,26.167823645844713,-8.68854078867135
2012-09-14,Dovish/Co-operative,115644.75833486124,126727.25578462526,15.64475833486123,26.72725578462527,-8.745156976016965
2012-09-17,Dovish/Co-operative,115307.02048251544,126296.941306301,15.307020482515444,26.296941306301,-8.701652399587667
2012-09-18,Dovish/Co-operative,115225.94875746033,126193.64717793597,15.225948757460328,26.193647177935976,-8.691165257321497
2012-09-19,Dovish/Co-operative,115279.98132365113,126262.49049938016,15.279981323651114,26.262490499380164,-8.698156619826026
2012-09-20,Dovish/Co-operative,115286.75908718564,126271.1261016951,15.286759087185642,26.27112610169511,-8.699033067672946
2012-09-21,Dovish/Co-operative,115245.30819390125,126218.31318956264,15.245308193901241,26.218313189562647,-8.693671083356536
2012-09-24,Dovish/Co-operative,115095.92942284883,126027.98851173431,15.09592942284883,26.027988511734314,-8.674310538462338
2012-09-25,Dovish/Co-operative,114043.25189645616,124686.76372017752,14.043251896456166,24.68676372017753,-8.536200239832647
2012-09-26,Dovish/Co-operative,113493.18115698805,123985.91422506879,13.493181156988054,23.985914225068793,-8.462842842803509
2012-09-27,Dovish/Co-operative,114410.00275972743,125154.04390600036,14.410002759727437,25.154043906000357,-8.584653608430315
2012-09-28,Dovish/Co-operative,113954.97103622404,124574.284375464,13.954971036224052,24.574284375464007,-8.524482715255743
2012-10-01,Dovish/Co-operative,114115.47288626539,124903.07847980424,14.11547288626538,24.903078479804243,-8.636781194534871
2012-10-02,Dovish/Co-operative,114216.37344440151,125032.89564903048,14.216373444401519,25.032895649030486,-8.650941137115742
2012-10-03,Dovish/Co-operative,114613.17950105005,125543.42046631088,14.613179501050055,25.543420466310884,-8.70634313185208
2012-10-04,Dovish/Co-operative,115312.61603407378,126443.30518893109,15.31261603407379,26.4433051889311,-8.802909049416153
2012-10-05,Dovish/Co-operative,115319.33453938813,126451.94911873138,15.31933453938814,26.451949118731388,-8.803829958279518
2012-10-08,Dovish/Co-operative,114983.07917369885,126019.3279269633,14.983079173698854,26.01932792696331,-8.757584201417668
2012-10-09,Dovish/Co-operative,114014.62410851703,124773.32793046084,14.014624108517037,24.77332793046085,-8.622599076575
2012-10-10,Dovish/Co-operative,113395.86789220167,123977.24531281242,13.395867892201663,23.97724531281242,-8.534935095478534
2012-10-11,Dovish/Co-operative,113449.70007784656,124046.50500852444,13.449700077846561,24.046505008524456,-8.542606605441783
2012-10-12,Dovish/Co-operative,113133.57433790641,123639.78229621582,13.133574337906406,23.639782296215817,-8.49743323968225
2012-10-15,Dovish/Co-operative,113933.91142906628,124669.48418806228,13.933911429066281,24.669484188062274,-8.61122738167548
2012-10-16,Dovish/Co-operative,114915.80350487679,125932.77204416534,14.915803504876802,25.932772044165333,-8.748293522376239
2012-10-17,Dovish/Co-operative,115359.71029675892,126503.89597238674,15.35971029675891,26.503895972386736,-8.809361632672863
2012-10-18,Dovish/Co-operative,115104.12877522953,126175.06855810508,15.10412877522953,26.175068558105075,-8.774268886390379
2012-10-19,Dovish/Co-operative,113469.86853888654,124072.45345289605,13.469868538886542,24.07245345289606,-8.545478564292896
2012-10-22,Dovish/Co-operative,113483.29260441828,124089.72465752593,13.483292604418274,24.089724657525924,-8.547389465469635
2012-10-23,Dovish/Co-operative,112144.92492149073,122367.80054540034,12.14492492149073,22.36780054540035,-8.354220291895142
2012-10-24,Dovish/Co-operative,111875.93875207502,122021.72690894487,11.875938752075022,22.02172690894486,-8.314739033681152
2012-10-25,Dovish/Co-operative,112151.69520719285,122376.5110950835,12.151695207192859,22.376511095083494,-8.355211140106956
2012-10-26,Dovish/Co-operative,112097.85654899948,122307.24307188611,12.097856548999486,22.30724307188612,-8.347327816788464
2012-10-31,Dovish/Co-operative,112097.85654899948,122307.24307188611,12.097856548999486,22.30724307188612,-8.347327816788464
2012-11-01,Dovish/Co-operative,113093.19210798715,123587.82711507512,13.09319210798716,23.58782711507512,-8.491641330756794
2012-11-02,Dovish/Co-operative,112239.09402921557,122488.95712985557,12.239094029215568,22.48895712985557,-8.36798952396476
2012-11-05,Dovish/Co-operative,112434.13133233419,122739.88924611027,12.434131332334196,22.739889246110256,-8.396421063336323
2012-11-06,Dovish/Co-operative,113180.64271039765,123700.33976973005,13.180642710397649,23.70033976973005,-8.504177982788875
2012-11-07,Dovish/Co-operative,111001.6398495211,120896.86684192694,11.001639849521094,20.89686684192693,-8.184849823563978
2012-11-08,Dovish/Co-operative,109871.7400077924,119443.15437817127,9.871740007792408,19.44315437817128,-8.013363696068032
2012-11-09,Dovish/Co-operative,109952.4591597916,119547.0064480552,9.952459159791594,19.547006448055203,-8.025752859342871
2012-11-12,Dovish/Co-operative,110026.44038883106,119642.18960568275,10.02644038883107,19.64218960568276,-8.037088963803917
2012-11-13,Dovish/Co-operative,109703.6090886735,119226.83961854456,9.703609088673492,19.226839618544567,-7.987488857659708
2012-11-14,Dovish/Co-operative,108452.7049532534,117617.4448160446,8.45270495325341,17.617444816044614,-7.7919902758685105
2012-11-15,Dovish/Co-operative,108298.00457221473,117418.40958853313,8.298004572214722,17.418409588533134,-7.767440428020478
2012-11-16,Dovish/Co-operative,108748.60397921733,117998.14413661341,8.748603979217329,17.998144136613405,-7.8387166383628415
2012-11-19,Dovish/Co-operative,110604.86615561493,120386.38366207332,10.604866155614934,20.386383662073328,-8.125102863721933
2012-11-20,Dovish/Co-operative,110645.16424240406,120438.2305859044,10.645164242404071,20.438230585904392,-8.13119413649579
2012-11-21,Dovish/Co-operative,110820.07191977353,120663.26422269962,10.820071919773522,20.663264222699617,-8.157571706960631
2012-11-23,Dovish/Co-operative,112097.85654899948,122307.24307188611,12.097856548999486,22.30724307188612,-8.347327816788464
2012-11-26,Dovish/Co-operative,111896.09426801805,122047.65869834577,11.896094268018054,22.047658698345774,-8.317705180579038
2012-11-27,Dovish/Co-operative,111411.86349915291,121424.65453635185,11.411863499152908,21.424654536351852,-8.246093905254915
2012-11-28,Dovish/Co-operative,112171.8701407813,122402.46786694045,12.171870140781316,22.402467866940444,-8.358162955734262
2012-11-29,Dovish/Co-operative,112615.71220717872,122973.5085203083,12.61571220717872,22.973508520308307,-8.42278669427331
2012-11-30,Dovish/Co-operative,112635.86125057327,122999.43198222383,12.635861250573278,22.99943198222383,-8.425706171674296
2012-12-03,Dovish/Co-operative,112165.13869037002,122393.80728216944,12.165138690370014,22.39380728216944,-8.357178209366435
2012-12-04,Dovish/Co-operative,112030.64560566215,122220.7704639417,12.03064560566216,22.220770463941708,-8.337473916747973
2012-12-05,Dovish/Co-operative,112198.75710713562,122437.06024111235,12.198757107135627,22.437060241112363,-8.362094870470338
2012-12-06,Dovish/Co-operative,112521.54957200233,122852.36026333841,12.521549572002332,22.85236026333841,-8.40912675116019
2012-12-07,Dovish/Co-operative,112810.74303774886,123224.43230907763,12.810743037748873,23.224432309077624,-8.450993911019722
2012-12-10,Dovish/Co-operative,112851.11879511965,123276.37916273298,12.851118795119643,23.276379162732972,-8.456819090907352
2012-12-11,Dovish/Co-operative,113503.46106545825,124115.67310189754,13.503461065458255,24.11567310189755,-8.550259424308793
2012-12-12,Dovish/Co-operative,113550.54885559491,124176.25555786783,13.5505488555949,24.17625555786782,-8.556955316889226
2012-12-13,Dovish/Co-operative,112958.71196837624,123414.8069518181,12.958711968376235,23.4148069518181,-8.472318064334027
2012-12-14,Dovish/Co-operative,112602.24930635613,122956.18735076627,12.602249306356118,22.956187350766278,-8.420835313372798
2012-12-17,Dovish/Co-operative,113725.4306427705,124401.25588472163,13.725430642770498,24.401255884721618,-8.581766450850015
2012-12-18,Dovish/Co-operative,114801.45946356349,125785.65868785314,14.801459463563482,25.785658687853143,-8.732473430494803
2012-12-19,Dovish/Co-operative,114075.12949163695,124851.17326357566,14.075129491636961,24.851173263575667,-8.631111338608887
2012-12-20,Dovish/Co-operative,114633.30265425071,125569.31061828499,14.633302654250713,25.56931061828498,-8.709140720918962
2012-12-21,Dovish/Co-operative,113747.4243624797,124429.55267996385,13.747424362479688,24.42955267996385,-8.58488043026151
2012-12-24,Dovish/Co-operative,113449.42823081072,124046.15525413946,13.449428230810723,24.046155254139467,-8.542567886621477
2012-12-26,Dovish/Co-operative,113043.04280242305,123523.30575853109,13.043042802423056,23.523305758531098,-8.484441775380692
2012-12-27,Dovish/Co-operative,112914.32970350103,123357.70538472693,12.914329703501037,23.357705384726923,-8.465928941086565
2012-12-28,Dovish/Co-operative,111878.06174797396,122024.45832414189,11.878061747973966,22.024458324141882,-8.315051519602212
2012-12-31,Dovish/Co-operative,113490.03052737804,124098.3935697823,13.49003052737805,24.098393569782296,-8.548348401012163
2013-01-02,Dovish/Co-operative,115863.49196119072,127279.10158424581,15.863491961190723,27.279101584245822,-8.968958360771516
2013-01-03,Dovish/Co-operative,115640.782235913,126991.5202049361,15.640782235912987,26.991520204936094,-8.938185755005957
2013-01-04,Dovish/Co-operative,116072.65878894475,127549.19524430636,16.07265878894475,27.549195244306368,-8.997733332130853
2013-01-07,Dovish/Co-operative,115802.7617392952,127200.68165464138,15.802761739295201,27.20068165464138,-8.960580845228739
2013-01-08,Dovish/Co-operative,115519.27020013136,126834.61372584438,15.519270200131352,26.83461372584437,-8.921337159721531
2013-01-09,Dovish/Co-operative,115769.00123046826,127157.08726879883,15.769001230468271,27.15708726879884,-8.955919235753774
2013-01-10,Dovish/Co-operative,116551.83229932829,128167.94406128298,16.551832299328282,28.16794406128298,-9.063195830308779
2013-01-11,Dovish/Co-operative,116545.06085056646,128159.2002016584,16.54506085056646,28.159200201658408,-9.062275149046739
2013-01-14,Dovish/Co-operative,116477.59142490318,128072.07804985617,16.47759142490317,28.072078049856163,-9.053094789669503
2013-01-15,Dovish/Co-operative,116545.06085056646,128159.2002016584,16.54506085056646,28.159200201658408,-9.062275149046739
2013-01-16,Dovish/Co-operative,116531.54374903804,128141.74579235067,16.531543749038047,28.14174579235067,-9.06043691813483
2013-01-17,Dovish/Co-operative,117172.67741580732,128969.6310765765,17.172677415807325,28.969631076576484,-9.147078705501343
2013-01-18,Dovish/Co-operative,117395.39359008386,129257.22078337155,17.395393590083863,29.25722078337154,-9.176916478165275
2013-01-22,Dovish/Co-operative,117935.27152636765,129954.35622001118,17.935271526367647,29.95435622001117,-9.248697037362374
2013-01-23,Dovish/Co-operative,118097.21878475575,130163.47603228968,18.097218784755743,30.163476032289683,-9.270079146119791
2013-01-24,Dovish/Co-operative,118124.201395822,130198.31823102228,18.124201395822006,30.19831823102228,-9.273635020212867
2013-01-25,Dovish/Co-operative,118691.04259617558,130930.27088393843,18.691042596175578,30.930270883938427,-9.347898087381312
2013-01-28,Dovish/Co-operative,118569.58215238452,130773.43102472957,18.569582152384513,30.773431024729557,-9.332055278137707
2013-01-29,Dovish/Co-operative,118967.73044158345,131287.55331568408,18.96773044158344,31.287553315684093,-9.383846802657159
2013-01-30,Dovish/Co-operative,118569.58215238452,130773.43102472957,18.569582152384513,30.773431024729557,-9.332055278137707
2013-01-31,Dovish/Co-operative,118319.89626503937,130451.0157741726,18.31989626503936,30.451015774172596,-9.299367611007147
2013-02-01,Dovish/Co-operative,119359.1846700064,131793.0316768383,19.359184670006414,31.79303167683829,-9.434373614926905
2013-02-04,Dovish/Co-operative,118211.92712678143,130311.59701433004,18.211927126781436,30.31159701433004,-9.285182719553376
2013-02-05,Dovish/Co-operative,119231.00436944405,131627.5145778877,19.23100436944405,31.627514577887684,-9.417871520401821
2013-02-06,Dovish/Co-operative,119305.17430488215,131723.2889869756,19.305174304882144,31.723288986975582,-9.427425307700377
2013-02-07,Dovish/Co-operative,119170.22900455678,131549.03635588576,19.17022900455678,31.549036355885775,-9.41003271041836
2013-02-08,Dovish/Co-operative,119737.12179690093,132281.05562868476,19.737121796900926,32.281055628684754,-9.482789332279651
2013-02-11,Dovish/Co-operative,119716.79455261775,132254.80739484032,19.716794552617745,32.25480739484033,-9.480194398371422
2013-02-12,Dovish/Co-operative,119885.5841987547,132472.76266908232,19.885584198754703,32.47276266908232,-9.50171055296134
2013-02-13,Dovish/Co-operative,119973.28413371886,132586.00814244864,19.97328413371886,32.586008142448655,-9.512862017218925
2013-02-14,Dovish/Co-operative,120067.75551744485,132707.99747543957,20.06775551744484,32.707997475439576,-9.524853210398309
2013-02-15,Dovish/Co-operative,119946.27572665732,132551.1326337746,19.946275726657326,32.55113263377461,-9.509429800153601
2013-02-19,Dovish/Co-operative,120715.65418397715,133544.6182918046,20.71565418397716,33.544618291804596,-9.606500263301687
2013-02-20,Dovish/Co-operative,119426.64764667086,131880.14550115517,19.426647646670858,31.880145501155166,-9.443042246548961
2013-02-21,Dovish/Co-operative,118805.78318319537,131078.43350340557,18.805783183195366,31.078433503405577,-9.362829561043961
2013-02-22,Dovish/Co-operative,119797.83912079882,132359.4589033185,19.79783912079882,32.359458903318504,-9.490534251651239
2013-02-25,Dovish/Co-operative,117847.52644841177,129841.05245424736,17.847526448411767,29.841052454247354,-9.237083171412063
2013-02-26,Dovish/Co-operative,118535.86033755052,130729.88660379917,18.535860337550524,30.729886603799162,-9.32764999881387
2013-02-27,Dovish/Co-operative,119811.32397733313,132376.87167519945,19.81132397733314,32.376871675199446,-9.4922530944055
2013-02-28,Dovish/Co-operative,119608.88990434802,132115.47190985133,19.608889904348015,32.11547190985134,-9.466402250023487
2013-03-01,Dovish/Co-operative,119946.27572665732,132551.1326337746,19.946275726657326,32.55113263377461,-9.509429800153601
2013-03-04,Dovish/Co-operative,120492.87351971239,133256.94531015595,20.492873519712383,33.25694531015595,-9.578541486700853
2013-03-05,Dovish/Co-operative,121417.42778665846,134450.80692083985,21.41742778665845,34.45080692083986,-9.693790191869223
2013-03-06,Dovish/Co-operative,121559.1509847445,134633.8117390396,21.5591509847445,34.63381173903961,-9.711275782370098
2013-03-07,Dovish/Co-operative,121748.07440520002,134877.76542256534,21.748074405200015,34.87776542256533,-9.73451107840544
2013-03-08,Dovish/Co-operative,122193.52610074957,135452.96981861157,22.193526100749562,35.45296981861157,-9.78896493418937
2013-03-11,Dovish/Co-operative,122591.73887993672,135967.17538441965,22.591738879936727,35.96717538441965,-9.83725407743935
2013-03-12,Dovish/Co-operative,122355.4862571353,135662.10628586076,22.355486257135304,35.66210628586077,-9.808649145315773
2013-03-13,Dovish/Co-operative,122503.9228629938,135853.7800163169,22.503922862993807,35.8537800163169,-9.826636514434629
2013-03-14,Dovish/Co-operative,123064.06355357257,136577.0804119474,23.064063553572577,36.577080411947385,-9.894058957488694
2013-03-15,Dovish/Co-operative,122924.42338210566,136396.76537151786,22.92442338210565,36.39676537151786,-9.877317803480313
2013-03-18,Dovish/Co-operative,122341.48548069534,135644.0273151513,22.341485480695344,35.644027315151305,-9.806949924561902
2013-03-19,Dovish/Co-operative,122097.44246731838,135328.89861428147,22.097442467318373,35.32889861428148,-9.777258429240444
2013-03-20,Dovish/Co-operative,122829.55216045277,136274.25973443483,22.82955216045277,36.274259734434835,-9.865918626292668
2013-03-21,Dovish/Co-operative,121927.97567630523,135110.06895407703,21.927975676305223,35.11006895407702,-9.756558767098477
2013-03-22,Dovish/Co-operative,122768.53818260912,136195.47339547472,22.76853818260911,36.19547339547473,-9.858576704585055
2013-03-25,Dovish/Co-operative,122327.9038891787,135626.48963099,22.327903889178714,35.62648963099,-9.805301145811429
2013-03-26,Dovish/Co-operative,123168.44704848614,136711.8690899316,23.16844704848613,36.711869089931604,-9.906544421930441
2013-03-27,Dovish/Co-operative,123168.44704848614,136711.8690899316,23.16844704848613,36.711869089931604,-9.906544421930441
2013-03-28,Dovish/Co-operative,123493.8248349911,137132.02403612065,23.493824834991095,37.13202403612066,-9.945305844488406
2013-04-01,Dovish/Co-operative,122968.37412021108,136589.35512536322,22.968374120211088,36.58935512536321,-9.972212690110915
2013-04-02,Dovish/Co-operative,123484.5348016105,137263.29018779896,23.4845348016105,37.26329018779897,-10.038194019199775
2013-04-03,Dovish/Co-operative,122418.67182797403,135871.62581743638,22.418671827974034,35.87162581743637,-9.901223974119787
2013-04-04,Dovish/Co-operative,122840.9938099526,136423.0385878184,22.840993809952614,36.42303858781839,-9.955829248827897
2013-04-05,Dovish/Co-operative,122371.74291134665,135810.35218018148,22.371742911346647,35.81035218018147,-9.895128797696984
2013-04-08,Dovish/Co-operative,123075.61288131094,136729.3734641515,23.075612881310946,36.72937346415148,-9.985974657025965
2013-04-09,Dovish/Co-operative,123437.6569085402,137202.08317042692,23.437656908540205,37.202083170426924,-10.032228333435068
2013-04-10,Dovish/Co-operative,124724.78991541309,138882.65299027093,24.72478991541309,38.88265299027094,-10.194119114249379
2013-04-11,Dovish/Co-operative,125073.39561329555,139337.8166848997,25.073395613295556,39.33781668489971,-10.237293371591939
2013-04-12,Dovish/Co-operative,124811.89988324358,138996.3897852733,24.81189988324357,38.99638978527329,-10.204934044648528
2013-04-15,Dovish/Co-operative,122344.94278798865,135775.36008671246,22.344942787988643,35.77536008671247,-9.89164550191325
2013-04-16,Dovish/Co-operative,123880.0821720096,137779.74417465337,23.880082172009608,37.77974417465337,-10.088320373874538
2013-04-17,Dovish/Co-operative,122338.22043434292,135766.58291714644,22.338220434342926,35.76658291714645,-9.89077149492551
2013-04-18,Dovish/Co-operative,121687.98260081784,134917.5874575413,21.687982600817833,34.9175874575413,-9.805693316956788
2013-04-19,Dovish/Co-operative,122586.27145710344,136090.45547764085,22.586271457103436,36.090455477640845,-9.92294718475396
2013-04-22,Dovish/Co-operative,123048.8255138422,136694.39802565318,23.048825513842196,36.69439802565317,-9.982539671633173
2013-04-23,Dovish/Co-operative,124128.10130504695,138103.57509772098,24.128101305046947,38.10357509772098,-10.119559745491813
2013-04-24,Dovish/Co-operative,124195.15263699905,138191.1219512764,24.19515263699905,38.19112195127641,-10.127980087759958
2013-04-25,Dovish/Co-operative,124624.20972851261,138751.32854619512,24.624209728512604,38.75132854619512,-10.181609765977196
2013-04-26,Dovish/Co-operative,124436.50043994775,138506.24232466085,24.43650043994774,38.506242324660846,-10.158200560905694
2013-04-29,Dovish/Co-operative,125147.11189739166,139434.06576065294,25.14711189739165,39.434065760652935,-10.24638691077524
2013-04-30,Dovish/Co-operative,125401.82149435155,139766.63221585975,25.40182149435155,39.766632215859744,-10.277711134459299
2013-05-01,Dovish/Co-operative,124463.3260750843,138541.2677280713,24.463326075084304,38.54126772807132,-10.161551055400464
2013-05-02,Dovish/Co-operative,125448.71214331112,139827.85588820252,25.448712143311127,39.82785588820252,-10.283461513125147
2013-05-03,Dovish/Co-operative,126534.7485558294,141245.86009474847,26.534748555829403,41.245860094748465,-10.415251483513055
2013-05-06,Dovish/Co-operative,126809.65072550501,141604.79136859474,26.80965072550501,41.60479136859474,-10.448192112778331
2013-05-07,Dovish/Co-operative,127359.3785295206,142322.55398646303,27.359378529520594,42.32255398646303,-10.513565866985243
2013-05-08,Dovish/Co-operative,127855.41679559529,142970.21583259825,27.85541679559529,42.970215832598235,-10.571991480170006
2013-05-09,Dovish/Co-operative,127546.99214891595,142567.51529571693,27.54699214891594,42.56751529571694,-10.535726259691813
2013-05-10,Happiness Zone,127902.35846811194,143031.50612482385,27.90235846811193,43.03150612482385,-10.577493075902222
2013-05-13,Happiness Zone,127989.45568005314,143145.22626485553,27.989455680053133,43.14522626485553,-10.587688447786803
2013-05-14,Happiness Zone,129122.44652097735,144624.5374185978,29.122446520977352,44.62453741859782,-10.71885253658692
2013-05-15,Happiness Zone,129719.06497395251,145403.52370880885,29.719064973952513,45.40352370880885,-10.786849131845443
2013-05-16,Happiness Zone,129196.17556096273,144720.80314932173,29.196175560962722,44.72080314932172,-10.727295074738363
2013-05-17,Happiness Zone,130268.75451030029,146121.23636176495,30.26875451030029,46.12123636176495,-10.84885554363727
2013-05-20,Happiness Zone,130262.07042432237,146112.5091571111,30.262070424322363,46.11250915711111,-10.848105219892679
2013-05-21,Happiness Zone,130422.93494391679,146322.54499277883,30.42293494391679,46.32254499277884,-10.86613826300431
2013-05-22,Happiness Zone,129591.7356872511,145237.27379114684,29.59173568725111,45.23727379114683,-10.772398638103219
2013-05-23,Happiness Zone,129269.90460094812,144817.06888004567,29.269904600948117,44.81706888004566,-10.735726388700428
2013-05-24,Happiness Zone,129176.03401180409,144694.50495056514,29.176034011804084,44.69450495056515,-10.72498982878647
2013-05-28,Happiness Zone,129839.72293056527,145561.0630767877,29.839722930565273,45.56106307678769,-10.800512042103561
2013-05-29,Happiness Zone,129115.72416733162,144615.7602490318,29.115724167331614,44.6157602490318,-10.718082216633062
2013-05-30,Happiness Zone,129524.6652214651,145149.70195513536,29.524665221465106,45.14970195513537,-10.764773556682773
2013-05-31,Happiness Zone,127929.18410324848,143066.5315282343,27.929184103248474,43.0665315282343,-10.580634941861621
2013-06-03,Happiness Zone,128532.49939809083,143854.26167806992,28.532499398090838,43.85426167806992,-10.650892160753301
2013-06-04,Happiness Zone,128002.93865501242,143162.83056889966,28.00293865501242,43.162830568899665,-10.589265281808801
2013-06-05,Happiness Zone,126467.74186948974,141158.37153359054,26.467741869489725,41.15837153359054,-10.407196898417725
2013-06-06,Happiness Zone,127446.47574146182,142436.27412649468,27.446475741461818,42.43627412649469,-10.523863023628888
2013-06-07,Happiness Zone,128834.17617934592,144248.1517354438,28.834176179345917,44.248151735443784,-10.685735221320314
2013-06-10,Happiness Zone,128834.17617934592,144248.1517354438,28.834176179345917,44.248151735443784,-10.685735221320314
2013-06-11,Happiness Zone,127694.51400833306,142760.13003201835,27.694514008333073,42.76013003201835,-10.553097717343318
2013-06-12,Happiness Zone,126789.53468812491,141578.5264797796,26.789534688124906,41.5785264797796,-10.445787337507618
2013-06-13,Happiness Zone,128438.66707661463,143731.74771350154,28.43866707661462,43.73174771350155,-10.640015779513368
2013-06-14,Happiness Zone,127748.19079038472,142830.2141487807,27.748190790384708,42.8302141487807,-10.559406809182292
2013-06-17,Happiness Zone,128592.82199845258,143933.023034574,28.59282199845259,43.933023034574006,-10.657874553525193
2013-06-18,Happiness Zone,129464.35537699262,145070.957253602,29.464355376992614,45.07095725360202,-10.757909213576855
2013-06-19,Happiness Zone,127929.18410324848,143066.5315282343,27.929184103248474,43.0665315282343,-10.580634941861621
2013-06-20,Happiness Zone,125214.15685139914,139521.60428672298,25.21415685139914,39.521604286722976,-10.25464658929912
2013-06-21,Happiness Zone,125557.14995800242,139969.43979423784,25.557149958002423,39.969439794237836,-10.296740386631686
2013-06-24,Happiness Zone,124202.58932044393,138200.83179920237,24.202589320443924,38.200831799202376,-10.12891333324032
2013-06-25,Happiness Zone,125220.24141058132,139529.54870775333,25.220241410581323,39.529548707753335,-10.25539567044903
2013-06-26,Happiness Zone,126278.2531343716,140910.96194364177,26.2782531343716,40.910961943641766,-10.384365139117158
2013-06-27,Happiness Zone,126911.74886322871,141738.09775418547,26.911748863228713,41.73809775418547,-10.46038371184429
2013-06-28,Happiness Zone,126466.92549257641,141157.3056154649,26.466925492576408,41.15730561546489,-10.407098703702545
2013-07-01,Happiness Zone,127046.11267845398,141984.52470086218,27.04611267845398,41.98452470086218,-10.521155072273514
2013-07-02,Happiness Zone,127046.11267845398,141852.48409304567,27.04611267845398,41.852484093045675,-10.437865441171768
2013-07-03,Happiness Zone,127046.11267845398,141914.07417474414,27.04611267845398,41.91407417474413,-10.476735012189609
2013-07-05,Happiness Zone,127046.11267845398,143445.16563243463,27.04611267845398,43.44516563243464,-11.43227998077101
2013-07-08,Happiness Zone,127046.11267845398,144263.4743085002,27.04611267845398,44.263474308500214,-11.934664482866786
2013-07-09,Happiness Zone,127046.11267845398,145301.7951476909,27.04611267845398,45.30179514769088,-12.56397586188186
2013-07-10,Happiness Zone,127046.11267845398,145354.60805982334,27.04611267845398,45.35460805982334,-12.59574472784114
2013-07-11,Happiness Zone,127046.11267845398,147334.4343934472,27.04611267845398,47.334434393447225,-13.770251196549587
2013-07-12,Happiness Zone,127046.11267845398,147396.02447514568,27.04611267845398,47.39602447514568,-13.806282679030568
2013-07-15,Happiness Zone,127046.11267845398,147959.12903496853,27.04611267845398,47.95912903496853,-14.134319722557965
2013-07-16,Happiness Zone,127046.11267845398,147404.8016447117,27.04611267845398,47.4048016447117,-13.811415055072674
2013-07-17,Happiness Zone,127046.11267845398,147783.1526144099,27.04611267845398,47.783152614409886,-14.03207305372771
2013-07-18,Happiness Zone,127046.11267845398,148592.71743085087,27.04611267845398,48.592717430850875,-14.500444654983724
2013-07-19,Happiness Zone,127046.11267845398,148856.7486815717,27.04611267845398,48.8567486815717,-14.652097534236862
2013-07-22,Happiness Zone,127046.11267845398,149147.09478601988,27.04611267845398,49.147094786019885,-14.818245128592011
2013-07-23,Happiness Zone,127046.11267845398,148830.31724304942,27.04611267845398,48.83031724304943,-14.636940220331883
2013-07-24,Happiness Zone,127046.11267845398,148284.75036738784,27.04611267845398,48.28475036738784,-14.322873819670168
2013-07-25,Happiness Zone,127046.11267845398,148645.53034298331,27.04611267845398,48.645530342983314,-14.530822161077461
2013-07-26,Happiness Zone,127046.11267845398,148803.91911446853,27.04611267845398,48.80391911446853,-14.62179663378167
2013-07-29,Happiness Zone,127046.11267845398,148346.3071391449,27.04611267845398,48.3463071391449,-14.358425815555954
2013-07-30,Happiness Zone,127046.11267845398,148346.3071391449,27.04611267845398,48.3463071391449,-14.358425815555954
2013-07-31,Happiness Zone,127046.11267845398,148451.96627335122,27.04611267845398,48.45196627335122,-14.41938031018174
2013-08-01,Happiness Zone,127046.11267845398,150167.79466619567,27.04611267845398,50.167794666195675,-15.397230837103459
2013-08-02,Happiness Zone,127046.11267845398,150422.96547249696,27.04611267845398,50.42296547249696,-15.540747199480753
2013-08-05,Happiness Zone,127046.11267845398,150202.96996434257,27.04611267845398,50.20296996434257,-15.41704354540121
2013-08-06,Happiness Zone,127046.11267845398,149349.43602521796,27.04611267845398,49.349436025217955,-14.933650866279812
2013-08-07,Happiness Zone,127046.11267845398,148865.47588622558,27.04611267845398,48.86547588622558,-14.657101035600517
2013-08-08,Happiness Zone,127046.11267845398,149411.02610691643,27.04611267845398,49.41102610691643,-14.968716841860408
2013-08-09,Happiness Zone,127046.11267845398,148979.8788800565,27.04611267845398,48.9798788800565,-14.722636618104223
2013-08-12,Happiness Zone,127046.11267845398,148803.91911446853,27.04611267845398,48.80391911446853,-14.62179663378167
2013-08-13,Happiness Zone,127046.11267845398,149243.87682083593,27.04611267845398,49.24387682083593,-14.8734840016451
2013-08-14,Happiness Zone,127046.11267845398,148478.28112707852,27.04611267845398,48.478281127078525,-14.434547791054586
2013-08-15,Happiness Zone,127046.11267845398,146401.72272355075,27.04611267845398,46.40172272355074,-13.220889539425585
2013-08-16,Happiness Zone,127046.11267845398,145917.76258455834,27.04611267845398,45.91776258455833,-12.933072418218018
2013-08-19,Happiness Zone,127046.11267845398,144985.05091466187,27.04611267845398,44.98505091466187,-12.372957158711994
2013-08-20,Happiness Zone,127046.11267845398,145697.76707640395,27.04611267845398,45.69776707640396,-12.801606210045103
2013-08-21,Happiness Zone,127046.11267845398,144800.28066956648,27.04611267845398,44.800280669566476,-12.26114197363154
2013-08-22,Happiness Zone,127046.11267845398,146120.13713369786,27.04611267845398,46.12013713369787,-13.053659016068009
2013-08-23,Happiness Zone,127046.11267845398,146612.9077521977,27.04611267845398,46.61290775219771,-13.345888417147512
2013-08-26,Happiness Zone,127046.11267845398,146067.34087653612,27.04611267845398,46.06734087653612,-13.022232132068378
2013-08-27,Happiness Zone,127046.11267845398,143717.95739775078,27.04611267845398,43.71795739775077,-11.600390807918426
2013-08-28,Happiness Zone,127046.11267845398,144228.29901035334,27.04611267845398,44.228299010353346,-11.913186558947043
2013-08-29,Happiness Zone,127046.11267845398,144457.08834304445,27.04611267845398,44.45708834304445,-12.052697354140463
2013-08-30,Happiness Zone,127046.11267845398,143999.45971275007,27.04611267845398,43.99945971275008,-11.773201835697588
2013-09-03,Happiness Zone,127046.11267845398,144650.6024477644,27.04611267845398,44.6506024477644,-12.17035357710845
2013-09-04,Happiness Zone,127046.11267845398,145847.31205844032,27.04611267845398,45.84731205844032,-12.891015346551459
2013-09-05,Happiness Zone,127046.11267845398,146032.16557838925,27.04611267845398,46.032165578389254,-13.001281481197823
2013-09-06,Happiness Zone,127046.11267845398,146102.48286474159,27.04611267845398,46.10248286474159,-13.043152869571395
2013-09-09,Happiness Zone,127046.11267845398,147501.61698946916,27.04611267845398,47.501616989469156,-13.867986486192619
2013-09-10,Happiness Zone,127046.11267845398,148592.71743085087,27.04611267845398,48.592717430850875,-14.500444654983724
2013-09-11,Happiness Zone,127046.11267845398,149059.02330088697,27.04611267845398,49.05902330088696,-14.767915510890106
2013-09-12,Happiness Zone,127046.11267845398,148663.08468211532,27.04611267845398,48.66308468211533,-14.540914477783563
2013-09-13,Happiness Zone,127046.11267845398,148997.48318410065,27.04611267845398,48.997483184100645,-14.732712282477722
2013-09-16,Happiness Zone,127046.11267845398,149859.79429279122,27.04611267845398,49.859794292791214,-15.223350413630365
2013-09-17,Happiness Zone,127046.11267845398,150528.55798682044,27.04611267845398,50.52855798682043,-15.599993531076317
2013-09-18,Happiness Zone,127046.11267845398,152270.78450824576,27.04611267845398,52.27078450824576,-16.565667479322542
2013-09-19,Happiness Zone,127046.11267845398,152015.58039200306,27.04611267845398,52.015580392003066,-16.425597724364984
2013-09-20,Happiness Zone,127046.11267845398,150952.76009089284,27.04611267845398,50.952760090892845,-15.837171442273734
2013-09-23,Happiness Zone,127046.11267845398,150254.2672741401,27.04611267845398,50.25426727414008,-15.445920449861594
2013-09-24,Happiness Zone,127046.11267845398,149900.6322809807,27.04611267845398,49.900632280980695,-15.246446432385385
2013-09-25,Happiness Zone,127046.11267845398,149467.319907928,27.04611267845398,49.46731990792801,-15.000742130979205
2013-09-26,Happiness Zone,127046.11267845398,150042.0829472503,27.04611267845398,50.0420829472503,-15.326346993517104
2013-09-27,Happiness Zone,127046.11267845398,149352.4172649757,27.04611267845398,49.3524172649757,-14.93534888487722
2013-09-30,Happiness Zone,127046.11267845398,148556.50952451976,27.04611267845398,48.556509524519754,-14.479605716985034
2013-10-01,Happiness Zone,127046.11267845398,149732.58362648165,27.04611267845398,49.732583626481656,-15.151325381935997
2013-10-02,Happiness Zone,127046.11267845398,149591.04968535848,27.04611267845398,49.59104968535848,-15.07104673329338
2013-10-03,Happiness Zone,127046.11267845398,148211.76828572137,27.04611267845398,48.211768285721355,-14.28068489572597
2013-10-04,Happiness Zone,127046.11267845398,149334.67972116583,27.04611267845398,49.33467972116583,-14.925245150241405
2013-10-07,Happiness Zone,127046.11267845398,148043.76959613446,27.04611267845398,48.04376959613445,-14.183411416071333
2013-10-08,Happiness Zone,127046.11267845398,146319.49713313827,27.04611267845398,46.31949713313828,-13.172123218238752
2013-10-09,Happiness Zone,127046.11267845398,146425.655916466,27.04611267845398,46.42565591646599,-13.235073537295817
2013-10-10,Happiness Zone,127046.11267845398,149582.23920585104,27.04611267845398,49.58223920585105,-15.066044369334152
2013-10-11,Happiness Zone,127046.11267845398,150545.99574115744,27.04611267845398,50.545995741157434,-15.60976959035708
2013-10-14,Happiness Zone,127046.11267845398,151147.30680379705,27.04611267845398,51.14730680379704,-15.945500211015084
2013-10-15,Happiness Zone,127046.11267845398,150050.89342675774,27.04611267845398,50.050893426757746,-15.331318743218791
2013-10-16,Happiness Zone,127046.11267845398,152146.52177175248,27.04611267845398,52.146521771752475,-16.4975240978257
2013-10-17,Happiness Zone,127046.11267845398,153163.34104375204,27.04611267845398,53.16334104375204,-17.051879508058988
2013-10-18,Happiness Zone,127046.11267845398,154197.88120459075,27.04611267845398,54.19788120459075,-17.608392744457767
2013-10-21,Happiness Zone,127046.11267845398,154206.67502912748,27.04611267845398,54.20667502912748,-17.613091226785905
2013-10-22,Happiness Zone,127046.11267845398,155099.7811786673,27.04611267845398,55.09978117866729,-18.087497149913368
2013-10-23,Happiness Zone,127046.11267845398,154357.01944975808,27.04611267845398,54.357019449758084,-17.69333644084361
2013-10-24,Happiness Zone,127046.11267845398,154869.8926179091,27.04611267845398,54.86989261790909,-17.965906393504905
2013-10-25,Happiness Zone,127046.11267845398,155577.27918902287,27.04611267845398,55.57727918902287,-18.33890312216102
2013-10-28,Happiness Zone,127046.11267845398,155824.7720538252,27.04611267845398,55.824772053825214,-18.468603544903928
2013-10-29,Happiness Zone,127046.11267845398,156655.9383672816,27.04611267845398,56.6559383672816,-18.901183062340763
2013-10-30,Happiness Zone,127046.11267845398,155877.8681004598,27.04611267845398,55.87786810045981,-18.496375254134477
2013-10-31,Happiness Zone,127046.11267845398,155435.7785578411,27.04611267845398,55.43577855784112,-18.2645631158998
2013-11-01,Happiness Zone,127046.11267845398,155807.11778486893,27.04611267845398,55.80711778486893,-18.45936534563638
2013-11-04,Happiness Zone,127046.11267845398,156355.34945584464,27.04611267845398,56.35534945584464,-18.745272790086208
2013-11-05,Happiness Zone,127046.11267845398,155860.1971765328,27.04611267845398,55.860197176532786,-18.48713463735899
2013-11-06,Happiness Zone,127046.11267845398,156655.9383672816,27.04611267845398,56.6559383672816,-18.901183062340763
2013-11-07,Happiness Zone,127046.11267845398,154675.36255997562,27.04611267845398,54.675362559975625,-17.86273484298985
2013-11-08,Happiness Zone,127046.11267845398,156762.04718569719,27.04611267845398,56.7620471856972,-18.95607708672131
2013-11-11,Happiness Zone,127046.11267845398,156788.6118639852,27.04611267845398,56.78861186398518,-18.96980835019635
2013-11-12,Happiness Zone,127046.11267845398,156470.23544382627,27.04611267845398,56.470235443826276,-18.804932888297287
2013-11-13,Happiness Zone,127046.11267845398,157725.93696076932,27.04611267845398,57.72593696076933,-19.451350154252843
2013-11-14,Happiness Zone,127046.11267845398,158512.86767201067,27.04611267845398,58.51286767201067,-19.851230663914688
2013-11-15,Happiness Zone,127046.11267845398,159202.45007943173,27.04611267845398,59.20245007943172,-20.19839354540952
2013-11-18,Happiness Zone,127046.11267845398,158645.44123889,27.04611267845398,58.645441238889994,-19.91820774279508
2013-11-19,Happiness Zone,127046.11267845398,158300.61672523804,27.04611267845398,58.30061672523803,-19.743766444721068
2013-11-20,Happiness Zone,127046.11267845398,157805.43113598478,27.04611267845398,57.805431135984776,-19.49192637801214
2013-11-21,Happiness Zone,127046.11267845398,159078.736956972,27.04611267845398,59.07873695697199,-20.136333045680566
2013-11-22,Happiness Zone,127046.11267845398,159874.49480269148,27.04611267845398,59.87449480269147,-20.533845729897394
2013-11-25,Happiness Zone,127046.11267845398,159715.3898674656,27.04611267845398,59.71538986746558,-20.454683306424705
2013-11-26,Happiness Zone,127046.11267845398,159759.55884979776,27.04611267845398,59.759558849797756,-20.476675328141212
2013-11-27,Happiness Zone,127046.11267845398,160148.66893057685,27.04611267845398,60.14866893057685,-20.669891590839605
2013-11-29,Happiness Zone,127046.11267845398,160042.4934922784,27.04611267845398,60.042493492278396,-20.617262386890012
2013-12-02,Happiness Zone,127046.11267845398,159626.90200806485,27.04611267845398,59.62690200806484,-20.41058801477259
2013-12-03,Happiness Zone,127046.11267845398,158937.23632579023,27.04611267845398,58.937236325790245,-20.065231021109298
2013-12-04,Happiness Zone,127046.11267845398,158919.51543695107,27.04611267845398,58.919515436951066,-20.056317608860564
2013-12-05,Happiness Zone,127046.11267845398,158221.02262019832,27.04611267845398,58.221022620198326,-19.703393029242488
2013-12-06,Happiness Zone,127046.11267845398,159989.43075558523,27.04611267845398,59.989430755585225,-20.590933989544922
2013-12-09,Happiness Zone,127046.11267845398,160396.1451404085,27.04611267845398,60.39614514040852,-20.792290508453547
2013-12-10,Happiness Zone,127046.11267845398,159821.43206599835,27.04611267845398,59.82143206599835,-20.50746196167844
2013-12-11,Happiness Zone,127046.11267845398,158026.50921723555,27.04611267845398,58.02650921723556,-19.604556660929273
2013-12-12,Happiness Zone,127046.11267845398,157504.8255695771,27.04611267845398,57.5048255695771,-19.33827283130961
2013-12-13,Happiness Zone,127046.11267845398,157487.07137079653,27.04611267845398,57.48707137079654,-19.3291794858961
2013-12-16,Happiness Zone,127046.11267845398,158468.56544991283,27.04611267845398,58.46856544991284,-19.828823894661017
2013-12-17,Happiness Zone,127046.11267845398,157964.5860361228,27.04611267845398,57.9645860361228,-19.57304110593402
2013-12-18,Happiness Zone,127046.11267845398,160661.45882387427,27.04611267845398,60.661458823874284,-20.92309281361079
2013-12-19,Happiness Zone,127046.11267845398,160475.77255538967,27.04611267845398,60.475772555389675,-20.831593046481288
2013-12-20,Happiness Zone,127046.11267845398,161409.23369896825,27.04611267845398,61.409233698968244,-21.28943941621224
2013-12-23,Happiness Zone,127046.11267845398,162271.54480765885,27.04611267845398,62.27154480765884,-21.707707393158625
2013-12-24,Happiness Zone,127046.11267845398,162627.17839730385,27.04611267845398,62.62717839730385,-21.87891720775238
2013-12-26,Happiness Zone,127046.11267845398,163454.01441837472,27.04611267845398,63.454014418374726,-22.27409456382733
2013-12-27,Happiness Zone,127046.11267845398,163445.03738916013,27.04611267845398,63.44503738916014,-22.26982555857041
2013-12-30,Happiness Zone,127046.11267845398,163418.37278104786,27.04611267845398,63.41837278104785,-22.25714250093921
2013-12-31,Happiness Zone,127046.11267845398,164191.84627595273,27.04611267845398,64.19184627595274,-22.623372865342496
2014-01-02,Happiness Zone,127046.11267845398,162618.30129791357,27.04611267845398,62.61830129791357,-21.874652690100383
2014-01-03,Happiness Zone,127046.11267845398,162591.60337985985,27.04611267845398,62.59160337985985,-21.861824327029712
2014-01-06,Happiness Zone,127046.11267845398,162120.4176034047,27.04611267845398,62.1204176034047,-21.634724017768704
2014-01-07,Happiness Zone,127046.11267845398,163116.11837253955,27.04611267845398,63.116118372539546,-22.11308487105216
2014-01-08,Happiness Zone,127046.11267845398,163151.69338998356,27.04611267845398,63.15169338998356,-22.130068012978544
2014-01-09,Happiness Zone,127046.11267845398,163258.335167462,27.04611267845398,63.258335167462,-22.180933336030527
2014-01-10,Happiness Zone,127046.11267845398,163702.8896457463,27.04611267845398,63.70288964574631,-22.392260177335732
2014-01-13,Happiness Zone,127046.11267845398,161524.86916063196,27.04611267845398,61.52486916063196,-21.345788212891115
2014-01-14,Happiness Zone,127046.11267845398,163285.016430545,27.04611267845398,63.285016430544985,-22.19364920571607
2014-01-15,Happiness Zone,127046.11267845398,164165.18166784043,27.04611267845398,64.16518166784041,-22.6108049296899
2014-01-16,Happiness Zone,127046.11267845398,163951.83149300073,27.04611267845398,63.951831493000746,-22.51009853227671
2014-01-17,Happiness Zone,127046.11267845398,163258.335167462,27.04611267845398,63.258335167462,-22.180933336030527
2014-01-21,Happiness Zone,127046.11267845398,163738.43135324886,27.04611267845398,63.738431353248856,-22.409106018387924
2014-01-22,Happiness Zone,127046.11267845398,163845.10644066872,27.04611267845398,63.84510644066872,-22.459623336715474
2014-01-23,Happiness Zone,127046.11267845398,162502.7324561327,27.04611267845398,62.50273245613271,-21.819091434201066
2014-01-24,Happiness Zone,127046.11267845398,159035.5339629412,27.04611267845398,59.03553396294121,-20.114637582781636
2014-01-27,Happiness Zone,127046.11267845398,158253.2666434996,27.04611267845398,58.253266643499614,-19.719753422434316
2014-01-28,Happiness Zone,127046.11267845398,159195.57157652706,27.04611267845398,59.19557157652706,-20.19494548729861
2014-01-29,Happiness Zone,127046.11267845398,157666.5120252636,27.04611267845398,57.66651202526361,-19.42099114991722
2014-01-30,Happiness Zone,127046.11267845398,159337.7883714495,27.04611267845398,59.33778837144952,-20.266175414533127
2014-01-31,Happiness Zone,127046.11267845398,158404.36053781235,27.04611267845398,58.40436053781235,-19.79632868242469
2014-02-03,Happiness Zone,127046.11267845398,154839.44733144486,27.04611267845398,54.83944733144486,-17.949776450375243
2014-02-04,Happiness Zone,127046.11267845398,155924.00236933614,27.04611267845398,55.924002369336144,-18.52049027222845
2014-02-05,Happiness Zone,127046.11267845398,155728.43970321844,27.04611267845398,55.728439703218434,-18.41816888387644
2014-02-06,Happiness Zone,127046.11267845398,157782.03090213233,27.04611267845398,57.78203090213234,-19.479986439484332
2014-02-07,Happiness Zone,127046.11267845398,159737.8907328995,27.04611267845398,59.7378907328995,-20.465888152429667
2014-02-10,Happiness Zone,127046.11267845398,160031.2680420175,27.04611267845398,60.0312680420175,-20.61169405650338
2014-02-11,Happiness Zone,127046.11267845398,161782.65479733524,27.04611267845398,61.78265479733525,-21.471116395262303
2014-02-12,Happiness Zone,127046.11267845398,161862.66527664283,27.04611267845398,61.862665276642836,-21.50993407817866
2014-02-13,Happiness Zone,127046.11267845398,162698.26181230898,27.04611267845398,62.69826181230898,-21.913048570232306
2014-02-14,Happiness Zone,127046.11267845398,163596.23121329714,27.04611267845398,63.59623121329714,-22.341662924489402
2014-02-18,Happiness Zone,127046.11267845398,163791.74391450273,27.04611267845398,63.79174391450273,-22.434361072087682
2014-02-19,Happiness Zone,127046.11267845398,162707.22218655286,27.04611267845398,62.70722218655285,-21.91734886064949
2014-02-20,Happiness Zone,127046.11267845398,163667.2979733316,27.04611267845398,63.66729797333159,-22.375383322357266
2014-02-21,Happiness Zone,127046.11267845398,163480.6956814577,27.04611267845398,63.48069568145769,-22.286780008568442
2014-02-24,Happiness Zone,127046.11267845398,164387.44225201188,27.04611267845398,64.38744225201188,-22.715439246455517
2014-02-25,Happiness Zone,127046.11267845398,164325.18597148487,27.04611267845398,64.32518597148487,-22.68615919868783
2014-02-26,Happiness Zone,127046.11267845398,164334.0963808166,27.04611267845398,64.33409638081659,-22.690351256110596
2014-02-27,Happiness Zone,127046.11267845398,165196.40748950717,27.04611267845398,65.19640748950717,-23.093901005974594
2014-02-28,Happiness Zone,127046.11267845398,165614.24739476704,27.04611267845398,65.61424739476705,-23.287932845765358
2014-03-03,Happiness Zone,127046.11267845398,164449.64856762675,27.04611267845398,64.44964856762674,-22.744673652367997
2014-03-04,Happiness Zone,127046.11267845398,166761.07536815607,27.04611267845398,66.76107536815607,-23.81548727844548
2014-03-05,Happiness Zone,127046.11267845398,166912.2025724102,27.04611267845398,66.9122025724102,-23.884466970988193
2014-03-06,Happiness Zone,127046.11267845398,167294.5007701675,27.04611267845398,67.2945007701675,-24.058404733224048
2014-03-07,Happiness Zone,127046.11267845398,167365.6508050555,27.04611267845398,67.36565080505552,-24.0906888197537
2014-03-10,Happiness Zone,127046.11267845398,167276.74657138693,27.04611267845398,67.27674657138694,-24.050344544311276
2014-03-11,Happiness Zone,127046.11267845398,166449.91055031607,27.04611267845398,66.44991055031606,-23.67306641474627
2014-03-12,Happiness Zone,127046.11267845398,166494.34601217962,27.04611267845398,66.49434601217963,-23.693437211879775
2014-03-13,Happiness Zone,127046.11267845398,164627.4903449053,27.04611267845398,64.6274903449053,-22.82813009401764
2014-03-14,Happiness Zone,127046.11267845398,164165.18166784043,27.04611267845398,64.16518166784041,-22.6108049296899
2014-03-17,Happiness Zone,127046.11267845398,165649.80575724033,27.04611267845398,65.64980575724033,-23.304399846601708
2014-03-18,Happiness Zone,127046.11267845398,166832.19209310264,27.04611267845398,66.83219209310265,-23.847962983334526
2014-03-19,Happiness Zone,127046.11267845398,165943.19972132906,27.04611267845398,65.94319972132905,-23.440000619606916
2014-03-20,Happiness Zone,127046.11267845398,166912.2025724102,27.04611267845398,66.9122025724102,-23.884466970988193
2014-03-21,Happiness Zone,127046.11267845398,166264.9071356307,27.04611267845398,66.2649071356307,-23.588137228010453
2014-03-24,Happiness Zone,127046.11267845398,165577.29001475382,27.04611267845398,65.57729001475381,-23.270810467345193
2014-03-25,Happiness Zone,127046.11267845398,166363.03822307452,27.04611267845398,66.36303822307453,-23.63320961468669
2014-03-26,Happiness Zone,127046.11267845398,165166.56178198862,27.04611267845398,65.16656178198863,-23.08000402275836
2014-03-27,Happiness Zone,127046.11267845398,164818.27303442825,27.04611267845398,64.81827303442824,-22.917459126685657
2014-03-28,Happiness Zone,127046.11267845398,165630.90236548052,27.04611267845398,65.63090236548052,-23.29564660698732
2014-03-31,Happiness Zone,127046.11267845398,166988.1492388637,27.04611267845398,66.9881492388637,-23.91908452334286
2014-04-01,Happiness Zone,127046.11267845398,168095.38834686676,27.04611267845398,68.09538834686677,-24.420227153232265
2014-04-02,Happiness Zone,127046.11267845398,168657.92663768536,27.04611267845398,68.65792663768538,-24.672314422922316
2014-04-03,Happiness Zone,127046.11267845398,168434.70006521256,27.04611267845398,68.43470006521255,-24.572482612391767
2014-04-04,Happiness Zone,127046.11267845398,166443.4151117378,27.04611267845398,66.44341511173779,-23.670087763361124
2014-04-07,Happiness Zone,127046.11267845398,164603.97352625788,27.04611267845398,64.60397352625789,-22.817104619781613
2014-04-08,Happiness Zone,127046.11267845398,165282.63027289088,27.04611267845398,65.28263027289087,-23.13402051462169
2014-04-09,Happiness Zone,127046.11267845398,167059.53244334168,27.04611267845398,67.05953244334168,-23.951593291127082
2014-04-10,Happiness Zone,127046.11267845398,163550.3467689815,27.04611267845398,63.550346768981484,-22.319875690689027
2014-04-11,Happiness Zone,127046.11267845398,162076.99809475464,27.04611267845398,62.07699809475464,-21.61373040474297
2014-04-14,Happiness Zone,127046.11267845398,163353.9180443867,27.04611267845398,63.3539180443867,-22.226467415410944
2014-04-15,Happiness Zone,127046.11267845398,164478.96131608245,27.04611267845398,64.47896131608246,-22.758441771585012
2014-04-16,Happiness Zone,127046.11267845398,166202.35106563085,27.04611267845398,66.20235106563086,-23.5593769499173
2014-04-17,Happiness Zone,127046.11267845398,166434.58797725965,27.04611267845398,66.43458797725965,-23.666039479839018
2014-04-21,Happiness Zone,127046.11267845398,167014.86381188812,27.04611267845398,67.01486381188812,-23.931253914293325
2014-04-22,Happiness Zone,127046.11267845398,167773.96406706725,27.04611267845398,67.77396406706725,-24.27543010924651
2014-04-23,Happiness Zone,127046.11267845398,167381.05665296546,27.04611267845398,67.38105665296546,-24.097675556044994
2014-04-24,Happiness Zone,127046.11267845398,167720.385026282,27.04611267845398,67.72038502628199,-24.25123955054974
2014-04-25,Happiness Zone,127046.11267845398,166345.25071435253,27.04611267845398,66.34525071435253,-23.625043616894647
2014-04-28,Happiness Zone,127046.11267845398,166872.01412807856,27.04611267845398,66.87201412807858,-23.866135767413443
2014-04-29,Happiness Zone,127046.11267845398,167648.9018919797,27.04611267845398,67.64890189197972,-24.218941344266664
2014-04-30,Happiness Zone,127046.11267845398,168148.95073268132,27.04611267845398,68.14895073268133,-24.444302432532883
2014-05-01,Happiness Zone,127046.11267845398,168166.73824140333,27.04611267845398,68.16673824140334,-24.45229418906889
2014-05-02,Happiness Zone,127046.11267845398,167925.69085026707,27.04611267845398,67.92569085026707,-24.34384992839711
2014-05-05,Happiness Zone,127046.11267845398,168247.18174994944,27.04611267845398,68.24718174994943,-24.488415581741442
2014-05-06,Happiness Zone,127046.11267845398,166782.7268300836,27.04611267845398,66.78272683008359,-23.825377427791327
2014-05-07,Happiness Zone,127046.11267845398,167764.9870378527,27.04611267845398,67.76498703785269,-24.271378121473784
2014-05-08,Happiness Zone,127046.11267845398,167586.46240677487,27.04611267845398,67.58646240677486,-24.190706782698935
2014-05-09,Happiness Zone,127046.11267845398,167836.3868973014,27.04611267845398,67.83638689730138,-24.303594097153002
2014-05-12,Happiness Zone,127046.11267845398,169470.48934885478,27.04611267845398,69.47048934885478,-25.033489213021788
2014-05-13,Happiness Zone,127046.11267845398,169622.26609696675,27.04611267845398,69.62226609696675,-25.10056869195083
2014-05-14,Happiness Zone,127046.11267845398,168818.69706998262,27.04611267845398,68.81869706998262,-24.744050935431694
2014-05-15,Happiness Zone,127046.11267845398,167336.32140162904,27.04611267845398,67.33632140162904,-24.07738402858355
2014-05-16,Happiness Zone,127046.11267845398,167916.73047602322,27.04611267845398,67.91673047602322,-24.33981276416357
2014-05-19,Happiness Zone,127046.11267845398,168532.93108248067,27.04611267845398,68.53293108248066,-24.616446256264823
2014-05-20,Happiness Zone,127046.11267845398,167470.2773310776,27.04611267845398,67.4702773310776,-24.138112921797905
2014-05-21,Happiness Zone,127046.11267845398,168881.1865200996,27.04611267845398,68.8811865200996,-24.771897156624124
2014-05-22,Happiness Zone,127046.11267845398,169291.8814429234,27.04611267845398,69.2918814429234,-24.954397342859313
2014-05-23,Happiness Zone,127046.11267845398,169970.5381895564,27.04611267845398,69.97053818955638,-25.25403871065688
2014-05-27,Happiness Zone,127046.11267845398,171015.25453750105,27.04611267845398,71.01525453750106,-25.710654864069625
2014-05-28,Happiness Zone,127046.11267845398,170890.22567235495,27.04611267845398,70.89022567235494,-25.656302355151993
2014-05-29,Happiness Zone,127046.11267845398,171774.28817279733,27.04611267845398,71.77428817279731,-26.038923502537692
2014-05-30,Happiness Zone,127046.11267845398,172051.11044102613,27.04611267845398,72.05111044102613,-26.15792344914768
2014-06-02,Happiness Zone,127046.11267845398,172247.55582059166,27.04611267845398,72.24755582059166,-26.24213906943229
2014-06-03,Happiness Zone,127046.11267845398,172158.21855768454,27.04611267845398,72.15821855768453,-26.20386424602493
2014-06-04,Happiness Zone,127046.11267845398,172506.50730524492,27.04611267845398,72.50650730524491,-26.352857835299037
2014-06-05,Happiness Zone,127046.11267845398,173631.5505769407,27.04611267845398,73.63155057694071,-26.83005349182981
2014-06-06,Happiness Zone,127046.11267845398,174462.0173816271,27.04611267845398,74.46201738162712,-27.17835401355767
2014-06-09,Happiness Zone,127046.11267845398,174640.57532264636,27.04611267845398,74.64057532264636,-27.252809123115963
2014-06-10,Happiness Zone,127046.11267845398,174658.46276119264,27.04611267845398,74.65846276119264,-27.26025944006971
2014-06-11,Happiness Zone,127046.11267845398,174051.23918394974,27.04611267845398,74.05123918394973,-27.006487702059623
2014-06-12,Happiness Zone,127046.11267845398,172819.004520742,27.04611267845398,72.819004520742,-26.486029108444654
2014-06-13,Happiness Zone,127046.11267845398,173345.86786429232,27.04611267845398,73.34586786429232,-26.709465738222924
2014-06-16,Happiness Zone,127046.11267845398,173488.68423816044,27.04611267845398,73.48868423816045,-26.76979871260732
2014-06-17,Happiness Zone,127046.11267845398,173970.92891516935,27.04611267845398,73.97092891516934,-26.972791678083507
2014-06-18,Happiness Zone,127046.11267845398,175247.84886480137,27.04611267845398,75.24784886480138,-27.504894638412157
2014-06-19,Happiness Zone,127046.11267845398,175444.21096951334,27.04611267845398,75.44421096951335,-27.58603320315278
2014-06-20,Happiness Zone,127046.11267845398,175800.42748313333,27.04611267845398,75.80042748313333,-27.73276237303629
2014-06-23,Happiness Zone,127046.11267845398,175746.58196281662,27.04611267845398,75.74658196281663,-27.710621020593386
2014-06-24,Happiness Zone,127046.11267845398,174687.84212953123,27.04611267845398,74.68784212953123,-27.272492962475802
2014-06-25,Happiness Zone,127046.11267845398,175477.42098111604,27.04611267845398,75.47742098111605,-27.59973792176601
2014-06-26,Happiness Zone,127046.11267845398,175351.79253702422,27.04611267845398,75.35179253702422,-27.547867723320163
2014-06-27,Happiness Zone,127046.11267845398,175692.7864074121,27.04611267845398,75.69278640741209,-27.68848666111531
2014-06-30,Happiness Zone,127046.11267845398,175603.04942520784,27.04611267845398,75.60304942520784,-27.65153390313705
2014-07-01,Happiness Zone,127046.11267845398,176778.40736342905,27.04611267845398,76.77840736342904,-28.13256179117689
2014-07-02,Happiness Zone,127046.11267845398,176957.8313629254,27.04611267845398,76.95783136292542,-28.20543080803627
2014-07-03,Happiness Zone,127046.11267845398,177828.13685755848,27.04611267845398,77.82813685755848,-28.556799321235214
2014-07-07,Happiness Zone,127046.11267845398,177209.0715961383,27.04611267845398,77.2090715961383,-28.307218397942023
2014-07-08,Happiness Zone,127046.11267845398,176069.5718098632,27.04611267845398,76.0695718098632,-27.843231869927788
2014-07-09,Happiness Zone,127046.11267845398,176859.20062636017,27.04611267845398,76.85920062636016,-28.16539245427402
2014-07-10,Happiness Zone,127046.11267845398,176159.2588271553,27.04611267845398,76.15925882715531,-27.879968657730547
2014-07-11,Happiness Zone,127046.11267845398,176401.5886510365,27.04611267845398,76.4015886510365,-27.979042790946263
2014-07-14,Happiness Zone,127046.11267845398,177289.8482040987,27.04611267845398,77.2898482040987,-28.339882985179944
2014-07-15,Happiness Zone,127046.11267845398,176957.8313629254,27.04611267845398,76.95783136292542,-28.20543080803627
2014-07-16,Happiness Zone,127046.11267845398,177612.78808623314,27.04611267845398,77.61278808623314,-28.470177149197408
2014-07-17,Happiness Zone,127046.11267845398,175594.089050964,27.04611267845398,75.59408905096399,-27.647842040069794
2014-07-18,Happiness Zone,127046.11267845398,177388.51225060536,27.04611267845398,77.38851225060537,-28.379740566869526
2014-07-21,Happiness Zone,127046.11267845398,177056.5287193735,27.04611267845398,77.05652871937352,-28.245451553036915
2014-07-22,Happiness Zone,127046.11267845398,177828.13685755848,27.04611267845398,77.82813685755848,-28.556799321235214
2014-07-23,Happiness Zone,127046.11267845398,178222.89297340944,27.04611267845398,78.22289297340946,-28.71504296734255
2014-07-24,Happiness Zone,127046.11267845398,178231.83669268258,27.04611267845398,78.23183669268259,-28.71862006476762
2014-07-25,Happiness Zone,127046.11267845398,177397.50593479065,27.04611267845398,77.39750593479064,-28.38337156489973
2014-07-28,Happiness Zone,127046.11267845398,177469.23889365362,27.04611267845398,77.46923889365362,-28.412318962733085
2014-07-29,Happiness Zone,127046.11267845398,176706.62443965394,27.04611267845398,76.70662443965395,-28.10336732914007
2014-07-30,Happiness Zone,127046.11267845398,176733.53887232693,27.04611267845398,76.73353887232692,-28.11431633798006
2014-07-31,Happiness Zone,127046.11267845398,173243.37317452155,27.04611267845398,73.24337317452154,-26.66610540394493
2014-08-01,Happiness Zone,127046.11267845398,172713.96162045206,27.04611267845398,72.71396162045205,-26.441318648202603
2014-08-04,Happiness Zone,127046.11267845398,173961.15244736054,27.04611267845398,73.96115244736055,-26.968687611507246
2014-08-05,Happiness Zone,127046.11267845398,172274.37032344038,27.04611267845398,72.27437032344038,-26.25361947924789
2014-08-06,Happiness Zone,127046.11267845398,172328.18253381565,27.04611267845398,72.32818253381565,-26.276647957147723
2014-08-07,Happiness Zone,127046.11267845398,171395.07114462205,27.04611267845398,71.39507114462205,-25.87528227620193
2014-08-08,Happiness Zone,127046.11267845398,173377.92868291578,27.04611267845398,73.37792868291577,-26.723018527459896
2014-08-11,Happiness Zone,127046.11267845398,173880.35918442943,27.04611267845398,73.88035918442944,-26.934753715512993
2014-08-12,Happiness Zone,127046.11267845398,173638.0959804311,27.04611267845398,73.63809598043109,-26.83281168161853
2014-08-13,Happiness Zone,127046.11267845398,174813.45391865232,27.04611267845398,74.81345391865233,-27.32475113867745
2014-08-14,Happiness Zone,127046.11267845398,175638.94088709538,27.04611267845398,75.63894088709537,-27.66631816567258
2014-08-15,Hawkish Policy,127046.11267845398,175603.04942520784,27.04611267845398,75.60304942520784,-27.65153390313705
2014-08-18,Hawkish Policy,127046.11267845398,177074.4494678612,27.04611267845398,77.07444946786121,-28.252713443272516
2014-08-19,Hawkish Policy,127046.11267845398,177998.58382784025,27.04611267845398,77.99858382784026,-28.62521153464196
2014-08-20,Hawkish Policy,127046.11267845398,178474.0998966809,27.04611267845398,78.47409989668091,-28.81537839271845
2014-08-21,Hawkish Policy,127046.11267845398,178994.5177665651,27.04611267845398,78.99451776656512,-29.022344223893725
2014-08-22,Hawkish Policy,127046.11267845398,178716.39641062065,27.04611267845398,78.71639641062065,-28.9118876442923
2014-08-25,Hawkish Policy,127046.11267845398,179622.54340222914,27.04611267845398,79.62254340222914,-29.270507881653053
2014-08-26,Hawkish Policy,127046.11267845398,179739.2447820185,27.04611267845398,79.7392447820185,-29.316431237634788
2014-08-27,Hawkish Policy,127046.11267845398,179667.49516818483,27.04611267845398,79.66749516818483,-29.288203990639783
2014-08-28,Hawkish Policy,127046.11267845398,179568.71453688317,27.04611267845398,79.56871453688316,-29.2493054783444
2014-08-29,Hawkish Policy,127046.11267845398,180080.17203252352,27.04611267845398,80.0801720325235,-29.450249161518617
2014-09-02,Hawkish Policy,127046.11267845398,179990.41839534856,27.04611267845398,79.99041839534857,-29.415068973617544
2014-09-03,Hawkish Policy,127046.11267845398,179891.68772895902,27.04611267845398,79.89168772895903,-29.376329566781834
2014-09-04,Hawkish Policy,127046.11267845398,179631.503776473,27.04611267845398,79.63150377647298,-29.274036008435576
2014-09-05,Hawkish Policy,127046.11267845398,180439.0200315162,27.04611267845398,80.43902003151622,-29.59055493858058
2014-09-08,Hawkish Policy,127046.11267845398,179972.48099189013,27.04611267845398,79.97248099189014,-29.40803395149123
2014-09-09,Hawkish Policy,127046.11267845398,178833.0478254979,27.04611267845398,78.83304782549789,-28.958257870534464
2014-09-10,Hawkish Policy,127046.11267845398,179505.92529729332,27.04611267845398,79.50592529729332,-29.224557647307
2014-09-11,Hawkish Policy,127046.11267845398,179712.2803844334,27.04611267845398,79.71228038443338,-29.305825730616764
2014-09-12,Hawkish Policy,127046.11267845398,178662.51758036253,27.04611267845398,78.66251758036253,-28.890449771419714
2014-09-15,Hawkish Policy,127046.11267845398,178527.89545208545,27.04611267845398,78.52789545208545,-28.836828352938547
2014-09-16,Hawkish Policy,127046.11267845398,179873.80029041274,27.04611267845398,79.87380029041273,-29.369306439663
2014-09-17,Hawkish Policy,127046.11267845398,180116.01352949892,27.04611267845398,80.11601352949891,-29.46428793925826
2014-09-18,Hawkish Policy,127046.11267845398,181076.0060414241,27.04611267845398,81.07600604142408,-29.838240054074248
2014-09-19,Hawkish Policy,127046.11267845398,180912.88725825623,27.04611267845398,80.91288725825623,-29.77497921577389
2014-09-22,Hawkish Policy,127046.11267845398,179515.71842007287,27.04611267845398,79.51571842007286,-29.22841866072041
2014-09-23,Hawkish Policy,127046.11267845398,178488.05676213882,27.04611267845398,78.48805676213881,-28.820944670958394
2014-09-24,Hawkish Policy,127046.11267845398,179885.25891026363,27.04611267845398,79.88525891026363,-29.37380558690951
2014-09-25,Hawkish Policy,127046.11267845398,176982.73054414205,27.04611267845398,76.98273054414204,-28.21553137538081
2014-09-26,Hawkish Policy,127046.11267845398,178388.992996335,27.04611267845398,78.38899299633499,-28.781417202649862
2014-09-29,Hawkish Policy,127046.11267845398,178064.42092707066,27.04611267845398,78.06442092707067,-28.65160147265584
2014-09-30,Hawkish Policy,127046.11267845398,177595.70008628108,27.04611267845398,77.59570008628107,-28.463294653681736
2014-10-01,Hawkish Policy,127001.64653901652,175188.94023338778,27.001646539016534,75.18894023338778,-27.5058994193217
2014-10-02,Hawkish Policy,127015.36001211611,175215.95459588506,27.01536001211611,75.21595459588507,-27.50924976834327
2014-10-03,Hawkish Policy,127994.58822905015,177144.94995889137,27.994588229050144,77.14494995889139,-27.745844146980858
2014-10-06,Hawkish Policy,127889.35296414846,176937.64553842065,27.889352964148472,76.93764553842064,-27.72066533666049
2014-10-07,Hawkish Policy,126502.86334203133,174206.38023614587,26.502863342031336,74.20638023614588,-27.383335116342998
2014-10-08,Hawkish Policy,128049.54357747635,177253.20726852902,28.049543577476356,77.25320726852902,-27.75896947044336
2014-10-09,Hawkish Policy,126264.92359268384,173737.65939535628,26.264923592683843,73.73765939535627,-27.324378587744057
2014-10-10,Hawkish Policy,125258.22615620571,171754.55203250187,25.258226156205723,71.75455203250188,-27.071379084903356
2014-10-13,Hawkish Policy,123825.96295618406,168933.11671878427,23.825962956184064,68.93311671878426,-26.701190766336335
2014-10-14,Hawkish Policy,123958.72662331276,169194.64972389807,23.958726623312753,69.19464972389807,-26.736024557752856
2014-10-15,Hawkish Policy,123377.5526770332,168049.78703705323,23.377552677033208,68.04978703705322,-26.582737858614635
2014-10-16,Hawkish Policy,123304.36906226748,167905.62161055734,23.304369062267472,67.90562161055733,-26.56328723271615
2014-10-17,Hawkish Policy,124311.04113473865,169888.67900849963,24.31104113473865,69.88867900849962,-26.827942944615334
2014-10-20,Hawkish Policy,125148.42537005016,171538.25392784586,25.148425370050155,71.53825392784586,-27.043430544249713
2014-10-21,Hawkish Policy,126873.50757582461,174936.51749725424,26.873507575824608,74.93651749725426,-27.474543685359475
2014-10-22,Hawkish Policy,126242.07907707653,173692.65766448848,26.24207907707654,73.69265766448846,-27.318701449700498
2014-10-23,Hawkish Policy,127267.0724172461,175711.80638396688,27.26707241724611,75.71180638396689,-27.57056282311443
2014-10-24,Hawkish Policy,127953.42244574442,177063.85690648743,27.953422445744415,77.06385690648743,-27.736001755953875
2014-10-27,Hawkish Policy,127829.89127715131,176820.51112939275,27.82989127715132,76.82051112939274,-27.706412304391172
2014-10-28,Hawkish Policy,128859.47550258171,178848.70349796856,28.859475502581724,78.84870349796856,-27.950567724386467
2014-10-29,Hawkish Policy,128722.19704221305,178578.27673849373,28.72219704221306,78.57827673849374,-27.918333969192044
2014-10-30,Hawkish Policy,129303.3202604787,179723.0394955143,29.30332026047868,79.72303949551429,-28.054121150279144
2014-10-31,Hawkish Policy,130346.6010496707,181778.21291664598,30.346601049670706,81.77821291664597,-28.293606280835824
2014-11-03,Hawkish Policy,130396.9486034981,181877.39326724477,30.396948603498085,81.87739326724477,-28.305026666015042
2014-11-04,Hawkish Policy,130076.67728753918,181246.4863216473,30.076677287539177,81.24648632164731,-28.232166080891695
2014-11-05,Hawkish Policy,130657.80896047379,182391.26573363857,30.657808960473787,82.39126573363858,-28.363998991440486
2014-11-06,Hawkish Policy,131028.41937559111,183121.3363748641,31.02841937559111,83.1213363748641,-28.447213214212574
2014-11-07,Hawkish Policy,131115.35873680137,183292.59943871084,31.11535873680138,83.29259943871084,-28.46663796666621
2014-11-10,Hawkish Policy,131408.23692523706,183869.54427919662,31.408236925237066,83.86954427919662,-28.53180909302724
2014-11-11,Hawkish Policy,131499.72489836323,184049.7677172872,31.499724898363233,84.04976771728721,-28.55208320591003
2014-11-12,Hawkish Policy,131399.0467000464,183851.44032603106,31.399046700046405,83.85144032603107,-28.52977030420254
2014-11-13,Hawkish Policy,131504.30732895504,184058.79471141394,31.50430732895504,84.05879471141392,-28.553097647335544
2014-11-14,Hawkish Policy,131527.18566323834,184103.8630621646,31.527185663238335,84.10386306216459,-28.55816087964064
2014-11-17,Hawkish Policy,131586.68962358043,184221.08074604612,31.586689623580423,84.22108074604613,-28.571318173419936
2014-11-18,Hawkish Policy,132126.5963305264,185284.65052083842,32.12659633052639,85.28465052083843,-28.689939528657003
2014-11-19,Hawkish Policy,131975.62976106512,184987.25936377846,31.975629761065115,84.98725936377846,-28.656908473067155
2014-11-20,Hawkish Policy,132140.36053163992,185311.76481315997,32.140360531639914,85.31176481315997,-28.692945823018825
2014-11-21,Hawkish Policy,132643.71770454798,186303.3351495579,32.64371770454797,86.30333514955791,-28.802284941347857
2014-11-24,Hawkish Policy,132909.1013094326,186826.11802528342,32.909101309432586,86.82611802528342,-28.85946423644802
2014-11-25,Hawkish Policy,132840.50012525872,186690.97959291423,32.84050012525872,86.69097959291423,-28.84471418226967
2014-11-26,Hawkish Policy,133082.9969411911,187168.67746291836,33.08299694119108,87.16867746291837,-28.89675839721776
2014-11-28,Hawkish Policy,132881.66590856446,186772.07264531817,32.88166590856447,86.77207264531816,-28.853567866697105
2014-12-01,Hawkish Policy,132222.72591692733,185474.01753785074,32.222725916927345,85.47401753785073,-28.710917209768272
2014-12-02,Hawkish Policy,132831.31835473707,186672.89229471938,32.83131835473707,86.67289229471938,-28.842738374127276
2014-12-03,Hawkish Policy,133197.3886126075,187394.0192166718,33.197388612607504,87.39401921667178,-28.921216819305307
2014-12-04,Hawkish Policy,133092.18716638174,187186.78141608392,33.092187166381734,87.18678141608392,-28.898725561961147
2014-12-05,Hawkish Policy,133247.72771176585,187493.18291229985,33.24772771176585,87.49318291229984,-28.93196134277979
2014-12-08,Hawkish Policy,132611.674509081,186240.2128105538,32.611674509081,86.2402128105538,-28.795359225681583
2014-12-09,Hawkish Policy,132547.621936823,186114.03475242847,32.54762193682301,86.11403475242847,-28.78150102267154
2014-12-10,Hawkish Policy,131032.97644217599,183130.31340407868,31.032976442175997,83.13031340407868,-28.448232296173405
2014-12-11,Hawkish Policy,131504.30732895504,184058.79471141394,31.50430732895504,84.05879471141392,-28.553097647335544
2014-12-12,Hawkish Policy,129994.26962890684,181084.150322103,29.994269628906835,81.08415032210301,-28.213336508093146
2014-12-15,Hawkish Policy,129362.78194747584,179840.17390454223,29.362781947475835,79.84017390454224,-28.06791767442318
2014-12-16,Hawkish Policy,128630.67525041096,178397.9866805203,28.630675250410963,78.39798668052029,-27.89678984395374
2014-12-17,Hawkish Policy,130406.12191935077,181895.46391046888,30.40612191935077,81.89546391046889,-28.307106116984738
2014-12-18,Hawkish Policy,132689.47437311453,186393.4718510593,32.689474373114535,86.3934718510593,-28.812166512386128
2014-12-19,Hawkish Policy,133092.10261969187,187186.61486637677,33.092102619691865,87.18661486637677,-28.89870746650357
2014-12-22,Hawkish Policy,133529.18364239793,188047.6268873517,33.52918364239792,88.0476268873517,-28.99182730852147
2014-12-23,Hawkish Policy,133658.0158884469,188301.41533108376,33.658015888446926,88.30141533108376,-29.019112440848772
2014-12-24,Hawkish Policy,133667.21456830658,188319.53593922005,33.66721456830657,88.31953593922005,-29.02105779856661
2014-12-26,Hawkish Policy,133975.4802543016,188926.79282640433,33.975480254301594,88.92679282640432,-29.086034728062536
2014-12-29,Hawkish Policy,134104.3209550196,189180.5979251071,34.10432095501959,89.18059792510711,-29.11306845107401
2014-12-30,Hawkish Policy,133589.0004254926,188165.4608051496,33.5890004254926,88.16546080514959,-29.004504942685738
