Date,Quadrant,Strategy_Value,Benchmark_Value,Strategy_Return,Benchmark_Return,Outperformance
2015-01-02,Unknown,99960.0,99999.99999999999,-0.039999999999995595,-1.1102230246251565e-14,-0.03999999999998449
2015-01-05,Unknown,98515.2033317352,98194.00416466901,-1.4847966682647984,-1.8059958353309868,0.32710670045348333
2015-01-06,Unknown,97775.33056165786,97269.1632020723,-2.2246694383421417,-2.7308367979276937,0.520378034438318
2015-01-07,Unknown,98745.00432925214,98481.25541156517,-1.2549956707478604,-1.5187445884348283,0.26781636422559263
2015-01-08,Unknown,100143.04507431286,100228.80634289107,0.14304507431286417,0.2288063428910636,-0.08556548931133445
2015-01-09,Unknown,99500.51249758492,99425.64062198115,-0.49948750241508577,-0.5743593780188516,0.07530439344960449
2015-01-12,Unknown,98877.39357553293,98646.74196941615,-1.1226064244670653,-1.3532580305838482,0.2338157363456439
2015-01-13,Unknown,98655.42816661538,98369.28520826923,-1.3445718333846113,-1.6307147917307696,0.2908864873220729
2015-01-14,Unknown,98180.31242173356,97775.39052716695,-1.819687578266438,-2.22460947283305,0.4141347760243441
2015-01-15,Unknown,97463.7746785262,96879.71834815774,-2.536225321473806,-3.1202816518422605,0.6028674941740864
2015-01-16,Unknown,98480.19005774721,98150.237572184,-1.5198099422527922,-1.849762427815993,0.33617084759529625
2015-01-20,Unknown,98647.6212011707,98359.52650146335,-1.3523787988293012,-1.6404734985366543,0.2928996406901696
2015-01-21,Unknown,99044.86765368846,98856.08456711056,-0.955132346311538,-1.1439154328894419,0.19096759436161292
2015-01-22,Unknown,100220.92867825428,100326.16084781784,0.22092867825427298,0.3261608478178468,-0.10489005925701234
2015-01-23,Unknown,99780.87629788117,99776.09537235145,-0.2191237021188286,-0.22390462764854124,0.004791654265368095
2015-01-26,Unknown,99967.81412123337,100009.76765154171,-0.032185878766632925,0.009767651541703337,-0.04194943283392094
2015-01-27,Unknown,98912.48556319634,98690.60695399543,-1.0875144368036604,-1.30939304600457,0.22482241831214278
2015-01-28,Unknown,97899.94146564863,97424.92683206078,-2.100058534351368,-2.5750731679392236,0.4875699156609903
2015-01-29,Unknown,98620.37195789535,98325.46494736917,-1.3796280421046525,-1.6745350526308322,0.29992943403220895
2015-01-30,Unknown,97631.22013352702,97089.02516690876,-2.368779866472981,-2.91097483309124,0.5584513447180584
2015-02-02,Unknown,98593.12987040867,98291.41233801082,-1.406870129591331,-1.7085876619891804,0.30696225155486534
2015-02-03,Unknown,99730.23478142644,99712.79347678303,-0.26976521857355884,-0.28720652321696516,0.017491541491576612
2015-02-04,Unknown,99426.49301952815,99333.11627441017,-0.5735069804718496,-0.6668837255898286,0.09400364009524154
2015-02-05,Unknown,100228.72133212163,100335.90166515202,0.2287213321216175,0.33590166515202746,-0.10682151777345883
2015-02-06,Unknown,100006.73445583806,100058.41806979755,0.0067344558380533215,0.058418069797561145,-0.05165343901744057
2015-02-09,Unknown,99648.46558423436,99610.58198029295,-0.3515344157656308,-0.38941801970705514,0.038031706258800924
2015-02-10,Unknown,100497.40688529986,100671.75860662482,0.497406885299867,0.6717586066248282,-0.1731883139205248
2015-02-11,Unknown,100544.14134113792,100730.17667642239,0.5441413411379159,0.7301766764223894,-0.1846867953801734
2015-02-12,Unknown,101319.09894309001,101698.87367886251,1.3190989430900135,1.6988736788625003,-0.3734306212394567
2015-02-13,Unknown,101654.03278782371,102117.54098477963,1.6540327878237226,2.117540984779631,-0.4538967473031841
2015-02-17,Unknown,101782.5149734878,102278.14371685975,1.7825149734878032,2.2781437168597485,-0.48458910707649405
2015-02-18,Unknown,101790.30047156647,102287.87558945808,1.790300471566475,2.287875589458088,-0.4864458422117135
2015-02-19,Unknown,101731.88776861042,102214.85971076302,1.7318877686104184,2.2148597107630286,-0.4725065841886922
2015-02-20,Unknown,102222.56735386091,102828.20919232612,2.2225673538609048,2.8282091923261143,-0.5889841350173008
2015-02-23,Unknown,102210.90341832025,102813.6292729003,2.2109034183202425,2.8136292729002976,-0.5862314742146046
2015-02-24,Unknown,102444.55423014448,103105.69278768059,2.444554230144491,3.1056927876805807,-0.6412241067014102
2015-02-25,Unknown,102374.46328007041,103018.07910008801,2.3744632800704046,3.0180791000880225,-0.6247600670094888
2015-02-26,Unknown,102277.10877514366,102896.38596892956,2.277108775143666,2.89638596892956,-0.601845427275649
2015-02-27,Unknown,101996.69488432667,102545.86860540834,1.9966948843266774,2.54586860540833,-0.5355395868700041
2015-03-02,Unknown,102514.65233600722,103193.315420009,2.514652336007206,3.193315420009002,-0.6576618662163858
2015-03-03,Unknown,102175.86867696623,102769.83584620779,2.1758686769662416,2.76983584620778,-0.577958663017053
2015-03-04,Unknown,101829.27089669189,102336.58862086484,1.8292708966918925,2.3365886208648545,-0.4957344494376903
2015-03-05,Unknown,101918.8327477513,102448.54093468911,1.9188327477512868,2.448540934689114,-0.5170480536911715
2015-03-06,Unknown,100766.10675005546,101007.63343756931,0.7661067500554619,1.0076334375693108,-0.23911726202666683
2015-03-09,Unknown,101101.04059478916,101426.30074348644,1.1010405947891488,1.4263007434864416,-0.32068619905589735
2015-03-10,Unknown,99784.76904692051,99780.96130865063,-0.2152309530794927,-0.21903869134937137,0.0038160969987988125
2015-03-11,Unknown,99597.82406777963,99547.28008472452,-0.4021759322203722,-0.45271991527547906,0.05077384636937854
2015-03-12,Unknown,100610.37532111602,100812.96915139501,0.6103753211160301,0.8129691513950155,-0.20096008676695476
2015-03-13,Unknown,100115.78151946017,100194.72689932521,0.11578151946016746,0.19472689932520382,-0.07879195074244061
2015-03-16,Unknown,101186.70254102055,101533.37817627568,1.1867025410205567,1.5333781762756793,-0.34144006777087066
2015-03-17,Unknown,100945.26623111767,101231.58278889707,0.9452662311176585,1.2315827888970565,-0.2828332323682736
2015-03-18,Unknown,101918.8327477513,102448.54093468911,1.9188327477512868,2.448540934689114,-0.5170480536911715
2015-03-19,Unknown,101544.9857242016,101981.23215525199,1.5449857242016085,1.9812321552519885,-0.4277712887271856
2015-03-20,Unknown,102265.13714068996,102881.42142586244,2.2651371406899656,2.8814214258624515,-0.599023882671168
2015-03-23,Unknown,102104.73298174559,102680.91622718197,2.104732981745583,2.680916227181962,-0.5611395638129735
2015-03-24,Unknown,101643.17030061469,102103.96287576834,1.6431703006146936,2.103962875768328,-0.45129744446286146
2015-03-25,Unknown,100446.20006153978,100607.75007692473,0.4462000615397921,0.607750076924729,-0.16057412601059307
2015-03-26,Unknown,100254.53226187325,100368.16532734154,0.2545322618732415,0.36816532734154084,-0.11321624251842133
2015-03-27,Unknown,100438.35016136304,100597.93770170379,0.4383501613630436,0.597937701703799,-0.15863897808120475
2015-03-30,Unknown,101420.18876970526,101825.23596213156,1.4201887697052662,1.825235962131555,-0.3977866474838665
2015-03-31,Unknown,100708.28082177078,100935.35102721346,0.7082808217707681,0.9353510272134491,-0.22496598380230548
2015-04-01,Unknown,100342.32861851776,100578.4113433562,0.342328618517751,0.578411343356211,-0.23472504853203624
2015-04-02,Unknown,100631.32509229686,100940.21696351262,0.6313250922968638,0.9402169635126301,-0.30601466938338096
2015-04-06,Unknown,101174.22321231413,101619.89166135945,1.1742232123141294,1.6198916613594516,-0.43856418439263134
2015-04-07,Unknown,100959.41743258735,101350.96817820775,0.9594174325873395,1.3509681782077454,-0.38633152959322015
2015-04-08,Unknown,101232.8027096692,101693.2295505449,1.2328027096691896,1.6932295505448947,-0.45276056519264474
2015-04-09,Unknown,101592.11029864175,102143.06031614274,1.5921102986417468,2.143060316142753,-0.5393905526187903
2015-04-10,Unknown,102037.34734421746,102700.46941973708,2.037347344217455,2.700469419737095,-0.6456855350966739
2015-04-13,Unknown,101666.32957154386,102235.97823209084,1.6663295715438675,2.2359782320908517,-0.5571900131417507
2015-04-14,Unknown,101822.53441977824,102431.53699184954,1.8225344197782434,2.4315369918495477,-0.594545966951332
2015-04-15,Unknown,102189.66546888053,102891.16224319662,2.1896654688805306,2.891162243196632,-0.6817852564032778
2015-04-16,Unknown,102166.23081205353,102861.8235096281,2.166230812053538,2.861823509628092,-0.6762399049920154
2015-04-17,Unknown,101221.10681539304,101678.58701796818,1.221106815393047,1.6785870179681917,-0.4499277733809315
2015-04-20,Unknown,101963.14236074025,102607.56939326067,1.9631423607402443,2.607569393260656,-0.6280501880426947
2015-04-21,Unknown,101865.52415457337,102485.35746742327,1.8655241545733725,2.485357467423266,-0.6048018255163101
2015-04-22,Unknown,102267.78575477884,102988.9639849156,2.2677857547788394,2.9889639849155936,-0.7002480675913803
2015-04-23,Unknown,102474.78236380077,103248.11087178973,2.474782363800765,3.2481108717897333,-0.7490001526025525
2015-04-24,Unknown,102666.15348670055,103487.6956213729,2.666153486700562,3.4876956213728993,-0.7938548923517419
2015-04-27,Unknown,102322.49281798748,103057.45382727357,2.322492817987487,3.0574538272735596,-0.7131565762510395
2015-04-28,Unknown,102584.15362194339,103385.03688809062,2.584153621943397,3.38503688809062,-0.7746607151808083
2015-04-29,Unknown,102244.36538737673,102959.64314081876,2.2443653873767344,2.9596431408187573,-0.694716620631386
2015-04-30,Unknown,101420.28710899767,101927.94836382891,1.4202871089976643,1.927948363828902,-0.4980589357289511
2015-05-01,Unknown,102302.9448847318,103032.98103000422,2.3029448847317946,3.0329810300042226,-0.708546077163219
2015-05-04,Unknown,102537.27716357693,103326.35047621773,2.537277163576923,3.326350476217743,-0.7636709406691145
2015-05-05,Unknown,101592.11029864175,102143.06031614274,1.5921102986417468,2.143060316142753,-0.5393905526187903
2015-05-06,Unknown,101256.24451120864,101722.57722884927,1.2562445112086484,1.7225772288492758,-0.45843580682339846
2015-05-07,Unknown,101580.4001149407,102128.39989409431,1.5804001149406943,2.128399894094324,-0.5365792274449444
2015-05-08,Unknown,102654.4433029995,103473.03519932448,2.6544433029994874,3.4730351993244923,-0.7911161538347589
2015-05-11,Unknown,102259.95514993665,102979.1605544305,2.2599551499366433,2.9791605544305044,-0.6983989776394695
2015-05-12,Unknown,102013.90554267801,102671.12174143273,2.0139055426780184,2.671121741432736,-0.6401178711282096
2015-05-13,Unknown,102029.5524629375,102690.71071293122,2.0295524629375006,2.6907107129312102,-0.6438345254440536
2015-05-14,Unknown,102884.86742413598,103761.5118750313,2.884867424135984,3.761511875031287,-0.8448647625249772
2015-05-15,Unknown,102974.69789373534,103873.97403879868,2.974697893735345,3.8739740387986776,-0.8657376916449189
2015-05-18,Unknown,103232.47911883239,104196.7001080524,3.2324791188323765,4.196700108052398,-0.925385341589624
2015-05-19,Unknown,103205.12915958428,104162.45965924133,3.2051291595842857,4.162459659241335,-0.9190743985778349
2015-05-20,Unknown,103146.56395165411,104089.13965952757,3.1465639516541133,4.089139659527574,-0.905546641039201
2015-05-21,Unknown,103388.6911117792,104392.26781254695,3.3886911117791962,4.392267812546957,-0.961351565395463
2015-05-22,Unknown,103189.53225231192,104142.93330089375,3.189532252311933,4.1429333008937475,-0.9154735884260412
2015-05-26,Unknown,102295.12856931449,103023.19548899081,2.2951285693144863,3.0231954889908152,-0.706701938549481
2015-05-27,Unknown,103076.25283646066,104001.11451408616,3.0762528364606467,4.001114514086157,-0.8892805446813146
2015-05-28,Unknown,102982.52849857754,103883.77746928377,2.9825284985775413,3.8837774692837668,-0.8675550626494277
2015-05-29,Unknown,102466.98748252081,103238.35216498385,2.4669874825208105,3.2383521649838487,-0.7471687277905592
2015-06-01,Unknown,102634.91680388115,103448.58923626266,2.634916803881149,3.448589236262656,-0.7865476352927336
2015-06-02,Unknown,102552.89550498663,103345.90366877285,2.5528955049866298,3.345903668772854,-0.7673339103287824
2015-06-03,Unknown,102771.58086357228,103619.68414348787,2.771580863572276,3.619684143487878,-0.8184769978078488
2015-06-04,Unknown,102072.48504003308,102744.45963061818,2.0724850400330785,2.744459630618179,-0.6540251347867843
2015-06-05,Unknown,101931.91996734573,102568.48089762212,1.931919967345741,2.5684808976221163,-0.6206204135086768
2015-06-08,Unknown,101428.06770085273,101937.68918116309,1.428067700852731,1.9376891811630825,-0.49993430732441224
2015-06-09,Unknown,101416.37180657657,101923.04664858637,1.4163718065765663,1.9230466485863795,-0.49711508698983
2015-06-10,Unknown,102392.75392019382,103145.41635956406,2.392753920193824,3.145416359564046,-0.7297100209925578
2015-06-11,Unknown,102658.36575013305,103477.94585930287,2.6583657501330515,3.477945859302878,-0.7920336090592617
2015-06-12,Unknown,102025.6371605164,102685.80899768867,2.0256371605164025,2.6858089976886657,-0.6429046463344523
2015-06-15,Unknown,101674.16017638605,102245.78166257593,1.6741601763860636,2.2457816625759186,-0.5590660826246152
2015-06-16,Unknown,102119.36864311197,102803.15498722691,2.119368643111974,2.803154987226919,-0.6651413997944888
2015-06-17,Unknown,102252.16026865669,102969.40184762463,2.252160268656689,2.96940184762462,-0.6965579736292082
2015-06-18,Unknown,103107.49666399251,104040.22984393225,3.107496663992504,4.0402298439322415,-0.8965120332191767
2015-06-19,Unknown,102738.5651473535,103578.35051915246,2.738565147353489,3.578350519152451,-0.8107730694588366
2015-06-22,Unknown,103162.44664742437,104109.02380730891,3.1624466474243773,4.109023807308909,-0.9092172083339567
2015-06-23,Unknown,103221.30478856487,104182.71054119228,3.2213047885648605,4.1827105411922805,-0.9228073906248468
2015-06-24,Unknown,102616.91927322651,103426.05744667148,2.6169192732265145,3.426057446671482,-0.7823349293403892
2015-06-25,Unknown,102365.73976243073,103111.59631333766,2.3657397624307297,3.111596313337661,-0.7233488546141809
2015-06-26,Unknown,102350.04997389656,103091.95367342411,2.350049973896562,3.0919536734241193,-0.7196523812884159
2015-06-29,Unknown,100623.18726481944,100930.02890938624,0.623187264819447,0.9300289093862268,-0.30401422439131354
2015-06-30,Unknown,100791.98824109833,101141.35723843802,0.7919882410983181,1.1413572384380233,-0.3454264475768021
2015-07-01,Unknown,101358.22004069545,101952.01864798529,1.358220040695457,1.9520186479852875,-0.582429475320223
2015-07-02,Unknown,101283.91050999204,101858.66243998082,1.2839105099920367,1.8586624399808294,-0.5642641639118762
2015-07-06,Unknown,101053.19283801311,101568.80827495402,1.0531928380131061,1.5688082749540255,-0.5076513603911703
2015-07-07,Unknown,101561.60473496332,102207.53397210673,1.5616047349633178,2.2075339721067344,-0.6319781057624319
2015-07-08,Unknown,100196.70020459084,100492.783387121,0.19670020459083837,0.49278338712099856,-0.29463128848723485
2015-07-09,Unknown,100341.39624679506,100674.56725367985,0.341396246795056,0.6745672536798475,-0.33093860343622605
2015-07-10,Unknown,101350.4238410097,101942.22416223603,1.3504238410096958,1.9422241622360392,-0.5805252201330324
2015-07-13,Unknown,102246.02562956791,103067.38248406048,2.246025629567905,3.067382484060488,-0.79691250005266
2015-07-14,Unknown,102601.90256572574,103514.47616049003,2.6019025657257444,3.514476160490032,-0.881590313367786
2015-07-15,Unknown,102574.52686911229,103480.08365116961,2.5745268691122813,3.4800836511696076,-0.8751024835947585
2015-07-16,Unknown,103235.49508630604,104310.46820325301,3.2354950863060283,4.310468203253004,-1.0305515213030692
2015-07-17,Unknown,103305.84599872152,104398.85113812819,3.305845998721524,4.39885113812819,-1.0469513097998928
2015-07-20,Unknown,103348.87817306006,104452.91312156968,3.348878173060066,4.452913121569679,-1.0569690356310835
2015-07-21,Unknown,103020.40541278395,104040.24773340393,3.020405412783944,4.040247733403923,-0.9802382662844611
2015-07-22,Unknown,102871.74363247474,103853.48164897994,2.8717436324747325,3.8534816489799395,-0.9453106443012005
2015-07-23,Unknown,102406.35679004603,103268.80899053288,2.406356790046038,3.2688089905328788,-0.8351526554023825
2015-07-24,Unknown,101553.78717582636,102197.71265214994,1.553787175826371,2.1977126521499413,-0.6300781686918056
2015-07-27,Unknown,101080.55429499244,101603.18289480274,1.080554294992453,1.603182894802746,-0.514382113748757
2015-07-28,Unknown,102073.95389075024,102851.2061081812,2.0739538907502464,2.8512061081811924,-0.7557054961644494
2015-07-29,Unknown,102637.15278001266,103558.76154765396,2.6371527800126637,3.5587615476539547,-0.8899379964265153
2015-07-30,Unknown,102656.67531840384,103583.28801333839,2.656675318403834,3.5832880133383815,-0.8945581017038462
2015-07-31,Unknown,102531.523174042,103426.05744667148,2.531523174041994,3.426057446671482,-0.8649022255254324
2015-08-03,Unknown,102253.85030852193,103077.2127487531,2.253850308521921,3.0772127487531,-0.7987822121636956
2015-08-04,Unknown,102093.52626786087,102875.79518701653,2.093526267860879,2.8757951870165277,-0.7604013341851457
2015-08-05,Unknown,102363.33173552454,103214.75595182722,2.363331735524543,3.2147559518272084,-0.8249055170949204
2015-08-06,Unknown,101690.65853907657,102369.66625401618,1.6906585390765727,2.3696662540161784,-0.6632899566701211
2015-08-07,Unknown,101534.25039780105,102173.16829699384,1.5342503978010402,2.1731682969938326,-0.6253284593618624
2015-08-10,Unknown,102558.90599047251,103460.45890072774,2.558905990472504,3.4604589007277475,-0.8713985225218046
2015-08-11,Unknown,101815.81780325547,102526.90576541892,1.8158178032554817,2.5269057654189186,-0.6935622965062671
2015-08-12,Unknown,101913.5871311868,102649.73487802957,1.9135871311867891,2.649734878029575,-0.7171452977618342
2015-08-13,Unknown,101811.909023687,102521.99510544054,1.8119090236869972,2.521995105440533,-0.6926182825677918
2015-08-14,Unknown,102109.12578704944,102895.39310325087,2.1091257870494484,2.895393103250865,-0.7641423901383448
2015-08-17,Unknown,102566.7164297924,103470.27127594867,2.566716429792404,3.4702712759486776,-0.8732506786867766
2015-08-18,Unknown,102328.13847977413,103170.54212255003,2.3281384797741334,3.170542122550035,-0.8165156695360332
2015-08-19,Unknown,101678.93220037114,102354.93427408101,1.6789322003711415,2.3549342740809998,-0.6604489353680854
2015-08-20,Unknown,99977.6803920491,100217.62542308599,-0.022319607950904707,0.21762542308598753,-0.23942398357966743
2015-08-21,Unknown,97576.35833121442,97200.80753075199,-2.423641668785581,-2.799192469248013,0.38636592637733
2015-08-24,Unknown,94318.57211622573,93108.00052952835,-5.681427883774271,-6.891999470471655,1.300179984332761
2015-08-25,Unknown,93446.4586041637,92012.35089125347,-6.553541395836304,-7.987649108746531,1.558603490747834
2015-08-26,Unknown,96258.39475474898,95545.02958918616,-3.741605245251023,-4.454970410813841,0.7466271857678786
2015-08-27,Unknown,98139.54298084271,97908.34508075306,-1.8604570191572911,-2.0916549192469436,0.23613707278880014
2015-08-28,Unknown,98143.46600004532,97913.27363020314,-1.8565339999546904,-2.086726369796854,0.23509822653009493
2015-08-31,Unknown,97513.80361848469,97122.21908162607,-2.4861963815153154,-2.877780918373929,0.40318738653357666
2015-09-01,Unknown,95206.34922582992,94223.32858666017,-4.793650774170077,-5.77667141333984,1.0432879563001762
2015-09-02,Unknown,96629.94240826603,96011.81062920848,-3.370057591733977,-3.9881893707915173,0.6438080638274002
2015-09-03,Unknown,96684.68668167587,96080.58670311347,-3.3153133183241312,-3.9194132968865314,0.6287430159320984
2015-09-04,Unknown,95527.04714587149,94626.22632328421,-4.4729528541285095,-5.373773676715787,0.9519779638148984
2015-09-08,Unknown,97419.94307012184,97004.30062899382,-2.5800569298781606,-2.9956993710061774,0.4284783648074608
2015-09-09,Unknown,96387.44855886223,95707.16187109561,-3.612551441137768,-4.2928381289043855,0.7108001893138205
2015-09-10,Unknown,96802.0141470837,96227.98700508777,-3.1979858529163074,-3.7720129949122327,0.5965282656963167
2015-09-11,Unknown,97150.08776373872,96665.27725103221,-2.849912236261287,-3.334722748967789,0.5015353252931565
2015-09-14,Unknown,96864.61157871582,96306.62912262874,-3.13538842128418,-3.6933708773712604,0.5793811507789348
2015-09-15,Unknown,97822.76808000375,97510.3758935791,-2.1772319199962475,-2.489624106420907,0.32036814909377487
2015-09-16,Unknown,98495.44127645173,98355.46559139015,-1.504558723548266,-1.6445344086098435,0.14231612266786264
2015-09-17,Unknown,98319.44651843146,98134.3606660608,-1.6805534815685363,-1.8656393339391952,0.1886045327186503
2015-09-18,Unknown,97042.9772358186,96530.71264499416,-2.957022764181394,-3.4692873550058456,0.5306752398155146
2015-09-21,Unknown,97440.03519387818,97029.54267354576,-2.559964806121817,-2.9704573264542455,0.4230593168036645
2015-09-22,Unknown,96437.55071154593,95770.10597723027,-3.5624492884540615,-4.229894022769731,0.6969238756761476
2015-09-23,Unknown,96315.69504248501,95617.01682325917,-3.6843049575149944,-4.382983176740829,0.7307048917007064
2015-09-24,Unknown,96040.51411293756,95271.30278288621,-3.9594858870624416,-4.728697217113787,0.8073903763070156
2015-09-25,Unknown,96020.85629802215,95246.60636722075,-3.9791437019778497,-4.753393632779246,0.8128897819375203
2015-09-28,Unknown,94118.11366677143,92856.16149183882,-5.88188633322857,-7.143838508161182,1.3590397822373035
2015-09-29,Unknown,94161.37367525604,92910.50970682733,-5.838626324743967,-7.089490293172673,1.3463105222172533
2015-09-30,Unknown,95541.22270164713,94644.03529234974,-4.458777298352867,-5.355964707650262,0.947959801720244
2015-10-01,Unknown,95661.73302123454,94890.99050426843,-4.338266978765459,-5.109009495731575,0.8122399322319618
2015-10-02,Unknown,96805.83042329515,96308.46279347678,-3.194169576704853,-3.691537206523221,0.5164319057660904
2015-10-05,Unknown,98189.1002790408,98022.25629172719,-1.8108997209592026,-1.9777437082728166,0.1702103110308606
2015-10-06,Unknown,97918.02420688095,97686.40829499022,-2.081975793119051,-2.3135917050097765,0.23710147187652186
2015-10-07,Unknown,98563.83603756894,98486.53280571317,-1.4361639624310585,-1.5134671942868327,0.0784911699635682
2015-10-08,Unknown,99281.38227721052,99375.53221178272,-0.718617722789483,-0.6244677882172867,-0.09474156512847554
2015-10-09,Unknown,99329.19799686628,99434.77319727793,-0.6708020031337192,-0.5652268027220742,-0.1061753318451153
2015-10-12,Unknown,99404.97540793479,99528.6571446972,-0.5950245920652075,-0.4713428553028032,-0.12426746256868348
2015-10-13,Unknown,98898.67602879864,98901.38070942488,-1.1013239712013623,-1.0986192905751202,-0.0027347248408804425
2015-10-14,Unknown,98515.98421968002,98427.24709653873,-1.4840157803199805,-1.572752903461272,0.0901550391369188
2015-10-15,Unknown,99735.78683634281,99938.51388580792,-0.26421316365718983,-0.0614861141920886,-0.20285177513920116
2015-10-16,Unknown,100102.57376392714,100392.94224562959,0.10257376392714956,0.39294224562957947,-0.28923196711578836
2015-10-19,Unknown,100142.41899369916,100442.30824275297,0.142418993699156,0.44230824275297564,-0.29856865528122833
2015-10-20,Unknown,100038.80262521065,100313.933393919,0.03880262521065436,0.3139333939189859,-0.2742697443912867
2015-10-21,Unknown,99536.52458924953,99691.63917651183,-0.46347541075046905,-0.30836082348817406,-0.1555943793718373
2015-10-22,Unknown,100895.83243781753,101375.7450964958,0.8958324378175231,1.3757450964958062,-0.47339988300105773
2015-10-23,Unknown,101792.80133560268,102487.03907776195,1.7928013356026895,2.4870390777619544,-0.6773907690244774
2015-10-26,Unknown,101589.48164710119,102235.1374269215,1.5894816471011763,2.2351374269214963,-0.6315399930692411
2015-10-27,Unknown,101430.02853154675,102037.58399106956,1.4300285315467454,2.0375839910695692,-0.5954232114864566
2015-10-28,Unknown,102366.80656087074,103198.19924577986,2.366806560870738,3.1981992457798647,-0.8056271242960822
2015-10-29,Unknown,102318.99806086162,103138.9672050205,2.318998060861621,3.138967205020493,-0.795013917997589
2015-10-30,Unknown,101960.18884280766,102694.4227783065,1.9601888428076641,2.6944227783064933,-0.7149696309057374
2015-11-02,Unknown,102940.86954331188,103909.43097168453,2.940869543311875,3.9094309716845244,-0.9321208087806565
2015-11-03,Unknown,103184.0128026455,104210.67178544082,3.1840128026455083,4.2106717854408116,-0.98517643654491
2015-11-04,Unknown,102928.89936919302,103894.60059965508,2.9288993691930276,3.8946005996550737,-0.9295008834802387
2015-11-05,Unknown,102845.18756647395,103790.8863875432,2.845187566473939,3.790886387543191,-0.9111578617202687
2015-11-06,Unknown,102801.33543282015,103736.55606202637,2.801335432820151,3.736556062026364,-0.9015342948603622
2015-11-09,Unknown,102020.01083481546,102768.53885951039,2.0200108348154666,2.7685388595103833,-0.7283630116783124
2015-11-10,Unknown,102211.33869025818,103005.58330411385,2.21133869025818,3.0055833041138458,-0.7710694783512273
2015-11-11,Unknown,101884.47640855885,102600.61933350984,1.884476408558844,2.600619333509835,-0.6979908402142465
2015-11-12,Unknown,100728.416052026,101168.32561700787,0.7284160520260041,1.1683256170078593,-0.4348293423845129
2015-11-13,Unknown,99811.5570277647,100032.38888849133,-0.18844297223529205,0.03238888849133037,-0.22076035890015167
2015-11-16,Unknown,101039.35901289777,101553.56644507573,1.039359012897756,1.553566445075738,-0.5063410869534213
2015-11-17,Unknown,100979.58033876978,101479.50403228692,0.9795803387697921,1.4795040322869157,-0.4926351368036652
2015-11-18,Unknown,102279.1311721497,103089.57437368958,2.2791311721497065,3.089574373689574,-0.7861543773593493
2015-11-19,Unknown,102207.38232390284,103000.6815888713,2.207382323902851,3.000681588871301,-0.7701883645148344
2015-11-20,Unknown,102510.32591630435,103376.01164962395,2.5103259163043568,3.3760116496239556,-0.837414521517521
2015-11-23,Unknown,102414.65837875968,103257.4849549543,2.414658378759671,3.257484954954304,-0.8162377541563237
2015-11-24,Unknown,102526.27411571845,103395.77057110348,2.526274115718441,3.3957705711034736,-0.8409400602968464
2015-11-25,Unknown,102514.31838089284,103380.95808854573,2.5143183808928438,3.380958088545727,-0.8382972296606117
2015-11-27,Unknown,102610.00757737743,103499.5116174229,2.610007577377438,3.4995116174229013,-0.85942824864087
2015-11-30,Unknown,102263.18297273561,103069.81545221005,2.2631829727356,3.0698154522100563,-0.7826078623847432
2015-12-01,Unknown,103056.45608591926,104052.63619254796,3.056456085919268,4.052636192547965,-0.9573809401477229
2015-12-02,Unknown,102199.39017507921,102990.77976629193,2.199390175079219,2.99077976629194,-0.7684081944117294
2015-12-03,Unknown,101035.38820724917,101548.6468403615,1.0353882072491771,1.5486468403614895,-0.5054312874490541
2015-12-04,Unknown,102633.91904702863,103529.13658253844,2.633919047028632,3.529136582538439,-0.864701054273842
2015-12-07,Unknown,102127.64132683237,102901.88698147365,2.1276413268323635,2.9018869814736448,-0.7524115226192896
2015-12-08,Unknown,101569.54098309859,102210.43206652021,1.569540983098583,2.210432066520207,-0.6270309893656623
2015-12-09,Unknown,100927.72883664572,101415.26293945487,0.9277288366457137,1.4152629394548644,-0.4807305021732322
2015-12-10,Unknown,101139.00457573768,101677.02168919546,1.1390045757376788,1.677021689195457,-0.5291432661180706
2015-12-11,Unknown,99548.44422584196,99706.40693539038,-0.45155577415804116,-0.29359306460962076,-0.1584278427070207
2015-12-14,Unknown,99955.0547242584,100210.17445812789,-0.04494527574160356,0.2101744581278986,-0.2545846619357861
2015-12-15,Unknown,100804.16458450799,101262.17378548376,0.8041645845079826,1.2621737854837667,-0.45230038409606044
2015-12-16,Unknown,102000.07017081286,102743.8334991091,2.000070170812851,2.743833499109094,-0.723900698432367
2015-12-17,Unknown,100736.41542049627,101178.23638432309,0.7364154204962725,1.1782363843230836,-0.43667588961382453
2015-12-18,Unknown,99281.54110943647,99375.72899597128,-0.7184588905635336,-0.6242710040287203,-0.09477956789492037
2015-12-21,Unknown,99943.21450377895,100195.50509134363,-0.056785496221056775,0.19550509134362848,-0.2517983090505771
2015-12-22,Unknown,100677.04826622641,101104.68382147737,0.6770482662264099,1.1046838214773702,-0.42296314976469906
2015-12-23,Unknown,101687.57498591482,102356.66955283476,1.6875749859148303,2.356669552834756,-0.6536892709024356
2015-12-24,Unknown,101551.2463985285,102187.76610589135,1.5512463985285052,2.1877661058913533,-0.6228922811594373
2015-12-28,Unknown,101362.74864456624,101954.22799773877,1.3627486445662251,1.9542279977387667,-0.5801420547126734
2015-12-29,Unknown,102240.97533968999,103042.30144475373,2.240975339689988,3.0423014447537255,-0.7776671268288515
2015-12-30,Unknown,101651.49119203902,102311.96376308614,1.651491192039023,2.3119637630861334,-0.6455477411972277
2015-12-31,Unknown,100825.4120045513,101288.49814307284,0.8254120045513069,1.288498143072836,-0.4571951870264823
2016-01-04,Unknown,99602.35619053953,99872.53751422212,-0.3976438094604684,-0.127462485777885,-0.27052614302917055
2016-01-05,Unknown,99737.24330994737,100041.46779537306,-0.2627566900526235,0.041467795373062444,-0.304098382530682
2016-01-06,Unknown,98729.618101159,98779.53551775709,-1.270381898841011,-1.2204644822429112,-0.05053416817203393
2016-01-07,Unknown,96837.30594400622,96409.63670060896,-3.1626940559937755,-3.5903632993910417,0.44359594956815407
2016-01-08,Unknown,95992.30092063546,95351.3671134264,-4.007699079364535,-4.6486328865736,0.6721810359012759
2016-01-11,Unknown,96067.70086342846,95445.79668973215,-3.9322991365715376,-4.554203310267857,0.6515783777445439
2016-01-12,Unknown,96682.5921464518,96215.8758327549,-3.3174078535481932,-3.7841241672450954,0.485072042069401
2016-01-13,Unknown,94766.49654613329,93816.19104524604,-5.233503453866706,-6.183808954753955,1.0129440241599008
2016-01-14,Unknown,95996.31482305563,95356.39405497076,-4.003685176944371,-4.643605945029239,0.67108322879319
2016-01-15,Unknown,94361.85661443515,93309.42703600076,-5.638143385564853,-6.69057296399923,1.1278920167716144
2016-01-19,Unknown,94461.02571604363,93433.62469319555,-5.538974283956366,-6.566375306804451,1.0996052290829006
2016-01-20,Unknown,93504.97415383178,92236.28235310953,-6.4950258461682235,-7.763717646890466,1.3754801997171606
2016-01-21,Unknown,93917.53475774337,92752.96607440588,-6.08246524225663,-7.247033925594126,1.2555595067475167
2016-01-22,Unknown,95436.96823597819,94655.87812260728,-4.563031764021808,-5.344121877392727,0.8251892316282428
2016-01-25,Unknown,94294.44162343173,93224.99767436867,-5.7055583765682645,-6.77500232563133,1.147164361214137
2016-01-26,Unknown,95309.99464660868,94496.85860877155,-4.690005353391314,-5.50314139122845,0.8604900203123211
2016-01-27,Unknown,94488.80163510416,93468.41077089311,-5.511198364895842,-6.531589229106894,1.091695959945449
2016-01-28,Unknown,94877.59308020027,93955.32641130041,-5.122406919799727,-6.04467358869959,0.9816012610743607
2016-01-29,Unknown,96706.40415831804,96245.697582059,-3.293595841681962,-3.7543024179410023,0.47867758022765994
2016-02-01,Unknown,96678.62109708239,96210.9025596256,-3.3213789029176155,-3.7890974403744004,0.486138810689285
2016-02-02,Unknown,95294.12473348128,94476.98340572606,-4.7058752665187225,-5.523016594273944,0.8649104769211879
2016-02-03,Unknown,95746.37440456165,95043.37302410784,-4.253625595438349,-4.956626975892153,0.7396637535953987
2016-02-04,Unknown,95865.39161084207,95192.42810221328,-4.134608389157934,-4.807571897786723,0.7069506703896611
2016-02-05,Unknown,94417.38702603083,93378.97235718834,-5.5826129739691694,-6.6210276428116615,1.1120433676121477
2016-02-08,Unknown,93413.74000878699,92122.0222974375,-6.586259991213006,-7.877977702562489,1.4021812365113684
2016-02-09,Unknown,93417.69677380615,92126.97768109512,-6.5823032261938526,-7.873022318904887,1.4010218561374632
2016-02-10,Unknown,93354.22426347165,92047.48581364895,-6.645775736528348,-7.952514186351056,1.4196351353563452
2016-02-11,Unknown,92398.17270125978,90850.14347356293,-7.601827298740216,-9.149856526437073,1.703937020360713
2016-02-12,Unknown,93893.75131457763,92723.18010404515,-6.106248685422367,-7.276819895954844,1.2624364363031715
2016-02-16,Unknown,95143.38198529628,94288.19581100131,-4.856618014703729,-5.711804188998693,0.9069917680991191
2016-02-17,Unknown,96373.15740916786,95828.34515231095,-3.6268425908321356,-4.171654847689044,0.5685293385699008
2016-02-18,Unknown,96059.780191215,95435.87697768108,-3.940219808784995,-4.564123022318922,0.6537407454010546
2016-02-19,Unknown,96024.08359994102,95391.17118793247,-3.9759164000589764,-4.6088288120675225,0.6634916042299377
2016-02-22,Unknown,97126.92114531872,96772.34573908562,-2.873078854681288,-3.227654260914381,0.366401582523479
2016-02-23,Unknown,96151.00719408465,95550.12808861728,-3.848992805915341,-4.44987191138273,0.6288626896555183
2016-02-24,Unknown,96500.10242983687,95987.3288872033,-3.499897570163124,-4.012671112796696,0.5342096176425004
2016-02-25,Unknown,97428.4066416887,97149.92092853512,-2.571593358311297,-2.8500790714648727,0.2866556251326591
2016-02-26,Unknown,97249.89511661831,96926.35620084866,-2.7501048833816877,-3.0736437991513377,0.33379869877623314
2016-02-29,Unknown,96642.91736363329,96166.18782514114,-3.357082636366715,-3.833812174858864,0.4957350907566216
2016-03-01,Unknown,98447.95928293558,98426.79091501069,-1.552040717064418,-1.5732090849893132,0.021506713495500485
2016-03-02,Unknown,98801.01842588208,98868.95604199015,-1.1989815741179188,-1.1310439580098475,-0.06871481082415531
2016-03-03,Unknown,99110.4460209909,99256.47777769827,-0.8895539790090945,-0.743522222301729,-0.14712566874922617
2016-03-04,Unknown,99368.29996952321,99579.4095758764,-0.6317000304767895,-0.42059042412360137,-0.21200126336592406
2016-03-07,Unknown,99431.77247985771,99658.90144332257,-0.5682275201422837,-0.3410985566774327,-0.22790634873095517
2016-03-08,Unknown,98562.99829767147,98570.86377525098,-1.437001702328533,-1.429136224749017,-0.00797951572936162
2016-03-09,Unknown,98951.78260059246,99057.77047092245,-1.0482173994075472,-0.942229529077554,-0.10699601841038797
2016-03-10,Unknown,99015.20511570109,99137.19972521771,-0.9847948842989118,-0.8628002747822938,-0.12305633995589593
2016-03-11,Unknown,100292.62598983051,100737.01939934309,0.29262598983050836,0.7370193993430973,-0.4411421066082055
2016-03-14,Unknown,100189.49298102774,100607.85741375484,0.18949298102772794,0.607857413754842,-0.4158367382843253
2016-03-15,Unknown,100058.5697688142,100443.89146099737,0.0585697688141984,0.44389146099736987,-0.3836188409056196
2016-03-16,Unknown,100522.72544582767,101025.19195403121,0.5227254458276764,1.0251919540312127,-0.49736753624003427
2016-03-17,Unknown,101034.469435698,101666.09122199402,1.0344694356980044,1.666091221994015,-0.6212708472452588
2016-03-18,Unknown,101353.46040329899,102065.58995899733,1.3534604032989783,2.065589958997327,-0.6977175715972672
2016-03-21,Unknown,101469.09936074537,102210.41417704851,1.469099360745374,2.2104141770485253,-0.7252830567920809
2016-03-22,Unknown,101425.24640547881,102155.49349896598,1.4252464054788083,2.155493498965977,-0.7148387898439967
2016-03-23,Unknown,100886.94780849431,101481.33770313494,0.8869478084943205,1.481337703134944,-0.5857134997366731
2016-03-24,Unknown,100851.0440941417,101436.37251604685,0.8510440941416952,1.4363725160468466,-0.5770399782509483
2016-03-28,Unknown,100898.88238312793,101496.28435673036,0.8988823831279191,1.4962843567303707,-0.588594919891583
2016-03-29,Unknown,101648.55365293224,102435.15960986639,1.6485536529322387,2.4351596098663775,-0.7679062149461235
2016-03-30,Unknown,102007.42652643037,102884.60575182294,2.007426526430378,2.884605751822944,-0.8525854951599743
2016-03-31,Unknown,101808.04556564518,102634.90450600012,1.8080455656451777,2.634904506000124,-0.8056313242894908
2016-04-01,Unknown,102284.09075892756,103334.04294904362,2.2840907589275483,3.334042949043625,-1.016075786983206
2016-04-04,Unknown,102018.9139453395,102999.43827058899,2.0189139453395066,2.9994382705889944,-0.9519705560660952
2016-04-05,Unknown,101203.66253859473,101970.7399801069,1.2036625385947186,1.9707399801069059,-0.752252500728956
2016-04-06,Unknown,102086.22184324954,103084.36853742834,2.086221843249536,3.084368537428328,-0.9682813294979664
2016-04-07,Unknown,101108.65171651066,101850.85368558895,1.1086517165106669,1.850853685588949,-0.7287145293543129
2016-04-08,Unknown,101326.33375221591,102125.52863388837,1.3263337522159135,2.125528633888374,-0.7825613168060186
2016-04-11,Unknown,101136.36881823033,101885.82760273923,1.1363688182303378,1.8858276027392318,-0.7355868840081436
2016-04-12,Unknown,101888.32457248024,102834.65834686969,1.8883245724802489,2.8346583468696895,-0.9202478907426204
2016-04-13,Unknown,102711.55084864564,103873.41946517634,2.7115508486456275,3.873419465176342,-1.1185427634065936
2016-04-14,Unknown,102715.49929510544,103878.40168304149,2.715499295105439,3.878401683041499,-1.1194842903766933
2016-04-15,Unknown,102624.47236334528,103763.5423300679,2.624472363345287,3.763542330067904,-1.097755474749773
2016-04-18,Unknown,103202.31367963138,104492.67247239653,3.2023136796313745,4.492672472396531,-1.234879692742119
2016-04-19,Unknown,103463.4924253499,104822.23231983512,3.463492425349912,4.822232319835118,-1.296232549541032
2016-04-20,Unknown,103542.67401773065,104922.14501921329,3.5426740177306515,4.9221450192132865,-1.314756766772196
2016-04-21,Unknown,103095.44334062225,104357.82163481147,3.0954433406222615,4.357821634811465,-1.2096633241413968
2016-04-22,Unknown,103095.44334062225,104357.82163481147,3.0954433406222615,4.357821634811465,-1.2096633241413968
2016-04-25,Unknown,102952.95900697383,104178.03244434585,2.952959006973832,4.178032444345847,-1.1759421911010648
2016-04-26,Unknown,103075.65148691347,104332.84793233486,3.0756514869134666,4.33284793233486,-1.204986224699578
2016-04-27,Unknown,103245.81747841746,104547.56631627154,3.2458174784174565,4.547566316271534,-1.245125911315903
2016-04-28,Unknown,102493.85463539475,103598.72662740524,2.4938546353947544,3.5987266274052354,-1.0664918652757094
2016-04-29,Unknown,102050.60784861025,103039.43018454777,2.050607848610242,3.0394301845477756,-0.9596543130785062
2016-05-02,Unknown,102699.67715417493,103858.43703263755,2.69967715417494,3.8584370326375517,-1.1157108768144464
2016-05-03,Unknown,101983.3283057915,102954.5356966518,1.9833283057914874,2.9545356966518055,-0.943336186490995
2016-05-04,Unknown,101528.18655821784,102380.22998704802,1.5281865582178478,2.3802299870480104,-0.832234337564941
2016-05-05,Unknown,101512.35732851451,102360.25639190823,1.512357328514513,2.360256391908222,-0.8283479284648898
2016-05-06,Unknown,101809.21386782768,102734.83509484997,1.809213867827686,2.7348350948499744,-0.9009808855659385
2016-05-09,Unknown,101876.44378923673,102819.66696959504,1.8764437892367258,2.819666969595036,-0.9173567743972932
2016-05-10,Unknown,102889.65626570616,104098.15595325838,2.889656265706164,4.098155953258376,-1.160923242573919
2016-05-11,Unknown,102117.87321388337,103124.30678297208,2.11787321388337,3.124306782972086,-0.975942142531705
2016-05-12,Unknown,102141.60642527914,103154.253758578,2.141606425279141,3.154253758577985,-0.9816825738169332
2016-05-13,Unknown,101429.23437844678,102255.37041940077,1.4292343784467754,2.2553704194007818,-0.8079145746239025
2016-05-16,Unknown,102228.70617689796,103264.15772789397,2.2287061768979655,3.264157727893968,-1.0027211510546308
2016-05-17,Unknown,101464.8554618589,102300.31771701717,1.464855461858905,2.300317717017175,-0.8166761099113407
2016-05-18,Unknown,101488.6028508003,102330.28258209478,1.4886028508003024,2.330282582094778,-0.822512857442026
2016-05-19,Unknown,101207.61098505455,101975.72219797203,1.2076109850545524,1.9757221979720407,-0.7532294906686721
2016-05-20,Unknown,101718.17275852189,102619.9578524047,1.7181727585218853,2.6199578524046974,-0.8787619024165028
2016-05-23,Unknown,101607.3327067345,102480.09796274695,1.607332706734499,2.480097962746952,-0.8516436589763199
2016-05-24,Unknown,102660.07218043893,103808.46279347678,2.6600721804389327,3.8084627934767745,-1.1062591450973769
2016-05-25,Unknown,103218.11455424344,104512.61028859294,3.218114554243434,4.512610288592933,-1.2386024335005907
2016-05-26,Unknown,103241.85485441203,104542.5662089347,3.2418548544120185,4.542566208934695,-1.2441930609615293
2016-05-27,Unknown,103598.07277730589,104992.04812983463,3.598072777305883,4.992048129834625,-1.3276961230482276
2016-05-31,Unknown,103439.77339149978,104792.30323370089,3.4397733914997897,4.792303233700901,-1.2906767009260078
2016-06-01,Unknown,103609.9535605494,105007.03950710926,3.609953560549406,5.007039507109257,-1.3304688458198766
2016-06-02,Unknown,103863.2354133483,105326.63491881757,3.8632354133482982,5.326634918817574,-1.38939168292731
2016-06-03,Unknown,103613.91618455485,105012.0396144461,3.613916184554844,5.0120396144460955,-1.3313934621444257
2016-06-06,Unknown,104037.36402885774,105546.35341009109,4.037364028857748,5.546353410091087,-1.4296935256212007
2016-06-07,Unknown,104167.96049048983,105711.14227854622,4.167960490489819,5.711142278546211,-1.4598099640150908
2016-06-08,Unknown,104441.06964086159,106055.75611641037,4.441069640861595,6.05575611641036,-1.5224882973597809
2016-06-09,Unknown,104326.30949770566,105910.94978783086,4.3263094977056715,5.910949787830866,-1.4962006225982094
2016-06-10,Unknown,103530.77905694148,104907.13575246694,3.53077905694148,4.907135752466951,-1.3119762403703827
2016-06-13,Unknown,102889.65626570616,104098.15595325838,2.889656265706164,4.098155953258376,-1.160923242573919
2016-06-14,Unknown,102727.38007834896,103893.39306031613,2.727380078348962,3.8933930603161304,-1.1223167784020993
2016-06-15,Unknown,102612.59158010175,103748.55095279326,2.612591580101764,3.7485509527932503,-1.0949158925683489
2016-06-16,Unknown,102857.9623624354,104058.16403929959,2.8579623624354067,4.058164039299594,-1.1533950151291439
2016-06-17,Unknown,102550.85545762692,103670.65124832733,2.5508554576269216,3.670651248327328,-1.0801473485664737
2016-06-20,Unknown,103079.96854955984,104338.29527646389,3.0799685495598306,4.338295276463899,-1.2060065995614377
2016-06-21,Unknown,103314.69199512036,104634.47336973244,3.3146919951203557,4.634473369732439,-1.2613255766563247
2016-06-22,Unknown,103179.424032201,104463.78992035607,3.179424032200995,4.463789920356076,-1.229484292245453
2016-06-23,Unknown,104257.51295750379,105824.14112646425,4.257512957503784,5.824141126464255,-1.480407166346176
2016-06-24,Unknown,101245.98251232016,102024.14005309595,1.245982512320154,2.0241400530959464,-0.7627190392105465
2016-06-27,Unknown,99797.88091221904,100196.90047013531,-0.20211908778096088,0.19690047013531942,-0.3982354304814084
2016-06-28,Unknown,101230.06112857019,102004.05017639018,1.2300611285701812,2.004050176390182,-0.7587826625330862
2016-06-29,Unknown,102606.5377681149,103740.91214838243,2.6065377681149027,3.740912148382436,-1.0934686776659652
2016-06-30,Unknown,103728.44239820777,105156.55076674274,3.7284423982077763,5.156550766742751,-1.3580783680350872
2016-07-01,Unknown,103820.14660978952,105377.39629473262,3.82014660978951,5.377396294732617,-1.4777834143743673
2016-07-05,Unknown,103222.22547503296,104619.39254509936,3.2222254750329693,4.6193925450993545,-1.3354761828349382
2016-07-06,Unknown,103717.19689975762,105246.88365403192,3.7171968997576244,5.24688365403192,-1.4534271240777996
2016-07-07,Unknown,103665.7467396896,105181.65864025702,3.6657467396896015,5.181658640257014,-1.4412321693387242
2016-07-08,Unknown,104901.12914867353,106747.79243919368,4.901129148673533,6.747792439193678,-1.7299311286198882
2016-07-11,Unknown,105198.12470376726,107124.30320507774,5.1981247037672595,7.124303205077731,-1.7980779745405018
2016-07-12,Unknown,105811.89999508894,107902.4057761526,5.811899995088932,7.902405776152599,-1.9374042367512168
2016-07-13,Unknown,105800.00408589054,107887.32495151952,5.800004085890542,7.887324951519514,-1.934722977483172
2016-07-14,Unknown,106275.1983851804,108489.74396588119,6.275198385180403,8.489743965881203,-2.041248785136085
2016-07-15,Unknown,106160.38098874773,108344.18627949078,6.160380988747716,8.344186279490785,-2.0156183416335627
2016-07-18,Unknown,106389.99461451484,108635.27481806406,6.389994614514838,8.635274818064055,-2.0668058393643163
2016-07-19,Unknown,106302.90611674747,108524.86994354082,6.302906116747464,8.524869943540825,-2.047423625524092
2016-07-20,Unknown,106659.2824380415,108976.6596062885,6.659282438041503,8.976659606288484,-2.126489448859259
2016-07-21,Unknown,106334.57209568127,108565.01391800896,6.334572095681268,8.565013918008969,-2.054475693258029
2016-07-22,Unknown,106718.6773156406,109051.9563926238,6.718677315640598,9.051956392623794,-2.1396031342918898
2016-07-25,Unknown,106485.06310831032,108755.79618882695,6.485063108310318,8.75579618882696,-2.0879191363502803
2016-07-26,Unknown,106524.64558197757,108805.97615691212,6.524645581977584,8.80597615691212,-2.0966960230608844
2016-07-27,Unknown,106433.57061404585,108690.51750663698,6.433570614045858,8.690517506636986,-2.0764892323319017
2016-07-28,Unknown,106532.56913241043,108816.02109526501,6.532569132410426,8.816021095265004,-2.098451992520012
2016-07-29,Unknown,106671.17129154048,108991.73148618574,6.67117129154049,8.99173148618575,-2.1291158173217806
2016-08-01,Unknown,106599.9016718412,108901.38070942488,6.599901671841213,8.901380709424878,-2.113360751343063
2016-08-02,Unknown,106049.50067258357,108203.61975570137,6.049500672583563,8.203619755701364,-1.9908013132844293
2016-08-03,Unknown,106298.94081368134,108519.84300199646,6.298940813681342,8.519843001996463,-2.046540178162859
2016-08-04,Unknown,106389.99461451484,108635.27481806406,6.389994614514838,8.635274818064055,-2.0668058393643163
2016-08-05,Unknown,107090.90779349973,109523.84487681309,7.090907793499723,9.523844876813081,-2.221376619903914
2016-08-08,Unknown,107039.42941063408,109458.58408409482,7.0394294106340904,9.458584084094813,-2.2101095987155817
2016-08-09,Unknown,107090.90779349973,109523.84487681309,7.090907793499723,9.523844876813081,-2.221376619903914
2016-08-10,Unknown,106877.05660020545,109252.73887811544,6.877056600205456,9.25273887811544,-2.1744830402470217
2016-08-11,Unknown,107276.98775393228,109759.74439522851,7.276987753932285,9.759744395228509,-2.2619920035128693
2016-08-12,Unknown,107201.77399826508,109664.39351113082,7.201773998265071,9.66439351113082,-2.2455962541896413
2016-08-15,Unknown,107451.24236216048,109980.65253636929,7.451242362160482,9.980652536369284,-2.2998683094486716
2016-08-16,Unknown,107003.80518433356,109413.42211281815,7.003805184333567,9.413422112818148,-2.2023046916492595
2016-08-17,Unknown,107166.13566056573,109619.21365038247,7.166135660565742,9.619213650382473,-2.2378175395789124
2016-08-18,Unknown,107360.14622713055,109865.16705188662,7.3601462271305484,9.865167051886626,-2.280086484165633
2016-08-19,Unknown,107233.41881010067,109704.51065139144,7.233418810100667,9.704510651391441,-2.25249793888892
2016-08-22,Unknown,107229.46761843335,109699.50159931876,7.2294676184333495,9.699501599318761,-2.2516364658677235
2016-08-23,Unknown,107403.72928236096,109920.41868519539,7.403729282360971,9.920418685195376,-2.289555874092919
2016-08-24,Unknown,106960.23624050195,109358.18836898108,6.960236240501949,9.358188368981079,-2.1927504142518317
2016-08-25,Unknown,106900.82019580463,109282.86474843824,6.9008201958046245,9.282864748438246,-2.179705444322788
2016-08-26,Unknown,106738.46855247422,109077.04637666639,6.738468552474219,9.077046376666399,-2.1439687834198917
2016-08-29,Unknown,107162.1491904014,109614.15987463057,7.16214919040139,9.614159874630568,-2.2369470212914244
2016-08-30,Unknown,107019.62406240165,109433.47621058054,7.0196240624016415,9.43347621058055,-2.205771242735599
2016-08-31,Unknown,106774.11394587297,109122.23518215059,6.774113945872973,9.122235182150584,-2.1518265570330763
2016-09-01,Unknown,106778.0792489391,109127.26212369495,6.778079248939095,9.127262123694946,-2.152700277674946
2016-09-02,Unknown,107166.13566056573,109619.21365038247,7.166135660565742,9.619213650382473,-2.2378175395789124
2016-09-06,Unknown,107427.47171086191,109950.51772131065,7.42747171086191,9.950517721310659,-2.2947104413313046
2016-09-07,Unknown,107419.52699333083,109940.44594875023,7.419526993330838,9.94044594875023,-2.292985928576774
2016-09-08,Unknown,107221.5511236999,109689.46560570173,7.22155112369991,9.68946560570172,-2.249910206394101
2016-09-09,Unknown,105150.62573536656,107064.08724337551,5.150625735366554,7.064087243375505,-1.787211339745809
2016-09-12,Unknown,106362.29393864717,108600.15778514028,6.362293938647179,8.600157785140293,-2.0606451151945926
2016-09-13,Unknown,105130.82744283351,107038.98831459708,5.130827442833508,7.038988314597083,-1.7826783509531263
2016-09-14,Unknown,105099.1473525009,106998.82645065725,5.099147352500899,6.998826450657236,-1.7754204986840438
2016-09-15,Unknown,105942.59977088435,108068.098062928,5.94259977088436,8.068098062927987,-1.9668138240074962
2016-09-16,Unknown,105613.03510733286,107650.29839638775,5.613035107332864,7.650298396387756,-1.8924827143101064
2016-09-19,Unknown,105628.95982089204,107670.4866651878,5.628959820892043,7.670486665187792,-1.8960876908117763
2016-09-20,Unknown,105632.93217965758,107675.522551468,5.63293217965759,7.675522551468017,-1.8969867277255026
2016-09-21,Unknown,106588.08337533627,108886.39827688607,6.588083375336273,8.886398276886066,-2.1107456375822453
2016-09-22,Unknown,107129.3190210656,109572.54001874816,7.129319021065594,9.572540018748166,-2.2297749027854197
2016-09-23,Unknown,106655.73342124031,108972.16040415893,6.655733421240306,8.972160404158934,-2.1257052942030286
2016-09-26,Unknown,105959.30061137819,108089.27025267089,5.959300611378193,8.0892702526709,-1.9705652895182446
2016-09-27,Unknown,106488.58390231387,108760.25961201313,6.48858390231386,8.760259612013144,-2.088700153717127
2016-09-28,Unknown,106914.42358425926,109300.1101991456,6.914423584259266,9.300110199145584,-2.182693695861415
2016-09-29,Unknown,106134.38073643688,108311.22492790542,6.134380736436884,8.311224927905414,-2.0098047943945763
2016-09-30,Unknown,106779.10232535296,109128.55911039234,6.779102325352948,9.128559110392342,-2.1529256907559025
2016-10-03,Unknown,106486.62765335315,108866.25473176525,6.48662765335315,8.866254731765256,-2.1858261628226683
2016-10-04,Unknown,106051.96040741676,108311.22492790542,6.051960407416757,8.311224927905414,-2.0859006275596004
2016-10-05,Unknown,106427.33733458947,108790.54648758112,6.427337334589467,8.790546487581107,-2.1722559811402586
2016-10-06,Unknown,106486.62765335315,108866.25473176525,6.48662765335315,8.866254731765256,-2.1858261628226683
2016-10-07,Unknown,106194.21794445043,108492.87462342661,6.194217944450431,8.492874623426605,-2.118716723982761
2016-10-10,Unknown,106636.73779522307,109057.93147616764,6.636737795223069,9.057931476167646,-2.220098665151804
2016-10-11,Unknown,105558.07989771508,107680.58527195574,5.558079897715085,7.680585271955742,-1.9711124051565165
2016-10-12,Unknown,105668.71686540809,107821.85842987684,5.6687168654080855,7.821858429876838,-1.996943473079782
2016-10-13,Unknown,105392.1314511754,107468.68447980993,5.392131451175408,7.468684479809928,-1.932240111327177
2016-10-14,Unknown,105435.59747526907,107524.18656572234,5.435597475269072,7.524186565722335,-1.9424365411745304
2016-10-17,Unknown,105143.21578636576,107150.84223632707,5.143215786365762,7.150842236327071,-1.8736450484760248
2016-10-18,Unknown,105668.71686540809,107821.85842987684,5.6687168654080855,7.821858429876838,-1.996943473079782
2016-10-19,Unknown,105893.93461571189,108109.44063199924,5.893934615711882,8.109440631999231,-2.0493178054901473
2016-10-20,Unknown,105735.8808040076,107907.6205571497,5.735880804007598,7.907620557149708,-2.0125916426744994
2016-10-21,Unknown,105775.39600818364,107958.07781204605,5.775396008183642,7.958077812046049,-2.021786463873909
2016-10-24,Unknown,106134.94163568645,108417.18426871416,6.134941635686464,8.417184268714163,-2.105056175754505
2016-10-25,Unknown,105850.4755966181,108053.9474908227,5.850475596618088,8.053947490822688,-2.0392331287959142
2016-10-26,Unknown,105680.58333516066,107837.01081239668,5.6805833351606605,7.837010812396672,-1.999709989168319
2016-10-27,Unknown,105455.35857985701,107549.41966553843,5.455358579857017,7.549419665538437,-1.947068698458454
2016-10-28,Unknown,105206.40789004808,107231.53269837634,5.206407890048093,7.231532698376331,-1.8885534481956734
2016-10-31,Unknown,105210.39373496498,107236.62225307162,5.210393734964969,7.236622253071623,-1.889493044013335
2016-11-01,Unknown,104601.91142765294,106459.64671871309,4.601911427652938,6.459646718713086,-1.7450135786836185
2016-11-02,Unknown,104100.10125811661,105818.88162178794,4.100101258116617,5.818881621787941,-1.6242662342761172
2016-11-03,Unknown,103720.78051602615,105334.52417583203,3.7207805160261564,5.334524175832023,-1.532017799892571
2016-11-04,Unknown,103629.92566792063,105218.51095193456,3.6299256679206193,5.218510951934552,-1.5097963938490055
2016-11-07,Unknown,105447.45694002177,107539.33000350633,5.447456940021778,7.539330003506328,-1.9452167531789022
2016-11-08,Unknown,105826.76367211253,108023.66955999055,5.826763672112523,8.023669559990543,-2.033726401654945
2016-11-09,Unknown,106723.64882841082,109168.9088137849,6.723648828410811,9.168908813784892,-2.2398868065495514
2016-11-10,Unknown,106937.02812896148,109441.37441233084,6.937028128961487,9.441374412330838,-2.288299371985225
2016-11-11,Unknown,106739.45911308116,109189.09708258495,6.739459113081159,9.18909708258495,-2.243482211095682
2016-11-14,Unknown,106806.65107168008,109274.89498880118,6.806651071680081,9.274894988801186,-2.2587474619619186
2016-11-15,Unknown,107474.38867275653,110127.53404366461,7.474388672756516,10.1275340436646,-2.409157159422215
2016-11-16,Unknown,107312.37703613476,109920.66019306317,7.312377036134765,9.920660193063169,-2.3728779943163247
2016-11-17,Unknown,107754.90389190726,110485.72599054004,7.754903891907272,10.48572599054005,-2.471651495385563
2016-11-18,Unknown,107561.30671094412,110238.52032601772,7.561306710944127,10.238520326017731,-2.428564540920952
2016-11-21,Unknown,108213.2410323501,111070.98005681696,8.213241032350105,11.070980056816971,-2.5728943987034403
2016-11-22,Unknown,108383.13329380754,111287.91673524296,8.383133293807532,11.287916735242964,-2.6101516918013545
2016-11-23,Unknown,108430.5501378188,111348.46365217141,8.430550137818816,11.348463652171414,-2.620524270067648
2016-11-25,Unknown,108754.53838606305,111762.16662969509,8.75453838606306,11.762166629695091,-2.6910969376580662
2016-11-28,Unknown,108343.63910463106,111237.48631455415,8.343639104631052,11.237486314554147,-2.6015035990115343
2016-11-29,Unknown,108513.53136608849,111454.42299298017,8.513531366088479,11.454422992980163,-2.638649546529803
2016-11-30,Unknown,108304.13090545488,111187.03800439365,8.304130905454876,11.187038004393646,-2.592844589334997
2016-12-01,Unknown,107984.08647212839,110778.37091315018,7.984086472128382,10.778370913150193,-2.522409761028621
2016-12-02,Unknown,108027.53848622233,110833.85510959089,8.02753848622233,10.833855109590896,-2.532003078476086
2016-12-05,Unknown,108549.0817403472,111499.81752738878,8.549081740347209,11.499817527388778,-2.6464041399141824
2016-12-06,Unknown,108825.6951745793,111853.02725639906,8.825695174579295,11.853027256399052,-2.7065267307251673
2016-12-07,Unknown,109971.51000568696,113316.12664314796,9.971510005686945,13.316126643147964,-2.951580447144808
2016-12-08,Unknown,110188.7840861564,113593.5655148232,10.1887840861564,13.593565514823203,-2.997336524508065
2016-12-09,Unknown,110726.17264995087,114279.76092510035,10.726172649950861,14.279760925100348,-3.1095517232299086
2016-12-12,Unknown,110623.45833709264,114148.60426341888,10.62345833709264,14.148604263418886,-3.0882076474551656
2016-12-13,Unknown,111220.0461546527,114910.39163631419,11.220046154652685,14.91039163631418,-3.2114984807825375
2016-12-14,Unknown,110477.2429751415,113961.9007921458,10.477242975141499,13.961900792145787,-3.057739290747641
2016-12-15,Unknown,110844.6972474794,114431.10585558186,10.844697247479406,14.43110585558185,-3.1341203786221294
2016-12-16,Unknown,110669.43915613386,114207.3175094993,10.669439156133853,14.207317509499306,-3.097768541031698
2016-12-19,Unknown,110864.1921620729,114455.99905543588,10.864192162072905,14.455999055435885,-3.1381552063717733
2016-12-20,Unknown,111209.95895486303,114897.51121669874,11.20995895486303,14.897511216698733,-3.2094274478068674
2016-12-21,Unknown,110959.5652350842,114577.78163395278,10.95956523508419,14.57778163395278,-3.1578691324535058
2016-12-22,Unknown,110804.56560331622,114379.86146393124,10.804565603316219,14.379861463931242,-3.1258088747925794
2016-12-23,Unknown,110935.7202155814,114547.3337531396,10.935720215581402,14.54733375313959,-3.1529442189737633
2016-12-27,Unknown,111158.28307094057,114831.5259003771,11.158283070940577,14.831525900377107,-3.1988104317478894
2016-12-28,Unknown,110415.0806064377,113882.52520626559,10.415080606437698,13.882525206265584,-3.0447556317772295
2016-12-29,Unknown,110395.2214318518,113857.16688014769,10.395221431851787,13.857166880147687,-3.0406038927177303
2016-12-30,Unknown,110069.29980364787,113440.99515553105,10.069299803647858,13.440995155531056,-2.9722018457793764
2017-01-03,Unknown,110659.86529332648,114308.81342712186,10.659865293326476,14.30881342712187,-3.192184420776778
2017-01-04,Unknown,111186.95576145832,114988.85485913829,11.186955761458318,14.988854859138279,-3.30631964492325
2017-01-05,Unknown,111116.15659983728,114897.51121669874,11.11615659983729,14.897511216698733,-3.2910674711915666
2017-01-06,Unknown,111434.76669300768,115308.57549714841,11.434766693007692,15.308575497148414,-3.3595149254415424
2017-01-09,Unknown,111139.73552156398,114927.93226330439,11.139735521563976,14.927932263304399,-3.2961497410929685
2017-01-10,Unknown,111139.73552156398,114927.93226330439,11.139735521563976,14.927932263304399,-3.2961497410929685
2017-01-11,Unknown,111391.49129476654,115252.74245600979,11.391491294766553,15.252742456009782,-3.3502466656852192
2017-01-12,Unknown,111167.30088257116,114963.49653302038,11.167300882571162,14.963496533020383,-3.3020878495626294
2017-01-13,Unknown,111371.84334881727,115227.39307462772,11.371843348817269,15.227393074627727,-3.3460357150607134
2017-01-17,Unknown,111057.16423142429,114821.40045940163,11.057164231424288,14.821400459401634,-3.2783402857974098
2017-01-18,Unknown,111253.8308802398,115075.13578109011,11.25383088023979,15.075135781090122,-3.3207042293824984
2017-01-19,Unknown,110923.3931950477,114648.81178129047,10.923393195047693,14.648811781290473,-3.2494175285039617
2017-01-20,Unknown,111249.8860385866,115070.04622639483,11.24988603858661,15.07004622639483,-3.319856307602631
2017-01-23,Unknown,111017.81980896059,114770.63908348657,11.017819808960594,14.77063908348657,-3.2698426222024457
2017-01-24,Unknown,111588.16487651992,115506.4867224341,11.588164876519924,15.50648672243411,-3.392295928219191
2017-01-25,Unknown,112363.08707501476,116506.27562666818,12.363087075014768,16.506275626668177,-3.556193457706802
2017-01-26,Unknown,112268.68125991551,116384.4751586796,12.268681259915514,16.3844751586796,-3.536377075338082
2017-01-27,Unknown,112127.08293667344,116201.7878738005,12.127082936673439,16.201787873800487,-3.5065768020302257
2017-01-30,Unknown,111568.50999763276,115481.12839631618,11.56850999763277,15.48112839631619,-3.388101980832592
2017-01-31,Unknown,111560.63418020215,115470.96717639733,11.560634180202145,15.470967176397332,-3.3864209262416844
2017-02-01,Unknown,111596.04762688842,115516.6568870888,11.596047626888417,15.516656887088809,-3.3939774278895163
2017-02-02,Unknown,111655.05386117716,115592.7855338576,11.655053861177155,15.592785533857612,-3.4065548766683773
2017-02-03,Unknown,112272.61916863082,116389.55576863904,12.272619168630804,16.38955576863903,-3.5372044964171345
2017-02-06,Unknown,112111.32436887432,116181.45648922696,12.111324368874321,16.181456489226953,-3.503254515259102
2017-02-07,Unknown,112115.27614346538,116186.55498865807,12.115276143465369,16.186554988658063,-3.504087754034979
2017-02-08,Unknown,112233.28167910498,116338.80333745983,12.23328167910498,16.33880333745983,-3.5289357811650435
2017-02-09,Unknown,112768.25489760532,117029.01493413096,12.768254897605313,17.02901493413096,-3.640772366514222
2017-02-10,Unknown,113126.18168148791,117490.8048115523,13.126181681487914,17.490804811552294,-3.7148635904443394
2017-02-13,Unknown,113621.81741046242,118130.26397704422,13.621817410462423,18.130263977044226,-3.816504268083165
2017-02-14,Unknown,113987.61307883775,118602.20612964858,13.987613078837757,18.60220612964858,-3.890815526455249
2017-02-15,Unknown,114467.5318376404,119221.387578982,14.4675318376404,19.221387578981997,-3.9874185646365246
2017-02-16,Unknown,114388.85685858876,119119.8827166236,14.388856858588749,19.119882716623593,-3.9716508698128594
2017-02-17,Unknown,114534.40695642188,119307.66850093383,14.534406956421876,19.307668500933815,-4.000800287598095
2017-02-21,Unknown,115085.1179439077,120018.18464797096,15.0851179439077,20.018184647970962,-4.1102660555420005
2017-02-22,Unknown,115002.4842573271,119911.5723414456,15.002484257327108,19.911572341445606,-4.093923537371335
2017-02-23,Unknown,115065.42840033115,119992.78159817384,15.065428400331138,19.992781598173835,-4.1063746770561345
2017-02-24,Unknown,115183.43393597075,120145.0299469756,15.183433935970747,20.1450299469756,-4.129672291225517
2017-02-27,Unknown,115328.98403380388,120332.81573128581,15.328984033803872,20.3328157312858,-4.1583267765095355
2017-02-28,Unknown,115077.24905941496,120008.03237278796,15.077249059414966,20.008032372787966,-4.108711071985772
2017-03-01,Unknown,116379.22012841435,121687.8090406234,16.379220128414353,21.687809040623396,-4.362465684986461
2017-03-02,Unknown,115785.28227325255,120921.52246559854,15.785282273252555,20.921522465598528,-4.247581478977169
2017-03-03,Unknown,115844.27464166554,120997.63322289565,15.844274641665535,20.99763322289565,-4.259057341838124
2017-03-06,Unknown,115565.0228368346,120637.34820783272,15.565022836834608,20.637348207832716,-4.204606157505697
2017-03-07,Unknown,115285.71556850063,120276.99163488303,15.285715568500624,20.276991634883036,-4.14981784839954
2017-03-08,Unknown,115112.62784141183,120053.6773598002,15.112627841411829,20.053677359800194,-4.115700265956934
2017-03-09,Unknown,115230.64030998932,120205.93465333781,15.23064030998933,20.20593465333782,-4.138975631857744
2017-03-10,Unknown,115557.13315352822,120627.16909844217,15.557133153528223,20.627169098442177,-4.2030630270170395
2017-03-13,Unknown,115604.32566167103,120688.0559153327,15.604325661671027,20.688055915332715,-4.212289455742091
2017-03-14,Unknown,115246.38501191267,120226.24814843967,15.246385011912666,20.226248148439673,-4.142076471003664
2017-03-15,Unknown,116052.75501662696,121266.61037446241,16.052755016626975,21.266610374462402,-4.299497892895198
2017-03-16,Unknown,115867.86742926801,121028.072158973,15.867867429268001,21.028072158973,-4.263642837280712
2017-03-17,Unknown,115703.14082526138,120815.5452353181,15.703140825261386,20.8155452353181,-4.231578312293383
2017-03-20,Unknown,115600.40855176936,120683.0021395808,15.600408551769362,20.683002139580807,-4.211523990704968
2017-03-21,Unknown,114399.41572297858,119133.50554931411,14.399415722978581,19.133505549314123,-3.973768592225224
2017-03-22,Unknown,114616.7009290464,119413.84251540282,14.616700929046411,19.413842515402813,-4.017240786584397
2017-03-23,Unknown,114517.92736308335,119286.40686383248,14.517927363083349,19.28640686383247,-3.99750451549139
2017-03-24,Unknown,114450.76799384881,119199.75920771107,14.450767993848812,19.199759207711065,-3.98406107984407
2017-03-27,Unknown,114355.96700129045,119077.44888977938,14.355967001290448,19.07744888977938,-3.9650512607632638
2017-03-28,Unknown,115027.57455951144,119943.94334046527,15.027574559511446,19.943943340465275,-4.098888734213557
2017-03-29,Unknown,115114.47200288766,120056.05665953472,15.11447200288767,20.056056659534715,-4.116064440347921
2017-03-30,Unknown,115410.785767839,120438.35466950989,15.410785767839009,20.438354669509895,-4.174391883272444
2017-03-31,Unknown,115193.50056177116,120158.01770342117,15.193500561771156,20.15801770342116,-4.131656993463084
2017-04-03,Unknown,114939.02139639446,119949.03289516053,14.939021396394448,19.949032895160524,-4.176783570356079
2017-04-04,Unknown,114997.66081814497,120025.46566294803,14.997660818144976,20.02546566294803,-4.188948417764937
2017-04-05,Unknown,114723.93927158407,119668.68698433597,14.723939271584063,19.66868698433597,-4.132031392137825
2017-04-06,Unknown,114982.03507638653,120005.0984994311,14.982035076386534,20.005098499431107,-4.185708345606987
2017-04-07,Unknown,114888.19827673567,119882.78818149942,14.888198276735665,19.88278818149942,-4.166227679991952
2017-04-10,Unknown,114942.9192538028,119954.11350511995,14.942919253802799,19.954113505119953,-4.177592668469233
2017-04-11,Unknown,114833.46357481851,119811.44496840719,14.833463574818516,19.811444968407187,-4.1548463044589035
2017-04-12,Unknown,114430.65295130629,119286.40686383248,14.430652951306278,19.28640686383247,-4.0706682682370765
2017-04-13,Unknown,113836.270871084,118511.66751343498,13.83627087108399,18.511667513434983,-3.9450939645423233
2017-04-17,Unknown,114641.83035628332,119561.66321996177,14.641830356283325,19.56166321996178,-4.114891622599181
2017-04-18,Unknown,114368.09508487237,119204.86665187802,14.36809508487238,19.204866651878017,-4.0575286084005295
2017-04-19,Unknown,114199.93135988741,118985.67590001931,14.199931359887419,18.985675900019316,-4.022118212072212
2017-04-20,Unknown,114942.9192538028,119954.11350511995,14.942919253802799,19.954113505119953,-4.177592668469233
2017-04-21,Unknown,114649.66038322507,119571.86916355985,14.649660383225061,19.57186916355984,-4.116527419674099
2017-04-24,Unknown,115658.5466591846,120886.88844841033,15.658546659184601,20.886888448410335,-4.324986651846019
2017-04-25,Unknown,116198.19403748974,121590.2845857156,16.198194037489742,21.590284585715615,-4.434639302472143
2017-04-26,Unknown,116139.54089088918,121513.83392845641,16.13954089088918,21.513833928456407,-4.42278287485477
2017-04-27,Unknown,116217.76567363163,121615.79497234286,16.217765673631625,21.61579497234285,-4.438592289709431
2017-04-28,Unknown,116014.3908458963,121350.70878086827,16.014390845896287,21.350708780868267,-4.397434500863239
2017-05-01,Unknown,116249.03088199855,121656.5471888484,16.24903088199856,21.656547188848396,-4.444903650319554
2017-05-02,Unknown,116284.24198474892,121702.44262846428,16.284241984748917,21.70244262846428,-4.452006489513238
2017-05-03,Unknown,116170.81982410615,121554.60403443365,16.170819824106154,21.554604034433655,-4.429107604021643
2017-05-04,Unknown,116280.31667764053,121697.32623956149,16.280316677640517,21.697326239561487,-4.451214935698388
2017-05-05,Unknown,116647.91619840238,122176.4689045203,16.647916198402378,22.1764689045203,-4.525055238286868
2017-05-08,Unknown,116632.2767317939,122156.08385153169,16.632276731793905,22.156083851531694,-4.521925511668668
2017-05-09,Unknown,116546.21505968468,122043.90791931131,16.546215059684677,22.043907919311323,-4.50468438233017
2017-05-10,Unknown,116714.39250951968,122263.11656064172,16.71439250951967,22.263116560641727,-4.5383466471426885
2017-05-11,Unknown,116522.75242855946,122013.32586746047,16.52275242855945,22.013325867460477,-4.499978506335667
2017-05-12,Unknown,116366.3577624747,121809.47533757432,16.366357762474703,21.809475337574312,-4.4685502174727665
2017-05-15,Unknown,116882.53564722958,122482.2804782929,16.88253564722959,22.482280478292903,-4.571881589072591
2017-05-16,Unknown,116796.51514967045,122370.1582144876,16.796515149670444,22.370158214487603,-4.554740425396686
2017-05-17,Unknown,115130.64089007962,120198.79675413425,15.130640890079627,20.19879675413425,-4.216478035484417
2017-05-18,Unknown,115502.12454339978,120683.0021395808,15.502124543399788,20.683002139580807,-4.292963801305561
2017-05-19,Unknown,116104.35037541387,121467.96532304808,16.104350375413865,21.467965323048066,-4.4156621322910095
2017-05-22,Unknown,116577.50771775167,122084.69591476023,16.57750771775166,22.084695914760232,-4.510957049730213
2017-05-23,Unknown,116784.80785259539,122354.89849513763,16.784807852595396,22.354898495137633,-4.5524051027377554
2017-05-24,Unknown,117003.75352268905,122640.2802922424,17.003753522689035,22.64028029224241,-4.595983274110216
2017-05-25,Unknown,117453.45509632665,123226.43777683956,17.453455096326653,23.22643777683957,-4.684857230854678
2017-05-26,Unknown,117433.92463473484,123200.98105862737,17.433924634734833,23.200981058627356,-4.681015016551027
2017-05-30,Unknown,117351.79513215904,123093.93046004564,17.351795132159033,23.09393046004564,-4.664840343001641
2017-05-31,Unknown,117328.3256386088,123063.33946345895,17.3283256386088,23.063339463458952,-4.6602130657709235
2017-06-01,Unknown,118079.14355946594,124041.98301215768,18.079143559465937,24.041983012157676,-4.8071139366639315
2017-06-02,Unknown,118395.8719235939,124454.81835030447,18.39587192359391,24.454818350304475,-4.8683903982378425
2017-06-05,Unknown,118325.5114799183,124363.10797369531,18.325511479918298,24.36310797369532,-4.854813129191049
2017-06-06,Unknown,118020.46982559035,123965.50552069096,18.020469825590357,23.965505520690968,-4.795717703993329
2017-06-07,Unknown,118196.46357751708,124194.90221614775,18.196463577517076,24.194902216147753,-4.829858980999912
2017-06-08,Unknown,118243.37511491748,124256.04843037775,18.24337511491747,24.256048430377742,-4.838938137348903
2017-06-09,Unknown,118098.68774590778,124067.45761984156,18.09868774590777,24.06745761984157,-4.810906895684807
2017-06-12,Unknown,118079.14355946594,124041.98301215768,18.079143559465937,24.041983012157676,-4.8071139366639315
2017-06-13,Unknown,118544.46401243698,124648.49871553593,18.54446401243697,24.648498715535915,-4.896998171658007
2017-06-14,Unknown,118423.25986182754,124490.51679105812,18.423259861827535,24.490516791058113,-4.873669967499394
2017-06-15,Unknown,118239.47039508412,124250.95887568247,18.239470395084112,24.25095887568247,-4.8381827673563915
2017-06-16,Unknown,118260.2909925787,124278.09720423336,18.26029099257869,24.27809720423335,-4.84220980770671
2017-06-19,Unknown,119054.06769402779,125312.73479931589,19.0540676940278,25.312734799315884,-4.9944382071871125
2017-06-20,Unknown,118405.67146651489,124467.5914330898,18.40567146651488,24.467591433089787,-4.87027980278193
2017-06-21,Unknown,118382.10589901444,124436.87521020128,18.382105899014434,24.43687521020128,-4.865735579553087
2017-06-22,Unknown,118338.8726214219,124380.5233743837,18.33887262142191,24.3805233743837,-4.857392933439031
2017-06-23,Unknown,118452.84377606586,124529.07754728186,18.452843776065862,24.529077547281865,-4.879369454020854
2017-06-26,Unknown,118515.71045162542,124611.02027234931,18.51571045162541,24.611020272349315,-4.891469315797281
2017-06-27,Unknown,117745.49931767677,123607.09890015527,17.74549931767677,23.607098900155265,-4.742122122948011
2017-06-28,Unknown,118594.28521804362,124713.4374977638,18.594285218043627,24.713437497763802,-4.906570135900479
2017-06-29,Unknown,117753.37738159363,123617.36745690425,17.753377381593637,23.617367456904258,-4.743661991794912
2017-06-30,Unknown,117930.21521179716,123847.86435486986,17.93021521179716,23.847864354869852,-4.778160022296751
2017-07-03,Unknown,117996.49907487728,124057.85991828088,17.99649907487728,24.05785991828089,-4.885914401067637
2017-07-05,Unknown,118214.95494363578,124344.72654153577,18.214954943635785,24.344726541535767,-4.929659478443915
2017-07-06,Unknown,117349.01252750715,123207.60910788781,17.349012527507156,23.207609107887816,-4.755060683996016
2017-07-07,Unknown,117957.48885504068,124006.63341610195,17.957488855040673,24.00663341610194,-4.878081433566117
2017-07-10,Unknown,118058.90725265675,124139.81158808417,18.058907252656752,24.139811588084157,-4.898432064328273
2017-07-11,Unknown,117988.69294393041,124047.6092510036,17.988692943930417,24.0476092510036,-4.884347504685316
2017-07-12,Unknown,118698.58766908,124979.81173119994,18.698587669080013,24.97981173119994,-5.025790945844322
2017-07-13,Unknown,118858.49074410435,125189.78940513928,18.85849074410435,25.189789405139273,-5.057360261662858
2017-07-14,Unknown,119303.14049624233,125773.68387156789,19.30314049624233,25.773683871567886,-5.14459239496624
2017-07-17,Unknown,119291.44492308718,125758.32576012364,19.291444923087187,25.758325760123647,-5.142308310760779
2017-07-18,Unknown,119342.14390444635,125824.90142901099,19.342143904446353,25.824901429010993,-5.152205526043785
2017-07-19,Unknown,119860.9042191515,126506.114621423,19.8609042191515,26.506114621423006,-5.252876844852661
2017-07-20,Unknown,119903.83793935932,126562.4932914481,19.903837939359327,26.562493291448106,-5.261160063238668
2017-07-21,Unknown,119818.00455710664,126449.7806750771,19.81800455710665,26.449780675077108,-5.24459281982571
2017-07-24,Unknown,119794.59978753119,126419.0465627169,19.794599787531197,26.419046562716897,-5.240070191400559
2017-07-25,Unknown,120028.63386002049,126726.36979684715,20.028633860020495,26.72636979684715,-5.285195139388654
2017-07-26,Unknown,120032.53692549393,126731.4951304858,20.032536925493936,26.731495130485804,-5.285945848026541
2017-07-27,Unknown,119942.84815919593,126613.71979362704,19.942848159195936,26.613719793627034,-5.26867992292166
2017-07-28,Unknown,119829.71375352696,126465.15667599303,19.829713753526956,26.46515667599303,-5.246854625314901
2017-07-31,Unknown,119775.11170669436,126393.45567346705,19.775111706694346,26.39345567346705,-5.236302727469488
2017-08-01,Unknown,119989.65769834683,126675.18801834743,19.989657698346818,26.675188018347427,-5.277695201867216
2017-08-02,Unknown,120036.43999096737,126736.62046412444,20.03643999096736,26.73662046412444,-5.286696495945864
2017-08-03,Unknown,119849.22226926155,126490.77439945043,19.849222269261556,26.490774399450423,-5.250621764094232
2017-08-04,Unknown,120024.73760617964,126721.25340794434,20.02473760617964,26.721253407944335,-5.284445680320971
2017-08-07,Unknown,120204.15600857117,126956.85775007692,20.20415600857117,26.956857750076924,-5.318894828666043
2017-08-08,Unknown,119966.21887060843,126644.40918230802,19.966218870608433,26.644409182308017,-5.2731820968789584
2017-08-09,Unknown,119962.34305166535,126639.31962761274,19.962343051665353,26.639319627612746,-5.272435603398118
2017-08-10,Unknown,118601.0519020396,124851.73205864883,18.6010519020396,24.851732058648835,-5.00648253215501
2017-08-11,Unknown,118741.48733112488,125036.14567754584,18.741487331124883,25.03614567754584,-5.034270940064145
2017-08-14,Unknown,119685.4025054986,126275.65350240076,19.685402505498594,26.275653502400754,-5.21894032152197
2017-08-15,Unknown,119673.6864974457,126260.26855674897,19.673686497445697,26.26026855674897,-5.216670402013968
2017-08-16,Unknown,119841.4025150495,126480.50584270144,19.84140251504951,26.48050584270145,-5.24911193501133
2017-08-17,Unknown,118339.72361776659,124508.56726799143,18.33972361776659,24.50856726799142,-4.954553558509001
2017-08-18,Unknown,118191.53655079515,124313.97453970388,18.19153655079515,24.313974539703874,-4.924979682757479
2017-08-21,Unknown,118265.62667846457,124411.26643147973,18.265626678464564,24.411266431479728,-4.939777505118403
2017-08-22,Unknown,119256.35820362178,125712.25142579088,19.256358203621794,25.71225142579088,-5.135452709619215
2017-08-23,Unknown,118913.09960256953,125261.49935240111,18.913099602569527,25.261499352401117,-5.068117324678889
2017-08-24,Unknown,118690.8019730309,124969.58789813018,18.6908019730309,24.969587898130175,-5.0242511243755335
2017-08-25,Unknown,118913.09960256953,125261.49935240111,18.913099602569527,25.261499352401117,-5.068117324678889
2017-08-28,Unknown,118917.00266804297,125266.62468603977,18.91700266804297,25.266624686039773,-5.068885693943681
2017-08-29,Unknown,119026.21357334073,125410.03563582759,19.026213573340733,25.410035635827597,-5.090359818591028
2017-08-30,Unknown,119478.66945642559,126004.1807695335,19.47866945642558,26.0041807695335,-5.178805396182307
2017-08-31,Unknown,120055.94169506937,126762.22924284599,20.055941695069368,26.76222924284599,-5.29044620612421
2017-09-01,Unknown,120192.44681215085,126941.48174916097,20.192446812150845,26.941481749160978,-5.316650510151089
2017-09-05,Unknown,119498.19159542536,126029.81638246258,19.49819159542536,26.029816382462577,-5.182602795528723
2017-09-06,Unknown,119825.8174996861,126460.04028709023,19.825817499686103,26.460040287090237,-5.246102066979486
2017-09-07,Unknown,119814.1014916332,126444.65534143844,19.814101491633206,26.444655341438448,-5.243838762421992
2017-09-08,Unknown,119701.00795575975,126296.1458922195,19.701007955759753,26.296145892219492,-5.221962942628522
2017-09-11,Unknown,120726.82620038236,127643.20522086341,20.726826200382355,27.643205220863408,-5.4185250272535175
2017-09-12,Unknown,121054.4521046431,128073.42912549105,21.054452104643097,28.073429125491046,-5.480431865356317
2017-09-13,Unknown,121101.2548321614,128134.8884054756,21.10125483216141,28.1348884054756,-5.489241580370107
2017-09-14,Unknown,121070.06436653686,128093.93046004564,21.070064366536844,28.093930460045648,-5.483371513609403
2017-09-15,Unknown,121201.372207953,128266.35813291161,21.201372207952996,28.266358132911606,-5.508058408922601
2017-09-18,Unknown,121409.14743681211,128539.199410363,21.409147436812106,28.539199410363004,-5.546986449470648
2017-09-19,Unknown,121507.1191483382,128667.85154600814,21.507119148338205,28.66785154600815,-5.565284810176108
2017-09-20,Unknown,121542.40340514868,128714.18527768037,21.54240340514868,28.71418527768037,-5.571865957943722
2017-09-21,Unknown,121279.76047578602,128369.29415300506,21.279760475786013,28.369294153005065,-5.522764399381153
2017-09-22,Unknown,121299.38478927463,128395.0639369718,21.299384789274622,28.3950639369718,-5.526442318047664
2017-09-25,Unknown,121099.44974952535,128132.51805047692,21.099449749525355,28.132518050476918,-5.488901964902427
2017-09-26,Unknown,121158.2477620327,128209.72901028286,21.1582477620327,28.209729010282846,-5.4999580006011906
2017-09-27,Unknown,121538.48671641007,128709.04205457003,21.538486716410077,28.709042054570034,-5.5711356589226995
2017-09-28,Unknown,121656.06230652702,128863.43713997437,21.656062306527012,28.86343713997437,-5.593033208960996
2017-09-29,Unknown,122001.0170040939,129316.41645258931,22.001017004093892,29.316416452589312,-5.656976623054987
2017-10-02,Unknown,122329.85973453404,129877.48395314389,22.32985973453403,29.87748395314389,-5.811341572749296
2017-10-03,Unknown,122539.4719255513,130155.44161949809,22.539471925551304,30.15544161949808,-5.851441629472265
2017-10-04,Unknown,122655.92389226801,130309.86353910995,22.655923892268003,30.309863539109962,-5.873645661937754
2017-10-05,Unknown,123238.17698048743,131081.96419243346,23.238176980487424,31.081964192433453,-5.983879826847149
2017-10-06,Unknown,123125.59685279385,130932.67655119608,23.12559685279385,30.932676551196092,-5.962667153870926
2017-10-09,Unknown,122962.5748919731,130716.50017531682,22.96257489197311,30.716500175316817,-5.931864204552728
2017-10-10,Unknown,123222.64915220998,131061.37341052043,23.222649152209975,31.061373410520442,-5.98095690158641
2017-10-11,Unknown,123377.90719889202,131267.2543954432,23.37790719889201,31.2672543954432,-6.010141091840371
2017-10-12,Unknown,123230.41981171287,131071.6777462128,23.230419811712878,31.0716777462128,-5.982419748744306
2017-10-13,Unknown,123350.72338136027,131231.2071099916,23.35072338136026,31.231207109991608,-6.005037903847299
2017-10-16,Unknown,123482.72341244688,131406.24664572405,23.48272341244688,31.406246645724046,-6.0297919128907695
2017-10-17,Unknown,123552.57165823878,131498.8693853893,23.552571658238787,31.498869385389284,-6.042863915325358
2017-10-18,Unknown,123649.61721229077,131627.5572999778,23.649617212290774,31.627557299977816,-6.060995319927875
2017-10-19,Unknown,123676.80102982253,131663.60458542936,23.676801029822524,31.66360458542936,-6.0660678254670035
2017-10-20,Unknown,124189.18563615759,132343.05566488008,24.189185636157596,32.3430556648801,-6.16116197994534
2017-10-23,Unknown,123801.01691067798,131828.32189599777,23.801016910677973,31.828321895997757,-6.089211233116288
2017-10-24,Unknown,123975.70835148134,132059.97266488726,23.97570835148135,32.05997266488727,-6.121661356026764
2017-10-25,Unknown,123482.72341244688,131406.24664572405,23.48272341244688,31.406246645724046,-6.0297919128907695
2017-10-26,Unknown,123610.8043869613,131576.0892899311,23.610804386961306,31.576089289931076,-6.053748022118278
2017-10-27,Unknown,124422.08956959101,132651.89950410384,24.422089569591023,32.65189950410385,-6.204064898639638
2017-10-30,Unknown,124049.43518166055,132157.73862766282,24.049435181660538,32.15773862766282,-6.1353224791825145
2017-10-31,Unknown,124204.72020979918,132363.65539152897,24.20472020979918,32.363655391528965,-6.1640298143745165
2017-11-01,Unknown,124336.6797687009,132538.64125884633,24.336679768700886,32.53864125884633,-6.188354892010029
2017-11-02,Unknown,124375.49259403037,132590.10926889305,24.375492594030355,32.59010926889305,-6.195497326428345
2017-11-03,Unknown,124709.32741126721,133032.79319055149,24.70932741126721,33.03279319055148,-6.256702260894453
2017-11-06,Unknown,124864.59894867755,133238.69206494594,24.86459894867754,33.23869206494594,-6.285031012002518
2017-11-07,Unknown,124794.75070288563,133146.06932528067,24.794750702885636,33.146069325280656,-6.272298284669942
2017-11-08,Unknown,124965.4961056602,133372.4874237014,24.96549610566021,33.37248742370138,-6.303392461545398
2017-11-09,Unknown,124600.65284941753,132888.68455136783,24.600652849417525,32.88868455136782,-6.236822743735249
2017-11-10,Unknown,124569.59719286262,132847.50298754175,24.569597192862624,32.84750298754175,-6.231133900541153
2017-11-13,Unknown,124662.73043570656,132971.00295534072,24.66273043570655,32.97100295534072,-6.248183690412978
2017-11-14,Unknown,124429.88046518635,132662.23067400372,24.42988046518635,32.66223067400371,-6.205496596123927
2017-11-15,Unknown,123929.10463055654,131998.17348494063,23.92910463055653,31.99817348494063,-6.1130155375253565
2017-11-16,Unknown,124775.3173087643,133120.29954131393,24.7753173087643,33.120299541313926,-6.268752595437011
2017-11-17,Unknown,124480.30206222108,132729.09257443808,24.48030206222107,32.72909257443808,-6.214756955104517
2017-11-20,Unknown,124651.0946825447,132955.57328600972,24.651094682544695,32.95557328600971,-6.246055278631079
2017-11-21,Unknown,125307.10158239993,133825.47568105216,25.307101582399927,33.82547568105216,-6.365285873486581
2017-11-22,Unknown,125217.84017857914,133707.10999162772,25.21784017857913,33.70710999162772,-6.3491536191158
2017-11-24,Unknown,125450.73062128427,134015.93594137978,25.45073062128427,34.01593594137977,-6.391184197558442
2017-11-27,Unknown,125400.28204279293,133949.03826200202,25.40028204279292,33.94903826200202,-6.382096004666993
2017-11-28,Unknown,126425.01752864227,135307.89569722424,26.42501752864228,35.30789569722423,-6.564937044368058
2017-11-29,Unknown,126362.91296089663,135225.541514308,26.362912960896633,35.22554151430799,-6.553960482734411
2017-11-30,Unknown,127255.72261466504,136409.45780589207,27.255722614665046,36.40945780589207,-6.710484257075944
2017-12-01,Unknown,127042.2318392605,136126.35691642752,27.042231839260488,36.12635691642752,-6.673303600377755
2017-12-04,Unknown,126917.9957223126,135961.61277165162,26.917995722312593,35.961612771651616,-6.651595891649087
2017-12-05,Unknown,126549.24015486187,135472.62195252848,26.549240154861863,35.47262195252849,-6.586852508688801
2017-12-06,Unknown,126568.65331289076,135498.3649022877,26.568653312890756,35.49836490228768,-6.59027258065914
2017-12-07,Unknown,126890.82539550913,135925.58337567173,26.890825395509133,35.925583375671735,-6.646841422922057
2017-12-08,Unknown,127449.8002320407,136666.81574559739,27.449800232040687,36.66681574559738,-6.744150336182553
2017-12-11,Unknown,127760.34330686137,137078.61349438629,27.76034330686137,37.07861349438628,-6.79775637496255
2017-12-12,Unknown,127942.79191643931,137320.55070949643,27.94279191643931,37.32055070949642,-6.829100775233488
2017-12-13,Unknown,127931.12918182086,137305.08526122206,27.931129181820857,37.30508526122207,-6.827100439555689
2017-12-14,Unknown,127508.0329607632,136744.03565013918,27.508032960763206,36.744035650139175,-6.754227082347031
2017-12-15,Unknown,128366.7650348367,137882.76313623905,28.366765034836703,37.88276313623906,-6.901513927451386
2017-12-18,Unknown,129026.13112603953,138757.12000973185,29.026131126039534,38.757120009731864,-7.012965448554875
2017-12-19,Unknown,128624.2625659676,138224.21948235025,28.624262565967594,38.22421948235024,-6.945206095092815
2017-12-20,Unknown,128569.61837097385,138151.7581772775,28.56961837097385,38.15175817727749,-6.935952124480204
2017-12-21,Unknown,128784.19515000682,138436.29916921293,28.78419515000683,38.43629916921294,-6.972234939196243
2017-12-22,Unknown,128756.87642519204,138400.07298904448,28.756876425192047,38.40007298904449,-6.967623900469899
2017-12-26,Unknown,128632.05346156293,138234.55065225012,28.632053461562922,38.23455065225012,-6.946524689651379
2017-12-27,Unknown,128682.76510925619,138301.79717632578,28.68276510925618,38.30179717632578,-6.955102727122164
2017-12-28,Unknown,128897.34863365331,138586.34711299706,28.89734863365332,38.58634711299707,-6.991308077009761
2017-12-29,Unknown,128503.27771454088,138063.78670025116,28.503277714540886,38.06378670025117,-6.924704308210094
2018-01-02,Unknown,129144.37550751989,139052.00111630303,29.144375507519893,39.052001116303025,-7.1251226370316
2018-01-03,Unknown,129798.37011213385,139931.50121290618,29.798370112133842,39.931501212906184,-7.2414938830354885
2018-01-04,Unknown,130236.9228271352,140521.27237078434,30.236922827135192,40.52127237078433,-7.318713651063802
2018-01-05,Unknown,130933.27948895465,141457.7414899783,30.933279488954657,41.4577414899783,-7.4400042657045145
2018-01-08,Unknown,131125.64805835282,141716.44114006025,31.12564805835283,41.716441140060255,-7.473228227090756
2018-01-09,Unknown,131364.17657075715,142037.21725689995,31.36417657075714,42.03721725689995,-7.514256398616059
2018-01-10,Unknown,131202.5835137926,141819.9048995685,31.202583513792614,41.819904899568506,-7.48648181177013
2018-01-11,Unknown,131971.99127849913,142854.6140525378,31.971991278499125,42.85461405253781,-7.617970792344408
2018-01-12,Unknown,132664.47689034312,143785.87733547052,32.66447689034313,43.78587733547052,-7.734695959867999
2018-01-16,Unknown,132299.00853467197,143294.3909350469,32.299008534671984,43.2943909350469,-7.673281786276586
2018-01-17,Unknown,133314.64035271335,144660.22526422748,33.31464035271334,44.660225264227485,-7.84291942777704
2018-01-18,Unknown,133133.81842035532,144417.05367557085,33.13381842035532,44.41705367557085,-7.812952118911809
2018-01-19,Unknown,133622.39547704963,145074.0981917322,33.622395477049636,45.07409819173218,-7.89369215967678
2018-01-22,Unknown,134499.59402509299,146253.76573379035,34.499594025092996,46.253765733790345,-8.036833547309952
2018-01-23,Unknown,134730.39374012366,146564.14806757926,34.73039374012365,46.56414806757925,-8.074112587205962
2018-01-24,Unknown,134688.03168291814,146507.17904498844,34.688031682918144,46.50717904498845,-8.067282053421398
2018-01-25,Unknown,134734.1982772129,146569.26445648205,34.73419827721291,46.56926445648204,-8.074725777711123
2018-01-26,Unknown,135996.07410245505,148266.25079608147,35.99607410245505,48.266250796081465,-8.275771881830508
2018-01-29,Unknown,135265.11078595824,147283.24221629085,35.26511078595824,47.28324221629086,-8.159877016207684
2018-01-30,Unknown,134141.7680000434,145772.55683485154,34.141768000043406,45.77255683485153,-7.9787232160473565
2018-01-31,Unknown,134195.63678655736,145845.0002504526,34.19563678655735,45.845000250452614,-7.987495933278721
2018-02-01,Unknown,134072.48817780253,145679.3884662998,34.072488177802526,45.6793884662998,-7.967427932457527
2018-02-02,Unknown,131714.22723941272,142507.96975963705,31.71422723941273,42.50796975963704,-7.574132547414536
2018-02-05,Unknown,127282.36056160048,136547.94020622983,27.28236056160047,36.547940206229825,-6.7855872674721045
2018-02-06,Unknown,129282.84868524966,139238.22157184052,29.28284868524966,39.23822157184051,-7.149885120770771
2018-02-07,Unknown,128721.20057180243,138482.91018769634,28.72120057180243,38.48291018769634,-7.049035583281094
2018-02-08,Unknown,124858.68419965659,133288.55002254073,24.8586841996566,33.28855002254072,-6.324523615463251
2018-02-09,Unknown,126347.50199253118,135290.7307491395,26.347501992531175,35.29073074913951,-6.6103780407477775
2018-02-12,Unknown,127824.79310223147,137277.41024852052,27.82479310223147,37.27741024852052,-6.88577758655009
2018-02-13,Unknown,128078.69274263104,137618.8576498959,28.07869274263104,37.61885764989587,-6.932309328954867
2018-02-14,Unknown,129459.81287020948,139476.2052137076,29.45981287020949,39.4762052137076,-7.181434516483187
2018-02-15,Unknown,130783.21976645301,141255.93930460044,30.78321976645302,41.25593930460043,-7.414002971984313
2018-02-16,Unknown,130813.98862759802,141297.31765261508,30.813988627598032,41.297317652615085,-7.419340437014332
2018-02-20,Unknown,130156.16953202893,140412.6743329016,30.156169532028933,40.41267433290161,-7.304543446381295
2018-02-21,Unknown,129636.76375259207,139714.170966103,29.636763752592078,39.71417096610301,-7.212874072706543
2018-02-22,Unknown,129771.43904452119,139895.28397747356,29.7714390445212,39.895283977473575,-7.236730678199665
2018-02-23,Unknown,131429.51883013643,142125.09034183202,31.429518830136427,42.12509034183203,-7.525463298542967
2018-02-26,Unknown,132656.74809296947,143775.48355241973,32.65674809296948,43.775483552419736,-7.733401540184303
2018-02-27,Unknown,131321.84776999475,141980.29295798836,31.32184776999476,41.980292957988375,-7.506989150351606
2018-02-28,Unknown,130252.30060641908,140541.9526000558,30.25230060641908,40.54195260005582,-7.321409588579064
2018-03-01,Unknown,128732.72060368811,138498.40247017823,28.7327206036881,38.49840247017824,-7.051115169788968
2018-03-02,Unknown,129263.6264611448,139212.3712852512,29.2636264611448,39.212371285251194,-7.146451663926523
2018-03-05,Unknown,130460.066908967,140821.35931361673,30.460066908966986,40.821359313616725,-7.357756277280769
2018-03-06,Unknown,130725.51318640674,141178.33477641738,30.72551318640673,41.178334776417394,-7.403984192450396
2018-03-07,Unknown,130687.04878433116,141126.60736903118,30.68704878433115,41.12660736903118,-7.397300040949528
2018-03-08,Unknown,131194.8813215734,141809.54689546107,31.194881321573398,41.80954689546108,-7.48515583489775
2018-03-09,Unknown,133029.93194343708,144277.34584642245,33.029931943437084,44.27734584642244,-7.795689501356506
2018-03-12,Unknown,132895.28990795102,144096.27755873112,32.89528990795103,44.09627755873111,-7.7732664858152
2018-03-13,Unknown,132202.83090126148,143165.05005474176,32.20283090126148,43.16505005474176,-7.6570497822539
2018-03-14,Unknown,131656.52731065504,142430.37417618983,31.656527310655047,42.43037417618982,-7.564290220994064
2018-03-15,Unknown,131541.1208018511,142275.1740645595,31.541120801851097,42.275174064559515,-7.544572223006163
2018-03-16,Unknown,131655.82892535022,142429.4349789262,31.655828925350214,42.429434978926196,-7.564171026284027
2018-03-19,Unknown,130222.8287465545,140502.31847553077,30.22282874655451,40.502318475530764,-7.316242066686252
2018-03-20,Unknown,130400.4979681078,140741.25025939732,30.4004979681078,40.74125025939732,-7.347350028673683
2018-03-21,Unknown,130199.6623082994,140471.1639605859,30.199662308299402,40.4711639605859,-7.312178074617881
2018-03-22,Unknown,127588.61914599779,136959.80056816962,27.588619145997797,36.95980056816963,-6.842286118478591
2018-03-23,Unknown,125417.84473116085,134040.51607547925,25.417844731160844,34.040516075479246,-6.432884322425991
2018-03-26,Unknown,128144.78659762412,137707.7414899783,28.144786597624115,37.70774148997831,-6.944384381650859
2018-03-27,Unknown,126402.8074573865,135365.10622768287,26.4028074573865,35.36510622768287,-6.620833847108177
2018-03-28,Unknown,126105.39508685059,134965.1423644157,26.105395086850592,34.965142364415684,-6.564470738409723
2018-03-29,Unknown,127387.76353232356,136689.68743515064,27.38776353232355,36.689687435150645,-6.805139493233659
2018-04-02,Unknown,125094.04096026294,133739.27526172297,25.09404096026293,33.73927526172298,-6.464244915744921
2018-04-03,Unknown,126377.71298158226,135453.39077046377,26.377712981582246,35.45339077046377,-6.700221926714955
2018-04-04,Unknown,127463.04061437311,136902.6526508619,27.463040614373103,36.902652650861924,-6.895127197105754
2018-04-05,Unknown,128272.15308806326,137983.0783487302,28.272153088063256,37.9830783487302,-7.037765338242508
2018-04-06,Unknown,125969.24143588562,134907.94972342876,25.969241435885614,34.907949723428764,-6.625783214308834
2018-04-09,Unknown,126467.19235821054,135572.87455186874,26.467192358210532,35.57287455186873,-6.716448422117405
2018-04-10,Unknown,128081.50534601974,137728.50222187236,28.081505346019743,37.72850222187236,-7.004357645821113
2018-04-11,Unknown,127540.8176050926,137006.5099787473,27.54081760509259,37.00650997874728,-6.908936206843763
2018-04-12,Unknown,128384.9434566564,138133.68981087249,28.38494345665641,38.13368981087248,-7.0574719082388215
2018-04-13,Unknown,128081.50534601974,137728.50222187236,28.081505346019743,37.72850222187236,-7.004357645821113
2018-04-16,Unknown,128929.5096643501,138860.86105605128,28.929509664350107,38.86086105605126,-7.152016281745777
2018-04-17,Unknown,130042.06694723782,140346.48328765554,30.04206694723781,40.34648328765555,-7.342126499384872
2018-04-18,Unknown,130119.87743076186,140450.38533922014,30.119877430761854,40.45038533922014,-7.355272029697691
2018-04-19,Unknown,129536.39928274522,139671.25412352322,29.536399282745208,39.67125412352321,-7.256220977163197
2018-04-20,Unknown,128649.47632553102,138486.9263740903,28.649476325531033,38.4869263740903,-7.103522553447172
2018-04-23,Unknown,128633.90886997749,138466.13880798873,28.633908869977496,38.46613880798873,-7.100819032475236
2018-04-24,Unknown,127237.41968582141,136601.37605816225,27.237419685821408,36.60137605816225,-6.854950252004666
2018-04-25,Unknown,127490.25016878726,136938.98616786048,27.490250168787256,36.93898616786049,-6.899960532416182
2018-04-26,Unknown,128532.77399736679,138331.09118621508,28.5327739973668,38.33109118621507,-7.08323566656337
2018-04-27,Unknown,128630.03040321093,138460.959805935,28.630030403210927,38.460959805935005,-7.1001453525260665
2018-04-30,Unknown,127832.58682262502,137396.11583790707,27.832586822625018,37.396115837907075,-6.9605526742579915
2018-05-01,Unknown,128015.3972484045,137640.22662382733,28.015397248404494,37.64022662382733,-6.992744498835812
2018-05-02,Unknown,127322.98710287857,136715.63611383428,27.32298710287857,36.71563611383428,-6.870208322868832
2018-05-03,Unknown,127097.37287288778,136414.36846587044,27.09737287288778,36.41436846587045,-6.829922461807014
2018-05-04,Unknown,128419.95683453004,138180.4439451294,28.419956834530048,38.180443945129404,-7.063580657242063
2018-05-07,Unknown,128770.05712046183,138647.94056401926,28.770057120461836,38.64794056401926,-7.124435749549707
2018-05-08,Unknown,128770.05712046183,138647.94056401926,28.770057120461836,38.64794056401926,-7.124435749549707
2018-05-09,Unknown,129773.67570727936,139988.09455659153,29.773675707279356,39.988094556591534,-7.296633961385124
2018-05-10,Unknown,130753.92301508384,141297.0403658039,30.75392301508384,41.29704036580391,-7.46166892344311
2018-05-11,Unknown,131076.81374660152,141728.2034676952,31.076813746601516,41.72820346769519,-7.515363534204045
2018-05-14,Unknown,131127.4012785896,141795.75411278952,31.127401278589595,41.79575411278953,-7.5237463215675255
2018-05-15,Unknown,130396.07249417983,140819.19468754248,30.396072494179815,40.81919468754247,-7.401776594795939
2018-05-16,Unknown,130839.52392494556,141411.34514515515,30.839523924945556,41.411345145155146,-7.475935689147062
2018-05-17,Unknown,130750.04454831728,141291.86136375018,30.75004454831729,41.29186136375018,-7.4610219680618535
2018-05-18,Unknown,130485.53177512538,140938.65163473992,30.485531775125384,40.93865163473991,-7.416787189581675
2018-05-21,Unknown,131279.11698462744,141998.34343492167,31.279116984627443,41.99834343492166,-7.548839085722781
2018-05-22,Unknown,130983.45590320666,141603.5406842365,30.983455903206657,41.603540684236506,-7.49987234055941
2018-05-23,Unknown,131275.18492937362,141993.0928749812,31.275184929373623,41.99309287498121,-7.548189653875803
2018-05-24,Unknown,131057.3678242814,141702.23689953986,31.057367824281414,41.70223689953987,-7.512139051696942
2018-05-25,Unknown,130804.53064275465,141364.6178451058,30.804530642754635,41.36461784510579,-7.470106284955902
2018-05-29,Unknown,129586.93992480694,139738.74215546667,29.58693992480694,39.73874215546667,-7.2648444333106355
2018-05-30,Unknown,130983.45590320666,141603.5406842365,30.983455903206657,41.603540684236506,-7.49987234055941
2018-05-31,Unknown,130333.83616477023,140736.0891468153,30.333836164770233,40.7360891468153,-7.391318776233358
2018-06-01,Unknown,131368.55616989027,142117.77354791158,31.368556169890272,42.117773547911575,-7.563598211308498
2018-06-04,Unknown,131874.25732718743,142793.04743572313,31.87425732718743,42.79304743572312,-7.6465838530763826
2018-06-05,Unknown,131952.04771502875,142896.9226530802,31.952047715028755,42.8969226530802,-7.659279664561436
2018-06-06,Unknown,132846.74770145878,144091.63524082807,32.84674770145879,44.09163524082806,-7.803983569604933
2018-06-07,Unknown,132835.08550691546,144076.06245572356,32.835085506915476,44.07606245572355,-7.802112826523555
2018-06-08,Unknown,133154.064278862,144502.00183188188,33.15406427886201,44.50200183188186,-7.853135187858795
2018-06-11,Unknown,133297.95606575767,144694.14370254817,33.297956065757674,44.69414370254816,-7.876053131920779
2018-06-12,Unknown,133438.0095772522,144881.16023957578,33.4380095772522,44.88116023957578,-7.898301368791605
2018-06-13,Unknown,133091.8078537697,144418.8694569472,33.09180785376968,44.4188694569472,-7.843200577438559
2018-06-14,Unknown,133364.13784754288,144782.51769268748,33.364137847542885,44.782517692687485,-7.886573618909598
2018-06-15,Unknown,133225.7522777148,144597.72839488502,33.225752277714804,44.597728394885024,-7.864560697740863
2018-06-18,Unknown,133003.07871596326,144300.38748595674,33.00307871596326,44.30038748595675,-7.829021783529811
2018-06-19,Unknown,132588.87320212813,143747.28974503925,32.588873202128134,43.747289745039254,-7.762523079706407
2018-06-20,Unknown,132772.54104370403,143992.54545714756,32.77254104370402,43.99254545714755,-7.792073108939257
2018-06-21,Unknown,132096.5222767235,143089.8427157649,32.096522276723505,43.0898427157649,-7.68280978607172
2018-06-22,Unknown,132291.90590133,143350.74277086448,32.29190590133,43.35074277086448,-7.714530567317124
2018-06-25,Unknown,130830.57464757055,141399.3949780675,30.83057464757055,41.399394978067484,-7.474445228097526
2018-06-26,Unknown,131064.96399235271,141712.38022998703,31.064963992352723,41.71238022998702,-7.513398773173153
2018-06-27,Unknown,130185.80466723256,140538.4194293974,30.185804667232553,40.53841942939742,-7.366394758243111
2018-06-28,Unknown,130787.54309228831,141341.93399500524,30.787543092288306,41.341933995005235,-7.467275000701424
2018-06-29,Unknown,130939.98894146532,141545.4982933444,30.939988941465323,41.545498293344394,-7.492650405525303
2018-07-02,Unknown,131060.97395160177,141848.03609379806,31.060973951601767,41.84803609379806,-7.604660902787019
2018-07-03,Unknown,130690.44508332574,141347.15772073818,30.690445083325745,41.34715772073818,-7.539389407792029
2018-07-05,Unknown,131543.49455328446,142500.30412101868,31.543494553284468,42.50030412101869,-7.6889727606680225
2018-07-06,Unknown,132435.10094085385,143705.57149706254,32.43510094085384,43.705571497062536,-7.8427512857002
2018-07-09,Unknown,133392.33415335245,144999.5527632078,33.39233415335245,44.999552763207795,-8.005003042189074
2018-07-10,Unknown,133778.30696288528,145521.3081497277,33.77830696288528,45.5213081497277,-8.069609417446944
2018-07-11,Unknown,132990.93063644567,144456.9382526995,32.99093063644567,44.456938252699494,-7.937318729680031
2018-07-12,Unknown,133959.70379476767,145766.51913815681,33.95970379476767,45.766519138156816,-8.09981291533668
2018-07-13,Unknown,134044.62562085578,145881.31587797948,34.044625620855776,45.881315877979475,-8.11391793793822
2018-07-16,Unknown,133948.1704658857,145750.9284635806,33.948170465885696,45.75092846358062,-8.097895582630288
2018-07-17,Unknown,134384.26660661824,146340.4402241193,34.38426660661824,46.34044022411929,-8.17010909574295
2018-07-18,Unknown,134612.00187921245,146648.29119766434,34.61200187921245,46.648291197664335,-8.207589205542408
2018-07-19,Unknown,134202.9160933257,146095.2918488411,34.20291609332571,46.09529184884109,-8.14014990149029
2018-07-20,Unknown,134079.37118021282,145928.28468589665,34.079371180212824,45.92828468589665,-8.119682576402532
2018-07-23,Unknown,134280.08948101976,146199.6143029904,34.28008948101977,46.1996143029904,-8.152911263683704
2018-07-24,Unknown,134824.32629525688,146935.30988142858,34.82432629525687,46.93530988142858,-8.242391563977936
2018-07-25,Unknown,135750.68485912474,148187.55501012542,35.75068485912474,48.187555010125415,-8.392654936611166
2018-07-26,Unknown,135492.061704017,147837.9500096603,35.492061704017,47.83795000966029,-8.350960159307252
2018-07-27,Unknown,134750.9973505235,146836.18431880468,34.75099735052352,46.836184318804676,-8.230387505876823
2018-07-30,Unknown,134183.62109216687,146069.20899911982,34.18362109216686,46.069208999119816,-8.136956438933385
2018-07-31,Unknown,134716.26502504927,146789.2334003592,34.716265025049275,46.78923340035919,-8.224696114041008
2018-08-01,Unknown,134534.81525763555,146543.95085404336,34.53481525763556,46.54395085404337,-8.194903662976039
2018-08-02,Unknown,135125.39712952584,147342.29536233336,35.12539712952585,47.34229536233337,-8.291508017276794
2018-08-03,Unknown,135592.43408830327,147973.63270767886,35.59243408830328,47.973632707678846,-8.367165415094313
2018-08-06,Unknown,135993.84422215147,148516.25616292297,35.99384422215146,48.516256162922964,-8.43167762526572
2018-08-07,Unknown,136356.67758756477,149006.73180819623,36.356677587564775,49.006731808196236,-8.489585716781445
2018-08-08,Unknown,136310.36561461864,148944.12760202365,36.31036561461865,48.94412760202365,-8.482215573588924
2018-08-09,Unknown,136159.843431367,148740.65275104294,36.15984343136698,48.74065275104294,-8.458218440612397
2018-08-10,Unknown,135422.60367000994,147744.0571175052,35.422603670009934,47.7440571175052,-8.339728641467891
2018-08-13,Unknown,135013.43848082627,147190.95043185184,35.013438480826274,47.19095043185184,-8.273274895839233
2018-08-14,Unknown,135708.2305630221,148130.16558494992,35.708230563022106,48.130165584949914,-8.385824030422794
2018-08-15,Hawkish Policy,134889.92003547904,147023.97904785073,34.88992003547904,47.02397904785074,-8.253115642056263
2018-08-16,Hawkish Policy,135769.96000945938,148213.61102563917,35.76996000945938,48.21361102563917,-8.395754566716008
2018-08-17,Hawkish Policy,136155.94605287502,148735.38430163078,36.155946052875024,48.73538430163078,-8.457596225552521
2018-08-20,Hawkish Policy,136391.409913039,149053.6827266417,36.39140991303902,49.0536827266417,-8.49510899829613
2018-08-21,Hawkish Policy,136649.98674955688,149403.2251139559,36.64998674955689,49.40322511395592,-8.536119855961354
2018-08-22,Hawkish Policy,136584.3996262761,149314.56489226958,36.58439962627611,49.31456489226957,-8.525735768093545
2018-08-23,Hawkish Policy,136437.71526904372,149116.27798807845,36.437715269043714,49.11627798807845,-8.502467262526736
2018-08-24,Hawkish Policy,137101.57976707752,150013.6854458414,37.10157976707753,50.013685445841396,-8.607285155610334
2018-08-27,Hawkish Policy,137977.8083828042,151198.16525578365,37.97780838280423,51.19816525578364,-8.743728371712978
2018-08-28,Hawkish Policy,138031.84232637874,151271.20796868627,38.03184232637875,51.27120796868627,-8.752072400352706
2018-08-29,Hawkish Policy,138633.9972287995,152085.1968199675,38.6339972287995,52.08519681996751,-8.844516016303016
2018-08-30,Hawkish Policy,138178.5134497283,151469.4769834057,38.178513449728314,51.46947698340571,-8.774681076593073
2018-08-31,Hawkish Policy,138182.39097739605,151474.71859861034,38.18239097739604,51.474718598610345,-8.775277976542972
2018-09-04,Hawkish Policy,137989.40126415895,151213.83643298244,37.98940126415895,51.21383643298243,-8.745519246636213
2018-09-05,Hawkish Policy,137688.33042988996,150806.85095207766,37.68833042988997,50.80685095207767,-8.698888969146633
2018-09-06,Hawkish Policy,137352.52065320534,150352.90560799156,37.35252065320533,50.35290560799157,-8.64658045829958
2018-09-07,Hawkish Policy,137136.37164502445,150060.71686690947,37.136371645024454,50.06071686690947,-8.612743889093743
2018-09-10,Hawkish Policy,137329.3216566131,150321.54536412228,37.32932165661309,50.32154536412228,-8.642955123989893
2018-09-11,Hawkish Policy,137696.04578357696,150817.28051407184,37.69604578357697,50.81728051407184,-8.700087076076546
2018-09-12,Hawkish Policy,137723.06937230562,150853.810815259,37.72306937230561,50.853810815258996,-8.704282226607962
2018-09-13,Hawkish Policy,138383.06957655452,151745.994547289,38.38306957655453,51.74599454728901,-8.806113802608584
2018-09-14,Hawkish Policy,138402.39104547905,151772.11317595368,38.40239104547904,51.77211317595367,-8.809076878948597
2018-09-17,Hawkish Policy,137807.97796451088,150968.58966561,37.807977964510876,50.96858966561,-8.717450252565385
2018-09-18,Hawkish Policy,138413.93099130242,151787.71279526572,38.413930991302415,51.787712795265726,-8.810846120332627
2018-09-19,Hawkish Policy,138533.61822757183,151949.50517721308,38.53361822757184,51.949505177213084,-8.82917449056172
2018-09-20,Hawkish Policy,139444.5328501829,153180.87329244992,39.4445328501829,53.18087329244992,-8.967399223558326
2018-09-21,Hawkish Policy,139341.00418484287,153040.92395543374,39.34100418484287,53.04092395543374,-8.95180152896905
2018-09-24,Hawkish Policy,138964.91046883888,152532.523059529,38.96491046883887,52.53252305952898,-8.894898162403742
2018-09-25,Hawkish Policy,138860.24368957587,152391.03522794764,38.86024368957588,52.39103522794763,-8.878994435684683
2018-09-26,Hawkish Policy,138522.88554860075,151934.99681567404,38.52288554860075,51.93499681567404,-8.82753252915437
2018-09-27,Hawkish Policy,138836.95205580388,152359.54975777655,38.836952055803884,52.35954975777655,-8.875451340904517
2018-09-28,Hawkish Policy,138848.5978726899,152375.2924928621,38.84859787268988,52.3752924928621,-8.877223071322959
2018-10-01,Hawkish Policy,139134.92461578327,152904.677739057,39.13492461578328,52.90467773905698,-9.005449229468843
2018-10-02,Hawkish Policy,139078.0551908554,152815.46294374834,39.07805519085541,52.81546294374835,-8.989540383063
2018-10-03,Hawkish Policy,139131.571976736,152899.4182343807,39.131571976736026,52.89941823438069,-9.00451186579392
2018-10-04,Hawkish Policy,138369.8272974183,151704.4194150858,38.36982729741829,51.70441941508581,-8.789850796094534
2018-10-05,Hawkish Policy,137828.56995136317,150855.31353088078,37.828569951363164,50.85531353088078,-8.635256706984329
2018-10-08,Hawkish Policy,137828.56995136317,150855.31353088078,37.828569951363164,50.85531353088078,-8.635256706984329
2018-10-09,Hawkish Policy,137688.260866881,150635.20147123013,37.688260866880995,50.63520147123013,-8.594897127562762
2018-10-10,Hawkish Policy,134647.9019011984,145865.59103236563,34.647901901198395,45.86559103236563,-7.690428600586252
2018-10-11,Hawkish Policy,132599.84997053922,142652.67769612226,32.59984997053922,42.65267769612227,-7.047065563674526
2018-10-12,Hawkish Policy,133862.77427505603,144633.90985137425,33.86277427505602,44.633909851374256,-7.447171681514131
2018-10-15,Hawkish Policy,133344.87136699015,143821.4416051865,33.34487136699016,43.82144160518651,-7.284428609022187
2018-10-16,Hawkish Policy,135349.50434128018,146966.24077797733,35.349504341280166,46.96624077797733,-7.90435706540703
2018-10-17,Hawkish Policy,135366.20481707863,146992.4399092646,35.36620481707864,46.99243990926458,-7.909410238623559
2018-10-18,Hawkish Policy,134013.08996077627,144869.71992243125,34.01308996077628,44.86971992243125,-7.494064299612113
2018-10-19,Hawkish Policy,133962.97142807965,144791.09569436195,33.96297142807965,44.79109569436195,-7.47844624999543
2018-10-22,Hawkish Policy,133548.6867332897,144141.18013266832,33.5486867332897,44.141180132668325,-7.348693405749296
2018-10-23,Hawkish Policy,133080.93656852294,143407.38978296492,33.08093656852294,43.40738978296492,-7.200781793790545
2018-10-24,Hawkish Policy,130311.25189000463,139062.40384408965,30.31125189000463,39.06240384408966,-6.292967554261764
2018-10-25,Hawkish Policy,131901.54885360095,141557.20695256427,31.901548853600946,41.557206952564265,-6.821028972547428
2018-10-26,Hawkish Policy,130314.55891491521,139067.59179087923,30.314558914915214,39.06759179087924,-6.294085317250808
2018-10-29,Hawkish Policy,129823.43720685797,138297.13696895103,29.82343720685796,38.29713696895103,-6.127169331058157
2018-10-30,Hawkish Policy,131129.75766067556,140346.44750871215,31.129757660675562,40.346447508712146,-6.567098784217151
2018-10-31,Hawkish Policy,132085.31680682188,141845.49578881834,32.08531680682187,41.84549578881833,-6.880852245409019
2018-11-01,Hawkish Policy,133047.529915159,143354.98257565458,33.04752991515898,43.354982575654574,-7.1901600316235275
2018-11-02,Hawkish Policy,132506.30107793928,142505.92141512875,32.506301077939284,42.505921415128746,-7.016985847247669
2018-11-05,Hawkish Policy,133007.4635978371,143292.12791687835,33.0074635978371,43.29212791687836,-7.177410558804198
2018-11-06,Hawkish Policy,133585.4403239339,144198.83789991913,33.58544032393389,44.19883789991914,-7.3602518096237635
2018-11-07,Hawkish Policy,135553.29119874432,147285.93458177993,35.55329119874433,47.28593458177994,-7.965895328939987
2018-11-08,Hawkish Policy,135382.92809994542,147018.6748194952,35.38292809994541,47.018674819495196,-7.914468508055716
2018-11-09,Hawkish Policy,134467.5093940931,145582.59747973122,34.467509394093085,45.58259747973121,-7.634901614655987
2018-11-12,Hawkish Policy,132733.49939106352,142862.34230430707,32.73349939106352,42.862342304307056,-7.0899319931829075
2018-11-13,Hawkish Policy,132563.06787105958,142594.97520519223,32.56306787105958,42.59497520519222,-7.035246031423526
2018-11-14,Hawkish Policy,131941.64938152532,141620.11527975556,31.941649381525327,41.62011527975555,-6.834103954167425
2018-11-15,Hawkish Policy,132883.81507678377,143098.15237536404,32.883815076783776,43.09815237536403,-7.137993837814771
2018-11-16,Hawkish Policy,133121.05990351568,143470.33388909957,33.12105990351568,43.47033388909956,-7.2135288913342315
2018-11-19,Hawkish Policy,131574.15338745306,141043.60022039828,31.574153387453062,41.04360022039828,-6.7138436753940045
2018-11-20,Hawkish Policy,129910.31503196586,138433.42790900698,29.91031503196586,38.433427909006966,-6.156831486281911
2018-11-21,Hawkish Policy,130210.99201754305,138905.1196090077,30.21099201754305,38.90511960900771,-6.2590404269741935
2018-11-23,Hawkish Policy,129619.61043702421,137977.3805519975,29.619610437024214,37.977380551997506,-6.057348009896179
2018-11-26,Hawkish Policy,131039.55570535583,140204.9417876591,31.039555705355838,40.204941787659095,-6.537134829515701
2018-11-27,Hawkish Policy,131340.26119976846,140676.67821133905,31.34026119976845,40.676678211339045,-6.636790923897462
2018-11-28,Hawkish Policy,133405.03071152733,143915.8175130772,33.40503071152734,43.9158175130772,-7.303427088961079
2018-11-29,Hawkish Policy,133204.5508789738,143601.31165606415,33.204550878973805,43.601311656064155,-7.24001797559578
2018-11-30,Hawkish Policy,133762.51440259442,144476.6256162923,33.76251440259441,44.47662561629229,-7.415809421070585
2018-12-03,Hawkish Policy,134981.98554013958,146389.6899396767,34.98198554013958,46.38968993967669,-7.792696606050553
2018-12-04,Hawkish Policy,131958.3441555567,141646.30546630695,31.958344155556695,41.64630546630694,-6.839543946350723
2018-12-06,Hawkish Policy,131821.3877101218,141431.4529113326,31.82138771012182,41.43145291133259,-6.794857157576972
2018-12-07,Hawkish Policy,129726.54707874493,138145.1390727529,29.726547078744936,38.1451390727529,-6.094019703128605
2018-12-10,Hawkish Policy,129893.60315263324,138407.21088824802,29.89360315263323,38.40721088824803,-6.151130191106013
2018-12-11,Hawkish Policy,129913.67337278023,138438.69635841914,29.913673372780238,38.43869635841914,-6.157976931224152
2018-12-12,Hawkish Policy,130358.00067835269,139135.74173327512,30.35800067835268,39.13574173327512,-6.308760743698382
2018-12-13,Hawkish Policy,130327.91245343347,139088.54036222602,30.32791245343347,39.08854036222602,-6.298597918978366
2018-12-14,Hawkish Policy,128690.81538558529,136520.31886194335,28.69081538558529,36.52031886194336,-5.735046285876077
2018-12-17,Hawkish Policy,126983.55237196185,133842.0234423637,26.98355237196186,33.84202344236369,-5.124303185206469
2018-12-18,Hawkish Policy,126890.01488289608,133695.28505084186,26.890014882896086,33.695285050841875,-5.0901347533369385
2018-12-19,Hawkish Policy,125613.73133809394,131693.09537950726,25.61373133809395,31.693095379507263,-4.616311906022164
2018-12-20,Hawkish Policy,124247.24583797206,129549.39998711957,24.247245837972066,29.549399987119564,-4.092766272691861
2018-12-21,Hawkish Policy,122555.20084070439,126894.9780675077,22.555200840704394,26.894978067507715,-3.419975552140897
2018-12-24,Hawkish Policy,120417.88774629487,123542.03489162558,20.417887746294873,23.542034891625583,-2.528813086227122
2018-12-26,Hawkish Policy,124396.78038160135,129783.98462936592,24.396780381601356,29.78398462936591,-4.150900639357946
2018-12-27,Hawkish Policy,125031.92872628164,130780.3834787151,25.031928726281638,30.780383478715102,-4.395502291342524
2018-12-28,Hawkish Policy,124924.39339901677,130611.6857606961,24.924393399016775,30.611685760696105,-4.354351854932381
2018-12-31,Hawkish Policy,125653.6209006361,131755.6727514723,25.6536209006361,31.755672751472307,-4.631338995434653
2019-01-02,Hawkish Policy,125654.95971484044,131892.75977301836,25.65495971484044,31.892759773018355,-4.7294484313717415
2019-01-03,Hawkish Policy,123554.58101785342,128745.42029524784,23.554581017853415,28.745420295247847,-4.031863242584032
2019-01-04,Hawkish Policy,126432.48753709058,133057.85634038656,26.432487537090577,33.05785634038656,-4.979314251348721
2019-01-07,Hawkish Policy,127132.59984111291,134106.9486285931,27.132599841112913,34.106948628593095,-5.200587187167693
2019-01-08,Hawkish Policy,127973.4497249993,135366.93095379506,27.973449724999313,35.36693095379506,-5.461807530614237
2019-01-09,Hawkish Policy,128395.64455676857,135999.5742305738,28.395644556768573,35.999574230573806,-5.591142264102622
2019-01-10,Hawkish Policy,128715.81255242486,136479.33408230587,28.715812552424858,36.47933408230586,-5.688422779963965
2019-01-11,Hawkish Policy,128750.98351652372,136532.0364658991,28.75098351652372,36.53203646589909,-5.699067523481061
2019-01-14,Hawkish Policy,128195.1067870976,135699.0758298926,28.1951067870976,35.6990758298926,-5.529860094406025
2019-01-15,Hawkish Policy,129232.97256882564,137254.27916162778,29.232972568825645,37.25427916162778,-5.844121321242312
2019-01-16,Hawkish Policy,129454.63560019823,137586.43298246115,29.45463560019823,37.58643298246114,-5.910319212432458
2019-01-17,Hawkish Policy,130151.22006311697,138630.23893178385,30.151220063116966,38.63023893178386,-6.116283816577117
2019-01-18,Hawkish Policy,131382.6156865031,140475.43954431938,31.38261568650309,40.47543954431938,-6.472892263097374
2019-01-22,Hawkish Policy,130116.04312974382,138577.5276034548,30.116043129743808,38.57752760345481,-6.105957163504794
2019-01-23,Hawkish Policy,130309.5670021276,138867.51593951927,30.30956700212759,38.86751593951927,-6.162671579089018
2019-01-24,Hawkish Policy,130358.80157644658,138941.2921207611,30.35880157644659,38.9412921207611,-6.17706256600451
2019-01-25,Hawkish Policy,131143.38508090394,140116.96136589692,31.14338508090395,40.116961365896906,-6.404346909550562
2019-01-28,Hawkish Policy,130432.69522284507,139052.01900577472,30.432695222845062,39.05201900577473,-6.198632601351662
2019-01-29,Hawkish Policy,130309.5670021276,138867.51593951927,30.30956700212759,38.86751593951927,-6.162671579089018
2019-01-30,Hawkish Policy,131776.64151291212,141065.87261264998,31.776641512912107,41.065872612649976,-6.585030757400112
2019-01-31,Hawkish Policy,132603.4218173041,142304.77219546752,32.60342181730409,42.304772195467535,-6.817305019706444
2019-02-01,Hawkish Policy,132649.15242761665,142373.29781676887,32.649152427616634,42.37329781676886,-6.830034520705541
2019-02-04,Hawkish Policy,133317.5917622723,143374.92933658682,33.31759176227229,43.37492933658682,-7.014711442824106
2019-02-05,Hawkish Policy,133718.71505580854,143975.99769583603,33.718715055808545,43.97599769583604,-7.124300441867437
2019-02-06,Hawkish Policy,133592.05302471318,143786.1993459609,33.592053024713174,43.78619934596089,-7.089794686567796
2019-02-07,Hawkish Policy,132677.32143297687,142415.508025217,32.67732143297686,42.41550802521699,-6.837869504012028
2019-02-08,Hawkish Policy,132793.41187930998,142589.46524791227,32.79341187930997,42.58946524791227,-6.870110180699851
2019-02-11,Hawkish Policy,132846.22801820116,142668.60827066054,32.84622801820116,42.66860827066055,-6.884752274182892
2019-02-12,Hawkish Policy,134070.52020518578,144503.16464754162,34.07052020518577,44.503164647541624,-7.219665027961264
2019-02-13,Hawkish Policy,134383.64445718343,144972.36971097768,34.38364445718343,44.97236971097769,-7.3039609374561
2019-02-14,Hawkish Policy,134169.0490465666,144650.8064573837,34.16904904656659,44.65080645738371,-7.246248857869442
2019-02-15,Hawkish Policy,135220.99037706334,146227.1014762392,35.220990377063345,46.227101476239184,-7.526724518275607
2019-02-19,Hawkish Policy,135389.83726954478,146480.11227432432,35.38983726954476,46.48011227432431,-7.57118139287738
2019-02-20,Hawkish Policy,135586.88301375788,146775.37800453676,35.58688301375788,46.77537800453675,-7.6228691371062585
2019-02-21,Hawkish Policy,135238.59973620993,146253.48844697917,35.23859973620993,46.25348844697916,-7.531368193492649
2019-02-22,Hawkish Policy,135843.72297850362,147160.24315369918,35.84372297850362,47.16024315369918,-7.68993033218639
2019-02-25,Hawkish Policy,135977.39890688617,147360.5515681911,35.97739890688616,47.3605515681911,-7.724694662287124
2019-02-26,Hawkish Policy,135907.03310159128,147255.1110220613,35.90703310159129,47.25511102206128,-7.706406821268075
2019-02-27,Hawkish Policy,135864.8124245595,147191.84490543624,35.8648124245595,47.19184490543624,-7.695421229453181
2019-02-28,Hawkish Policy,135681.87207548652,146917.7155860233,35.681872075486524,46.91771558602329,-7.647711826800052
2019-03-01,Hawkish Policy,136294.062938536,147835.06085998268,36.29406293853599,47.83506085998268,-7.8066717423530445
2019-03-04,Hawkish Policy,135935.19016840297,147297.3033410377,35.93519016840296,47.2973033410377,-7.713727892443501
2019-03-05,Hawkish Policy,135801.49633219754,147096.9680923383,35.80149633219754,47.0969680923383,-7.678929013037283
2019-03-06,Hawkish Policy,135206.8909511975,146205.97401017553,35.20689095119751,46.205974010175524,-7.523005221532541
2019-03-07,Hawkish Policy,134390.68820084207,144982.92449927368,34.39068820084206,44.98292449927368,-7.305850902796951
2019-03-08,Hawkish Policy,134197.18223628114,144692.96299741676,34.197182236281144,44.692962997416764,-7.253829449413518
2019-03-11,Hawkish Policy,135597.46653706869,146791.23702118828,35.59746653706868,46.79123702118828,-7.625639453194233
2019-03-12,Hawkish Policy,135966.86313776966,147344.7641094263,35.966863137769664,47.34476410942629,-7.721958116683936
2019-03-13,Hawkish Policy,136617.71102110157,148320.03549271182,36.61771102110156,48.320035492711824,-7.8899148269050094
2019-03-14,Hawkish Policy,136554.38299019105,148225.14079014218,36.554382990191044,48.22514079014218,-7.873669566267871
2019-03-15,Hawkish Policy,137043.0934453401,148957.4552584313,37.04309344534011,48.957455258431295,-7.9984998350170144
2019-03-18,Hawkish Policy,137403.55404243345,149497.59207711078,37.40355404243345,49.497592077110774,-8.089787846508745
2019-03-19,Hawkish Policy,137428.30265362727,149534.67695192024,37.42830265362726,49.53467695192024,-8.096031332040477
2019-03-20,Hawkish Policy,137127.92280223232,149084.56889951124,37.12792280223232,49.08456889951125,-8.020042708335673
2019-03-21,Hawkish Policy,138251.65659457853,150768.44225636328,38.25165659457852,50.76844225636328,-8.301993092494442
2019-03-22,Hawkish Policy,136315.18820023758,147866.7162801348,36.31518820023758,47.86671628013479,-7.812121869273647
2019-03-25,Hawkish Policy,136240.96027447906,147755.4884899139,36.24096027447905,47.75548848991389,-7.792961421003897
2019-03-26,Hawkish Policy,136975.93910961162,148856.8269801856,36.97593910961161,48.85682698018561,-7.98141953687852
2019-03-27,Hawkish Policy,136456.51673825606,148078.4918459788,36.45651673825605,48.07849184597881,-7.8485234167640865
2019-03-28,Hawkish Policy,136831.08273048955,148639.76507545778,36.83108273048954,48.639765075457774,-7.9444974492347225
2019-03-29,Hawkish Policy,137456.5671673761,149577.0302761419,37.45656716737611,49.57703027614188,-8.103158009214095
2019-04-01,Hawkish Policy,138541.31375926168,151350.86978611347,38.54131375926168,51.35086978611347,-8.463483589459408
2019-04-02,Hawkish Policy,138588.84947039466,151425.00375678905,38.58884947039467,51.425003756789046,-8.476905377536692
2019-04-03,Hawkish Policy,138741.6313566352,151663.27363020316,38.741631356635196,51.66327363020316,-8.519954742025737
2019-04-04,Hawkish Policy,138999.68235992867,152065.71518529914,38.99968235992868,52.06571518529914,-8.592359434504282
2019-04-05,Hawkish Policy,139471.64406332074,152801.75960843524,39.47164406332073,52.80175960843525,-8.723797146887458
2019-04-08,Hawkish Policy,139546.3200960128,152918.22006912492,39.54632009601278,52.91822006912492,-8.744477909216785
2019-04-09,Hawkish Policy,139043.81119215087,152134.53598288333,39.043811192150876,52.134535982883335,-8.604702874438253
2019-04-10,Hawkish Policy,139376.56117008196,152653.47377761238,39.37656117008195,52.65347377761238,-8.697419245678228
2019-04-11,Hawkish Policy,139349.40937755012,152611.1293981266,39.34940937755012,52.6111293981266,-8.689877385010202
2019-04-12,Hawkish Policy,140011.47951255593,153643.65603554994,40.01147951255592,53.643656035549945,-8.872593164432253
2019-04-15,Hawkish Policy,139946.9667617326,153543.04564677595,39.9469667617326,53.543045646775944,-8.854897222972236
2019-04-16,Hawkish Policy,140011.47951255593,153643.65603554994,40.01147951255592,53.643656035549945,-8.872593164432253
2019-04-17,Hawkish Policy,139770.39407798005,153267.6730090807,39.77039407798004,53.26767300908068,-8.806344264325705
2019-04-18,Hawkish Policy,139963.94380142295,153569.52206487436,39.963943801422964,53.569522064874356,-8.859556297703275
2019-04-22,Hawkish Policy,140048.82899987476,153701.90415536647,40.048828999874765,53.701904155366464,-8.882827594439412
2019-04-23,Hawkish Policy,140934.99605879333,155083.91951168896,40.93499605879334,55.08391951168896,-9.12339815594434
2019-04-24,Hawkish Policy,140714.3060137914,154739.74396588118,40.71430601379142,54.739743965881175,-9.063888560641697
2019-04-25,Hawkish Policy,140653.18867090612,154644.42886072688,40.653188670906125,54.64442886072689,-9.047361287370592
2019-04-26,Hawkish Policy,141114.96415048395,155364.5874330039,41.11496415048394,55.3645874330039,-9.171731807072614
2019-04-29,Hawkish Policy,141271.12997368973,155608.134700566,41.27112997368974,55.608134700566005,-9.213531641173333
2019-04-30,Hawkish Policy,141322.0496217881,155687.5460653896,41.322049621788096,55.68754606538959,-9.227132681228023
2019-05-01,Hawkish Policy,140571.69888039236,154517.34205385446,40.57169888039236,54.517342053854456,-9.025293205342333
2019-05-02,Hawkish Policy,140357.79965126657,154183.75707528603,40.35779965126658,54.183757075286046,-8.967194525729727
2019-05-03,Hawkish Policy,141325.44502972614,155692.84134900928,41.325445029726126,55.69284134900927,-9.228039128065257
2019-05-06,Hawkish Policy,140914.61214019216,155052.12992049917,40.91461214019216,55.05212992049917,-9.117912657862759
2019-05-07,Hawkish Policy,139254.30354236581,152462.80778836037,39.25430354236581,52.462807788360365,-8.663427125341805
2019-05-08,Hawkish Policy,139118.5216377612,152251.0501119881,39.11852163776122,52.25105011198809,-8.62557497276194
2019-05-09,Hawkish Policy,138823.10967617616,151790.34254760388,38.823109676176145,51.790342547603885,-8.54285763757401
2019-05-10,Hawkish Policy,139312.04841925856,152552.8633888384,39.31204841925855,52.552863388838404,-8.679492915076025
2019-05-13,Hawkish Policy,136853.83616244438,148719.17644028136,36.853836162444374,48.719176440281366,-7.978352598396443
2019-05-14,Hawkish Policy,137716.24110128282,150064.13375600192,37.71624110128282,50.064133756001915,-8.22841031075171
2019-05-15,Hawkish Policy,138279.85587705733,150943.1150579261,38.27985587705734,50.9431150579261,-8.38942483465318
2019-05-16,Hawkish Policy,139176.24357270845,152341.06993352273,39.17624357270846,52.34106993352272,-8.641679073515117
2019-05-17,Hawkish Policy,138544.69769622697,151356.14718026147,38.54469769622697,51.356147180261466,-8.464439484427666
2019-05-20,Hawkish Policy,137902.9885378768,150355.37435508452,37.902988537876816,50.35537435508453,-8.281969215014373
2019-05-21,Hawkish Policy,138772.1900280778,151710.9311827803,38.772190028077816,51.71093118278029,-8.5285490332361
2019-05-22,Hawkish Policy,138473.41707147297,151244.98200319146,38.47341707147296,51.24498200319145,-8.444290027056233
2019-05-23,Hawkish Policy,137288.44837851764,149396.97274360093,37.288448378517636,49.396972743600934,-8.104932879640248
2019-05-24,Hawkish Policy,137505.72580912238,149735.8261715815,37.50572580912237,49.7358261715815,-8.167785008542117
2019-05-28,Hawkish Policy,136612.75646335486,148343.20235854795,36.61275646335487,48.34320235854794,-7.9076396549943695
2019-05-29,Hawkish Policy,135974.47139037467,147347.76954066992,35.97447139037469,47.34776954066993,-7.718676832197358
2019-05-30,Hawkish Policy,136232.46503880437,147750.12164840745,36.23246503880437,47.750121648407465,-7.795361845461624
2019-05-31,Hawkish Policy,134955.82606700744,145759.14867582128,34.95582606700744,45.759148675821294,-7.411762971284364
2019-06-03,Hawkish Policy,134718.18192426066,145388.53249085846,34.71818192426066,45.38853249085846,-7.339196829205708
2019-06-04,Hawkish Policy,136741.7762295152,148544.4141913601,36.741776229515196,48.54441419136008,-7.945527959496557
2019-06-05,Hawkish Policy,137566.84315200767,149831.1412767358,37.566843152007664,49.8311412767358,-8.185413272716236
2019-06-06,Hawkish Policy,138191.58674164023,150805.455573286,38.19158674164023,50.805455573286,-8.3643319027778
2019-06-07,Hawkish Policy,139159.2665330181,152314.5935154243,39.15926653301809,52.31459351542429,-8.63694454929167
2019-06-10,Hawkish Policy,139607.41449695258,153013.49939533585,39.60741449695257,53.01349939533584,-8.761373964624141
2019-06-11,Hawkish Policy,139583.69252527712,152976.5039678848,39.583692525277115,52.9765039678848,-8.754815998030207
2019-06-12,Hawkish Policy,139410.52672043542,152706.44450328092,39.41052672043541,52.70644450328093,-8.706847851833677
2019-06-13,Hawkish Policy,139814.58026506606,153336.58325402334,39.814580265066056,53.33658325402333,-8.818510691969838
2019-06-14,Hawkish Policy,139705.9042691022,153167.09839925007,39.70590426910221,53.167098399250065,-8.78856769556312
2019-06-17,Hawkish Policy,139743.25375642098,153225.34651906657,39.743253756420984,53.22534651906656,-8.798865898448438
2019-06-18,Hawkish Policy,140772.0394197114,154829.7816768875,40.77203941971139,54.8297816768875,-9.079482064059906
2019-06-19,Hawkish Policy,140996.14781459694,155179.28828525834,40.99614781459695,55.17928828525833,-9.139841165265072
2019-06-20,Hawkish Policy,141946.80468239338,156661.87825141146,41.94680468239338,56.661878251411466,-9.392887237955417
2019-06-21,Hawkish Policy,141800.80214105628,156434.18105576505,41.80080214105628,56.43418105576505,-9.354335999938733
2019-06-24,Hawkish Policy,141677.94802275643,156242.58481398528,41.67794802275644,56.242584813985275,-9.32180993329621
2019-06-25,Hawkish Policy,140695.3444958129,154710.17266918073,40.69534449581289,54.71017266918072,-9.058763190275776
2019-06-26,Hawkish Policy,140596.4073557255,154555.87597587067,40.596407355725496,54.555875975870684,-9.031988290321957
2019-06-27,Hawkish Policy,140947.84354828874,155103.95571997965,40.94784354828875,55.10395571997966,-9.126854377104321
2019-06-28,Hawkish Policy,141459.59805619827,155902.05872040187,41.459598056198274,55.90205872040186,-9.263803687227135
2019-07-01,Hawkish Policy,142266.88147129893,157317.42005195102,42.26688147129893,57.31742005195102,-9.566987925229098
2019-07-02,Hawkish Policy,142526.43138854823,157727.14262202408,42.52643138854823,57.727142622024076,-9.637346483796206
2019-07-03,Hawkish Policy,143325.2531200676,158988.15359184812,43.325253120067586,58.988153591848125,-9.851614801433628
2019-07-05,Hawkish Policy,143210.66947542242,158807.27314360952,43.21066947542243,58.80727314360952,-9.821089021585983
2019-07-08,Hawkish Policy,142657.8665691035,157934.6247146629,42.65786656910351,57.93462471466291,-9.672836575994403
2019-07-09,Hawkish Policy,142782.57020135305,158131.480461119,42.78257020135305,58.131480461119,-9.706422917819902
2019-07-10,Hawkish Policy,143261.24674829864,158887.1138557536,43.26124674829863,58.88711385575358,-9.834571683164295
2019-07-11,Hawkish Policy,143497.16825104048,159259.53687735694,43.497168251040485,59.25953687735694,-9.897283977696603
2019-07-12,Hawkish Policy,143948.8619418986,159972.5754399021,43.9488619418986,59.97257543990211,-10.016537805896142
2019-07-15,Hawkish Policy,143982.55368114595,160025.76083923088,43.982553681145944,60.02576083923088,-10.025390333374295
2019-07-16,Hawkish Policy,143655.5976202561,159509.63169155686,43.6555976202561,59.509631691556855,-9.939233075252563
2019-07-17,Hawkish Policy,142968.02775694776,158424.24166529512,42.96802775694777,58.42424166529512,-9.756217701203774
2019-07-18,Hawkish Policy,143335.36177509907,159004.11100059393,43.33536177509907,59.00411100059393,-9.854304474829789
2019-07-19,Hawkish Policy,142775.88398333895,158120.925672823,42.77588398333896,58.120925672823006,-9.70462424513967
2019-07-22,Hawkish Policy,143021.9028085394,158509.28821370046,43.021902808539394,58.50928821370047,-9.770648508799784
2019-07-23,Hawkish Policy,143739.87796495255,159642.67569250145,43.739877964952555,59.642675692501456,-9.961495357407035
2019-07-24,Hawkish Policy,144215.10940973493,160392.87068774283,44.21510940973492,60.39287068774284,-10.086334391697005
2019-07-25,Hawkish Policy,143729.74664477527,159626.68250481226,43.72974664477527,59.626682504812244,-9.958821176126209
2019-07-26,Hawkish Policy,144407.26451591664,160696.20456968664,44.40726451591664,60.69620456968665,-10.13648088166651
2019-07-29,Hawkish Policy,144221.87495575938,160403.55070234064,44.221874955759375,60.403550702340645,-10.088103209516497
2019-07-30,Hawkish Policy,143972.46769126027,160009.83920942846,43.97246769126026,60.00983920942846,-10.022740849815936
2019-07-31,Hawkish Policy,142863.45077417797,158259.15762055715,42.86345077417797,58.259157620557154,-9.728161755600894
2019-08-01,Hawkish Policy,141990.51401585818,156881.14950589277,41.99051401585818,56.88114950589276,-9.491666485701822
2019-08-02,Hawkish Policy,141242.20156177762,155699.8719113827,41.24220156177763,55.6998719113827,-9.285601954659118
2019-08-05,Hawkish Policy,138276.0139295531,151017.4815917336,38.27601392955309,51.017481591733606,-8.437081275548142
2019-08-06,Hawkish Policy,139617.55257750564,153135.21936070183,39.617552577505656,53.135219360701825,-8.827274900985405
2019-08-07,Hawkish Policy,139674.85006611468,153225.66852955698,39.674850066114686,53.22566852955697,-8.843700010242317
2019-08-08,Hawkish Policy,141579.26627769895,156231.95846780253,41.57926627769895,56.231958467802535,-9.378805933053268
2019-08-09,Hawkish Policy,140905.13684585626,155167.7853549629,40.90513684585626,55.167785354962895,-9.19175876389503
2019-08-12,Hawkish Policy,139708.57580308075,153278.90759730083,39.70857580308076,53.27890759730083,-8.853358891278429
2019-08-13,Hawkish Policy,141218.58447984303,155662.59025238466,41.21858447984303,55.66259025238467,-9.279047553508345
2019-08-14,Hawkish Policy,138302.99678564054,151060.07642382305,38.30299678564055,51.06007642382304,-8.445037193275674
2019-08-15,Hawkish Policy,138555.80382201122,151459.15475824167,38.55580382201123,51.459154758241674,-8.519360191086967
2019-08-16,Hawkish Policy,139971.46882933716,153693.9075615219,39.971468829337155,53.69390756152188,-8.928420748683097
2019-08-19,Hawkish Policy,141144.43545532387,155545.53943912926,41.14443545532387,55.54553943912926,-9.258448706233125
2019-08-20,Hawkish Policy,140389.40278551047,154353.65338790813,40.38940278551046,54.35365338790812,-9.046919393157427
2019-08-21,Hawkish Policy,141184.89274059568,155609.40485305586,41.18489274059567,55.60940485305586,-9.269691716950824
2019-08-22,Hawkish Policy,141154.54411035537,155561.49684787507,41.154544110355374,55.561496847875055,-9.261258749398882
2019-08-23,Hawkish Policy,138623.19863307883,151565.54344637092,38.623198633078836,51.565543446370924,-8.539107582767668
2019-08-26,Hawkish Policy,139684.9473885733,153241.60804883108,39.68494738857329,53.24160804883109,-8.846592536367737
2019-08-27,Hawkish Policy,139304.05961322726,152640.3429053933,39.304059613227274,52.6403429053933,-8.737063241814058
2019-08-28,Hawkish Policy,139984.9659236673,153715.21392230244,39.98496592366729,53.71521392230245,-8.932263533507678
2019-08-29,Hawkish Policy,141228.71580002032,155678.58344007382,41.228715800020325,55.678583440073815,-9.281859662871206
2019-08-30,Hawkish Policy,141184.89274059568,155609.40485305586,41.18489274059567,55.60940485305586,-9.269691716950824
2019-09-03,Hawkish Policy,140608.5067500609,154699.52843352628,40.60850675006089,54.69952843352628,-9.108639067067514
2019-09-04,Hawkish Policy,141720.84411100444,156455.45163760224,41.72084411100443,56.45545163760224,-9.417765486834917
2019-09-05,Hawkish Policy,142994.93128502485,158466.71127108272,42.99493128502485,58.466711271082715,-9.763425934668957
2019-09-06,Hawkish Policy,143072.4574162698,158589.09314690117,43.07245741626981,58.58909314690117,-9.784175836265286
2019-09-09,Hawkish Policy,143123.06868686472,158668.98752746033,43.123068686864706,58.668987527460324,-9.797704695068488
2019-09-10,Hawkish Policy,143099.42893978432,158631.6700895189,43.09942893978433,58.631670089518906,-9.791387268992025
2019-09-11,Hawkish Policy,143814.02698947175,159759.72650575681,43.81402698947174,59.7597265057568,-9.981050834930215
2019-09-12,Hawkish Policy,144164.56613457744,160313.08364401382,44.16456613457744,60.31308364401382,-10.073112650802274
2019-09-13,Hawkish Policy,144097.14865836402,160206.65917694118,44.09714865836403,60.206659176941166,-10.055456247161931
2019-09-16,Hawkish Policy,143783.70102437725,159711.8542795194,43.78370102437725,59.711854279519414,-9.973056368918943
2019-09-17,Hawkish Policy,144039.8851674737,160116.26367650108,44.0398851674737,60.11626367650109,-10.040440702206311
2019-09-18,Hawkish Policy,144100.50309994398,160211.95446056087,44.10050309994398,60.21195446056087,-10.05633531833795
2019-09-19,Hawkish Policy,144093.77155163826,160201.32811437812,44.09377155163825,60.20132811437813,-10.054571177611981
2019-09-20,Hawkish Policy,143614.31305716222,159444.46034619704,43.614313057162214,59.44446034619703,-9.928314382740734
2019-09-23,Hawkish Policy,143590.5713169257,159406.98190301043,43.5905713169257,59.40698190301043,-9.922031266929121
2019-09-24,Hawkish Policy,142798.19781938943,158156.15004257692,42.79819781938943,58.156150042576925,-9.710625997821143
2019-09-25,Hawkish Policy,143390.78938917874,159091.60840662054,43.39078938917873,59.09160840662053,-9.86904285819541
2019-09-26,Hawkish Policy,143180.8761412545,158760.24172254142,43.1808761412545,58.760241722541416,-9.81314050183567
2019-09-27,Hawkish Policy,142639.04316550787,157904.91030218895,42.639043165507864,57.90491030218894,-9.667759607643722
2019-09-30,Hawkish Policy,143102.96470253076,158637.2516046856,43.10296470253077,58.63725160468558,-9.792332346292365
2019-10-01,Hawkish Policy,141808.34500229146,156750.3595783809,41.80834500229147,56.7503595783809,-9.532363827604428
2019-10-02,Hawkish Policy,140053.59152011442,153981.3734820783,40.05359152011443,53.98137348207832,-9.045108279661452
2019-10-03,Hawkish Policy,140853.0556783853,155242.921136053,40.85305567838531,55.24292113605298,-9.269257079397896
2019-10-04,Hawkish Policy,142184.33202435722,157343.6639069175,42.18433202435723,57.3436639069175,-9.634535961694867
2019-10-07,Hawkish Policy,141754.10945537264,156664.77634582494,41.754109455372635,56.66477634582494,-9.517561789089202
2019-10-08,Hawkish Policy,140212.80640743213,154232.61322246632,40.212806407432126,54.232613222466306,-9.090040376098607
2019-10-09,Hawkish Policy,141140.98929474066,155697.27793798794,41.14098929474066,55.697277937987934,-9.349096423538528
2019-10-10,Hawkish Policy,141808.34500229146,156750.3595783809,41.80834500229147,56.7503595783809,-9.532363827604428
2019-10-11,Hawkish Policy,142838.11750831647,158375.3318496998,42.83811750831647,58.375331849699805,-9.810375239578573
2019-10-14,Hawkish Policy,142726.31337710549,158198.90587991153,42.726313377105484,58.19890587991152,-9.780467454402785
2019-10-15,Hawkish Policy,143718.85562893288,159765.12912620662,43.71885562893287,59.76512912620662,-10.043664462348334
2019-10-16,Hawkish Policy,143556.27369365637,159508.57621272726,43.55627369365638,59.50857621272727,-10.000905843329855
2019-10-17,Hawkish Policy,143854.37647505902,159978.97987076643,43.85437647505901,59.97897987076644,-10.079201285527084
2019-10-18,Hawkish Policy,143410.6176930684,159278.7322804783,43.410617693068396,59.27873228047829,-9.962481720075022
2019-10-21,Hawkish Policy,144094.86532472225,160358.46923368657,44.09486532472224,60.35846923368658,-10.142029907546545
2019-10-22,Hawkish Policy,143762.93334766623,159834.68339213004,43.762933347666234,59.83468339213005,-10.055233134246732
2019-10-23,Hawkish Policy,144057.63507052464,160299.7202086628,44.05763507052465,60.29972020866279,-10.13232282439156
2019-10-24,Hawkish Policy,144223.60672748357,160561.6220741769,44.223606727483556,60.5616220741769,-10.175542035285023
2019-10-25,Hawkish Policy,144640.28174660023,161219.13171660213,44.64028174660024,61.219131716602135,-10.283425914453447
2019-10-28,Hawkish Policy,145216.1829898964,162127.89898888706,45.21618298989638,62.12789898888707,-10.43109551438144
2019-10-29,Hawkish Policy,145185.64148416911,162079.70475215925,45.185641484169125,62.079704752159245,-10.423305801194127
2019-10-30,Hawkish Policy,145500.72688456933,162576.90683878722,45.500726884569346,62.576906838787224,-10.503447436818803
2019-10-31,Hawkish Policy,145226.32948122005,162143.91006604792,45.22632948122005,62.143910066047916,-10.433682386181909
2019-11-01,Hawkish Policy,146178.19507285833,163645.94588792603,46.178195072858344,63.645945887926025,-10.674111552406318
2019-11-04,Hawkish Policy,146594.85875511318,164303.43764087957,46.59485875511318,64.30343764087955,-10.777972232371846
2019-11-05,Hawkish Policy,146479.68757594342,164121.69849799995,46.47968757594343,64.12169849799996,-10.74934702937621
2019-11-06,Hawkish Policy,146503.37028027314,164159.06960435642,46.50337028027314,64.15906960435642,-10.75523842004934
2019-11-07,Hawkish Policy,146869.21081101522,164736.36285573212,46.86921081101523,64.73636285573212,-10.845906595840082
2019-11-08,Hawkish Policy,147126.71629026145,165142.70431565613,47.12671629026146,65.14270431565612,-10.90934540526759
2019-11-11,Hawkish Policy,146926.83607961645,164827.29504032285,46.92683607961645,64.82729504032285,-10.86013026927809
2019-11-12,Hawkish Policy,147147.03194663237,165174.76224892127,47.14703194663237,65.17476224892127,-10.914337067499936
2019-11-13,Hawkish Policy,147180.90648973302,165228.21599032535,47.18090648973303,65.22821599032535,-10.92265591105157
2019-11-14,Hawkish Policy,147333.34193368585,165468.75782664385,47.33334193368586,65.46875782664385,-10.96002419499509
2019-11-15,Hawkish Policy,148092.1747792149,166666.1896140883,48.0921747792149,66.6661896140883,-11.144440799829347
2019-11-18,Hawkish Policy,148170.03634615435,166789.05450564233,48.170036346154355,66.78905450564233,-11.163213446274511
2019-11-19,Hawkish Policy,148139.5855353216,166741.00338468803,48.13958553532159,66.74100338468803,-11.155874962831502
2019-11-20,Hawkish Policy,147746.60455739644,166120.88273809096,47.74660455739643,66.12088273809096,-11.060787709431885
2019-11-21,Hawkish Policy,147577.2431787551,165853.6319205421,47.57724317875511,65.8536319205421,-11.019589098020433
2019-11-22,Hawkish Policy,147810.9752587771,166222.45915833613,47.81097525877709,66.22245915833614,-11.076411691166888
2019-11-25,Hawkish Policy,148627.38802546012,167510.75157248456,48.627388025460114,67.51075157248457,-11.272926286676766
2019-11-26,Hawkish Policy,148867.87687512336,167890.24093540467,48.86787687512335,67.89024093540468,-11.330238109313406
2019-11-27,Hawkish Policy,149342.15448911762,168638.64698347726,49.342154489117604,68.63864698347726,-11.442509080525454
2019-11-29,Hawkish Policy,148945.78378951008,168013.17738484545,48.94578378951009,68.01317738484545,-11.348748885130732
2019-12-02,Hawkish Policy,148041.3289539785,166585.95533356708,48.04132895397848,66.58595533356709,-11.132166779879704
2019-12-03,Hawkish Policy,147333.34193368585,165468.75782664385,47.33334193368586,65.46875782664385,-10.96002419499509
2019-12-04,Hawkish Policy,147980.34797428024,166489.72786535666,47.980347974280235,66.48972786535666,-11.117430563671348
2019-12-05,Hawkish Policy,148170.03634615435,166789.05450564233,48.170036346154355,66.78905450564233,-11.163213446274511
2019-12-06,Hawkish Policy,149135.49483510776,168312.5398040745,49.13549483510775,68.3125398040745,-11.393711360597337
2019-12-09,Hawkish Policy,148800.1391257839,167783.35134206814,48.80013912578389,67.78335134206814,-11.314121493247708
2019-12-10,Hawkish Policy,148681.6008986553,167596.29902609714,48.6816008986553,67.59629902609714,-11.285868624399964
2019-12-11,Hawkish Policy,148983.05939115494,168071.997967756,48.983059391154924,68.071997967756,-11.357596034684613
2019-12-12,Hawkish Policy,149901.08445027802,169520.63371664507,49.901084450278034,69.52063371664508,-11.573546438695637
2019-12-13,Hawkish Policy,149965.4664885205,169622.2280263619,49.96546648852049,69.62222802636191,-11.588552848619837
2019-12-16,Hawkish Policy,150703.94966709317,170787.5482121262,50.70394966709317,70.78754821212618,-11.75940445031054
2019-12-17,Hawkish Policy,150727.62103456107,170824.901429011,50.727621034561075,70.82490142901099,-11.76484237738704
2019-12-18,Hawkish Policy,150734.41181478775,170835.61722255216,50.73441181478775,70.83561722255216,-11.76640195678752
2019-12-19,Hawkish Policy,151178.15925991657,171535.84692336863,51.178159259916576,71.53584692336862,-11.867891189266455
2019-12-20,Hawkish Policy,151654.76093058274,172287.9203131373,51.654760930582746,72.28792031313729,-11.975975648816995
2019-12-23,Hawkish Policy,151821.5601784541,172551.12811008465,51.82156017845409,72.55112811008466,-12.013580066776186
2019-12-24,Hawkish Policy,151824.96123699832,172556.49495159107,51.82496123699831,72.55649495159106,-12.01434563237319
2019-12-26,Hawkish Policy,152407.06374370682,173475.0477648894,52.40706374370683,73.4750477648894,-12.144676881562821
2019-12-27,Hawkish Policy,152379.82126476747,173432.05936442284,52.37982126476746,73.43205936442283,-12.138608153997355
2019-12-30,Hawkish Policy,151773.8546639402,172475.84921322102,51.7738546639402,72.47584921322104,-12.00283671233776
2019-12-31,Hawkish Policy,152039.39797821266,172894.87430857192,52.03939797821266,72.89487430857191,-12.062518575962944
2020-01-02,Hawkish Policy,152955.22358326009,174511.8320965745,52.95522358326008,74.51183209657451,-12.352519742836144
2020-01-03,Hawkish Policy,152143.88835018966,173190.37260191632,52.14388835018966,73.19037260191632,-12.152225285699148
2020-01-06,Hawkish Policy,152549.5449831429,173851.08445977373,52.5495449831429,73.85108445977373,-12.252750417303071
2020-01-07,Hawkish Policy,152249.4186057718,173362.2546458958,52.249418605771794,73.36225464589579,-12.178450311025557
2020-01-08,Hawkish Policy,152816.69864743558,174286.2100796439,52.81669864743559,74.28621007964391,-12.318537090454463
2020-01-09,Hawkish Policy,153542.28505605453,175468.00646883296,53.54228505605454,75.46800646883295,-12.495566487599508
2020-01-10,Hawkish Policy,153232.2295205812,174963.00457254896,53.2322295205812,74.96300457254897,-12.42021140701035
2020-01-13,Hawkish Policy,153970.99622756595,176166.26832776374,53.97099622756596,76.16626832776375,-12.599047655878525
2020-01-14,Hawkish Policy,153806.11069500988,175897.71157878163,53.80611069500987,75.89771157878162,-12.559345249854081
2020-01-15,Hawkish Policy,154050.1658864165,176295.2156396917,54.050165886416515,76.2952156396917,-12.618067752184015
2020-01-16,Hawkish Policy,154950.53403494786,177761.68719185382,54.95053403494787,77.76168719185384,-12.832435108633078
2020-01-17,Hawkish Policy,155290.26720890816,178315.02644063914,55.29026720890815,78.31502644063914,-12.912405472118692
2020-01-21,Hawkish Policy,155075.87867240654,177965.84184275867,55.07587867240655,77.96584184275868,-12.861998085327242
2020-01-22,Hawkish Policy,155089.06995435432,177987.32709825612,55.08906995435432,77.98732709825613,-12.865105351720384
2020-01-23,Hawkish Policy,155214.40360823105,178191.46385968928,55.214403608231045,78.19146385968926,-12.894590882058598
2020-01-24,Hawkish Policy,154241.45595003205,176606.77867861206,54.24145595003205,76.60677867861206,-12.663909559938402
2020-01-27,Hawkish Policy,152503.40295528065,173775.9307892119,52.50340295528064,73.77593078921191,-12.24135456350085
2020-01-28,Hawkish Policy,153621.42176415917,175596.90011234587,53.62142176415916,75.59690011234588,-12.514730233920368
2020-01-29,Hawkish Policy,153532.36688153428,175451.85227589856,53.53236688153429,75.45185227589857,-12.493162716741125
2020-01-30,Hawkish Policy,153881.974295687,176021.2741597315,53.881974295686994,76.02127415973148,-12.577627317908213
2020-01-31,Hawkish Policy,151919.6255734957,172825.10536898824,51.9196255734957,72.82510536898823,-12.096321162864932
2020-02-03,Hawkish Policy,152707.8403665161,174108.90752574295,52.70784036651608,74.10890752574295,-12.291770400123037
2020-02-04,Hawkish Policy,154337.0790146759,176762.52441912884,54.33707901467591,76.76252441912882,-12.686764617187208
2020-02-05,Hawkish Policy,155590.36063553338,178803.802586102,55.59036063553337,78.80380258610202,-12.982633263288868
2020-02-06,Hawkish Policy,155959.74948081674,179405.44340844525,55.95974948081675,79.40544340844524,-13.06855214769076
2020-02-07,Hawkish Policy,155372.69899160427,178449.2869256585,55.37269899160427,78.44928692565848,-12.931734461717337
2020-02-10,Hawkish Policy,156190.6133902756,179781.46221385789,56.1906133902756,79.78146221385789,-13.121958478410834
2020-02-11,Hawkish Policy,156381.93640463706,180093.0789211933,56.38193640463707,80.09307892119328,-13.166048722467538
2020-02-12,Hawkish Policy,157094.29858056235,181253.33638646983,57.09429858056234,81.25333638646983,-13.328878953375723
2020-02-13,Hawkish Policy,156975.57704303245,181059.9690869929,56.975577043032445,81.05996908699291,-13.301886753547798
2020-02-14,Hawkish Policy,157153.65385753632,181350.01109147244,57.15365385753633,81.35001109147244,-13.34235222171094
2020-02-18,Hawkish Policy,156866.76269644086,180882.73809097867,56.866762696440865,80.88273809097868,-13.277096337660755
2020-02-19,Hawkish Policy,157397.7200325249,181747.53304185419,57.3977200325249,81.74753304185418,-13.3976030385633
2020-02-20,Hawkish Policy,156939.30925536258,181000.89805147873,56.939309255362566,81.00089805147871,-13.293629509657324
2020-02-21,Hawkish Policy,155794.85296467866,179136.86876999147,55.794852964678654,79.13686876999147,-13.030268958917413
2020-02-24,Hawkish Policy,152147.18342478113,173195.73944342273,52.14718342478113,73.19573944342272,-12.153044922630707
2020-02-25,Hawkish Policy,148924.94096538547,167947.52302375005,48.92494096538547,67.94752302375005,-11.326503491018759
2020-02-26,Hawkish Policy,148545.6998470737,167329.83534530256,48.545699847073706,67.32983534530257,-11.225813650904415
2020-02-27,Hawkish Policy,143931.65083099608,159814.7187417261,43.931650830996084,59.814718741726104,-9.938426219926832
2020-02-28,Hawkish Policy,143519.40404885996,159143.27320085582,43.51940404885997,59.143273200855816,-9.81748636794524
2020-03-02,Hawkish Policy,147750.8070362146,166035.15638976148,47.750807036214596,66.03515638976147,-11.012336032391268
2020-03-03,Hawkish Policy,144832.0299631094,161281.2081833599,44.8320299631094,61.281208183359915,-10.199066838307347
2020-03-04,Hawkish Policy,148994.20343329775,168060.33403221535,48.99420343329774,68.06033403221534,-11.344812985592922
2020-03-05,Hawkish Policy,145564.18455374733,162473.70247661846,45.56418455374733,62.473702476618456,-10.407541445240698
2020-03-06,Hawkish Policy,143915.1534908749,159787.84875525054,43.91515349087489,59.787848755250536,-9.93360595816526
2020-03-09,Hawkish Policy,136253.7096568059,147309.2982318046,36.253709656805896,47.30929823180461,-7.505017475272824
2020-03-10,Hawkish Policy,140933.6931154584,154931.80533392486,40.93369311545838,54.931805333924856,-9.035015236733546
2020-03-11,Hawkish Policy,136296.57308544964,147379.1118950675,36.296573085449644,47.379111895067496,-7.519748672056403
2020-03-12,Hawkish Policy,127639.10508745952,133278.29041052758,27.639105087459527,33.27829041052759,-4.231135697868027
2020-03-13,Hawkish Policy,134634.35074062945,144671.77291820216,34.63435074062946,44.671772918202166,-6.93806537039392
2020-03-16,Hawkish Policy,124914.91315256135,128841.2720845528,24.914913152561358,28.841272084552806,-3.0474388124752116
2020-03-17,Hawkish Policy,129185.90096934128,135797.62892942244,29.185900969341283,35.797628929422444,-4.868809575104915
2020-03-18,Hawkish Policy,124964.366730388,128921.81943082856,24.964366730388,28.921819430828567,-3.0696531571708707
2020-03-19,Hawkish Policy,125132.5693046995,129195.77880026046,25.132569304699494,29.195778800260474,-3.1450017433176214
2020-03-20,Hawkish Policy,121714.24244815775,123628.19058727556,21.71424244815774,23.628190587275565,-1.548148630199886
2020-03-23,Hawkish Policy,119773.50941528633,120467.22827681452,19.773509415286327,20.46722827681453,-0.5758569126651958
2020-03-24,Hawkish Policy,126474.8124477351,131381.95274317157,26.474812447735086,31.38195274317157,-3.7350185417239667
2020-03-25,Hawkish Policy,127682.38040042722,133348.7749289788,27.68238040042723,33.348774928978784,-4.249303776183522
2020-03-26,Hawkish Policy,132462.87461770087,141134.98858651705,32.46287461770088,41.13498858651705,-6.144552853738383
2020-03-27,Hawkish Policy,129881.87564096508,136931.1953029403,29.88187564096507,36.93119530294029,-5.148074291164717
2020-03-30,Hawkish Policy,132612.15797206643,141378.13334096616,32.61215797206643,41.37813334096616,-6.2003756604697475
2020-03-31,Hawkish Policy,131318.3249665702,139270.80724452043,31.318324966570188,39.270807244520434,-5.710085577365764
2020-04-01,Hawkish Policy,127384.6124088176,133002.9535517757,27.3846124088176,33.00295355177569,-4.2242228408641775
2020-04-02,Hawkish Policy,129443.62855586252,136072.08025932577,29.44362855586253,36.07208025932578,-4.871279759103231
2020-04-03,Hawkish Policy,128124.12061689852,134105.2491287827,28.12412061689853,34.105249128782724,-4.460025652046218
2020-04-06,Hawkish Policy,134166.97814847017,143112.60706848805,34.166978148470164,43.11260706848805,-6.250762321545067
2020-04-07,Hawkish Policy,134264.85794123844,143258.5046548405,34.26485794123843,43.258504654840515,-6.277914693630848
2020-04-08,Hawkish Policy,137491.09856816573,148067.4719314189,37.491098568165725,48.06747193141889,-7.142941812467685
2020-04-09,Hawkish Policy,139002.6875743065,150320.61511159452,39.00268757430649,50.320615111594535,-7.529191873573604
2020-04-13,Hawkish Policy,138081.9418270687,148948.17062262516,38.081941827068675,48.948170622625156,-7.295308663499556
2020-04-14,Hawkish Policy,141029.05312037954,153341.07351141705,41.029053120379544,53.34107351141706,-8.029173207869068
2020-04-15,Hawkish Policy,138843.20910133672,150082.89981180275,38.84320910133672,50.08289981180276,-7.4889882355418935
2020-04-16,Hawkish Policy,139328.96555189203,150806.9582889078,39.328965551892026,50.8069582889078,-7.6110498263792685
2020-04-17,Hawkish Policy,142062.19470591974,154881.05290274567,42.062194705919744,54.88105290274567,-8.276582549367905
2020-04-20,Hawkish Policy,140231.55274030962,152152.33600721302,40.23155274030963,52.15233600721301,-7.834768482514964
2020-04-21,Hawkish Policy,137132.2179963732,147532.53200426485,37.132217996373186,47.53253200426486,-7.049505533864908
2020-04-22,Hawkish Policy,139328.96555189203,150806.9582889078,39.328965551892026,50.8069582889078,-7.6110498263792685
2020-04-23,Hawkish Policy,139321.68052531974,150796.0993795931,39.32168052531975,50.79609937959311,-7.609227892154724
2020-04-24,Hawkish Policy,140731.80723386217,152898.00496611733,40.73180723386216,52.89800496611732,-7.957067677208229
2020-04-27,Hawkish Policy,142210.7996466416,155102.560341188,42.21079964664158,55.10256034118799,-8.31176523855418
2020-04-28,Hawkish Policy,141732.28021589367,154389.2892155109,41.73228021589366,54.38928921551089,-8.198113394996842
2020-04-29,Hawkish Policy,144443.81031219038,158431.03966453663,44.44381031219038,58.43103966453662,-8.828591532292496
2020-04-30,Hawkish Policy,143454.1868590244,156955.92749754913,43.454186859024404,56.95592749754912,-8.602249595661537
2020-05-01,Hawkish Policy,140666.590043757,152800.79357696406,40.66659004375699,52.800793576964054,-7.941191435694472
2020-05-04,Hawkish Policy,140949.34988896834,153222.26952993622,40.94934988896834,53.22226952993623,-8.00987981617778
2020-05-05,Hawkish Policy,141899.055717127,154637.88131408903,41.899055717127,54.63788131408902,-8.237842816203534
2020-05-06,Hawkish Policy,141195.82862161286,153589.6656099952,41.19582862161286,53.58966560999519,-8.0694472112815
2020-05-07,Hawkish Policy,142439.16782723076,155442.96120846958,42.43916782723076,55.44296120846959,-8.365636681225475
2020-05-08,Hawkish Policy,144164.69898111082,158015.00211095763,44.16469898111082,58.015002110957624,-8.765182384468261
2020-05-11,Hawkish Policy,144186.4460456067,158047.41783365654,44.18644604560669,58.047417833656546,-8.77013492408867
2020-05-12,Hawkish Policy,142073.032233094,154897.20709568003,42.07303223309402,54.897207095680024,-8.279151769769822
2020-05-13,Hawkish Policy,140235.20125444137,152157.77440660622,40.23520125444138,52.15777440660621,-7.835664788513885
2020-05-14,Hawkish Policy,141456.80539725465,153978.6721718534,41.45680539725465,53.97867217185339,-8.13220857017345
2020-05-15,Hawkish Policy,141931.68831556203,154686.52278760902,41.93168831556202,54.686522787609015,-8.245601647895274
2020-05-18,Hawkish Policy,145092.68174815603,159398.23395135492,45.09268174815604,59.398233951354925,-8.974724404766398
2020-05-19,Hawkish Policy,143994.2989691282,157761.00739192968,43.99429896912819,57.76100739192969,-8.726306107186865
2020-05-20,Hawkish Policy,145792.29633461207,160441.06492447064,45.79229633461206,60.44106492447063,-9.130311243418031
2020-05-21,Hawkish Policy,145049.1996208555,159333.42039542887,45.0491996208555,59.33342039542886,-8.964987219331144
2020-05-22,Happiness Zone,145252.17222281703,159635.9671406184,45.25217222281703,59.635967140618384,-9.01037227101279
2020-05-26,Happiness Zone,146571.63815586176,161602.73565801053,46.57163815586176,61.60273565801053,-9.301264264460297
2020-05-27,Happiness Zone,148184.8094765131,164007.2953265544,48.18480947651309,64.00729532655438,-9.647428072353236
2020-05-28,Happiness Zone,147981.80086947788,163704.6949129498,47.98180086947787,63.70469491294981,-9.604424632923692
2020-05-29,Happiness Zone,148471.1818307825,164434.1560105047,48.4711818307825,64.43415601050471,-9.707821396123084
2020-06-01,Happiness Zone,148917.03265802172,165098.73199424674,48.91703265802172,65.09873199424673,-9.801225691296588
2020-06-02,Happiness Zone,149834.14189281903,166465.75597329458,49.83414189281903,66.46575597329458,-9.991012255483767
2020-06-03,Happiness Zone,151320.39532878826,168681.13447873655,51.32039532878827,68.68113447873657,-10.292045523405424
2020-06-04,Happiness Zone,151023.13744057965,168238.04804396516,51.023137440579646,68.23804804396516,-10.23247166948037
2020-06-05,Happiness Zone,153915.88107265084,172549.91162600985,53.91588107265084,72.54991162600986,-10.799211878906668
2020-06-08,Happiness Zone,155315.13424894534,174635.60935118463,55.31513424894534,74.63560935118463,-11.063307863739668
2020-06-09,Happiness Zone,154441.53114483104,173333.4347070062,54.44153114483103,73.33343470700622,-10.899168757665855
2020-06-10,Happiness Zone,153792.6597088654,172366.2404201879,53.7926597088654,72.3662404201879,-10.775648796449088
2020-06-11,Happiness Zone,147126.2963157277,162429.4975920771,47.126296315727686,62.4294975920771,-9.421442227680599
2020-06-12,Happiness Zone,148431.28820915765,164374.69140661336,48.43128820915765,64.37469140661337,-9.699426998780824
2020-06-15,Happiness Zone,149460.8052839485,165909.26817749217,49.460805283948496,65.90926817749217,-9.914131425103312
2020-06-16,Happiness Zone,151603.13117061713,169102.57465276535,51.603131170617125,69.10257465276534,-10.348419305904432
2020-06-17,Happiness Zone,151131.89676644152,168400.16243640293,51.13189676644152,68.40016243640292,-10.254304639689904
2020-06-18,Happiness Zone,151175.41489881574,168465.02966074404,51.17541489881574,68.46502966074404,-10.26302894834984
2020-06-19,Happiness Zone,150529.4958788909,167502.236183961,50.529495878890906,67.502236183961,-10.13284400957466
2020-06-22,Happiness Zone,151250.4134672676,168576.82096932313,51.2504134672676,68.57682096932314,-10.278048549277441
2020-06-23,Happiness Zone,151771.05883420783,169352.88414062554,51.77105883420783,69.35288414062555,-10.381769047297883
2020-06-24,Happiness Zone,148872.87843601272,165032.91662790612,48.87287843601271,65.03291662790612,-9.792009086483555
2020-06-25,Happiness Zone,150059.80969288305,166802.13170944634,50.059809692883036,66.80213170944636,-10.037235043090964
2020-06-26,Happiness Zone,147401.93915804388,162840.3650883382,47.401939158043895,62.84036508833821,-9.480711936453368
2020-06-29,Happiness Zone,149007.59741998967,165233.7259476053,49.00759741998968,65.23372594760531,-9.820106902849146
2020-06-30,Happiness Zone,150427.5655153349,167350.30090091377,50.42756551533489,67.35030090091378,-10.112163106057782
2020-07-01,Happiness Zone,151157.4711222616,168522.54431222135,51.15747112226161,68.52254431222136,-10.304302763069796
2020-07-02,Happiness Zone,151157.4711222616,169450.59643498607,51.15747112226161,69.45059643498608,-10.795550855286063
2020-07-06,Happiness Zone,151157.4711222616,172066.46654311003,51.15747112226161,72.06646654311002,-12.151696865123817
2020-07-07,Happiness Zone,151157.4711222616,170291.81306217663,51.15747112226161,70.29181306217663,-11.236207775255014
2020-07-08,Happiness Zone,151157.4711222616,171594.27393790206,51.15747112226161,71.59427393790206,-11.90995616965418
2020-07-09,Happiness Zone,151157.4711222616,170617.40144690045,51.15747112226161,70.61740144690046,-11.405595302478666
2020-07-10,Happiness Zone,151157.4711222616,172359.53186830485,51.15747112226161,72.35953186830486,-12.301066564884355
2020-07-13,Happiness Zone,151157.4711222616,170867.03113483652,51.15747112226161,70.86703113483652,-11.53502807514779
2020-07-14,Happiness Zone,151157.4711222616,173081.3362719772,51.15747112226161,73.0813362719772,-12.666799102628135
2020-07-15,Happiness Zone,151157.4711222616,174671.4777419193,51.15747112226161,74.67147774191932,-13.461846732870796
2020-07-16,Happiness Zone,151157.4711222616,174096.20600084437,51.15747112226161,74.09620600084436,-13.175895905779534
2020-07-17,Happiness Zone,151157.4711222616,174600.90377610968,51.15747112226161,74.60090377610969,-13.426867872293224
2020-07-20,Happiness Zone,151157.4711222616,176011.9716344537,51.15747112226161,76.01197163445367,-14.120914777212178
2020-07-21,Happiness Zone,151157.4711222616,176386.43405582945,51.15747112226161,76.38643405582945,-14.3032331645088
2020-07-22,Happiness Zone,151157.4711222616,177390.4627648536,51.15747112226161,77.39046276485362,-14.78827623183221
2020-07-23,Happiness Zone,151157.4711222616,175273.86992207344,51.15747112226161,75.27386992207343,-13.75926646141491
2020-07-24,Happiness Zone,151157.4711222616,174145.04425855295,51.15747112226161,74.14504425855296,-13.200245366822916
2020-07-27,Happiness Zone,151157.4711222616,175414.99996422103,51.15747112226161,75.41499996422102,-13.828651396349901
2020-07-28,Happiness Zone,151157.4711222616,174302.41794099336,51.15747112226161,74.30241794099335,-13.278614887928297
2020-07-29,Happiness Zone,151157.4711222616,176446.1312228527,51.15747112226161,76.44613122285271,-14.332227023244482
2020-07-30,Happiness Zone,151157.4711222616,175816.582824676,51.15747112226161,75.816582824676,-14.025475473496396
2020-07-31,Happiness Zone,151157.4711222616,177205.93286439063,51.15747112226161,77.20593286439063,-14.699542685211897
2020-08-03,Happiness Zone,151157.4711222616,178437.90922166486,51.15747112226161,78.43790922166485,-15.28847665745403
2020-08-04,Happiness Zone,151157.4711222616,179127.13689739312,51.15747112226161,79.12713689739313,-15.614421276187196
2020-08-05,Happiness Zone,151157.4711222616,180239.66525220577,51.15747112226161,80.23966525220575,-16.135290802526757
2020-08-06,Happiness Zone,151157.4711222616,181444.5032809291,51.15747112226161,81.4445032809291,-16.69217397662045
2020-08-07,Happiness Zone,151157.4711222616,181574.7565242903,51.15747112226161,81.57475652429031,-16.75193511712605
2020-08-10,Happiness Zone,151157.4711222616,182117.43364794948,51.15747112226161,82.11743364794948,-16.99999934412455
2020-08-11,Happiness Zone,151157.4711222616,180614.1634525249,51.15747112226161,80.6141634525249,-16.30918183113923
2020-08-12,Happiness Zone,151157.4711222616,183132.35704523174,51.15747112226161,83.13235704523174,-17.459987103793285
2020-08-13,Happiness Zone,151157.4711222616,182801.22292428458,51.15747112226161,82.80122292428457,-17.31047051864072
2020-08-14,Happiness Zone,151157.4711222616,182806.71499209284,51.15747112226161,82.80671499209285,-17.31295476273954
2020-08-17,Happiness Zone,151157.4711222616,183387.44302203265,51.15747112226161,83.38744302203264,-17.57479758082392
2020-08-18,Happiness Zone,151157.4711222616,183783.6232620378,51.15747112226161,83.7836232620378,-17.752480640376756
2020-08-19,Happiness Zone,151157.4711222616,183018.34744216333,51.15747112226161,83.01834744216332,-17.40856955883632
2020-08-20,Happiness Zone,151157.4711222616,183588.21656278847,51.15747112226161,83.58821656278847,-17.66493844088045
2020-08-21,Happiness Zone,151157.4711222616,184239.4291111795,51.15747112226161,84.2394291111795,-17.955959887910065
2020-08-24,Happiness Zone,151157.4711222616,186106.39226602358,51.15747112226161,86.10639226602359,-18.779000935016466
2020-08-25,Happiness Zone,151157.4711222616,186757.5869249429,51.15747112226161,86.75758692494291,-19.06220592633211
2020-08-26,Happiness Zone,151157.4711222616,188629.98847918023,51.15747112226161,88.62998847918023,-19.865620339076994
2020-08-27,Happiness Zone,151157.4711222616,189042.41235947818,51.15747112226161,89.04241235947819,-20.040445297098486
2020-08-28,Happiness Zone,151157.4711222616,190263.5298074377,51.15747112226161,90.2635298074377,-20.553628288487367
2020-08-31,Happiness Zone,151157.4711222616,189574.3379106528,51.15747112226161,89.57433791065279,-20.264803354606585
2020-09-01,Happiness Zone,151157.4711222616,191359.8145219575,51.15747112226161,91.35981452195752,-21.00877004930568
2020-09-02,Happiness Zone,151157.4711222616,194127.6378026004,51.15747112226161,94.1276378026004,-22.135007238914227
2020-09-03,Happiness Zone,151157.4711222616,187446.85037961457,51.15747112226161,87.44685037961457,-19.35982342934024
2020-09-04,Happiness Zone,151157.4711222616,185916.4418556391,51.15747112226161,85.91644185563909,-18.696017622996052
2020-09-08,Happiness Zone,151157.4711222616,180836.6548119101,51.15747112226161,80.8366548119101,-16.412150357745826
2020-09-09,Happiness Zone,151157.4711222616,184407.67959240626,51.15747112226161,84.40767959240627,-18.030815497292263
2020-09-10,Happiness Zone,151157.4711222616,181205.71461283605,51.15747112226161,81.20571461283606,-16.58239286480313
2020-09-11,Happiness Zone,151157.4711222616,181297.98850780338,51.15747112226161,81.29798850780338,-16.624849306722723
2020-09-14,Happiness Zone,151157.4711222616,183685.85729926222,51.15747112226161,83.68585729926221,-17.708704771976624
2020-09-15,Happiness Zone,151157.4711222616,184613.9452009703,51.15747112226161,84.61394520097032,-18.12239808985614
2020-09-16,Happiness Zone,151157.4711222616,183881.2461090399,51.15747112226161,83.8812461090399,-17.796145979657652
2020-09-17,Happiness Zone,151157.4711222616,182263.9663105469,51.15747112226161,82.2639663105469,-17.066727899076394
2020-09-18,Happiness Zone,151157.4711222616,180165.6743973037,51.15747112226161,80.16567439730369,-16.100849050231858
2020-09-21,Happiness Zone,151157.4711222616,178160.46140525377,51.15747112226161,78.16046140525377,-15.156556101170871
2020-09-22,Happiness Zone,151157.4711222616,179974.93685016493,51.15747112226161,79.97493685016492,-16.011932679212336
2020-09-23,Happiness Zone,151157.4711222616,175801.14421060917,51.15747112226161,75.80114421060917,-14.017925309305458
2020-09-24,Happiness Zone,151157.4711222616,176269.72314253615,51.15747112226161,76.26972314253615,-14.246492008141498
2020-09-25,Happiness Zone,151157.4711222616,179119.4980929823,51.15747112226161,79.11949809298231,-15.61082253379551
2020-09-28,Happiness Zone,151157.4711222616,182094.5709031321,51.15747112226161,82.09457090313208,-16.989578342414134
2020-09-29,Happiness Zone,151157.4711222616,181102.85015062933,51.15747112226161,81.10285015062932,-16.53501256521427
2020-09-30,Happiness Zone,151157.4711222616,182475.93866057947,51.15747112226161,82.47593866057947,-17.163066960062523
2020-10-01,Happiness Zone,151157.4711222616,183647.4664930195,51.15747112226161,83.64746649301951,-17.691502088863754
2020-10-02,Happiness Zone,151157.4711222616,181903.81546652163,51.15747112226161,81.90381546652164,-16.90252855082015
2020-10-05,Happiness Zone,151157.4711222616,185129.5376644937,51.15747112226161,85.1295376644937,-18.350430174896747
2020-10-06,Happiness Zone,151157.4711222616,182497.7459265673,51.15747112226161,82.49774592656729,-17.17296542222295
2020-10-07,Happiness Zone,151157.4711222616,185674.39730369882,51.15747112226161,85.67439730369881,-18.590030010965652
2020-10-08,Happiness Zone,151157.4711222616,187319.94246745904,51.15747112226161,87.31994246745904,-19.305190290392883
2020-10-09,Happiness Zone,151157.4711222616,188992.73329660026,51.15747112226161,88.99273329660026,-20.01942694535297
2020-10-12,Happiness Zone,151157.4711222616,192033.2100152418,51.15747112226161,92.0332100152418,-21.285765566141336
2020-10-13,Happiness Zone,151157.4711222616,190779.94518665873,51.15747112226161,90.77994518665872,-20.76867881769784
2020-10-14,Happiness Zone,151157.4711222616,189581.22535725273,51.15747112226161,89.58122535725272,-20.26770011776441
2020-10-15,Happiness Zone,151157.4711222616,189346.9269465534,51.15747112226161,89.3469269465534,-20.169039149535006
2020-10-16,Happiness Zone,151157.4711222616,189232.50588563617,51.15747112226161,89.23250588563619,-20.12076867300243
2020-10-19,Happiness Zone,151157.4711222616,186355.5031592807,51.15747112226161,86.35550315928069,-18.887573181530804
2020-10-20,Happiness Zone,151157.4711222616,187102.01292335434,51.15747112226161,87.10201292335434,-19.211199943539516
2020-10-21,Happiness Zone,151157.4711222616,186747.8371628729,51.15747112226161,86.74783716287288,-19.05798031254895
2020-10-22,Happiness Zone,151157.4711222616,187772.17042226307,51.15747112226161,87.77217042226306,-19.4995345783468
2020-10-23,Happiness Zone,151157.4711222616,188409.73330375605,51.15747112226161,88.40973330375606,-19.771941464104714
2020-10-26,Happiness Zone,151157.4711222616,184927.94120804023,51.15747112226161,84.92794120804024,-18.26142110552538
2020-10-27,Happiness Zone,151157.4711222616,184290.39621601894,51.15747112226161,84.29039621601895,-17.978649877620345
2020-10-28,Happiness Zone,151157.4711222616,177991.54901357452,51.15747112226161,77.99154901357453,-15.076040430024252
2020-10-29,Happiness Zone,151157.4711222616,179800.5860590925,51.15747112226161,79.80058605909248,-15.930490308533896
2020-10-30,Happiness Zone,151157.4711222616,177926.16299455444,51.15747112226161,77.92616299455443,-15.044831755918953
2020-11-02,Happiness Zone,151157.4711222616,179920.46340887458,51.15747112226161,79.92046340887458,-15.986504115014544
2020-11-03,Happiness Zone,151157.4711222616,183097.18634389288,51.15747112226161,83.09718634389289,-17.444132189799
2020-11-04,Happiness Zone,151157.4711222616,187189.18831889055,51.15747112226161,87.18918831889056,-19.248823887865928
2020-11-05,Happiness Zone,151157.4711222616,190839.85702734225,51.15747112226161,90.83985702734225,-20.793552522623838
2020-11-06,Happiness Zone,151157.4711222616,190796.31405325336,51.15747112226161,90.79631405325337,-20.775476259949187
2020-11-09,Happiness Zone,151157.4711222616,193193.82526995213,51.15747112226161,93.19382526995213,-21.758642694171304
2020-11-10,Happiness Zone,151157.4711222616,192910.47392788396,51.15747112226161,92.91047392788397,-21.64371998859479
2020-11-11,Happiness Zone,151157.4711222616,194343.52794693265,51.15747112226161,94.34352794693265,-22.221505023034993
2020-11-12,Happiness Zone,151157.4711222616,192458.17441519315,51.15747112226161,92.45817441519316,-21.459573446765045
2020-11-13,Happiness Zone,151157.4711222616,195122.68599683713,51.15747112226161,95.12268599683713,-22.532087773375665
2020-11-16,Happiness Zone,151157.4711222616,197558.37334611831,51.15747112226161,97.55837334611832,-23.487185806375955
2020-11-17,Happiness Zone,151157.4711222616,196495.73872784388,51.15747112226161,96.4957387278439,-23.07341008976178
2020-11-18,Happiness Zone,151157.4711222616,194131.01891274945,51.15747112226161,94.13101891274944,-22.136363385493762
2020-11-19,Happiness Zone,151157.4711222616,194948.37098470808,51.15747112226161,94.94837098470808,-22.462819074226314
2020-11-20,Happiness Zone,151157.4711222616,193613.36915998196,51.15747112226161,93.61336915998196,-21.928185136140687
2020-11-23,Happiness Zone,151157.4711222616,194773.94863574888,51.15747112226161,94.77394863574888,-22.393383621880268
2020-11-24,Happiness Zone,151157.4711222616,197912.477548713,51.15747112226161,97.91247754871301,-23.624082223387568
2020-11-25,Happiness Zone,151157.4711222616,197607.3726090721,51.15747112226161,97.6073726090721,-23.50615813242082
2020-11-27,Happiness Zone,151157.4711222616,198157.6885371421,51.15747112226161,98.15768853714208,-23.718593894513916
2020-11-30,Happiness Zone,151157.4711222616,197280.4067350283,51.15747112226161,97.2804067350283,-23.37937982595273
2020-12-01,Happiness Zone,151157.4711222616,199438.16325216283,51.15747112226161,99.43816325216284,-24.20835177310411
2020-12-02,Happiness Zone,151157.4711222616,199857.76081060772,51.15747112226161,99.85776081060773,-24.36747489355504
2020-12-03,Happiness Zone,151157.4711222616,199803.2873693174,51.15747112226161,99.8032873693174,-24.346854792803597
2020-12-04,Happiness Zone,151157.4711222616,201525.09535088408,51.15747112226161,101.52509535088407,-24.9932268439944
2020-12-07,Happiness Zone,151157.4711222616,201110.93619183236,51.15747112226161,101.11093619183235,-24.838761141225042
2020-12-08,Happiness Zone,151157.4711222616,201699.46403142822,51.15747112226161,101.69946403142819,-25.05807001117827
2020-12-09,Happiness Zone,151157.4711222616,199890.42698591025,51.15747112226161,99.89042698591024,-24.379834791730026
2020-12-10,Happiness Zone,151157.4711222616,199825.05885636184,51.15747112226161,99.82505885636184,-24.355097410021752
2020-12-11,Happiness Zone,151157.4711222616,199590.72466671912,51.15747112226161,99.59072466671913,-24.266284731082777
2020-12-14,Happiness Zone,151157.4711222616,198697.10977695405,51.15747112226161,98.69710977695405,-23.925682013219873
2020-12-15,Happiness Zone,151157.4711222616,201383.37495617077,51.15747112226161,101.38337495617078,-24.94044200264315
2020-12-16,Happiness Zone,151157.4711222616,201699.46403142822,51.15747112226161,101.69946403142819,-25.05807001117827
2020-12-17,Happiness Zone,151157.4711222616,202827.32366347755,51.15747112226161,102.82732366347753,-25.474798763772267
2020-12-18,Happiness Zone,151157.4711222616,202017.44939068457,51.15747112226161,102.01744939068456,-25.176032279302817
2020-12-21,Happiness Zone,151157.4711222616,201295.16197127666,51.15747112226161,101.29516197127666,-24.907548874010853
2020-12-22,Happiness Zone,151157.4711222616,200955.9239196548,51.15747112226161,100.95592391965482,-24.780783679362127
2020-12-23,Happiness Zone,151157.4711222616,201136.5002468747,51.15747112226161,101.1365002468747,-24.84831398740104
2020-12-24,Happiness Zone,151157.4711222616,201918.96784904148,51.15747112226161,101.91896784904148,-25.139538532472173
2020-12-28,Happiness Zone,151157.4711222616,203653.60258180855,51.15747112226161,103.65360258180854,-25.777168090340563
2020-12-29,Happiness Zone,151157.4711222616,203265.0790356859,51.15747112226161,103.26507903568589,-25.635297592989946
2020-12-30,Happiness Zone,151157.4711222616,203555.08526122206,51.15747112226161,103.55508526122206,-25.741245457817296
2020-12-31,Happiness Zone,151157.4711222616,204589.32928792745,51.15747112226161,104.58932928792746,-26.116639783528917
2021-01-04,Happiness Zone,151157.4711222616,201804.04588291698,51.15747112226161,101.80404588291698,-25.09690751692838
2021-01-05,Happiness Zone,151157.4711222616,203193.93260678224,51.15747112226161,103.19393260678224,-25.609259497536662
2021-01-06,Happiness Zone,151157.4711222616,204408.73507123586,51.15747112226161,104.40873507123585,-26.051364160350754
2021-01-07,Happiness Zone,151157.4711222616,207445.7591218416,51.15747112226161,107.44575912184162,-27.133978654400703
2021-01-08,Happiness Zone,151157.4711222616,208627.73440574753,51.15747112226161,108.62773440574753,-27.546799301245095
2021-01-11,Happiness Zone,151157.4711222616,207221.40725740086,51.15747112226161,107.22140725740088,-27.055088987741126
2021-01-12,Happiness Zone,151157.4711222616,207265.18279462168,51.15747112226161,107.2651827946217,-27.070495350855428
2021-01-13,Happiness Zone,151157.4711222616,207823.3343112911,51.15747112226161,107.82333431129109,-27.26636225754695
2021-01-14,Happiness Zone,151157.4711222616,207095.5727135466,51.15747112226161,107.09557271354662,-27.010766506659344
2021-01-15,Happiness Zone,151157.4711222616,205585.23617680522,51.15747112226161,105.58523617680522,-26.47454946995086
2021-01-19,Happiness Zone,151157.4711222616,207199.52843352628,51.15747112226161,107.19952843352627,-27.047386514320227
2021-01-20,Happiness Zone,151157.4711222616,210066.8708451702,51.15747112226161,110.0668708451702,-28.043165248235535
2021-01-21,Happiness Zone,151157.4711222616,210258.37763959152,51.15747112226161,110.25837763959152,-28.108704718836975
2021-01-22,Happiness Zone,151157.4711222616,209514.17561736566,51.15747112226161,109.51417561736565,-27.853344206017127
2021-01-25,Happiness Zone,151157.4711222616,210340.41875675326,51.15747112226161,110.34041875675325,-28.13674517921987
2021-01-26,Happiness Zone,151157.4711222616,210012.12906180453,51.15747112226161,110.01212906180453,-28.02440897221825
2021-01-27,Happiness Zone,151157.4711222616,204879.31762399193,51.15747112226161,104.87931762399194,-26.22121506687376
2021-01-28,Happiness Zone,151157.4711222616,206641.37691685688,51.15747112226161,106.64137691685687,-26.850336860134018
2021-01-29,Happiness Zone,151157.4711222616,202504.4902573937,51.15747112226161,102.50449025739373,-25.355990412789065
2021-02-01,Happiness Zone,151157.4711222616,205875.24240234136,51.15747112226161,105.87524240234134,-26.578121119170305
2021-02-02,Happiness Zone,151157.4711222616,208786.43190909285,51.15747112226161,108.78643190909285,-27.60187061002284
2021-02-03,Happiness Zone,151157.4711222616,208950.58570130306,51.15747112226161,108.95058570130307,-27.658747346924063
2021-02-04,Happiness Zone,151157.4711222616,211325.44884684464,51.15747112226161,111.32544884684465,-28.471714151279993
2021-02-05,Happiness Zone,151157.4711222616,212157.1840540405,51.15747112226161,112.15718405404051,-28.752131681876534
2021-02-08,Happiness Zone,151157.4711222616,213689.39941465648,51.15747112226161,113.68939941465648,-29.26299969192854
2021-02-09,Happiness Zone,151157.4711222616,213547.07077790576,51.15747112226161,113.54707077790573,-29.215853642184065
2021-02-10,Happiness Zone,151157.4711222616,213454.06341459922,51.15747112226161,113.4540634145992,-29.185011189661346
2021-02-11,Happiness Zone,151157.4711222616,213798.81142350103,51.15747112226161,113.79881142350104,-29.29919950637939
2021-02-12,Happiness Zone,151157.4711222616,214854.934274081,51.15747112226161,114.854934274081,-29.646730416981416
2021-02-16,Happiness Zone,151157.4711222616,214668.83010010948,51.15747112226161,114.66883010010949,-29.585738622710032
2021-02-17,Happiness Zone,151157.4711222616,214718.13348408192,51.15747112226161,114.71813348408193,-29.60190708184056
2021-02-18,Happiness Zone,151157.4711222616,213804.30349130929,51.15747112226161,113.8043034913093,-29.301015623193084
2021-02-19,Happiness Zone,151157.4711222616,213426.71041238809,51.15747112226161,113.4267104123881,-29.175935462720858
2021-02-22,Happiness Zone,151157.4711222616,211785.08304292755,51.15747112226161,111.78508304292754,-28.62695098708964
2021-02-23,Happiness Zone,151157.4711222616,212042.31575633108,51.15747112226161,112.0423157563311,-28.713535039881112
2021-02-24,Happiness Zone,151157.4711222616,214378.8596535167,51.15747112226161,114.37885965351668,-29.490495766902924
2021-02-25,Happiness Zone,151157.4711222616,209213.25681409976,51.15747112226161,109.21325681409976,-27.74957312739732
2021-02-26,Happiness Zone,151157.4711222616,208135.21936070183,51.15747112226161,108.13521936070183,-27.37535166486976
2021-03-01,Happiness Zone,151157.4711222616,213180.4618346011,51.15747112226161,113.1804618346011,-29.09412531457074
2021-03-02,Happiness Zone,151157.4711222616,211516.9377517943,51.15747112226161,111.5169377517943,-28.536469594866134
2021-03-03,Happiness Zone,151157.4711222616,208715.2854801892,51.15747112226161,108.71528548018921,-27.57719168747267
2021-03-04,Happiness Zone,151157.4711222616,206132.45722627317,51.15747112226161,106.13245722627317,-26.66973791694779
2021-03-05,Happiness Zone,151157.4711222616,209924.59587683456,51.15747112226161,109.92459587683454,-27.994396992457414
2021-03-08,Happiness Zone,151157.4711222616,208879.43927239938,51.15747112226161,108.87943927239938,-27.63410719178666
2021-03-09,Happiness Zone,151157.4711222616,211861.7036501678,51.15747112226161,111.86170365016781,-28.652763327223497
2021-03-10,Happiness Zone,151157.4711222616,213180.4618346011,51.15747112226161,113.1804618346011,-29.09412531457074
2021-03-11,Happiness Zone,151157.4711222616,215341.95725131844,51.15747112226161,115.34195725131843,-29.80584320321249
2021-03-12,Happiness Zone,151157.4711222616,215631.96347685458,51.15747112226161,115.63196347685457,-29.900248235467885
2021-03-15,Happiness Zone,151157.4711222616,216917.8587017968,51.15747112226161,116.9178587017968,-30.315801554143995
2021-03-16,Happiness Zone,151157.4711222616,216644.27501127034,51.15747112226161,116.64427501127035,-30.22780264357411
2021-03-17,Happiness Zone,151157.4711222616,217383.03863410305,51.15747112226161,117.38303863410304,-30.464919401237957
2021-03-18,Happiness Zone,151157.4711222616,214220.19792911474,51.15747112226161,114.22019792911473,-29.43827305570903
2021-03-19,Happiness Zone,151157.4711222616,213823.80301544932,51.15747112226161,113.8238030154493,-29.30746297158503
2021-03-22,Happiness Zone,151157.4711222616,215531.15630389203,51.15747112226161,115.53115630389202,-29.86746152415458
2021-03-23,Happiness Zone,151157.4711222616,213834.76926159416,51.15747112226161,113.83476926159415,-29.311088349087168
2021-03-24,Happiness Zone,151157.4711222616,212747.7334039371,51.15747112226161,112.7477334039371,-28.949902918465465
2021-03-25,Happiness Zone,151157.4711222616,213944.59272828753,51.15747112226161,113.94459272828752,-29.347374853154808
2021-03-26,Happiness Zone,151157.4711222616,217392.3232699092,51.15747112226161,117.39232326990918,-30.46788918365436
2021-03-29,Happiness Zone,151157.4711222616,217282.4819137441,51.15747112226161,117.28248191374408,-30.43273908189825
2021-03-30,Happiness Zone,151157.4711222616,216706.02946753774,51.15747112226161,116.70602946753772,-30.24768554263748
2021-03-31,Happiness Zone,151157.4711222616,217584.40252742454,51.15747112226161,117.58440252742454,-30.529270771966488
2021-04-01,Happiness Zone,151157.4711222616,219934.148854716,51.15747112226161,119.934148854716,-31.271486529309676
2021-04-05,Happiness Zone,151157.4711222616,223090.8534709153,51.15747112226161,123.09085347091528,-32.24398545681827
2021-04-06,Happiness Zone,151157.4711222616,222959.13329087564,51.15747112226161,122.95913329087567,-32.203956442071636
2021-04-07,Happiness Zone,151157.4711222616,223217.11736209004,51.15747112226161,123.21711736209005,-32.28231198906551
2021-04-08,Happiness Zone,151157.4711222616,224276.63921229076,51.15747112226161,124.27663921229075,-32.60222212480082
2021-04-09,Happiness Zone,151157.4711222616,225907.26455666308,51.15747112226161,125.90726455666311,-33.08870725387957
2021-04-12,Happiness Zone,151157.4711222616,225989.57401590014,51.15747112226161,125.98957401590015,-33.11307754771621
2021-04-13,Happiness Zone,151157.4711222616,226659.35583590344,51.15747112226161,126.65935583590344,-33.31072941383615
2021-04-14,Happiness Zone,151157.4711222616,225885.2962854301,51.15747112226161,125.88529628543009,-33.082199856312
2021-04-15,Happiness Zone,151157.4711222616,228311.86000415034,51.15747112226161,128.31186000415036,-33.79342136693477
2021-04-16,Happiness Zone,151157.4711222616,229074.95330847887,51.15747112226161,129.07495330847888,-34.01396838059871
2021-04-19,Happiness Zone,151157.4711222616,227949.49086563574,51.15747112226161,127.94949086563574,-33.688173398307356
2021-04-20,Happiness Zone,151157.4711222616,226280.54627290746,51.15747112226161,126.28054627290749,-33.19908688042633
2021-04-21,Happiness Zone,151157.4711222616,228421.62980242865,51.15747112226161,128.42162980242864,-33.825237455400355
2021-04-22,Happiness Zone,151157.4711222616,226335.39539310324,51.15747112226161,126.33539539310323,-33.21527511871103
2021-04-23,Happiness Zone,151157.4711222616,228789.47311927984,51.15747112226161,128.78947311927985,-33.931631966539236
2021-04-26,Happiness Zone,151157.4711222616,229267.0862344093,51.15747112226161,129.26708623440933,-34.06926672077394
2021-04-27,Happiness Zone,151157.4711222616,229217.71129255008,51.15747112226161,129.21771129255006,-34.05506482466373
2021-04-28,Happiness Zone,151157.4711222616,229151.82436832273,51.15747112226161,129.15182436832274,-34.03610399396098
2021-04-29,Happiness Zone,151157.4711222616,230612.15983169584,51.15747112226161,130.61215983169583,-34.453815777720244
2021-04-30,Happiness Zone,151157.4711222616,229096.8858007685,51.15747112226161,129.09688580076852,-34.02028552508829
2021-05-03,Happiness Zone,151157.4711222616,229591.01089826613,51.15747112226161,129.59101089826612,-34.162286872267465
2021-05-04,Happiness Zone,151157.4711222616,228174.59408788738,51.15747112226161,128.17459408788739,-33.75359262651328
2021-05-05,Happiness Zone,151157.4711222616,228245.99096939468,51.15747112226161,128.24599096939465,-33.7743149484145
2021-05-06,Happiness Zone,151157.4711222616,230068.62401339563,51.15747112226161,130.06862401339566,-34.29896328955289
2021-05-07,Happiness Zone,151157.4711222616,231743.11434234722,51.15747112226161,131.7431143423472,-34.77369476490198
2021-05-10,Happiness Zone,151157.4711222616,229448.28869313828,51.15747112226161,129.4482886931383,-34.12133427396444
2021-05-11,Happiness Zone,151157.4711222616,227400.49875847064,51.15747112226161,127.40049875847066,-33.52808285490578
2021-05-12,Happiness Zone,151157.4711222616,222569.30381331977,51.15747112226161,122.56930381331976,-32.08521187223325
2021-05-13,Happiness Zone,151157.4711222616,225242.95691499638,51.15747112226161,125.24295691499638,-32.891366197387306
2021-05-14,Happiness Zone,151157.4711222616,228701.63581329116,51.15747112226161,128.70163581329118,-33.90625712635285
2021-05-17,Happiness Zone,151157.4711222616,228119.67340980485,51.15747112226161,128.11967340980485,-33.737643552244066
2021-05-18,Happiness Zone,151157.4711222616,226154.2823817327,51.15747112226161,126.15428238173267,-33.161791353073596
2021-05-19,Happiness Zone,151157.4711222616,225561.37162157326,51.15747112226161,125.56137162157324,-32.98610039672035
2021-05-20,Happiness Zone,151157.4711222616,227987.9174508218,51.15747112226161,127.98791745082183,-33.69935003030717
2021-05-21,Happiness Zone,151157.4711222616,227801.25870322797,51.15747112226161,127.80125870322796,-33.645023744498005
2021-05-24,Happiness Zone,151157.4711222616,230123.56258094983,51.15747112226161,130.12356258094982,-34.314648431931246
2021-05-25,Happiness Zone,151157.4711222616,229612.94339055577,51.15747112226161,129.61294339055578,-34.1685756516116
2021-05-26,Happiness Zone,151157.4711222616,230068.62401339563,51.15747112226161,130.06862401339566,-34.29896328955289
2021-05-27,Happiness Zone,151157.4711222616,230189.46739464888,51.15747112226161,130.1894673946489,-34.33345459585719
2021-05-28,Happiness Zone,151157.4711222616,230601.17569607933,51.15747112226161,130.60117569607934,-34.45069364196153
2021-06-01,Happiness Zone,151157.4711222616,230398.05863453238,51.15747112226161,130.3980586345324,-34.39290590463078
2021-06-02,Happiness Zone,151157.4711222616,230760.37410463192,51.15747112226161,130.76037410463192,-34.49591520694821
2021-06-03,Happiness Zone,151157.4711222616,229903.9156475631,51.15747112226161,129.90391564756308,-34.25189358062861
2021-06-04,Happiness Zone,151157.4711222616,232006.62626031326,51.15747112226161,132.00662626031328,-34.847778462731604
2021-06-07,Happiness Zone,151157.4711222616,231781.54092753332,51.15747112226161,131.7815409275333,-34.78450849995811
2021-06-08,Happiness Zone,151157.4711222616,231830.88009044915,51.15747112226161,131.83088009044917,-34.79838791825864
2021-06-09,Happiness Zone,151157.4711222616,231485.005044831,51.15747112226161,131.48500504483098,-34.700966443598624
2021-06-10,Happiness Zone,151157.4711222616,232561.09254581493,51.15747112226161,132.56109254581494,-35.00311274445732
2021-06-11,Happiness Zone,151157.4711222616,232945.39417661916,51.15747112226161,132.94539417661917,-35.11034134993284
2021-06-14,Happiness Zone,151157.4711222616,233466.97961315804,51.15747112226161,133.46697961315806,-35.25531046286664
2021-06-15,Happiness Zone,151157.4711222616,233038.7056609444,51.15747112226161,133.03870566094437,-35.136323945179505
2021-06-16,Happiness Zone,151157.4711222616,231737.60438506727,51.15747112226161,131.73760438506727,-34.7721438981088
2021-06-17,Happiness Zone,151157.4711222616,231660.71543575174,51.15747112226161,131.66071543575174,-34.75049455928004
2021-06-18,Happiness Zone,151157.4711222616,228535.5678476103,51.15747112226161,128.53556784761028,-33.85822935751741
2021-06-21,Happiness Zone,151157.4711222616,231807.23020887744,51.15747112226161,131.80723020887743,-34.79173579441148
2021-06-22,Happiness Zone,151157.4711222616,233046.5412495438,51.15747112226161,133.0465412495438,-35.13850481891351
2021-06-23,Happiness Zone,151157.4711222616,232765.6765440403,51.15747112226161,132.76567654404028,-35.06024025253486
2021-06-24,Happiness Zone,151157.4711222616,234142.61129040335,51.15747112226161,134.14261129040335,-35.44213490692499
2021-06-25,Happiness Zone,151157.4711222616,234974.29282918415,51.15747112226161,134.97429282918415,-35.67063473103147
2021-06-28,Happiness Zone,151157.4711222616,235447.98815001393,51.15747112226161,135.4479881500139,-35.80005830164378
2021-06-29,Happiness Zone,151157.4711222616,235574.7171674526,51.15747112226161,135.57471716745258,-35.83459509586719
2021-06-30,Happiness Zone,151157.4711222616,235772.98618217206,51.15747112226161,135.77298618217208,-35.88855382886466
2021-07-01,Happiness Zone,151157.4711222616,237078.38093125433,51.15747112226161,137.07838093125434,-36.24156258849567
2021-07-02,Happiness Zone,151157.4711222616,238890.47707643095,51.15747112226161,138.89047707643095,-36.725200195443506
2021-07-06,Happiness Zone,151157.4711222616,238455.33356708908,51.15747112226161,138.4553335670891,-36.609733629743424
2021-07-07,Happiness Zone,151157.4711222616,239298.07079937315,51.15747112226161,139.29807079937314,-36.8329754530317
2021-07-08,Happiness Zone,151157.4711222616,237348.26150114133,51.15747112226161,137.34826150114134,-36.31406012150852
2021-07-09,Happiness Zone,151157.4711222616,239881.893707915,51.15747112226161,139.88189370791503,-36.98671092437099
2021-07-12,Happiness Zone,151157.4711222616,240741.1071436238,51.15747112226161,140.7411071436238,-37.21160755812155
2021-07-13,Happiness Zone,151157.4711222616,239920.42762993122,51.15747112226161,139.9204276299312,-36.99683156808279
2021-07-14,Happiness Zone,151157.4711222616,240278.4496268256,51.15747112226161,140.2784496268256,-37.0907081525526
2021-07-15,Happiness Zone,151157.4711222616,239457.82378154807,51.15747112226161,139.4578237815481,-36.875116989220146
2021-07-16,Happiness Zone,151157.4711222616,237579.57237006875,51.15747112226161,137.57957237006875,-36.376065663251
2021-07-19,Happiness Zone,151157.4711222616,234070.98184576412,51.15747112226161,134.07098184576412,-35.42237917305637
2021-07-20,Happiness Zone,151157.4711222616,237425.36512411715,51.15747112226161,137.42536512411715,-36.334742059576456
2021-07-21,Happiness Zone,151157.4711222616,239347.64252542093,51.15747112226161,139.34764252542092,-36.846058090500186
2021-07-22,Happiness Zone,151157.4711222616,239848.83396423535,51.15747112226161,139.84883396423538,-36.978025440473395
2021-07-23,Happiness Zone,151157.4711222616,242316.3824625931,51.15747112226161,142.31638246259308,-37.619788812423316
2021-07-26,Happiness Zone,151157.4711222616,242911.24317516654,51.15747112226161,142.91124317516653,-37.7725505223898
2021-07-27,Happiness Zone,151157.4711222616,241804.1711092188,51.15747112226161,141.8041711092188,-37.48764943596181
2021-07-28,Happiness Zone,151157.4711222616,241705.02765712322,51.15747112226161,141.70502765712322,-37.46200789141637
2021-07-29,Happiness Zone,151157.4711222616,242707.46420316712,51.15747112226161,142.70746420316712,-37.72030389814063
2021-07-30,Happiness Zone,151157.4711222616,241528.76269258015,51.15747112226161,141.52876269258013,-37.416368370728534
2021-08-02,Happiness Zone,151157.4711222616,241022.04340701408,51.15747112226161,141.0220434070141,-37.28479396093996
2021-08-03,Happiness Zone,151157.4711222616,242982.87261980577,51.15747112226161,142.9828726198058,-37.7908946863193
2021-08-04,Happiness Zone,151157.4711222616,241787.65912685066,51.15747112226161,141.78765912685068,-37.4833803891708
2021-08-05,Happiness Zone,151157.4711222616,243318.8547875804,51.15747112226161,143.31885478758042,-37.87679493468623
2021-08-06,Happiness Zone,151157.4711222616,243720.92066377093,51.15747112226161,143.72092066377093,-37.97927945184759
2021-08-09,Happiness Zone,151157.4711222616,243522.66953852316,51.15747112226161,143.52266953852316,-37.92878855643876
2021-08-10,Happiness Zone,151157.4711222616,243825.55618367475,51.15747112226161,143.82555618367476,-38.0058950800079
2021-08-11,Happiness Zone,151157.4711222616,244431.45470027978,51.15747112226161,144.43145470027977,-38.15956653058016
2021-08-12,Happiness Zone,151157.4711222616,245164.01067643668,51.15747112226161,145.1640106764367,-38.34434723710052
2021-08-13,Happiness Zone,151157.4711222616,245610.15621086676,51.15747112226161,145.61015621086676,-38.45634339628591
2021-08-16,Happiness Zone,151157.4711222616,246188.50494107205,51.15747112226161,146.18850494107204,-38.60092242794081
2021-08-17,Happiness Zone,151157.4711222616,244574.6420316715,51.15747112226161,144.5746420316715,-38.19577129231278
2021-08-18,Happiness Zone,151157.4711222616,241897.78671456274,51.15747112226161,141.89778671456273,-37.51184201588992
2021-08-19,Happiness Zone,151157.4711222616,242272.32069382526,51.15747112226161,142.27232069382526,-37.608443800194244
2021-08-20,Happiness Zone,151157.4711222616,244200.0901629373,51.15747112226161,144.2000901629373,-38.10097653059628
2021-08-23,Happiness Zone,151157.4711222616,246348.2400337753,51.15747112226161,146.3482400337753,-38.64073431109664
2021-08-24,Happiness Zone,151157.4711222616,246739.2681059343,51.15747112226161,146.7392681059343,-38.73797540107636
2021-08-25,Happiness Zone,151157.4711222616,247256.98941658853,51.15747112226161,147.25698941658854,-38.866249452068914
2021-08-26,Happiness Zone,151157.4711222616,245797.4410899697,51.15747112226161,145.7974410899697,-38.50323646496664
2021-08-27,Happiness Zone,151157.4711222616,247995.10901844045,51.15747112226161,147.99510901844047,-39.04820473252889
2021-08-30,Happiness Zone,151157.4711222616,249085.63332307668,51.15747112226161,149.0856333230767,-39.315058397526
2021-08-31,Happiness Zone,151157.4711222616,248716.66296950917,51.15747112226161,148.71666296950917,-39.22503248574367
2021-09-01,Happiness Zone,151157.4711222616,248848.79460739763,51.15747112226161,148.84879460739762,-39.25730226632648
2021-09-02,Happiness Zone,151157.4711222616,249614.42821670588,51.15747112226161,149.61442821670587,-39.44361621955908
2021-09-03,Happiness Zone,151157.4711222616,249553.81868662653,51.15747112226161,149.55381868662653,-39.42890879499009
2021-09-07,Happiness Zone,151157.4711222616,248661.54550723807,51.15747112226161,148.66154550723806,-39.21156131563508
2021-09-08,Happiness Zone,151157.4711222616,248358.6051936714,51.15747112226161,148.3586051936714,-39.13741341702729
2021-09-09,Happiness Zone,151157.4711222616,247295.6127859632,51.15747112226161,147.29561278596321,-38.87579750430514
2021-09-10,Happiness Zone,151157.4711222616,245345.80348773138,51.15747112226161,145.3458034877314,-38.39003195755891
2021-09-13,Happiness Zone,151157.4711222616,245973.6702755694,51.15747112226161,145.9736702755694,-38.547296158602364
2021-09-14,Happiness Zone,151157.4711222616,244646.27147631074,51.15747112226161,144.64627147631072,-38.213866816728384
2021-09-15,Happiness Zone,151157.4711222616,246689.73215882987,51.15747112226161,146.68973215882986,-38.7256738253947
2021-09-16,Happiness Zone,151157.4711222616,246298.65041825583,51.15747112226161,146.29865041825582,-38.62838027509642
2021-09-17,Happiness Zone,151157.4711222616,243899.49337016177,51.15747112226161,143.8994933701618,-38.024688352733605
2021-09-20,Happiness Zone,151157.4711222616,239832.57243447084,51.15747112226161,139.83257243447085,-36.97375231900072
2021-09-21,Happiness Zone,151157.4711222616,239606.09172289923,51.15747112226161,139.6060917228992,-36.914178585629244
2021-09-22,Happiness Zone,151157.4711222616,241943.35119895238,51.15747112226161,141.94335119895237,-37.52361022809701
2021-09-23,Happiness Zone,151157.4711222616,244883.00285515966,51.15747112226161,144.88300285515967,-38.273596223554016
2021-09-24,Happiness Zone,151157.4711222616,245286.35677331174,51.15747112226161,145.28635677331172,-38.37510038849897
2021-09-27,Happiness Zone,151157.4711222616,244584.60646740178,51.15747112226161,144.58460646740176,-38.1982892114644
2021-09-28,Happiness Zone,151157.4711222616,239655.78867524883,51.15747112226161,139.65578867524883,-36.927260569077646
2021-09-29,Happiness Zone,151157.4711222616,240059.1425934009,51.15747112226161,140.05914259340088,-37.033237105956054
2021-09-30,Happiness Zone,151157.4711222616,237125.05456288863,51.15747112226161,137.12505456288864,-36.25411224431677
2021-10-01,Happiness Zone,151157.4711222616,239943.09359056008,51.15747112226161,139.94309359056007,-37.00278309314567
2021-10-04,Happiness Zone,151157.4711222616,236848.76956213728,51.15747112226161,136.8487695621373,-36.179752421046274
2021-10-05,Happiness Zone,151157.4711222616,239313.24107136467,51.15747112226161,139.31324107136467,-36.83697966499667
2021-10-06,Happiness Zone,151157.4711222616,240307.77047092243,51.15747112226161,140.30777047092243,-37.098383949031785
2021-10-07,Happiness Zone,151157.4711222616,242385.45371278093,51.15747112226161,142.38545371278093,-37.63756495825925
2021-10-08,Happiness Zone,151157.4711222616,241943.35119895238,51.15747112226161,141.94335119895237,-37.52361022809701
2021-10-11,Happiness Zone,151157.4711222616,240191.79302596833,51.15747112226161,140.1917930259683,-37.06801168434626
2021-10-12,Happiness Zone,151157.4711222616,239600.5638761476,51.15747112226161,139.6005638761476,-36.912723126813376
2021-10-13,Happiness Zone,151157.4711222616,240462.55017996806,51.15747112226161,140.46255017996808,-37.13887214074223
2021-10-14,Happiness Zone,151157.4711222616,244507.23450235065,51.15747112226161,144.50723450235063,-38.17873265389683
2021-10-15,Happiness Zone,151157.4711222616,246369.36749983896,51.15747112226161,146.36936749983897,-38.645996190106544
2021-10-18,Happiness Zone,151157.4711222616,247098.7749289788,51.15747112226161,147.0987749289788,-38.82710621867416
2021-10-19,Happiness Zone,151157.4711222616,249005.05914259338,51.15747112226161,149.00505914259335,-39.29542169032763
2021-10-20,Happiness Zone,151157.4711222616,249983.14811766977,51.15747112226161,149.98314811766974,-39.53293561567992
2021-10-21,Happiness Zone,151157.4711222616,250635.12991334338,51.15747112226161,150.63512991334335,-39.69022970781311
2021-10-22,Happiness Zone,151157.4711222616,250375.41056337522,51.15747112226161,150.37541056337523,-39.62766919397601
2021-10-25,Happiness Zone,151157.4711222616,251718.176418814,51.15747112226161,151.71817641881398,-39.94971945499771
2021-10-26,Happiness Zone,151157.4711222616,251944.72868827236,51.15747112226161,151.94472868827233,-40.003717518024914
2021-10-27,Happiness Zone,151157.4711222616,250828.4793233486,51.15747112226161,150.82847932334863,-39.73671907989319
2021-10-28,Happiness Zone,151157.4711222616,253248.76383750633,51.15747112226161,153.24876383750632,-40.312651942794965
2021-10-29,Happiness Zone,151157.4711222616,253762.62102227594,51.15747112226161,153.76262102227597,-40.43351597121445
2021-11-01,Happiness Zone,151157.4711222616,254199.10624199445,51.15747112226161,154.19910624199446,-40.535797565565964
2021-11-02,Happiness Zone,151157.4711222616,255226.9279483638,51.15747112226161,155.2269279483638,-40.77526523657292
2021-11-03,Happiness Zone,151157.4711222616,256785.11882187094,51.15747112226161,156.78511882187095,-41.13464525679235
2021-11-04,Happiness Zone,151157.4711222616,257995.2163552706,51.15747112226161,157.9952163552706,-41.41074657984696
2021-11-05,Happiness Zone,151157.4711222616,258890.38762907253,51.15747112226161,158.89038762907256,-41.61333199483877
2021-11-08,Happiness Zone,151157.4711222616,259111.37627283589,51.15747112226161,159.11137627283586,-41.663128305452055
2021-11-09,Happiness Zone,151157.4711222616,258254.93570523872,51.15747112226161,158.25493570523875,-41.46966805901191
2021-11-10,Happiness Zone,151157.4711222616,256177.25246338022,51.15747112226161,156.1772524633802,-40.9949674810143
2021-11-11,Happiness Zone,151157.4711222616,256260.17016465467,51.15747112226161,156.26017016465465,-41.014059646827484
2021-11-12,Happiness Zone,151157.4711222616,258194.1293909708,51.15747112226161,158.19412939097083,-41.45588380386016
2021-11-15,Happiness Zone,151157.4711222616,258282.5212705818,51.15747112226161,158.2825212705818,-41.475919323280074
2021-11-16,Happiness Zone,151157.4711222616,259304.77935125618,51.15747112226161,159.30477935125617,-41.706638998156464
2021-11-17,Happiness Zone,151157.4711222616,258674.8731636457,51.15747112226161,158.6748731636457,-41.56468725640982
2021-11-18,Happiness Zone,151157.4711222616,259553.44300772107,51.15747112226161,159.55344300772106,-41.76248661137388
2021-11-19,Happiness Zone,151157.4711222616,259089.30066477275,51.15747112226161,159.08930066477276,-41.65815773386977
2021-11-22,Happiness Zone,151157.4711222616,258359.9290145763,51.15747112226161,158.3599290145763,-41.49345384216547
2021-11-23,Happiness Zone,151157.4711222616,258702.49450793216,51.15747112226161,158.70249450793216,-41.570926322232694
2021-11-24,Happiness Zone,151157.4711222616,259393.18912033888,51.15747112226161,159.3931891203389,-41.72650730157146
2021-11-26,Happiness Zone,151157.4711222616,253607.89498164537,51.15747112226161,153.6078949816454,-40.397174491274626
2021-11-29,Happiness Zone,151157.4711222616,256718.83832926644,51.15747112226161,156.71883832926645,-41.119447210809014
2021-11-30,Happiness Zone,151157.4711222616,251723.7042655656,51.15747112226161,151.7237042655656,-39.951038157776274
2021-12-01,Happiness Zone,151157.4711222616,248927.7766249007,51.15747112226161,148.92777662490067,-39.27657524936048
2021-12-02,Happiness Zone,151157.4711222616,252740.38083107327,51.15747112226161,152.74038083107325,-40.19259185049171
2021-12-03,Happiness Zone,151157.4711222616,250541.21018698075,51.15747112226161,150.54121018698075,-39.66762154239949
2021-12-06,Happiness Zone,151157.4711222616,253508.4652980028,51.15747112226161,153.50846529800276,-40.37379740176571
2021-12-07,Happiness Zone,151157.4711222616,258752.24512869684,51.15747112226161,158.75224512869687,-41.582160553977154
2021-12-08,Happiness Zone,151157.4711222616,259437.35822593686,51.15747112226161,159.43735822593686,-41.73642834019967
2021-12-09,Happiness Zone,151157.4711222616,257685.8000529528,51.15747112226161,157.6858000529528,-41.34039551608987
2021-12-10,Happiness Zone,151157.4711222616,260111.52296650372,51.15747112226161,160.11152296650374,-41.88743758894251
2021-12-13,Happiness Zone,151157.4711222616,257807.34112360192,51.15747112226161,157.80734112360193,-41.368050085978204
2021-12-14,Happiness Zone,151157.4711222616,256033.6178951963,51.15747112226161,156.0336178951963,-40.96186572493939
2021-12-15,Happiness Zone,151157.4711222616,260034.20466986767,51.15747112226161,160.03420466986768,-41.870158460819795
2021-12-16,Happiness Zone,151157.4711222616,257741.04274152574,51.15747112226161,157.74104274152575,-41.35296826829048
2021-12-17,Happiness Zone,151157.4711222616,254997.94271075586,51.15747112226161,154.99794271075586,-40.722082101768365
2021-12-20,Happiness Zone,151157.4711222616,252286.45337645887,51.15747112226161,152.28645337645887,-40.08498312166361
2021-12-21,Happiness Zone,151157.4711222616,256766.7821133906,51.15747112226161,156.7667821133906,-41.13044145425748
2021-12-22,Happiness Zone,151157.4711222616,259334.1359742964,51.15747112226161,159.3341359742964,-41.71323780636291
2021-12-23,Happiness Zone,151157.4711222616,260947.766320565,51.15747112226161,160.947766320565,-42.07366736507334
2021-12-27,Happiness Zone,151157.4711222616,264640.68996114406,51.15747112226161,164.64068996114406,-42.88199930839988
2021-12-28,Happiness Zone,151157.4711222616,264424.42413790635,51.15747112226161,164.42442413790636,-42.83528398896017
2021-12-29,Happiness Zone,151157.4711222616,264762.696158057,51.15747112226161,164.762696158057,-42.90832004822002
2021-12-30,Happiness Zone,151157.4711222616,264030.74842393753,51.15747112226161,164.03074842393752,-42.75005012690508
2021-12-31,Happiness Zone,151157.4711222616,263365.33163502614,51.15747112226161,163.36533163502614,-42.60540285092007
2022-01-03,Happiness Zone,151157.4711222616,264890.23020172166,51.15747112226161,164.89023020172166,-42.935807407033934
2022-01-04,Happiness Zone,151157.4711222616,264801.4805326769,51.15747112226161,164.80148053267692,-42.916682029801365
2022-01-05,Happiness Zone,151157.4711222616,259716.72021581855,51.15747112226161,159.71672021581855,-41.799099035035844
2022-01-06,Happiness Zone,151157.4711222616,259472.76149040763,51.15747112226161,159.47276149040763,-41.74437800175427
2022-01-07,Happiness Zone,151157.4711222616,258446.92551539565,51.15747112226161,158.44692551539566,-41.513147884880844
2022-01-10,Happiness Zone,151157.4711222616,258125.3085933866,51.15747112226161,158.1253085933866,-41.440274901376185
2022-01-11,Happiness Zone,151157.4711222616,260476.37874158297,51.15747112226161,160.47637874158295,-41.96883730780671
2022-01-12,Happiness Zone,151157.4711222616,261180.59779458592,51.15747112226161,161.18059779458594,-42.12530624455329
2022-01-13,Happiness Zone,151157.4711222616,257581.91589085988,51.15747112226161,157.58191589085988,-41.31673778437591
2022-01-14,Happiness Zone,151157.4711222616,257687.28487910292,51.15747112226161,157.68728487910292,-41.34073352001868
2022-01-18,Happiness Zone,151157.4711222616,253123.77009882143,51.15747112226161,153.12377009882147,-40.283178042406455
2022-01-19,Happiness Zone,151157.4711222616,250495.3594710441,51.15747112226161,150.49535947104408,-39.65657829292658
2022-01-20,Happiness Zone,151157.4711222616,247722.8849277623,51.15747112226161,147.72288492776232,-38.9812244571832
2022-01-21,Happiness Zone,151157.4711222616,242859.936170365,51.15747112226161,142.859936170365,-37.75940424515907
2022-01-24,Happiness Zone,151157.4711222616,243891.29999212862,51.15747112226161,143.89129999212864,-38.022606330303674
2022-01-25,Happiness Zone,151157.4711222616,240913.63320858407,51.15747112226161,140.9136332085841,-37.256572362017884
2022-01-26,Happiness Zone,151157.4711222616,240309.23740760086,51.15747112226161,140.30923740760085,-37.09876792381658
2022-01-27,Happiness Zone,151157.4711222616,239122.59297158435,51.15747112226161,139.12259297158434,-36.78662093622241
2022-01-28,Happiness Zone,151157.4711222616,245061.2714405318,51.15747112226161,145.0612714405318,-38.31849878452031
2022-01-31,Happiness Zone,151157.4711222616,249475.0871217271,51.15747112226161,149.4750871217271,-39.40979323177592
2022-02-01,Happiness Zone,151157.4711222616,251160.79414942715,51.15747112226161,151.16079414942715,-39.81645438167748
2022-02-02,Happiness Zone,151157.4711222616,253600.57818772495,51.15747112226161,153.60057818772495,-40.39545485169636
2022-02-03,Happiness Zone,151157.4711222616,247639.7346633559,51.15747112226161,147.63973466335588,-38.96073611621871
2022-02-04,Happiness Zone,151157.4711222616,248804.16037553578,51.15747112226161,148.80416037553576,-39.24640532774447
2022-02-07,Happiness Zone,151157.4711222616,248005.7174751515,51.15747112226161,148.0057174751515,-39.050811948556564
2022-02-08,Happiness Zone,151157.4711222616,250046.2263948421,51.15747112226161,150.0462263948421,-39.548189428153016
2022-02-09,Happiness Zone,151157.4711222616,253705.94717596797,51.15747112226161,153.705947175968,-40.42020977244958
2022-02-10,Happiness Zone,151157.4711222616,249147.9602424381,51.15747112226161,149.1479602424381,-39.33023935850207
2022-02-11,Happiness Zone,151157.4711222616,244235.09985903095,51.15747112226161,144.23509985903092,-38.10984939940756
2022-02-14,Happiness Zone,151157.4711222616,243436.65695864666,51.15747112226161,143.43665695864667,-37.90685716328286
2022-02-15,Happiness Zone,151157.4711222616,247362.4836311334,51.15747112226161,147.3624836311334,-38.89232154231301
2022-02-16,Happiness Zone,151157.4711222616,247639.7346633559,51.15747112226161,147.63973466335588,-38.96073611621871
2022-02-17,Happiness Zone,151157.4711222616,242349.76421676314,51.15747112226161,142.34976421676313,-37.628381190805314
2022-02-18,Happiness Zone,151157.4711222616,240780.55342869612,51.15747112226161,140.78055342869612,-37.2218939736656
2022-02-22,Happiness Zone,151157.4711222616,238196.58024859207,51.15747112226161,138.19658024859208,-36.54087268402122
2022-02-23,Happiness Zone,151157.4711222616,233971.3017095179,51.15747112226161,133.9713017095179,-35.39486679869485
2022-02-24,Happiness Zone,151157.4711222616,237492.39697453252,51.15747112226161,137.49239697453254,-36.35271147712953
2022-02-25,Happiness Zone,151157.4711222616,242732.366347757,51.15747112226161,142.73236634775702,-37.726693231465546
2022-02-28,Happiness Zone,151157.4711222616,242111.35122757553,51.15747112226161,142.1113512275755,-37.566962327107376
2022-03-01,Happiness Zone,151157.4711222616,238423.9375442764,51.15747112226161,138.42393754427638,-36.60138630409501
2022-03-02,Happiness Zone,151157.4711222616,242810.00665488344,51.15747112226161,142.81000665488347,-37.746605584872626
2022-03-03,Happiness Zone,151157.4711222616,241601.19716344535,51.15747112226161,141.60119716344533,-37.435131573457305
2022-03-04,Happiness Zone,151157.4711222616,239638.29277193785,51.15747112226161,139.63829277193787,-36.92265565165032
2022-03-07,Happiness Zone,151157.4711222616,232573.937186487,51.15747112226161,132.573937186487,-35.00670240575686
2022-03-08,Happiness Zone,151157.4711222616,230810.66140954723,51.15747112226161,130.81066140954724,-34.51018674824129
2022-03-09,Happiness Zone,151157.4711222616,236998.8622296006,51.15747112226161,136.9988622296006,-36.22017013068074
2022-03-10,Happiness Zone,151157.4711222616,235928.67825427378,51.15747112226161,135.92867825427376,-35.93086171603497
2022-03-11,Happiness Zone,151157.4711222616,232928.82852583597,51.15747112226161,132.92882852583597,-35.105726466359
2022-03-14,Happiness Zone,151157.4711222616,231226.50217893763,51.15747112226161,131.22650217893766,-34.62796448597124
2022-03-15,Happiness Zone,151157.4711222616,236311.28038526763,51.15747112226161,136.3112803852676,-36.03459349218387
2022-03-16,Happiness Zone,151157.4711222616,241551.33920585056,51.15747112226161,141.55133920585055,-37.42221772844534
2022-03-17,Happiness Zone,151157.4711222616,244573.33610023826,51.15747112226161,144.5733361002383,-38.19544128052055
2022-03-18,Happiness Zone,151157.4711222616,247252.14136976106,51.15747112226161,147.25214136976103,-38.8650507595773
2022-03-21,Happiness Zone,151157.4711222616,247179.7963462543,51.15747112226161,147.1797963462543,-38.847157673632324
2022-03-22,Happiness Zone,151157.4711222616,250072.1303498465,51.15747112226161,150.0721303498465,-39.5544513853683
2022-03-23,Happiness Zone,151157.4711222616,246851.61398813568,51.15747112226161,146.85161398813568,-38.76585666985891
2022-03-24,Happiness Zone,151157.4711222616,250572.7493255669,51.15747112226161,150.5727493255669,-39.67521546971412
2022-03-25,Happiness Zone,151157.4711222616,251796.42496797783,51.15747112226161,151.79642496797783,-39.968380749851775
2022-03-28,Happiness Zone,151157.4711222616,253587.48309444924,51.15747112226161,153.58748309444925,-40.39237691161489
2022-03-29,Happiness Zone,151157.4711222616,256724.59873915,51.15747112226161,156.72459873915,-41.12076837800491
2022-03-30,Happiness Zone,151157.4711222616,255139.32320550707,51.15747112226161,155.13932320550708,-40.75492980730815
2022-03-31,Happiness Zone,151157.4711222616,251212.3873857757,51.15747112226161,151.2123873857757,-39.82881469529773
2022-04-01,Happiness Zone,151157.4711222616,251924.3704694913,51.15747112226161,151.9243704694913,-39.998869168329556
2022-04-04,Hawkish Policy,151157.4711222616,254082.48477605957,51.15747112226161,154.08248477605957,-40.508504057063554
2022-04-05,Hawkish Policy,151157.4711222616,250873.0777762671,51.15747112226161,150.8730777762671,-39.74743226251387
2022-04-06,Hawkish Policy,151157.4711222616,248364.52660880017,51.15747112226161,148.36452660880016,-39.138864480292604
2022-04-07,Hawkish Policy,151157.4711222616,249616.0382691578,51.15747112226161,149.61603826915783,-39.44400681527105
2022-04-08,Hawkish Policy,151157.4711222616,248948.58208047398,51.15747112226161,148.94858208047398,-39.2816501066075
2022-04-11,Hawkish Policy,151157.4711222616,244693.4996815674,51.15747112226161,144.6934996815674,-38.22579213629671
2022-04-12,Hawkish Policy,151157.4711222616,243786.86125641337,51.15747112226161,143.78686125641335,-37.99605510188869
2022-04-13,Hawkish Policy,151157.4711222616,246579.08577643882,51.15747112226161,146.5790857764388,-38.69817845812411
2022-04-14,Hawkish Policy,151157.4711222616,243508.67997166305,51.15747112226161,143.50867997166304,-37.92522256707576
2022-04-18,Hawkish Policy,151157.4711222616,243608.87890258824,51.15747112226161,143.60887890258823,-37.95075458530194
2022-04-19,Hawkish Policy,151157.4711222616,247541.34256907122,51.15747112226161,147.54134256907122,-38.93647438706758
2022-04-20,Hawkish Policy,151157.4711222616,247357.76081060772,51.15747112226161,147.35776081060772,-38.891154808764206
2022-04-21,Hawkish Policy,151157.4711222616,243658.9336443716,51.15747112226161,143.65893364437161,-37.96350133302274
2022-04-22,Hawkish Policy,151157.4711222616,236973.10139036973,51.15747112226161,136.97310139036972,-36.2132367617296
2022-04-25,Hawkish Policy,151157.4711222616,238346.95914760244,51.15747112226161,138.34695914760243,-36.580910592338
2022-04-26,Hawkish Policy,151157.4711222616,231444.27071779713,51.15747112226161,131.44427071779714,-34.68947377549484
2022-04-27,Hawkish Policy,151157.4711222616,232095.00025045258,51.15747112226161,132.09500025045259,-34.87258624306929
2022-04-28,Hawkish Policy,151157.4711222616,237957.63057525383,51.15747112226161,137.95763057525386,-36.477148996296535
2022-04-29,Hawkish Policy,151157.4711222616,229163.72086699534,51.15747112226161,129.16372086699533,-34.039528355366464
2022-05-02,Hawkish Policy,151157.4711222616,230543.16013939475,51.15747112226161,130.54316013939476,-34.43419833801779
2022-05-03,Hawkish Policy,151157.4711222616,231599.98067937055,51.15747112226161,131.59998067937053,-34.73338353532698
2022-05-04,Hawkish Policy,151157.4711222616,238652.9048924127,51.15747112226161,138.65290489241272,-36.662211930583865
2022-05-05,Hawkish Policy,151157.4711222616,230170.48666518778,51.15747112226161,130.17048666518778,-34.328039483993734
2022-05-06,Hawkish Policy,151157.4711222616,228796.57523954002,51.15747112226161,128.79657523954,-33.93368280796759
2022-05-09,Hawkish Policy,151157.4711222616,221471.17648321608,51.15747112226161,121.4711764832161,-31.74846789432354
2022-05-10,Hawkish Policy,151157.4711222616,221982.9405997982,51.15747112226161,121.98294059979821,-31.905816404704833
2022-05-11,Hawkish Policy,151157.4711222616,218456.46060380543,51.15747112226161,118.45646060380544,-30.806591526536664
2022-05-12,Hawkish Policy,151157.4711222616,218228.40561872526,51.15747112226161,118.22840561872528,-30.734282416765534
2022-05-13,Hawkish Policy,151157.4711222616,223445.76269973593,51.15747112226161,123.44576269973592,-32.351605465266566
2022-05-16,Hawkish Policy,151157.4711222616,222539.1063851102,51.15747112226161,122.53910638511023,-32.075996179889685
2022-05-17,Hawkish Policy,151157.4711222616,227116.8432953838,51.15747112226161,127.1168432953838,-33.445063373979224
2022-05-18,Hawkish Policy,151157.4711222616,217961.4231432517,51.15747112226161,117.96142314325171,-30.649438353632085
2022-05-19,Hawkish Policy,151157.4711222616,216626.47498694068,51.15747112226161,116.62647498694069,-30.222069517876736
2022-05-20,Hawkish Policy,151157.4711222616,216721.07451322745,51.15747112226161,116.72107451322744,-30.252527834788033
2022-05-23,Hawkish Policy,151157.4711222616,220775.9021660572,51.15747112226161,120.77590216605722,-31.53352805299915
2022-05-24,Hawkish Policy,151157.4711222616,219090.5708172626,51.15747112226161,119.09057081726262,-31.006856863622
2022-05-25,Hawkish Policy,151157.4711222616,221026.17587497405,51.15747112226161,121.02617587497404,-31.611054426528405
2022-05-26,Hawkish Policy,151157.4711222616,225442.62130850749,51.15747112226161,125.4426213085075,-32.950801297058284
2022-05-27,Hawkish Policy,151157.4711222616,230977.0156067751,51.15747112226161,130.9770156067751,-34.557353801991106
2022-05-31,Hawkish Policy,151157.4711222616,229681.01283032907,51.15747112226161,129.68101283032908,-34.18808578925708
2022-06-01,Hawkish Policy,151157.4711222616,227823.26275340436,51.15747112226161,127.82326275340435,-33.65143256425298
2022-06-02,Hawkish Policy,151157.4711222616,232161.78164826435,51.15747112226161,132.16178164826437,-34.89132016083851
2022-06-03,Hawkish Policy,151157.4711222616,228351.6819681281,51.15747112226161,128.3516819681281,-33.80496704930809
2022-06-06,Hawkish Policy,151157.4711222616,229046.9205063436,51.15747112226161,129.04692050634358,-34.00589242234532
2022-06-07,Hawkish Policy,151157.4711222616,231244.0159717203,51.15747112226161,131.2440159717203,-34.6329155861282
2022-06-08,Hawkish Policy,151157.4711222616,228729.8832890867,51.15747112226161,128.72988328908667,-33.91441951149995
2022-06-09,Hawkish Policy,151157.4711222616,223290.03484869082,51.15747112226161,123.29003484869081,-32.30442584475782
2022-06-10,Hawkish Policy,151157.4711222616,216815.56670268413,51.15747112226161,116.81556670268414,-30.28292505881668
2022-06-13,Hawkish Policy,151157.4711222616,208583.51163173447,51.15747112226161,108.58351163173445,-27.53143815646447
2022-06-14,Hawkish Policy,151157.4711222616,207955.01871238736,51.15747112226161,107.95501871238736,-27.312419744329297
2022-06-15,Hawkish Policy,151157.4711222616,210919.6261815996,51.15747112226161,110.91962618159958,-28.334089217417535
2022-06-16,Hawkish Policy,151157.4711222616,203939.02910259253,51.15747112226161,103.93902910259251,-25.88104798409082
2022-06-17,Hawkish Policy,151157.4711222616,204378.6807587998,51.15747112226161,104.37868075879982,-26.040489858796924
2022-06-21,Hawkish Policy,151157.4711222616,209523.62125841697,51.15747112226161,109.52362125841697,-27.856596686141266
2022-06-22,Hawkish Policy,151157.4711222616,209143.720437648,51.15747112226161,109.14372043764801,-27.725551211409115
2022-06-23,Hawkish Policy,151157.4711222616,211193.9075615219,51.15747112226161,111.1939075615219,-28.42716304293549
2022-06-24,Hawkish Policy,151157.4711222616,217908.57764388502,51.15747112226161,117.90857764388502,-30.632619992917743
2022-06-27,Hawkish Policy,151157.4711222616,217076.21630518005,51.15747112226161,117.07621630518004,-30.366636338568544
2022-06-28,Hawkish Policy,151157.4711222616,212640.71858429874,51.15747112226161,112.64071858429875,-28.91414582840721
2022-06-29,Hawkish Policy,151157.4711222616,212467.56638782943,51.15747112226161,112.46756638782944,-28.856213824963262
2022-06-30,Hawkish Policy,151157.4711222616,210741.42915411422,51.15747112226161,110.74142915411423,-28.27349053815097
2022-07-01,Hawkish Policy,151104.56600736885,212970.36787909578,51.10456600736886,112.97036787909578,-29.049018644156366
2022-07-05,Hawkish Policy,151304.3780305489,213372.54109211644,51.30437803054888,113.37254109211644,-29.089105254069082
2022-07-06,Hawkish Policy,151662.414938594,214093.18268012907,51.662414938594004,114.09318268012908,-29.160558482056487
2022-07-07,Hawkish Policy,153255.49830778447,217299.6736960364,53.255498307784464,117.29967369603638,-29.472743469388885
2022-07-08,Hawkish Policy,153166.70678998862,217120.95787387204,53.16670678998862,117.12095787387207,-29.455586282479075
2022-07-11,Hawkish Policy,151934.40673314745,214640.63629272897,51.93440673314744,114.64063629272898,-29.214519041055286
2022-07-12,Hawkish Policy,150990.75465748133,212741.29319412936,50.99075465748133,112.74129319412936,-29.02611787750101
2022-07-13,Hawkish Policy,150435.6787946798,211624.05990826277,50.4356787946798,111.62405990826278,-28.913716682360036
2022-07-14,Hawkish Policy,150180.33429870813,211110.1132761347,50.18033429870812,111.1101132761347,-28.86161066937123
2022-07-15,Hawkish Policy,152184.19620423205,215143.40200505196,52.184196204232045,115.14340200505195,-29.263832966321466
2022-07-18,Hawkish Policy,151301.62273820487,213366.99535589313,51.30162273820487,113.36699535589312,-29.08855351042653
2022-07-19,Hawkish Policy,154165.83801020746,219131.9670547489,54.165838010207466,119.13196705474891,-29.647034121822134
2022-07-20,Hawkish Policy,154859.68283870936,220528.50866208217,54.85968283870935,120.52850866208216,-29.77793040082529
2022-07-21,Hawkish Policy,155975.416253319,222774.2098220355,55.97541625331901,122.7742098220355,-29.984976098480665
2022-07-22,Hawkish Policy,154948.50102062468,220707.27815266157,54.948501020624676,120.70727815266156,-29.794566668776568
2022-07-25,Hawkish Policy,155081.72384947777,220975.42344379483,55.08172384947776,120.97542344379484,-29.81946977061779
2022-07-26,Hawkish Policy,153782.85237438924,218361.10971970775,53.78285237438924,118.36110971970774,-29.57406537648225
2022-07-27,Hawkish Policy,156599.88993103046,224031.12410284296,56.59988993103045,124.03112410284298,-30.099047372032896
2022-07-28,Hawkish Policy,157995.91656938486,226840.98764195293,57.99591656938485,126.84098764195295,-30.349484803528327
2022-07-29,Hawkish Policy,159638.98627451964,230148.08904663427,59.638986274519645,130.14808904663425,-30.6364059176818
2022-08-01,Hawkish Policy,159300.37862151975,229466.55384373188,59.300378621519755,129.4665538437319,-30.577953103351053
2022-08-02,Hawkish Policy,158548.23713984236,227952.67519159624,58.548237139842364,127.95267519159626,-30.44686270666437
2022-08-03,Hawkish Policy,160321.74771736676,231522.32248277243,60.32174771736676,131.52232248277244,-30.753222411503632
2022-08-04,Hawkish Policy,160244.02180914604,231365.8790528598,60.244021809146034,131.36587905285978,-30.739993958860566
2022-08-05,Hawkish Policy,160049.73814673367,230974.83309122914,60.04973814673367,130.97483309122913,-30.706849744310404
2022-08-08,Hawkish Policy,159916.53309396023,230706.72357903924,59.91653309396023,130.70672357903925,-30.684060432606575
2022-08-09,Hawkish Policy,159461.33213460937,229790.51428653207,59.46133213460938,129.79051428653204,-30.605781257022347
2022-08-10,Hawkish Policy,161859.31638984522,234617.07585851572,61.85931638984521,134.61707585851573,-31.011280488614812
2022-08-11,Hawkish Policy,161859.31638984522,234617.07585851572,61.85931638984521,134.61707585851573,-31.011280488614812
2022-08-12,Hawkish Policy,163832.63899054966,238588.8963627126,63.832638990549675,138.5888963627126,-31.332664055964877
2022-08-15,Hawkish Policy,164321.11677098437,239572.0838372201,64.32111677098437,139.57208383722008,-31.41057416245785
2022-08-16,Hawkish Policy,164554.2500554474,240041.32467959955,64.5542500554474,140.04132467959954,-31.447532929969533
2022-08-17,Hawkish Policy,163707.73536696756,238337.49561707943,63.70773536696757,138.33749561707944,-31.312639271000144
2022-08-18,Hawkish Policy,164051.9069328944,239030.22962925857,64.0519069328944,139.03022962925857,-31.36771562854509
2022-08-19,Hawkish Policy,162456.03271920065,235818.12131924118,62.456032719200664,135.8181213192412,-31.10960607676365
2022-08-22,Hawkish Policy,160016.43466153037,230907.80124081374,60.01643466153037,130.90780124081377,-30.701156997875
2022-08-23,Hawkish Policy,159738.8967301296,230349.18459788043,59.738896730129596,130.34918459788045,-30.653587070870213
2022-08-24,Hawkish Policy,160105.2706195253,231086.6065103365,60.10527061952531,131.08660651033654,-30.71633486799946
2022-08-25,Hawkish Policy,161726.10244903195,234348.94845685415,61.72610244903196,134.34894845685417,-30.989192179453173
2022-08-26,Hawkish Policy,157785.00338447036,226416.4704787938,57.78500338447037,126.41647047879383,-30.312047064946846
2022-08-29,Hawkish Policy,157041.1722200241,224919.31848268656,57.041172220024116,124.91931848268658,-30.178886687266683
2022-08-30,Hawkish Policy,155814.44496414973,222450.21360029193,55.814444964149736,122.45021360029193,-29.955362846212495
2022-08-31,Hawkish Policy,154973.48530055705,220757.5654575769,54.97348530055706,120.7575654575769,-29.799241543847156
2022-09-01,Hawkish Policy,155317.65686648389,221450.29946975605,55.31765686648389,121.45029946975603,-29.863424326641763
2022-09-02,Hawkish Policy,154157.50991689667,219115.20461977716,54.15750991689667,119.11520461977716,-29.645452863756883
2022-09-06,Hawkish Policy,153746.75804468268,218288.46057518228,53.74675804468267,118.2884605751823,-29.567161892311912
2022-09-07,Hawkish Policy,155695.1141415344,222210.02955340722,55.695114141534404,122.21002955340721,-29.933354288981928
2022-09-08,Hawkish Policy,156416.7074303525,223662.42209135077,56.416707430352474,123.66242209135079,-30.06571869884026
2022-09-09,Hawkish Policy,158143.01362839603,227137.05839839135,58.14301362839602,127.13705839839133,-30.375512149577066
2022-09-12,Hawkish Policy,159355.89331823174,229578.29148389588,59.35589331823174,129.57829148389587,-30.587560222604925
2022-09-13,Hawkish Policy,154396.20711428663,219595.64427143335,54.39620711428663,119.59564427143334,-29.690678689672147
2022-09-14,Hawkish Policy,154812.50512334798,220433.5513463616,54.81250512334797,120.4335513463616,-29.76908271096398
2022-09-15,Hawkish Policy,153569.13945693168,217930.95737296683,53.569139456931666,117.93095737296682,-29.533123100949076
2022-09-16,Hawkish Policy,152743.09392415592,216268.32776374446,52.74309392415593,116.26832776374445,-29.373341208327407
2022-09-19,Hawkish Policy,153576.36543330483,217945.5015134493,53.576365433304844,117.94550151344932,-29.53451006474308
2022-09-20,Hawkish Policy,152333.45305691933,215443.8199031106,52.333453056919325,115.44381990311061,-29.29318969305932
2022-09-21,Hawkish Policy,150466.28031577804,211685.65335928497,50.46628031577804,111.68565335928497,-28.919944300430178
2022-09-22,Hawkish Policy,149582.8535979282,209907.52932084407,49.58285359792818,109.90752932084406,-28.738690754970253
2022-09-23,Hawkish Policy,147835.51829767195,206390.5665237894,47.83551829767194,106.39056652378942,-28.3709905992085
2022-09-26,Hawkish Policy,146821.12631308316,204348.84112002404,46.82112631308317,104.34884112002405,-28.151720602688435
2022-09-27,Hawkish Policy,146561.93329586968,203827.148346655,46.561933295869686,103.82714834665504,-28.094989070539633
2022-09-28,Hawkish Policy,148554.5251669026,207837.75322547174,48.55452516690259,107.83775322547173,-28.523801445378417
2022-09-29,Hawkish Policy,146397.51344725047,203496.21100989645,46.397513447250475,103.49621100989643,-28.05885047160369
2022-09-30,Hawkish Policy,144834.08946693738,200349.4171610124,44.834089466937385,100.34941716101238,-27.70925340374696
2022-10-03,Hawkish Policy,147359.3739375916,205638.90459186956,47.3593739375916,105.63890459186958,-28.340712459028627
2022-10-04,Hawkish Policy,150557.9268526774,212010.97340193347,50.55792685267739,112.01097340193348,-28.985785765320983
2022-10-05,Hawkish Policy,150310.14498680778,211517.34920964311,50.31014498680777,111.51734920964311,-28.93720276447417
2022-10-06,Hawkish Policy,149214.87783940625,209335.38823731456,49.214877839406256,109.33538823731456,-28.719707118871018
2022-10-07,Hawkish Policy,146283.81762973574,203496.21100989645,46.28381762973574,103.49621100989643,-28.114721692473353
2022-10-10,Hawkish Policy,145503.87003577693,201942.4209464246,45.50387003577691,101.94242094642459,-27.947843076329583
2022-10-11,Hawkish Policy,144861.93423816323,200663.5741733275,44.86193423816323,100.6635741733275,-27.808554773854677
2022-10-12,Hawkish Policy,144529.6786285095,200001.66372086699,44.529678628509494,100.00166372086699,-27.735761823350213
2022-10-13,Hawkish Policy,147179.18363858317,205279.93445297572,47.179183638583176,105.27993445297574,-28.30318071233695
2022-10-14,Hawkish Policy,144830.94466765202,200601.8376065318,44.830944667652005,100.6018376065318,-27.801785668719038
2022-10-17,Hawkish Policy,147418.51543610997,205756.72465240755,47.41851543610998,105.75672465240756,-28.353002466796884
2022-10-18,Hawkish Policy,148632.04762078554,208174.28996686867,48.63204762078554,108.17428996686868,-28.602111411336818
2022-10-19,Hawkish Policy,147891.5396656808,206699.07046305106,47.89153966568078,106.69907046305104,-28.450795964214336
2022-10-20,Hawkish Policy,147021.51488198043,204965.83110907566,47.02151488198043,104.96583110907567,-28.270232122865046
2022-10-21,Hawkish Policy,149521.77426415018,209946.7788217278,49.52177426415019,109.94677882172783,-28.78110581009977
2022-10-24,Hawkish Policy,150811.3301242671,212515.7964035006,50.81133012426709,112.51579640350057,-29.035237532214385
2022-10-25,Hawkish Policy,152514.78667519914,215909.37551432228,52.51478667519913,115.9093755143223,-29.36166560072232
2022-10-26,Hawkish Policy,151698.23708489037,214282.66796424967,51.698237084890366,114.28266796424968,-29.206482947935253
2022-10-27,Hawkish Policy,151123.8838742565,213138.45735507738,51.12388387425651,113.13845735507738,-29.095909884300177
2022-10-28,Hawkish Policy,153669.16838147503,218209.10287877376,53.66916838147502,118.20910287877378,-29.577104550562193
2022-10-31,Hawkish Policy,152878.00491572008,216632.96886516345,52.878004915720076,116.63296886516346,-29.429945166437566
2022-11-01,Hawkish Policy,152402.15202352652,215684.98787093817,52.40215202352652,115.68498787093819,-29.340398917925114
2022-11-02,Hawkish Policy,149685.0823862357,210272.116753848,49.6850823862357,110.27211675384802,-28.81363221284239
2022-11-03,Hawkish Policy,148598.2742870583,208107.00766384965,48.598274287058295,108.10700766384964,-28.595256855989405
2022-11-04,Hawkish Policy,150101.81173967355,211102.3134664787,50.10181173967354,111.10231346647868,-28.896178694172157
2022-11-07,Hawkish Policy,151115.42482603237,213121.60547274715,51.115424826032374,113.12160547274716,-29.094272497231067
2022-11-08,Hawkish Policy,151692.6156791703,214271.4691549729,51.692615679170295,114.27146915497288,-29.20540645126306
2022-11-09,Hawkish Policy,149476.7221994574,209857.0273422685,49.4767221994574,109.8570273422685,-28.77211495249725
2022-11-10,Hawkish Policy,155265.63862609855,221389.5468239032,55.26563862609854,121.38954682390319,-29.86767403720315
2022-11-11,Hawkish Policy,156341.22187359844,223532.2940742914,56.34122187359844,123.53229407429139,-30.05877628507757
2022-11-14,Hawkish Policy,155386.71436623263,221630.75057067414,55.38671436623264,121.63075057067414,-29.88937051102819
2022-11-15,Hawkish Policy,156335.58250811568,223521.05948607123,56.33558250811568,123.52105948607121,-30.05778387612834
2022-11-16,Hawkish Policy,155479.6381783596,221815.8708237028,55.47963817835959,121.8158708237028,-29.90599022468804
2022-11-17,Hawkish Policy,155138.92352048168,221137.10848891208,55.13892352048168,121.13710848891208,-29.84491631432342
2022-11-18,Hawkish Policy,155642.9373205637,222141.19086635133,55.64293732056371,122.14119086635131,-29.935129674259976
2022-11-21,Hawkish Policy,155237.48669809138,221333.4633301609,55.23748669809139,121.33346333016091,-29.862622505244417
2022-11-22,Hawkish Policy,156732.57408236383,224311.93513993142,56.732574082363826,124.31193513993142,-30.127403169791155
2022-11-23,Hawkish Policy,157442.12838648274,225725.48963484008,57.44212838648275,125.72548963484009,-30.250620503169788
2022-11-25,Hawkish Policy,157416.77818145428,225674.9876562645,57.416778181454276,125.67498765626452,-30.246244913404986
2022-11-28,Hawkish Policy,155609.1639868365,222073.90856333228,55.609163986836506,122.07390856333227,-29.929110090634982
2022-11-29,Hawkish Policy,155417.68597698119,221692.45135852645,55.417685976981176,121.69245135852647,-29.89491296407025
2022-11-30,Hawkish Policy,158923.14429669228,228675.9286424753,58.92314429669228,128.67592864247533,-30.502897598303147
2022-12-01,Hawkish Policy,158838.6795327895,228507.66027177684,58.83867953278952,128.5076602717768,-30.488684999061366
2022-12-02,Hawkish Policy,158706.34302145254,228244.023127509,58.70634302145255,128.244023127509,-30.466375045978346
2022-12-05,Hawkish Policy,156645.298615601,224138.06736459458,56.64529861560099,124.13806736459456,-30.112140049466184
2022-12-06,Hawkish Policy,155023.5140854744,220907.19299877633,55.02351408547439,120.90719299877635,-29.82414380398509
2022-12-07,Hawkish Policy,154834.85575836047,220531.3530880806,54.83485575836047,120.53135308808058,-29.79009397520036
2022-12-08,Hawkish Policy,155702.0608593194,222258.97514794592,55.70206085931942,122.25897514794593,-29.945658772305205
2022-12-09,Hawkish Policy,154868.66501161305,220598.70694898636,54.86866501161305,120.59870694898636,-29.79620454102364
2022-12-12,Hawkish Policy,156465.10831659258,223779.0972257007,56.46510831659257,123.77909722570072,-30.080552537584015
2022-12-13,Hawkish Policy,157315.41328086588,225473.051299849,57.31541328086587,125.47305129984898,-30.22872916566095
2022-12-14,Hawkish Policy,156591.80546244676,224031.49978174843,56.59180546244676,124.03149978174844,-30.102773219391665
2022-12-15,Hawkish Policy,153840.944531666,218551.31058269585,53.84094453166599,118.55131058269586,-29.60877511029366
2022-12-16,Hawkish Policy,152545.75828594767,215971.07630217462,52.54575828594768,115.97107630217462,-29.367505641119184
2022-12-19,Hawkish Policy,151626.46987320518,214139.6953065182,51.62646987320518,114.13969530651822,-29.192731101924842
2022-12-20,Hawkish Policy,151773.56032958702,214432.72485276964,51.77356032958702,114.43272485276962,-29.220896468206824
2022-12-21,Hawkish Policy,153383.00650274975,217639.0190844884,53.383006502749744,117.6390190844884,-29.524123409504156
2022-12-22,Hawkish Policy,151824.45829703344,214534.1223782979,51.82445829703344,114.5341223782979,-29.230624660577597
2022-12-23,Hawkish Policy,152443.9354114108,215768.22758270302,52.44393541141081,115.76822758270305,-29.348293249996825
2022-12-27,Hawkish Policy,152016.80735537893,214917.31486185748,52.01680735537892,114.91731486185745,-29.267305683075907
2022-12-28,Hawkish Policy,150676.075151494,212246.3451809341,50.67607515149402,112.24634518093409,-29.00887173202118
2022-12-29,Hawkish Policy,152593.8365706527,216066.85653359283,52.593836570652684,116.06685653359281,-29.376564726886613
2022-12-30,Hawkish Policy,152308.13266587583,215497.68510236355,52.30813266587584,115.49768510236356,-29.32261309743167
2023-01-03,Hawkish Policy,151745.75599720664,214590.50999305886,51.74575599720663,114.59050999305886,-29.285896192653162
2023-01-04,Hawkish Policy,152566.39387166133,216247.2002976808,52.56639387166133,116.24720029768079,-29.44815301116406
2023-01-05,Hawkish Policy,151343.8067563567,213779.06144675735,51.3438067563567,113.77906144675735,-29.20550509851987
2023-01-06,Hawkish Policy,153772.19728666014,218681.45648922696,53.77219728666014,118.68145648922695,-29.682104849966773
2023-01-09,Hawkish Policy,153710.7870210218,218557.48245042824,53.71078702102179,118.55748245042825,-29.670315883197706
2023-01-10,Hawkish Policy,154470.02349134831,220090.2166057232,54.47002349134831,120.09021660572321,-29.81513405111007
2023-01-11,Hawkish Policy,155848.90992343926,222873.88995828174,55.84890992343927,122.87388995828175,-30.07305164700469
2023-01-12,Hawkish Policy,156250.8591642892,223685.33850458325,56.2508591642892,123.68533850458326,-30.147026975982307
2023-01-13,Hawkish Policy,156680.7044392271,224553.103107759,56.68070443922708,124.553103107759,-30.225544750526634
2023-01-17,Hawkish Policy,156476.9428738464,224141.75259576231,56.47694287384639,124.1417525957623,-30.188400393187266
2023-01-18,Hawkish Policy,154724.02981952403,220603.00042219152,54.72402981952402,120.6030004221915,-29.863134443587736
2023-01-19,Hawkish Policy,153928.52318797706,218997.0446592771,53.92852318797705,118.9970446592771,-29.712054595319227
2023-01-20,Hawkish Policy,155949.3817260089,223076.72078828167,55.949381726008895,123.07672078828169,-30.091593073928223
2023-01-23,Hawkish Policy,157275.2408811042,225753.3435422585,57.2752408811042,125.75334354225846,-30.33315103407802
2023-01-24,Hawkish Policy,157155.2205870485,225511.04853771455,57.1552205870485,125.51104853771453,-30.311520607928966
2023-01-25,Hawkish Policy,157197.09122271102,225595.57629144096,57.197091222711016,125.59557629144096,-30.31907193976523
2023-01-26,Hawkish Policy,158425.25222792712,228074.96762005624,58.42525222792712,128.07496762005624,-30.538079702002474
2023-01-27,Hawkish Policy,158684.82358450413,228598.9860247447,58.68482358450413,128.59898602474468,-30.583758771647705
2023-01-30,Hawkish Policy,157264.08423977107,225730.82069740313,57.26408423977107,125.73082069740313,-30.331142307506674
2023-01-31,Hawkish Policy,158908.14250288106,229049.81860075708,58.908142502881056,129.04981860075705,-30.622890917951672
2023-02-01,Hawkish Policy,160113.95477939007,231484.0926817749,60.11395477939008,131.4840926817749,-30.83155178204775
2023-02-02,Hawkish Policy,161783.1442854078,234853.82512683634,61.783144285407786,134.85382512683634,-31.11325983384159
2023-02-03,Hawkish Policy,160546.6180145694,232357.54613694747,60.5466180145694,132.35754613694746,-30.905356557713848
2023-02-06,Hawkish Policy,159843.20905845956,230937.5156532877,59.843209058459564,130.9375156532877,-30.785083312996154
2023-02-07,Hawkish Policy,161339.34213191574,233957.8846057518,61.33934213191574,133.95788460575181,-31.039151596111992
2023-02-08,Hawkish Policy,160072.08414372755,231399.56492804852,60.07208414372756,131.3995649280485,-30.824379815277336
2023-02-09,Hawkish Policy,159078.39869822154,229393.52902030095,59.078398698221534,129.39352902030095,-30.652621554924785
2023-02-10,Hawkish Policy,159343.5793907508,229928.871460568,59.34357939075079,129.92887146056802,-30.698751149188475
2023-02-13,Hawkish Policy,160680.59518717922,232628.01705940018,60.68059518717921,132.62801705940018,-30.92809833557134
2023-02-14,Hawkish Policy,160627.55904867337,232520.94857134676,60.62755904867336,132.52094857134676,-30.91910211290645
2023-02-15,Hawkish Policy,161001.59453241498,233276.0452818307,61.001594532414984,133.27604528183073,-30.982371405558553
2023-02-16,Hawkish Policy,159410.56354630063,230064.09797705853,59.41056354630063,130.0640979770585,-30.71036943704415
2023-02-17,Hawkish Policy,159125.85208530573,229489.32714119085,59.125852085305716,129.48932714119087,-30.660892134907325
2023-02-21,Hawkish Policy,156845.3956061663,224885.57893908274,56.845395606166306,124.88557893908272,-30.25546753771492
2023-02-22,Hawkish Policy,156691.85221905005,224575.60806314266,56.69185221905004,124.57560806314265,-30.227572989585816
2023-02-23,Hawkish Policy,157283.6150082367,225770.24909300377,57.28361500823669,125.77024909300376,-30.334658512315638
2023-02-24,Hawkish Policy,156088.95937306082,223358.49785684128,56.08895937306082,123.3584978568413,-30.117295347722116
2023-02-27,Hawkish Policy,156465.77737100306,224119.2118614353,56.46577737100307,124.11921186143529,-30.18636105692709
2023-02-28,Hawkish Policy,156055.4540030206,223290.8577643885,56.055454003020586,123.29085776438848,-30.111131478707108
2023-03-01,Hawkish Policy,155631.2003410146,222434.38141784794,55.631200341014605,122.43438141784794,-30.03275871788097
2023-03-02,Hawkish Policy,156488.10837668972,224164.29333008936,56.488108376689716,124.16429333008936,-30.19043931931845
2023-03-03,Hawkish Policy,158268.9440496306,227759.41522894945,58.26894404963061,127.75941522894945,-30.510471371497548
2023-03-06,Hawkish Policy,158347.10256953398,227917.20036923868,58.34710256953397,127.91720036923869,-30.52428587530789
2023-03-07,Hawkish Policy,156616.4939363677,224423.47599590686,56.61649393636772,124.42347599590687,-30.21385430318165
2023-03-08,Hawkish Policy,156797.95108059232,224789.79870766454,56.79795108059231,124.78979870766453,-30.246856404500143
2023-03-09,Hawkish Policy,154743.5605879897,220642.42881779213,54.743560587989684,120.64242881779212,-29.866815998577557
2023-03-10,Hawkish Policy,153166.51306496008,217458.7110993438,53.16651306496007,117.45871109934383,-29.565243769431014
2023-03-13,Hawkish Policy,153012.96967784382,217148.7402234037,53.01296967784381,117.1487402234037,-29.53540991284438
2023-03-14,Hawkish Policy,154791.02283658407,220738.24482815372,54.79102283658408,120.73824482815371,-29.875757163381465
2023-03-15,Hawkish Policy,154107.14464893987,219357.64274009457,54.107144648939865,119.35764274009455,-29.746170352708713
2023-03-16,Hawkish Policy,156013.59222886828,223206.34790013378,56.01359222886828,123.20634790013378,-30.103425060889688
2023-03-17,Hawkish Policy,154720.78650679335,220596.45287555366,54.72078650679335,120.59645287555365,-29.862522950866822
2023-03-20,Hawkish Policy,155771.51349341252,222717.6433125577,55.77151349341251,122.71764331255768,-30.0587456042691
2023-03-21,Hawkish Policy,157220.10456468258,225642.035249415,57.220104564682586,125.64203524941502,-30.323219966129876
2023-03-22,Hawkish Policy,155314.79125805886,221795.61994175185,55.31479125805887,121.79561994175185,-29.973914138228807
2023-03-23,Hawkish Policy,155611.79363369162,222395.20347485098,55.61179363369162,122.39520347485096,-30.029159261391804
2023-03-24,Hawkish Policy,156334.68018920597,223854.5550172812,56.334680189205976,123.8545550172812,-30.162385939773618
2023-03-27,Hawkish Policy,156542.03066621488,224273.15076531158,56.542030666214885,124.2731507653116,-30.200280268935654
2023-03-28,Hawkish Policy,156292.66776938038,223769.74103200782,56.29266776938038,123.76974103200781,-30.154690688485708
2023-03-29,Hawkish Policy,157903.76121457195,227022.19010068194,57.903761214571944,127.02219010068193,-30.445670907965738
2023-03-30,Hawkish Policy,158562.22459098225,228351.48518393954,58.56222459098226,128.35148518393953,-30.562210066968166
2023-03-31,Hawkish Policy,160156.51661284768,231570.01581429294,60.15651661284769,131.57001581429296,-30.83883677700102
2023-04-03,Hawkish Policy,160479.83044510044,232452.41400530958,60.47983044510043,132.45241400530955,-30.96228699890601
2023-04-04,Hawkish Policy,159856.1634900546,231162.79777025623,59.856163490054605,131.16279777025625,-30.846933402783318
2023-04-05,Hawkish Policy,159563.43245172745,230557.48960621693,59.56343245172746,130.55748960621693,-30.792344796842
2023-04-06,Hawkish Policy,159998.38495651225,231456.88279533727,59.99838495651224,131.45688279533724,-30.87335186398896
2023-04-10,Hawkish Policy,160113.26778716443,231694.43708988384,60.11326778716444,131.69443708988382,-30.89464304874533
2023-04-11,Hawkish Policy,160143.37489241853,231756.6924513585,60.14337489241854,131.7566924513585,-30.900215567224798
2023-04-12,Hawkish Policy,159686.54282752232,230812.0567883389,59.686542827522324,130.8120567883389,-30.815337357372396
2023-04-13,Hawkish Policy,161169.1620348815,233877.81133047576,61.169162034881495,133.87781133047577,-31.08830584738752
2023-04-14,Hawkish Policy,160892.90338977383,233306.56472053064,60.89290338977382,133.30656472053067,-31.037987043998726
2023-04-17,Hawkish Policy,161297.74013783748,234143.68465870465,61.297740137837486,134.14368465870464,-31.1116418224347
2023-04-18,Hawkish Policy,161371.61501478142,234296.44285744953,61.37161501478141,134.29644285744953,-31.125025609986313
2023-04-19,Hawkish Policy,161352.4693182506,234256.8534566037,61.3524693182506,134.25685345660372,-31.12155869192477
2023-04-20,Hawkish Policy,160734.22683303076,232978.4539202988,60.73422683303076,132.97845392029882,-31.008973521638428
2023-04-21,Hawkish Policy,160821.77102787743,233159.47748431092,60.821771027877425,133.1594774843109,-31.024990807547603
2023-04-24,Hawkish Policy,160939.39637357718,233402.7027413826,60.939396373577196,133.40270274138263,-31.04647269149107
2023-04-25,Hawkish Policy,159147.64294640755,229697.7215968858,59.14764294640755,129.6977215968858,-30.714313646650794
2023-04-26,Hawkish Policy,158677.1415636086,228724.82056859895,58.67714156360859,128.72482056859894,-30.625307227635012
2023-04-27,Hawkish Policy,160879.21676893704,233278.26357632005,60.87921676893704,133.27826357632006,-31.035487703592544
2023-04-28,Hawkish Policy,161842.1163975804,235269.34388573634,61.84211639758039,135.26934388573633,-31.20985772112217
2023-05-01,Hawkish Policy,161727.21626399417,235031.7538122464,61.72721626399418,135.0317538122464,-31.18920586654478
2023-05-02,Hawkish Policy,160449.7319913133,232390.1765333066,60.449731991313314,132.3901765333066,-30.956749383803086
2023-05-03,Hawkish Policy,159678.33258531365,230795.0796797069,59.678332585313655,130.79507967970687,-30.81380555993123
2023-05-04,Hawkish Policy,158887.75287691504,229160.3218673746,58.88775287691503,129.1603218673746,-30.665242751373622
2023-05-05,Hawkish Policy,160939.39637357718,233402.7027413826,60.939396373577196,133.40270274138263,-31.04647269149107
2023-05-08,Hawkish Policy,160969.48617589724,233464.92232391392,60.96948617589724,133.46492232391392,-31.0519607941081
2023-05-09,Hawkish Policy,160474.3627179393,232441.1078592027,60.474362717939314,132.4411078592027,-30.961281248433913
2023-05-10,Hawkish Policy,160999.5759782173,233527.1419064452,60.9995759782173,133.52714190644522,-31.0574459722903
2023-05-11,Hawkish Policy,160802.6253313466,233119.8880834651,60.80262533134659,133.1198880834651,-31.021489992405282
2023-05-12,Hawkish Policy,160654.91018332678,232814.4432438621,60.654910183326784,132.8144432438621,-30.994440059267127
2023-05-15,Hawkish Policy,161043.3610528412,233617.68052265877,61.043361052841206,133.61768052265876,-31.065422491761495
2023-05-16,Hawkish Policy,160288.33887392376,232056.4484389647,60.28833887392375,132.0564484389647,-30.92700506614766
2023-05-17,Hawkish Policy,161650.6248264037,234873.37831939146,61.650624826403714,134.87337831939143,-31.175416310236802
2023-05-18,Hawkish Policy,162744.82777011656,237135.9671406184,62.744827770116565,137.1359671406184,-31.370669016391297
2023-05-19,Hawkish Policy,162577.9669255659,236790.93290016957,62.57796692556592,136.79093290016957,-31.34113501123442
2023-05-22,Hawkish Policy,162624.45990936927,236887.07092102154,62.624459909369264,136.88707092102152,-31.349372814192765
2023-05-23,Hawkish Policy,161338.77404594678,234228.5344229214,61.338774045946764,134.2285344229214,-31.11907802205063
2023-05-24,Hawkish Policy,160518.12183816213,232531.5928070012,60.518121838162116,132.53159280700123,-30.969327694155304
2023-05-25,Hawkish Policy,161491.95692112768,234545.2854086313,61.49195692112768,134.54528540863126,-31.146790420548452
2023-05-26,Hawkish Policy,162960.9327649852,237582.828253916,62.9609327649852,137.58282825391598,-31.408791635891653
2023-05-30,Hawkish Policy,163004.70053667502,237673.3310911862,63.00470053667502,137.6733310911862,-31.416495158164658
2023-05-31,Hawkish Policy,162367.32965785838,236355.37793297885,62.367329657858384,136.35537793297888,-31.303729545811553
2023-06-01,Hawkish Policy,163453.32235936256,238600.98964557378,63.45332235936256,138.60098964557378,-31.495119696627484
2023-06-02,Hawkish Policy,165122.00001660542,242051.47516583538,65.12200001660543,142.05147516583537,-31.782278995211122
2023-06-05,Hawkish Policy,164897.6674765941,241587.60116496237,64.8976674765941,141.5876011649624,-31.744151321740375
2023-06-06,Hawkish Policy,165152.08116745847,242113.676858895,65.15208116745848,142.113676858895,-31.7873804941181
2023-06-07,Hawkish Policy,164747.20116205967,241276.46747336254,64.74720116205968,141.27646747336254,-31.718495845332228
2023-06-08,Hawkish Policy,165452.97053919215,242735.8547947362,65.45297053919215,142.7358547947362,-31.838264817077178
2023-06-09,Hawkish Policy,165663.6078068997,243171.4097619269,65.6636078068997,143.1714097619269,-31.873731385984062
2023-06-12,Hawkish Policy,166730.45481187303,245377.43207367597,66.73045481187303,145.37743207367595,-32.05143056440038
2023-06-13,Hawkish Policy,167512.7983236619,246995.15910896118,67.51279832366191,146.9951591089612,-32.17972411768437
2023-06-14,Hawkish Policy,167655.05439598762,247289.31569192896,67.65505439598762,147.28931569192895,-32.20287179537876
2023-06-15,Hawkish Policy,169137.69955774787,250355.1239024809,69.13769955774787,150.35512390248093,-32.440887599476135
2023-06-16,Hawkish Policy,168725.29277603555,249502.3506765798,68.72529277603556,149.5023506765798,-32.3752692836359
2023-06-20,Hawkish Policy,168099.28992489245,248207.90428417065,68.09928992489245,148.20790428417064,-32.274803894868185
2023-06-21,Hawkish Policy,167484.25713393965,246936.14174186205,67.48425713393966,146.93614174186206,-32.17507329930606
2023-06-22,Hawkish Policy,167915.33378149633,247827.52044766612,67.91533378149633,147.82752044766613,-32.245081789875265
2023-06-23,Hawkish Policy,167009.25698828662,245953.9381882974,67.00925698828661,145.9539381882974,-32.09734382849049
2023-06-26,Hawkish Policy,166523.2781309763,244949.03289516052,66.52327813097631,144.9490328951605,-32.01717264903464
2023-06-27,Hawkish Policy,167821.9844522745,247634.4930481513,67.82198445227452,147.63449304815128,-32.22996425637588
2023-06-28,Hawkish Policy,167882.38034359034,247759.37945000606,67.88238034359033,147.75937945000607,-32.23974780843106
2023-06-29,Hawkish Policy,168354.63797419576,248735.91204104558,68.35463797419577,148.7359120410456,-32.31591023880201
2023-06-30,Hawkish Policy,169774.14472959263,251671.1628872176,69.77414472959262,151.6711628872176,-32.541280144330955
2023-07-03,Hawkish Policy,169793.78247563523,251960.72187596155,69.79378247563524,151.96072187596155,-32.611011267373854
2023-07-05,Hawkish Policy,169616.8964892721,251586.00900198214,69.6168964892721,151.58600900198215,-32.58095028331414
2023-07-06,Hawkish Policy,168686.89810608554,249615.913042856,68.68689810608555,149.615913042856,-32.421416547620474
2023-07-07,Hawkish Policy,168389.3942192534,248985.68484475513,68.38939421925339,148.98568484475513,-32.369849164522954
2023-07-10,Hawkish Policy,168686.89810608554,249615.913042856,68.68689810608555,149.615913042856,-32.421416547620474
2023-07-11,Hawkish Policy,169437.3165933487,251205.5893865342,69.43731659334868,151.2055893865342,-32.55033974079586
2023-07-12,Hawkish Policy,170391.43348971452,253226.77767680163,70.3914334897145,153.22677767680162,-32.71192128535929
2023-07-13,Hawkish Policy,171340.18790153245,255236.6061525471,71.34018790153245,155.2366061525471,-32.87005712686538
2023-07-14,Hawkish Policy,171265.13845243433,255077.62241765475,71.26513845243434,155.07762241765474,-32.857638851591986
2023-07-17,Hawkish Policy,171683.251794878,255963.34805040536,71.68325179487798,155.96334805040536,-32.926626760222945
2023-07-18,Hawkish Policy,172581.0837156346,257865.30301187144,72.58108371563459,157.86530301187142,-33.073165835075756
2023-07-19,Hawkish Policy,172851.7836245848,258438.7500268342,72.85178362458478,158.43875002683419,-33.11692476200366
2023-07-20,Hawkish Policy,172042.3778072946,256724.11572341443,72.04237780729461,156.72411572341446,-32.98550184017499
2023-07-21,Hawkish Policy,172042.3778072946,256724.11572341443,72.04237780729461,156.72411572341446,-32.98550184017499
2023-07-24,Hawkish Policy,172583.75229062221,257870.95608492487,72.58375229062221,157.87095608492487,-33.07359816287917
2023-07-25,Hawkish Policy,172916.09121487194,258574.97835373925,72.91609121487193,158.57497835373925,-33.127291621265485
2023-07-26,Hawkish Policy,172934.86413321842,258614.74664930193,72.93486413321841,158.61474664930194,-33.130315895044795
2023-07-27,Hawkish Policy,172125.45831592823,256900.11234588217,72.12545831592823,156.90011234588215,-32.999072384918236
2023-07-28,Hawkish Policy,173312.73772940884,259415.22894945866,73.31273772940882,159.41522894945868,-33.19099328467914
2023-07-31,Hawkish Policy,173545.90869138116,259909.1751522394,73.54590869138116,159.90917515223936,-33.22824844881745
2023-08-01,Hawkish Policy,173194.82218335764,259165.43825627738,73.19482218335764,159.1654382562774,-33.17209912376787
2023-08-02,Hawkish Policy,171492.9553747163,255560.2266953852,71.49295537471629,155.56022669538524,-32.89528750530999
2023-08-03,Hawkish Policy,171147.23135124068,254827.84961394517,71.14723135124068,154.82784961394515,-32.838097715566626
2023-08-04,Hawkish Policy,170603.17140321032,253675.32040043792,70.60317140321033,153.67532040043793,-32.747430402805634
2023-08-07,Hawkish Policy,171648.39986774532,255889.51820074848,71.64839986774531,155.88951820074848,-32.92089450374242
2023-08-08,Hawkish Policy,171123.1128380614,254776.7572828039,71.1231128380614,154.7767572828039,-32.83409575383141
2023-08-09,Hawkish Policy,170319.06950531914,253073.48279390612,70.31906950531915,153.07348279390612,-32.6997567564118
2023-08-10,Hawkish Policy,170361.95249198732,253164.3255311384,70.36195249198731,153.1643255311384,-32.70696724960431
2023-08-11,Hawkish Policy,170292.2908620098,253016.75527918307,70.2922908620098,153.01675527918306,-32.69525147688091
2023-08-14,Hawkish Policy,170951.58089138864,254413.38633387478,70.95158089138864,154.41338633387477,-32.80558725512838
2023-08-15,Hawkish Policy,169552.58045412737,251449.7627856054,69.55258045412738,151.44976278560537,-32.56999784935424
2023-08-16,Hawkish Policy,168681.53562153765,249604.55322833403,68.68153562153765,149.60455322833403,-32.420489354122225
2023-08-17,Hawkish Policy,167783.71214563854,247702.61615633965,67.78371214563855,147.70261615633964,-32.26405326307075
2023-08-18,Hawkish Policy,167839.9886763902,247821.8315956693,67.8399886763902,147.8218315956693,-32.27392938075467
2023-08-21,Hawkish Policy,168601.13213274916,249434.22756839142,68.60113213274917,149.4342275683914,-32.40657716611043
2023-08-22,Hawkish Policy,168282.21208715555,248758.6316700895,68.28221208715554,148.75863167008953,-32.35120688783333
2023-08-23,Hawkish Policy,169590.0925113901,251529.22781884403,69.5900925113901,151.52922781884405,-32.576387252485816
2023-08-24,Hawkish Policy,167944.51912321552,248043.26747622486,67.94451912321553,148.04326747622488,-32.29224851292805
2023-08-25,Hawkish Policy,168769.97861471918,249791.90966532374,68.76997861471918,149.79190966532374,-32.43577070176508
2023-08-28,Hawkish Policy,169517.7285269947,251375.9329359485,69.51772852699469,151.37593293594853,-32.56405792427694
2023-08-29,Hawkish Policy,171232.99732457707,255009.53508840976,71.23299732457707,155.00953508840976,-32.85231579077544
2023-08-30,Hawkish Policy,171728.81180139136,256059.8617501628,71.72881180139137,156.05986175016278,-32.93411523866755
2023-08-31,Hawkish Policy,171551.91737017065,255685.13098671168,71.55191737017064,155.68513098671167,-32.90500831701221
2023-09-01,Hawkish Policy,171777.0488277499,256162.0464124453,71.77704882774991,156.1620464124453,-32.9420375760223
2023-09-05,Hawkish Policy,171254.4134833385,255054.90278861084,71.2544134833385,155.05490278861083,-32.85586294913377
2023-09-06,Hawkish Policy,170445.03300062098,253340.32215360613,70.445033000621,153.34032215360614,-32.72092197890386
2023-09-07,Hawkish Policy,170077.85903895373,252562.5058140783,70.07785903895373,152.56250581407832,-32.659102153446696
2023-09-08,Hawkish Policy,170257.43893487714,252942.9254295262,70.25743893487713,152.9429254295262,-32.689384909358346
2023-09-11,Hawkish Policy,171042.7009044154,254606.4137333896,71.0427009044154,154.60641373338962,-32.820741474516716
2023-09-12,Hawkish Policy,170383.41087503656,253209.7826786979,70.38341087503655,153.2097826786979,-32.71057339390442
2023-09-13,Hawkish Policy,170522.75946956428,253504.97685102362,70.52275946956428,153.50497685102363,-32.73395986628902
2023-09-14,Hawkish Policy,171554.59439001585,255690.8019492368,71.55459439001584,155.6908019492368,-32.90544944042407
2023-09-15,Hawkish Policy,170100.3561394823,252610.16336665544,70.10035613948229,152.61016336665546,-32.66290086175704
2023-09-18,Hawkish Policy,170170.29644975916,252758.32397117646,70.17029644975916,152.75832397117645,-32.674701360511996
2023-09-19,Hawkish Policy,169922.8536785176,252234.1445612428,69.92285367851761,152.23414456124283,-32.63288997843823
2023-09-20,Hawkish Policy,168828.19746270866,249915.23968314167,68.82819746270866,149.91523968314166,-32.44581735921358
2023-09-21,Hawkish Policy,166878.27985308174,245784.56067035426,66.87827985308175,145.78456067035427,-32.10383947716775
2023-09-22,Hawkish Policy,166617.38442375383,245231.88333202142,66.61738442375382,145.23188333202143,-32.05720962548364
2023-09-25,Hawkish Policy,167104.20512727118,246263.1577064266,67.10420512727117,146.26315770642663,-32.14405001397805
2023-09-26,Hawkish Policy,165396.34246976528,242645.24462063584,65.39634246976529,142.64524462063582,-31.836149219262676
2023-09-27,Hawkish Policy,165442.06292857218,242742.09822035534,65.44206292857217,142.74209822035533,-31.844511462371916
2023-09-28,Hawkish Policy,166106.36920333916,244149.35562122977,66.10636920333917,144.1493556212298,-31.96526413895825
2023-09-29,Hawkish Policy,165826.66707623453,243556.8384294475,65.82666707623453,143.55683842944748,-31.914592032992537
2023-10-02,Hawkish Policy,165665.45130428002,243459.9669402563,65.66545130428003,143.45996694025632,-31.953719789613956
2023-10-03,Hawkish Policy,164112.0395043401,240200.98821441602,64.1120395043401,140.200988214416,-31.677200529314618
2023-10-04,Hawkish Policy,164945.7876017581,241950.14919819386,64.94578760175808,141.95014919819386,-31.826540240468105
2023-10-05,Hawkish Policy,164902.32484962523,241858.9665609995,64.90232484962523,141.8589665609995,-31.818808624556393
2023-10-06,Hawkish Policy,166271.073247527,244730.5308879618,66.27107324752701,144.7305308879618,-32.05952986566834
2023-10-09,Hawkish Policy,167017.90436780354,246297.3444868226,67.01790436780352,146.29734448682262,-32.1885078721426
2023-10-10,Hawkish Policy,167628.94956205238,247579.28613852174,67.62894956205238,147.57928613852175,-32.29282135167673
2023-10-11,Hawkish Policy,168112.36076102473,248593.45817799307,68.11236076102473,148.59345817799309,-32.374583791076205
2023-10-12,Hawkish Policy,167389.951324505,247077.88002604706,67.389951324505,147.07788002604704,-32.25215008852324
2023-10-13,Hawkish Policy,166803.3448682614,245847.20960020606,66.8033448682614,145.84720960020604,-32.15162167611538
2023-10-16,Hawkish Policy,168036.2988130112,248433.88409053502,68.03629881301121,148.43388409053503,-32.361763199831906
2023-10-17,Hawkish Policy,168030.86703488516,248422.4884970697,68.03086703488516,148.4224884970697,-32.36084701853906
2023-10-18,Hawkish Policy,166453.01649694,245112.23854537125,66.45301649694,145.11223854537124,-32.091103453355764
2023-10-19,Hawkish Policy,165426.4786481053,242958.61449619668,65.42647864810529,142.9586144961967,-31.911663642329955
2023-10-20,Hawkish Policy,164003.42952319124,239973.1300135244,64.00342952319124,139.97313001352444,-31.65758619977648
2023-10-23,Hawkish Policy,163805.17388515157,239557.1997967756,63.80517388515157,139.5571997967756,-31.621686167598806
2023-10-24,Hawkish Policy,164666.04676470306,241363.26718999332,64.66604676470307,141.36326718999334,-31.77667476837588
2023-10-25,Hawkish Policy,163014.8800127422,237899.20356072043,63.01488001274218,137.89920356072045,-31.47733259597276
2023-10-26,Hawkish Policy,161657.0036982168,235050.4483101605,61.657003698216805,135.05044831016048,-31.224549937933944
2023-10-27,Hawkish Policy,161149.16228836344,233985.0229343027,61.14916228836344,133.9850229343027,-31.12842853467155
2023-10-30,Hawkish Policy,162482.6083920078,236782.52484847617,62.48260839200779,136.78252484847616,-31.378969585705274
2023-10-31,Hawkish Policy,163191.4170654018,238269.5692930796,63.19141706540179,138.2695692930796,-31.509752777254217
2023-11-01,Hawkish Policy,164402.6353705231,240810.64352007554,64.40263537052309,140.81064352007556,-31.72949792943126
2023-11-02,Hawkish Policy,166602.39465896922,245425.62631040378,66.60239465896922,145.42562631040377,-32.11695242930431
2023-11-03,Hawkish Policy,167669.69216156006,247664.76203424757,67.66969216156006,147.6647620342476,-32.29973824924905
2023-11-06,Hawkish Policy,167941.246959367,248234.4701496275,67.941246959367,148.23447014962753,-32.34571860300562
2023-11-07,Hawkish Policy,168278.0001489353,248940.96116553483,68.2780001489353,148.94096116553484,-32.402446202078494
2023-11-08,Hawkish Policy,168364.91712607676,249123.30855045188,68.36491712607675,149.1233085504519,-32.417035521194556
2023-11-09,Hawkish Policy,167438.8458547639,247180.45825670674,67.4388458547639,147.18045825670677,-32.2604840869451
2023-11-10,Hawkish Policy,169277.40468851227,251037.6609157978,69.27740468851226,151.03766091579783,-32.56892050739323
2023-11-13,Hawkish Policy,169163.34587498888,250798.3713424975,69.16334587498889,150.7983713424975,-32.55006204008617
2023-11-14,Hawkish Policy,171482.59575508448,255664.0392995914,71.48259575508446,155.6640392995914,-32.926587475942085
2023-11-15,Hawkish Policy,171740.600952511,256205.3210444589,71.740600952511,156.2053210444589,-32.96759011390355
2023-11-16,Hawkish Policy,171889.9620602918,256518.67303054803,71.8899620602918,156.51867303054803,-32.991247760032685
2023-11-17,Hawkish Policy,172042.02626644925,256837.69597916232,72.04202626644924,156.83769597916233,-33.01527425304138
2023-11-20,Happiness Zone,172984.39287214034,258814.73305330344,72.98439287214033,158.81473305330346,-33.16284941301474
2023-11-21,Happiness Zone,172715.52411846165,258250.66012150527,72.71552411846164,158.2506601215053,-33.12097477807022
2023-11-22,Happiness Zone,173190.80044093123,259247.76560498614,73.19080044093123,159.2477656049861,-33.19487246620256
2023-11-24,Happiness Zone,173266.8368075721,259407.2860240291,73.2668368075721,159.4072860240291,-33.20664216365833
2023-11-27,Happiness Zone,173044.15948577563,258940.1203603655,73.04415948577562,158.94012036036548,-33.17213290665384
2023-11-28,Happiness Zone,173166.361702926,259196.49437912798,73.16636170292598,159.19649437912798,-33.191086508432974
2023-11-29,Happiness Zone,173079.44472578456,259014.14699421095,73.07944472578455,159.01414699421096,-33.17760951116969
2023-11-30,Happiness Zone,173565.56755025784,260034.0078856791,73.56556755025785,160.0340078856791,-33.25274299253815
2023-12-01,Happiness Zone,174298.8149616571,261572.3235561407,74.29881496165711,161.57232355614067,-33.36496285538875
2023-12-04,Happiness Zone,173644.31554239965,260199.21715671892,73.64431554239965,160.19921715671893,-33.26485858033421
2023-12-05,Happiness Zone,173619.88533151863,260147.96382033243,73.61988533151862,160.14796382033242,-33.2611015739386
2023-12-06,Happiness Zone,173120.19585241645,259099.64077940848,73.12019585241644,159.09964077940847,-33.18393057912148
2023-12-07,Happiness Zone,174062.5454038591,261076.64207460624,74.0625454038591,161.07664207460624,-33.3289473846847
2023-12-08,Happiness Zone,174597.54570434286,262199.0454177907,74.59754570434288,162.1990454177907,-33.41030459278092
2023-12-11,Happiness Zone,175083.66852881614,263218.90630925883,75.08366852881613,163.21890630925884,-33.48362737929305
2023-12-12,Happiness Zone,175656.69980330666,264421.0966961724,75.65669980330667,164.42109669617238,-33.56933240272376
2023-12-13,Happiness Zone,177394.77500528476,268067.4898208906,77.39477500528476,168.06748982089061,-33.824584576141206
2023-12-14,Happiness Zone,177804.86146311718,268927.83029331575,77.80486146311718,168.92783029331576,-33.88380024886679
2023-12-15,Happiness Zone,177593.7810302555,268484.994311148,77.5937810302555,168.48499431114803,-33.853368049150056
2023-12-18,Happiness Zone,178313.67496513127,269995.295068946,78.31367496513127,169.995295068946,-33.95674731309778
2023-12-19,Happiness Zone,179096.24326300027,271637.08344365173,79.09624326300026,171.6370834436517,-34.06782277569553
2023-12-20,Happiness Zone,177302.03400230326,267872.92392681056,77.30203400230326,167.87292392681056,-33.811140221567705
2023-12-21,Happiness Zone,178512.72362572313,270412.88900656183,78.51272362572313,170.41288900656184,-33.985127601890554
2023-12-22,Happiness Zone,178771.75207805564,270956.3174880319,78.77175207805564,170.9563174880319,-34.02192879819016
2023-12-26,Happiness Zone,179317.11283446278,272100.45653931744,79.31711283446279,172.10045653931743,-34.09892981618273
2023-12-27,Happiness Zone,179551.6087504237,272592.41701074084,79.55160875042371,172.59241701074086,-34.13184023261039
2023-12-28,Happiness Zone,179600.69087741536,272695.3888097776,79.60069087741535,172.69538880977763,-34.138713653607745
2023-12-29,Happiness Zone,179224.40593997817,271905.9622031242,79.22440593997817,171.90596220312418,-34.08588598506322
2024-01-02,Happiness Zone,178434.64008415455,270384.26585186087,78.43464008415455,170.38426585186087,-34.007017929839165
2024-01-03,Happiness Zone,178434.64008415455,268176.13258245256,78.43464008415455,168.17613258245254,-33.46363885335932
2024-01-04,Happiness Zone,178434.64008415455,267312.32155251986,78.43464008415455,167.31232155251985,-33.24862877707011
2024-01-05,Happiness Zone,178434.64008415455,267678.4295906173,78.43464008415455,167.6784295906173,-33.3399256873072
2024-01-08,Happiness Zone,178434.64008415455,271499.81752738875,78.43464008415455,171.49981752738876,-34.27817310921243
2024-01-09,Happiness Zone,178434.64008415455,271087.93033124146,78.43464008415455,171.08793033124147,-34.17831628795651
2024-01-10,Happiness Zone,178434.64008415455,272621.0580549135,78.43464008415455,172.62105805491345,-34.54847495742136
2024-01-11,Happiness Zone,178434.64008415455,272500.9123630561,78.43464008415455,172.5009123630561,-34.51961737051946
2024-01-12,Happiness Zone,178434.64008415455,272689.66417883744,78.43464008415455,172.68966417883743,-34.56494193812488
2024-01-16,Happiness Zone,178434.64008415455,271688.5872326418,78.43464008415455,171.68858723264182,-34.3238367494015
2024-01-17,Happiness Zone,178434.64008415455,270178.34014325886,78.43464008415455,170.17834014325888,-33.95671911022116
2024-01-18,Happiness Zone,178434.64008415455,272580.9677488604,78.43464008415455,172.58096774886042,-34.5388485638684
2024-01-19,Happiness Zone,178434.64008415455,275979.0371170758,78.43464008415455,175.97903711707582,-35.344857367388
2024-01-22,Happiness Zone,178434.64008415455,276562.5380151273,78.43464008415455,176.5625380151273,-35.48126895104116
2024-01-23,Happiness Zone,178434.64008415455,277369.15640407306,78.43464008415455,177.36915640407304,-35.6688961391908
2024-01-24,Happiness Zone,178434.64008415455,277672.34717024333,78.43464008415455,177.6723471702433,-35.73913934801916
2024-01-25,Happiness Zone,178434.64008415455,279182.5584806829,78.43464008415455,179.1825584806829,-36.08675231891295
2024-01-26,Happiness Zone,178434.64008415455,278827.89970446593,78.43464008415455,178.82789970446592,-36.005457031638436
2024-01-29,Happiness Zone,178434.64008415455,281036.0329738742,78.43464008415455,181.03603297387417,-36.508269706204445
2024-01-30,Happiness Zone,178434.64008415455,280818.6580033918,78.43464008415455,180.81865800339182,-36.45912228453162
2024-01-31,Happiness Zone,178434.64008415455,276236.44872519624,78.43464008415455,176.23644872519625,-35.40510641965871
2024-02-01,Happiness Zone,178434.64008415455,279851.893063894,78.43464008415455,179.851893063894,-36.239616559100604
2024-02-02,Happiness Zone,178434.64008415455,282798.0028193807,78.43464008415455,182.79800281938074,-36.903854233327685
2024-02-05,Happiness Zone,178434.64008415455,281768.2848290124,78.43464008415455,181.7682848290124,-36.67327031059035
2024-02-06,Happiness Zone,178434.64008415455,282586.33459036687,78.43464008415455,182.58633459036687,-36.85659274967742
2024-02-07,Happiness Zone,178434.64008415455,284943.2009273902,78.43464008415455,184.9432009273902,-37.37887427971175
2024-02-08,Happiness Zone,178434.64008415455,285069.0891396595,78.43464008415455,185.0690891396595,-37.40652814281915
2024-02-09,Happiness Zone,178434.64008415455,286716.6200347771,78.43464008415455,186.7166200347771,-37.766202718729225
2024-02-12,Happiness Zone,178434.64008415455,286590.7497119795,78.43464008415455,186.59074971197947,-37.73886970759545
2024-02-13,Happiness Zone,178434.64008415455,282643.5093418821,78.43464008415455,182.64350934188207,-36.869365760555205
2024-02-14,Happiness Zone,178434.64008415455,285212.07968686265,78.43464008415455,185.21207968686264,-37.43790926385031
2024-02-15,Happiness Zone,178434.64008415455,287179.95735149947,78.43464008415455,187.17995735149947,-37.866610981574865
2024-02-16,Happiness Zone,178434.64008415455,285749.81931633595,78.43464008415455,185.74981931633596,-37.55564202592877
2024-02-20,Happiness Zone,178434.64008415455,284176.63706555415,78.43464008415455,184.17663706555416,-37.20995436968555
2024-02-21,Happiness Zone,178434.64008415455,284434.06656314625,78.43464008415455,184.43406656314622,-37.266783040370846
2024-02-22,Happiness Zone,178434.64008415455,290320.56144317944,78.43464008415455,190.32056144317946,-38.53875206180422
2024-02-23,Happiness Zone,178434.64008415455,290520.81618925626,78.43464008415455,190.52081618925624,-38.58111703503012
2024-02-26,Happiness Zone,178434.64008415455,289456.7504132468,78.43464008415455,189.45675041324682,-38.355336391564556
2024-02-27,Happiness Zone,178434.64008415455,289994.5079321917,78.43464008415455,189.99450793219174,-38.469648492144124
2024-02-28,Happiness Zone,178434.64008415455,289611.2260012737,78.43464008415455,189.6112260012737,-38.388217008076275
2024-02-29,Happiness Zone,178434.64008415455,290652.357474579,78.43464008415455,190.652357474579,-38.608913536935354
2024-03-01,Happiness Zone,178434.64008415455,293381.0743701117,78.43464008415455,193.3810743701117,-39.17990774720107
2024-03-04,Happiness Zone,178434.64008415455,293066.48801047605,78.43464008415455,193.06648801047604,-39.11462163569648
2024-03-05,Happiness Zone,178434.64008415455,290137.51636886655,78.43464008415455,190.13751636886656,-38.49997672920673
2024-03-06,Happiness Zone,178434.64008415455,291607.6910416681,78.43464008415455,191.6076910416681,-38.810036372237576
2024-03-07,Happiness Zone,178434.64008415455,294502.3506765798,78.43464008415455,194.50235067657982,-39.41147169989482
2024-03-08,Happiness Zone,178434.64008415455,292734.6562001331,78.43464008415455,192.7346562001331,-39.045604507392305
2024-03-11,Happiness Zone,178434.64008415455,292482.9513334812,78.43464008415455,192.4829513334812,-38.99314839697846
2024-03-12,Happiness Zone,178434.64008415455,295629.3158350447,78.43464008415455,195.6293158350447,-39.6424405407353
2024-03-13,Happiness Zone,178434.64008415455,295165.942739379,78.43464008415455,195.165942739379,-39.547686827234685
2024-03-14,Happiness Zone,178434.64008415455,294582.4418413275,78.43464008415455,194.58244184132752,-39.427944527574475
2024-03-15,Happiness Zone,178434.64008415455,292559.6434986082,78.43464008415455,192.55964349860818,-39.00914085404147
2024-03-18,Happiness Zone,178434.64008415455,294298.3749203918,78.43464008415455,194.29837492039184,-39.36947829480152
2024-03-19,Happiness Zone,178434.64008415455,295933.81253264827,78.43464008415455,195.9338125326483,-39.70454455437763
2024-03-20,Happiness Zone,178434.64008415455,298671.04481670447,78.43464008415455,198.67104481670447,-40.257134670131634
2024-03-21,Happiness Zone,178434.64008415455,299658.0427486815,78.43464008415455,199.6580427486815,-40.453912584016685
2024-03-22,Happiness Zone,178434.64008415455,299089.9267962818,78.43464008415455,199.08992679628184,-40.340805858804075
2024-03-25,Happiness Zone,178434.64008415455,298263.5942095358,78.43464008415455,198.2635942095358,-40.17552140178366
2024-03-26,Happiness Zone,178434.64008415455,297712.70581837173,78.43464008415455,197.71270581837172,-40.064822025764066
2024-03-27,Happiness Zone,178434.64008415455,300214.6021023707,78.43464008415455,200.2146021023707,-40.56430339010964
2024-03-28,Happiness Zone,178434.64008415455,300157.2842350819,78.43464008415455,200.15728423508193,-40.552953582693895
2024-04-01,Happiness Zone,178434.64008415455,299635.072667034,78.43464008415455,199.635072667034,-40.44934776963244
2024-04-02,Happiness Zone,178434.64008415455,297729.9512690791,78.43464008415455,197.7299512690791,-40.068293658876506
2024-04-03,Happiness Zone,178434.64008415455,298056.98870100966,78.43464008415455,198.05698870100966,-40.13405259785807
2024-04-04,Happiness Zone,178434.64008415455,294418.878401683,78.43464008415455,194.418878401683,-39.3942939213593
2024-04-05,Happiness Zone,178434.64008415455,297494.6510479652,78.43464008415455,197.49465104796525,-40.020891314988575
2024-04-08,Happiness Zone,178434.64008415455,297661.05891360814,78.43464008415455,197.66105891360812,-40.05442272650698
2024-04-09,Happiness Zone,178434.64008415455,298005.34179624607,78.43464008415455,198.00534179624606,-40.12367731107488
2024-04-10,Happiness Zone,178434.64008415455,295021.41369761067,78.43464008415455,195.02141369761068,-39.51807163833691
2024-04-11,Happiness Zone,178434.64008415455,297247.9194544426,78.43464008415455,197.2479194544426,-39.97110546252212
2024-04-12,Happiness Zone,178434.64008415455,293144.95123330015,78.43464008415455,193.14495123330016,-39.130918225452604
2024-04-15,Happiness Zone,178434.64008415455,289472.4037009739,78.43464008415455,189.4724037009739,-38.35866984112302
2024-04-16,Happiness Zone,178434.64008415455,288944.4675019857,78.43464008415455,188.9444675019857,-38.246043737477585
2024-04-17,Happiness Zone,178434.64008415455,287234.4307927898,78.43464008415455,187.2344307927898,-37.87839445582453
2024-04-18,Happiness Zone,178434.64008415455,286643.38053768594,78.43464008415455,186.6433805376859,-37.750301524686634
2024-04-19,Happiness Zone,178434.64008415455,284141.4663642153,78.43464008415455,184.14146636421532,-37.20218229062164
2024-04-22,Happiness Zone,178434.64008415455,286758.15938803693,78.43464008415455,186.75815938803692,-37.775217812477514
2024-04-23,Happiness Zone,178434.64008415455,290161.02313466475,78.43464008415455,190.16102313466473,-38.504959020170524
2024-04-24,Happiness Zone,178434.64008415455,290023.2920921379,78.43464008415455,190.02329209213792,-38.4757552412489
2024-04-25,Happiness Zone,178434.64008415455,288921.5153098098,78.43464008415455,188.92151530980982,-38.24113794612369
2024-04-26,Happiness Zone,178434.64008415455,291658.747593866,78.43464008415455,191.65874759386602,-38.82074802960332
2024-04-29,Happiness Zone,178434.64008415455,292691.63202072313,78.43464008415455,192.69163202072312,-39.03664452165785
2024-04-30,Happiness Zone,178434.64008415455,288055.02085912396,78.43464008415455,188.05502085912397,-38.0553619402386
2024-05-01,Happiness Zone,178434.64008415455,287119.70561085385,78.43464008415455,187.11970561085388,-37.85357236121057
2024-05-02,Happiness Zone,178434.64008415455,289805.25521120307,78.43464008415455,189.80525521120308,-38.42946707294328
2024-05-03,Happiness Zone,178434.64008415455,293397.4790156497,78.43464008415455,193.3974790156497,-39.183308362838076
2024-05-06,Happiness Zone,178434.64008415455,296427.3293881085,78.43464008415455,196.42732938810852,-39.804929440047566
2024-05-07,Happiness Zone,178434.64008415455,296754.4204884541,78.43464008415455,196.75442048845412,-39.87127814626877
2024-05-08,Happiness Zone,178434.64008415455,296783.07942209847,78.43464008415455,196.78307942209847,-39.87708449160721
2024-05-09,Happiness Zone,178434.64008415455,298493.1161312944,78.43464008415455,198.49311613129439,-40.221522560785374
2024-05-10,Happiness Zone,178434.64008415455,298877.6145462872,78.43464008415455,198.87761454628722,-40.298426044711235
2024-05-13,Happiness Zone,178434.64008415455,298917.74063128367,78.43464008415455,198.9177406312837,-40.30644025767127
2024-05-14,Happiness Zone,178434.64008415455,300289.2369782535,78.43464008415455,200.28923697825354,-40.579075733881034
2024-05-15,Happiness Zone,178434.64008415455,304007.7425633466,78.43464008415455,204.0077425633466,-41.30588958701477
2024-05-16,Happiness Zone,178434.64008415455,303382.25507524307,78.43464008415455,203.38225507524305,-41.18487910906317
2024-05-17,Happiness Zone,178434.64008415455,303818.32883711276,78.43464008415455,203.81832883711274,-41.269297093718336
2024-05-20,Happiness Zone,178434.64008415455,304168.4257980493,78.43464008415455,204.1684257980493,-41.3368959595349
2024-05-21,Happiness Zone,178434.64008415455,304914.3809885006,78.43464008415455,204.91438098850062,-41.4804118107883
2024-05-22,Happiness Zone,178434.64008415455,304036.401496991,78.43464008415455,204.036401496991,-41.311422183136024
2024-05-23,Happiness Zone,178434.64008415455,301815.67403951427,78.43464008415455,201.81567403951428,-40.87959790292616
2024-05-24,Happiness Zone,178434.64008415455,303812.6757640593,78.43464008415455,203.8126757640593,-41.26820428561487
2024-05-28,Happiness Zone,178434.64008415455,304024.95223511057,78.43464008415455,204.02495223511056,-41.30921203264714
2024-05-29,Happiness Zone,178434.64008415455,301895.9977673939,78.43464008415455,201.89599776739388,-40.895327727519046
2024-05-30,Happiness Zone,178434.64008415455,299893.2714119086,78.43464008415455,199.89327141190861,-40.500619022201576
2024-05-31,Happiness Zone,178434.64008415455,302624.77906502463,78.43464008415455,202.62477906502463,-41.03766365879296
2024-06-03,Happiness Zone,178434.64008415455,302871.54643749056,78.43464008415455,202.87154643749057,-41.08570376353212
2024-06-04,Happiness Zone,178434.64008415455,303210.08679971664,78.43464008415455,203.21008679971663,-41.15148279944316
2024-06-05,Happiness Zone,178434.64008415455,306813.7419765719,78.43464008415455,206.81374197657192,-41.84268314234122
2024-06-06,Happiness Zone,178434.64008415455,306808.08890351845,78.43464008415455,206.80808890351847,-41.841611568374695
2024-06-07,Happiness Zone,178434.64008415455,306435.0218609344,78.43464008415455,206.43502186093437,-41.77080707010985
2024-06-10,Happiness Zone,178434.64008415455,307381.8400394999,78.43464008415455,207.3818400394999,-41.95016853916128
2024-06-11,Happiness Zone,178434.64008415455,308122.1421568978,78.43464008415455,208.1221421568978,-42.08964054478939
2024-06-12,Happiness Zone,178434.64008415455,310652.7152640128,78.43464008415455,210.65271526401278,-42.56137760376269
2024-06-13,Happiness Zone,178434.64008415455,311278.2385310597,78.43464008415455,211.27823853105969,-42.67680229552888
2024-06-14,Happiness Zone,178434.64008415455,311467.6522572935,78.43464008415455,211.46765225729354,-42.71166241791447
2024-06-17,Happiness Zone,178434.64008415455,313946.5605701732,78.43464008415455,213.94656057017318,-43.16400862615251
2024-06-18,Happiness Zone,178434.64008415455,314744.1805548598,78.43464008415455,214.7441805548598,-43.30804154358194
2024-06-20,Happiness Zone,178434.64008415455,313889.2069239411,78.43464008415455,213.8892069239411,-43.15362358814991
2024-06-21,Happiness Zone,178434.64008415455,313468.3392130063,78.43464008415455,213.4683392130063,-43.07730071491985
2024-06-24,Happiness Zone,178434.64008415455,312449.3549056509,78.43464008415455,212.4493549056509,-42.89165994980666
2024-06-25,Happiness Zone,178434.64008415455,313652.600771394,78.43464008415455,213.65260077139396,-43.110741104867536
2024-06-26,Happiness Zone,178434.64008415455,314044.09396981687,78.43464008415455,214.04409396981686,-43.181660311273326
2024-06-27,Happiness Zone,178434.64008415455,314539.16720931395,78.43464008415455,214.53916720931394,-43.27109031689748
2024-06-28,Happiness Zone,178434.64008415455,313301.39466321276,78.43464008415455,213.3013946632128,-43.04696910910176
2024-07-01,Happiness Zone,178434.64008415455,313946.20278073946,78.43464008415455,213.94620278073947,-43.16394385289839
2024-07-02,Happiness Zone,178434.64008415455,316058.9493871067,78.43464008415455,216.0589493871067,-43.543873562140746
2024-07-03,Happiness Zone,178434.64008415455,317469.42689288495,78.43464008415455,217.46942689288494,-43.794701168387185
2024-07-05,Happiness Zone,178434.64008415455,319300.0923096739,78.43464008415455,219.30009230967391,-44.11694691553696
2024-07-08,Happiness Zone,178434.64008415455,319668.54386856244,78.43464008415455,219.66854386856244,-44.18135800139247
2024-07-09,Happiness Zone,178434.64008415455,319979.39132861525,78.43464008415455,219.97939132861526,-44.23558362828931
2024-07-10,Happiness Zone,178434.64008415455,323145.72048058274,78.43464008415455,223.14572048058272,-44.78198881334825
2024-07-11,Happiness Zone,178434.64008415455,320359.3279283276,78.43464008415455,220.35932792832762,-44.30171856145395
2024-07-12,Happiness Zone,178434.64008415455,322380.0868712745,78.43464008415455,222.3800868712745,-44.65084930776043
2024-07-15,Happiness Zone,178434.64008415455,323266.65330919443,78.43464008415455,223.26665330919445,-44.80264566185013
2024-07-16,Happiness Zone,178434.64008415455,325183.61753740686,78.43464008415455,225.18361753740686,-45.12803522040015
2024-07-17,Happiness Zone,178434.64008415455,320624.19944614195,78.43464008415455,220.62419944614194,-44.34773158345842
2024-07-18,Happiness Zone,178434.64008415455,318160.2467315935,78.43464008415455,218.1602467315935,-43.91673946786769
2024-07-19,Happiness Zone,178434.64008415455,316047.42856733955,78.43464008415455,216.04742856733955,-43.541815577171874
2024-07-22,Happiness Zone,178434.64008415455,319305.9242774442,78.43464008415455,219.30592427744418,-44.11796759238544
2024-07-23,Happiness Zone,178434.64008415455,318805.05484912015,78.43464008415455,218.80505484912015,-44.03017224159079
2024-07-24,Happiness Zone,178434.64008415455,311580.1412552684,78.43464008415455,211.58014125526842,-42.73234508294021
2024-07-25,Happiness Zone,178434.64008415455,309956.635920628,78.43464008415455,209.95663592062797,-42.43238588708675
2024-07-26,Happiness Zone,178434.64008415455,313428.1236806514,78.43464008415455,213.4281236806514,-43.06999704150362
2024-07-29,Happiness Zone,178434.64008415455,313612.27790220897,78.43464008415455,213.61227790220897,-43.103426537466646
2024-07-30,Happiness Zone,178434.64008415455,312023.40658475674,78.43464008415455,212.02340658475674,-42.81370040882324
2024-07-31,Happiness Zone,178434.64008415455,317095.21492411284,78.43464008415455,217.09521492411287,-43.728371893957
2024-08-01,Happiness Zone,178434.64008415455,312604.8501935641,78.43464008415455,212.6048501935641,-42.92006666765781
2024-08-02,Happiness Zone,178434.64008415455,306784.65369560703,78.43464008415455,206.784653695607,-41.83716886269085
2024-08-05,Happiness Zone,178434.64008415455,297849.9717346347,78.43464008415455,197.8499717346347,-40.09244350604525
2024-08-06,Happiness Zone,178434.64008415455,300596.04141770484,78.43464008415455,200.5960414177048,-40.639723915657356
2024-08-07,Happiness Zone,178434.64008415455,298586.8032945251,78.43464008415455,198.58680329452508,-40.24027916995809
2024-08-08,Happiness Zone,178434.64008415455,305489.3128296135,78.43464008415455,205.48931282961348,-41.59054585857923
2024-08-09,Happiness Zone,178434.64008415455,306836.42582667246,78.43464008415455,206.83642582667247,-41.84698260533456
2024-08-12,Happiness Zone,178434.64008415455,306997.64574552584,78.43464008415455,206.9976457455258,-41.877521682345
2024-08-13,Happiness Zone,178434.64008415455,312046.37666640425,78.43464008415455,212.04637666640426,-42.817909956085934
2024-08-14,Happiness Zone,178434.64008415455,313030.8342934016,78.43464008415455,213.03083429340163,-42.997743181775824
2024-08-15,Happiness Zone,178434.64008415455,318396.2446421032,78.43464008415455,218.3962446421032,-43.95830884100849
2024-08-16,Happiness Zone,178434.64008415455,319110.10612034606,78.43464008415455,219.11010612034607,-44.08367624155988
2024-08-19,Happiness Zone,178434.64008415455,322161.29863252875,78.43464008415455,222.16129863252877,-44.613260239031725
2024-08-20,Happiness Zone,178434.64008415455,321637.351785727,78.43464008415455,221.63735178572702,-44.52303530871418
2024-08-21,Happiness Zone,178434.64008415455,322742.7064623927,78.43464008415455,222.7427064623927,-44.71303719300423
2024-08-22,Happiness Zone,178434.64008415455,320209.6288292414,78.43464008415455,220.2096288292414,-44.275679423959915
2024-08-23,Happiness Zone,178434.64008415455,323611.99167066196,78.43464008415455,223.61199167066195,-44.861548806341375
2024-08-26,Happiness Zone,178434.64008415455,322840.5976514701,78.43464008415455,222.84059765147012,-44.729801213914335
2024-08-27,Happiness Zone,178434.64008415455,323283.8629809584,78.43464008415455,223.28386298095842,-44.805584034157484
2024-08-28,Happiness Zone,178434.64008415455,321407.1142851009,78.43464008415455,221.4071142851009,-44.48329481410423
2024-08-29,Happiness Zone,178434.64008415455,321435.8805555754,78.43464008415455,221.43588055557544,-44.488263172193165
2024-08-30,Happiness Zone,178434.64008415455,324504.3542974089,78.43464008415455,224.50435429740887,-45.01317541008437
2024-09-03,Happiness Zone,178434.64008415455,317826.3576320064,78.43464008415455,217.8263576320064,-43.85782179502111
2024-09-04,Happiness Zone,178434.64008415455,317175.8248835395,78.43464008415455,217.1758248835395,-43.74267327919078
2024-09-05,Happiness Zone,178434.64008415455,316404.39508540434,78.43464008415455,216.40439508540433,-43.60551153659189
2024-09-06,Happiness Zone,178434.64008415455,311079.2718269444,78.43464008415455,211.0792718269444,-42.64013830422652
2024-09-09,Happiness Zone,178434.64008415455,314562.20884884824,78.43464008415455,214.56220884884823,-43.275245701909796
2024-09-10,Happiness Zone,178434.64008415455,315932.32770649815,78.43464008415455,215.93232770649817,-43.52124666079733
2024-09-11,Happiness Zone,178434.64008415455,319173.47062906536,78.43464008415455,219.17347062906535,-44.09477713405373
2024-09-12,Happiness Zone,178434.64008415455,321861.90043435636,78.43464008415455,221.86190043435636,-44.56173910507738
2024-09-13,Happiness Zone,178434.64008415455,323542.9025310024,78.43464008415455,223.54290253100243,-44.84977457755958
2024-09-16,Happiness Zone,178434.64008415455,324020.76609873556,78.43464008415455,224.02076609873558,-44.931109745669204
2024-09-17,Happiness Zone,178434.64008415455,324153.1481892277,78.43464008415455,224.1531481892277,-44.953599531295765
2024-09-18,Happiness Zone,178434.64008415455,323191.767980708,78.43464008415455,223.19176798070797,-44.789856128140705
2024-09-19,Happiness Zone,178434.64008415455,328706.9132074391,78.43464008415455,228.70691320743913,-45.71618882516514
2024-09-20,Happiness Zone,178434.64008415455,328138.6362497942,78.43464008415455,228.13863624979422,-45.622179051075875
2024-09-23,Happiness Zone,178434.64008415455,328958.58229514764,78.43464008415455,228.95858229514766,-45.757718543406256
2024-09-24,Happiness Zone,178434.64008415455,329899.8905164332,78.43464008415455,229.8998905164332,-45.91248884477389
2024-09-25,Happiness Zone,178434.64008415455,329172.2899239339,78.43464008415455,229.1722899239339,-45.79293411198502
2024-09-26,Happiness Zone,178434.64008415455,330477.32688358246,78.43464008415455,230.47732688358246,-46.00699486200701
2024-09-27,Happiness Zone,178434.64008415455,329998.0321581143,78.43464008415455,229.9980321581143,-45.92857450778376
2024-09-30,Happiness Zone,178434.64008415455,331320.4219053003,78.43464008415455,231.32042190530032,-46.14438824566158
2024-10-01,Happiness Zone,178434.64008415455,328352.30809963716,78.43464008415455,228.35230809963716,-45.657564852564
2024-10-02,Happiness Zone,178434.64008415455,328490.91572627675,78.43464008415455,228.49091572627677,-45.68049478943897
2024-10-03,Happiness Zone,178434.64008415455,327890.3661617065,78.43464008415455,227.89036616170654,-45.581005574236514
2024-10-04,Happiness Zone,178434.64008415455,330870.0007871367,78.43464008415455,230.87000078713672,-46.07107333404051
2024-10-07,Happiness Zone,178434.64008415455,327878.809562996,78.43464008415455,227.87880956299597,-45.57908749212059
2024-10-08,Happiness Zone,178434.64008415455,330979.6990275283,78.43464008415455,230.9796990275283,-46.08894726521768
2024-10-09,Happiness Zone,178434.64008415455,333272.23482436116,78.43464008415455,233.27223482436116,-46.45979429453764
2024-10-10,Happiness Zone,178434.64008415455,332688.96648944163,78.43464008415455,232.68896648944164,-46.365927921502795
2024-10-11,Happiness Zone,178434.64008415455,334681.20961451763,78.43464008415455,234.68120961451763,-46.6851932650555
2024-10-14,Happiness Zone,178434.64008415455,337418.37034068705,78.43464008415455,237.41837034068703,-47.117686596615535
2024-10-15,Happiness Zone,178434.64008415455,334796.73982267955,78.43464008415455,234.79673982267957,-46.70359090752796
2024-10-16,Happiness Zone,178434.64008415455,336251.9052287348,78.43464008415455,236.25190522873476,-46.93423671078541
2024-10-17,Happiness Zone,178434.64008415455,336280.70727815264,78.43464008415455,236.28070727815262,-46.93878173136963
2024-10-18,Happiness Zone,178434.64008415455,337574.29497592075,78.43464008415455,237.57429497592076,-47.14211279123538
2024-10-21,Happiness Zone,178434.64008415455,337019.9002483058,78.43464008415455,237.01990024830582,-47.05516203859492
2024-10-22,Happiness Zone,178434.64008415455,336840.8981945945,78.43464008415455,236.84089819459447,-47.02702639717102
2024-10-23,Happiness Zone,178434.64008415455,333763.01459065307,78.43464008415455,233.76301459065309,-46.53852215980328
2024-10-24,Happiness Zone,178434.64008415455,334484.8905522122,78.43464008415455,234.4848905522122,-46.653901230165914
2024-10-25,Happiness Zone,178434.64008415455,334369.3603440503,78.43464008415455,234.36936034405028,-46.6354692605346
2024-10-28,Happiness Zone,178434.64008415455,335403.04979713337,78.43464008415455,235.40304979713338,-46.79993512519348
2024-10-29,Happiness Zone,178434.64008415455,335945.816368151,78.43464008415455,235.945816368151,-46.88588713109188
2024-10-30,Happiness Zone,178434.64008415455,334929.5154815488,78.43464008415455,234.9295154815488,-46.724719131543814
2024-10-31,Happiness Zone,178434.64008415455,328363.8646983477,78.43464008415455,228.3638646983477,-45.65947740684744
2024-11-01,Happiness Zone,178434.64008415455,329749.72629108315,78.43464008415455,229.74972629108316,-45.88785801549287
2024-11-04,Happiness Zone,178434.64008415455,329039.47848612134,78.43464008415455,229.03947848612134,-45.77105431083377
2024-11-05,Happiness Zone,178434.64008415455,333018.13276850304,78.43464008415455,233.01813276850302,-46.41894163517124
2024-11-06,Happiness Zone,178434.64008415455,341298.811423501,78.43464008415455,241.29881142350098,-47.71893891457367
2024-11-07,Happiness Zone,178434.64008415455,343937.8305079894,78.43464008415455,243.9378305079894,-48.120089081038245
2024-11-08,Happiness Zone,178434.64008415455,345427.6657101762,78.43464008415455,245.42766571017626,-48.34384798990988
2024-11-11,Happiness Zone,178434.64008415455,345756.7962102943,78.43464008415455,245.7567962102943,-48.39302016911679
2024-11-12,Happiness Zone,178434.64008415455,344682.7123301394,78.43464008415455,244.68271233013942,-48.23220495223194
2024-11-13,Happiness Zone,178434.64008415455,344850.1220061969,78.43464008415455,244.8501220061969,-48.25733595624243
2024-11-14,Happiness Zone,178434.64008415455,342632.7935483409,78.43464008415455,242.6327935483409,-47.922486275681074
2024-11-15,Happiness Zone,178434.64008415455,338244.11257486744,78.43464008415455,238.24411257486742,-47.246786137435116
2024-11-18,Happiness Zone,178434.64008415455,339630.0457254896,78.43464008415455,239.63004572548962,-47.46205692638375
2024-11-19,Happiness Zone,178434.64008415455,340871.5392817019,78.43464008415455,240.87153928170187,-47.653406189276126
2024-11-20,Happiness Zone,178434.64008415455,340986.99793197704,78.43464008415455,240.98699793197702,-47.671130815448215
2024-11-21,Happiness Zone,178434.64008415455,342817.4844540491,78.43464008415455,242.81748445404907,-47.95054273024637
2024-11-22,Happiness Zone,178434.64008415455,343880.04751443677,78.43464008415455,243.88004751443674,-48.11137157451291
2024-11-25,Happiness Zone,178434.64008415455,345046.5484053325,78.43464008415455,245.0465484053325,-48.28679176510872
2024-11-26,Happiness Zone,178434.64008415455,346848.19709904323,78.43464008415455,246.84819709904323,-48.555407934497005
2024-11-27,Happiness Zone,178434.64008415455,345797.1906373661,78.43464008415455,245.79719063736607,-48.39904865760546
2024-11-29,Happiness Zone,178434.64008415455,347945.3941766191,78.43464008415455,247.94539417661912,-48.71763125176473
2024-12-02,Happiness Zone,178434.64008415455,348568.94960178033,78.43464008415455,248.56894960178036,-48.809370344660444
2024-12-03,Happiness Zone,178434.64008415455,348730.67042584094,78.43464008415455,248.73067042584097,-48.833109555214925
2024-12-04,Happiness Zone,178434.64008415455,350896.11941580137,78.43464008415455,250.8961194158014,-49.14887050297787
2024-12-05,Happiness Zone,178434.64008415455,350318.6114907654,78.43464008415455,250.3186114907654,-49.065041299166545
2024-12-06,Happiness Zone,178434.64008415455,350982.77601665864,78.43464008415455,250.98277601665865,-49.16142549522557
2024-12-09,Happiness Zone,178434.64008415455,349175.33113412093,78.43464008415455,249.17533113412094,-48.89826852756204
2024-12-10,Happiness Zone,178434.64008415455,348089.7622131423,78.43464008415455,248.0897622131423,-48.738900291214115
2024-12-11,Happiness Zone,178434.64008415455,350780.66076552623,78.43464008415455,250.78066076552625,-49.13213297028756
2024-12-12,Happiness Zone,178434.64008415455,348973.2516619319,78.43464008415455,248.97325166193193,-48.86867711654496
2024-12-13,Happiness Zone,178434.64008415455,348903.9120696687,78.43464008415455,248.90391206966868,-48.85851550769515
2024-12-16,Happiness Zone,178434.64008415455,350393.74727185554,78.43464008415455,250.39374727185555,-49.07596340590098
2024-12-17,Happiness Zone,178434.64008415455,348950.13846451085,78.43464008415455,248.95013846451084,-48.86529036230721
2024-12-18,Happiness Zone,178434.64008415455,338550.16565650783,78.43464008415455,238.55016565650783,-47.29447562427309
2024-12-19,Happiness Zone,178434.64008415455,338446.19204705645,78.43464008415455,238.44619204705646,-47.27828402946085
2024-12-20,Happiness Zone,178434.64008415455,342511.2882566352,78.43464008415455,242.5112882566352,-47.90401186706059
2024-12-23,Happiness Zone,178434.64008415455,344562.35196462175,78.43464008415455,244.56235196462174,-48.21412174987838
2024-12-24,Happiness Zone,178434.64008415455,348392.1658425583,78.43464008415455,248.3921658425583,-48.783394812387705
2024-12-26,Happiness Zone,178434.64008415455,348415.3505978661,78.43464008415455,248.41535059786614,-48.786802941383556
2024-12-27,Happiness Zone,178434.64008415455,344747.75844919746,78.43464008415455,244.74775844919745,-48.24197236645733
2024-12-30,Happiness Zone,178434.64008415455,340813.6131723758,78.43464008415455,240.81361317237574,-47.64450914291785
2024-12-31,Happiness Zone,178434.64008415455,339573.7296686154,78.43464008415455,239.57372966861539,-47.453343856049734
2025-01-02,Happiness Zone,178434.64008415455,338739.36470908136,78.43464008415455,238.73936470908137,-47.32391370061194
2025-01-03,Happiness Zone,178434.64008415455,342974.7686891311,78.43464008415455,242.97476868913108,-47.97441200524989
2025-01-06,Happiness Zone,178434.64008415455,344950.553500254,78.43464008415455,244.950553500254,-48.27240070393939
2025-01-07,Happiness Zone,178434.64008415455,341051.22113533743,78.43464008415455,241.0512211353374,-47.68098484146833
2025-01-08,Happiness Zone,178434.64008415455,341549.478700795,78.43464008415455,241.54947870079496,-47.75730861516925
2025-01-10,Happiness Zone,178434.64008415455,336334.8765984243,78.43464008415455,236.3348765984243,-46.947327648924976
2025-01-13,Happiness Zone,178434.64008415455,336856.354698133,78.43464008415455,236.856354698133,-47.02945703842959
2025-01-14,Happiness Zone,178434.64008415455,337319.8351306289,78.43464008415455,237.3198351306289,-47.10223903226598
2025-01-15,Happiness Zone,178434.64008415455,343455.7092459945,78.43464008415455,243.45570924599454,-48.047263364501624
2025-01-16,Happiness Zone,178434.64008415455,342795.1583933823,78.43464008415455,242.79515839338234,-47.94715277763992
2025-01-17,Happiness Zone,178434.64008415455,346236.84229357337,78.43464008415455,246.23684229357337,-48.46457156258944
2025-01-21,Happiness Zone,178434.64008415455,349406.0695399543,78.43464008415455,249.4060695399543,-48.93201474173284
2025-01-22,Happiness Zone,178434.64008415455,351370.29775236675,78.43464008415455,251.37029775236675,-49.217494698453734
2025-01-23,Happiness Zone,178434.64008415455,353288.0848962768,78.43464008415455,253.2880848962768,-49.49316217767665
2025-01-24,Happiness Zone,178434.64008415455,352256.7210745132,78.43464008415455,252.2567210745132,-49.34528444486086
2025-01-27,Happiness Zone,178434.64008415455,347273.93074627715,78.43464008415455,247.27393074627716,-48.618475420626595
2025-01-28,Happiness Zone,178434.64008415455,350257.82306596916,78.43464008415455,250.25782306596915,-49.05620136554456
2025-01-29,Happiness Zone,178434.64008415455,348687.6283569593,78.43464008415455,248.68762835695932,-48.82679350427455
2025-01-30,Happiness Zone,178434.64008415455,350559.1175481405,78.43464008415455,250.55911754814053,-49.09998595040078
2025-01-31,Happiness Zone,178434.64008415455,348693.4603247297,78.43464008415455,248.69346032472967,-48.82764938637428
2025-02-03,Happiness Zone,178434.64008415455,346346.89832339867,78.43464008415455,246.34689832339865,-48.48094758523212
2025-02-04,Happiness Zone,178434.64008415455,348670.2755694219,78.43464008415455,248.6702755694219,-48.82424669187856
2025-02-05,Happiness Zone,178434.64008415455,350084.0089590474,78.43464008415455,250.0840089590474,-49.03090814838455
2025-02-06,Happiness Zone,178434.64008415455,351300.74348644336,78.43464008415455,251.30074348644337,-49.207440236732566
2025-02-07,Happiness Zone,178434.64008415455,348085.1109505034,78.43464008415455,248.08511095050338,-48.73821531840027
2025-02-10,Happiness Zone,178434.64008415455,350449.02573937183,78.43464008415455,250.44902573937185,-49.083995965548496
2025-02-11,Happiness Zone,178434.64008415455,350715.57886752486,78.43464008415455,250.71557886752487,-49.122693477054135
2025-02-12,Happiness Zone,178434.64008415455,349585.71561464644,78.43464008415455,249.58571561464643,-48.958257699280324
2025-02-13,Happiness Zone,178434.64008415455,353276.4925186229,78.43464008415455,253.2764925186229,-49.49150485161466
2025-02-14,Happiness Zone,178434.64008415455,353259.06817319867,78.43464008415455,253.25906817319867,-49.4890135426983
2025-02-18,Happiness Zone,178434.64008415455,354296.22818378924,78.43464008415455,254.29622818378922,-49.636878439588536
2025-02-19,Happiness Zone,178434.64008415455,355130.55736437987,78.43464008415455,255.13055736437988,-49.75519949383781
2025-02-20,Happiness Zone,178434.64008415455,353653.1016766013,78.43464008415455,253.65310167660127,-49.5452919150913
2025-02-21,Happiness Zone,178434.64008415455,347604.2061725833,78.43464008415455,247.6042061725833,-48.6672954712283
2025-02-24,Happiness Zone,178434.64008415455,346022.3833069762,78.43464008415455,246.02238330697617,-48.432630750983805
2025-02-25,Happiness Zone,178434.64008415455,344301.6308042391,78.43464008415455,244.30163080423907,-48.17490708151544
2025-02-26,Happiness Zone,178434.64008415455,344475.37335327413,78.43464008415455,244.4753733532741,-48.20104602915627
2025-02-27,Happiness Zone,178434.64008415455,338976.9368930996,78.43464008415455,238.97693689309963,-47.36083176643194
2025-02-28,Happiness Zone,178434.64008415455,344266.85367127735,78.43464008415455,244.26685367127737,-48.169671816697004
2025-03-03,Happiness Zone,178434.64008415455,338235.31095479685,78.43464008415455,238.23531095479686,-47.24541338381986
2025-03-04,Happiness Zone,178434.64008415455,334231.6829699385,78.43464008415455,234.2316829699385,-46.61348723777232
2025-03-05,Happiness Zone,178434.64008415455,337823.9246638568,78.43464008415455,237.82392466385681,-47.18117129753274
2025-03-06,Happiness Zone,178434.64008415455,331827.159080338,78.43464008415455,231.82715908033802,-46.2266317866543
2025-03-07,Happiness Zone,178434.64008415455,333687.02011492196,78.43464008415455,233.68702011492198,-46.526346747709404
2025-03-10,Happiness Zone,178434.64008415455,324799.10123294237,78.43464008415455,224.79910123294235,-45.06307455691413
2025-03-11,Happiness Zone,178434.64008415455,322099.0432710541,78.43464008415455,222.09904327105411,-44.60255507993003
2025-03-12,Happiness Zone,178434.64008415455,323808.3107329674,78.43464008415455,223.8083107329674,-44.89497824183304
2025-03-13,Happiness Zone,178434.64008415455,319491.7958882838,78.43464008415455,219.49179588828383,-44.150478234330784
2025-03-14,Happiness Zone,178434.64008415455,326091.1146572019,78.43464008415455,226.0911146572019,-45.28074146646678
2025-03-17,Happiness Zone,178434.64008415455,328605.73035557114,78.43464008415455,228.60573035557113,-45.69947398936788
2025-03-18,Happiness Zone,178434.64008415455,325053.99042555474,78.43464008415455,225.05399042555476,-45.10615302690141
2025-03-19,Happiness Zone,178434.64008415455,328594.1021989738,78.43464008415455,228.59410219897381,-45.69755242408249
2025-03-20,Happiness Zone,178434.64008415455,327643.9207997309,78.43464008415455,227.64392079973095,-45.540073001012296
2025-03-21,Happiness Zone,178434.64008415455,327751.9732087272,78.43464008415455,227.7519732087272,-45.55802720659157
2025-03-24,Happiness Zone,178434.64008415455,333621.5446485434,78.43464008415455,233.62154464854342,-46.51585218450801
2025-03-25,Happiness Zone,178434.64008415455,334423.5296643219,78.43464008415455,234.4235296643219,-46.64411315099193
2025-03-26,Happiness Zone,178434.64008415455,330431.10048874037,78.43464008415455,230.43110048874036,-45.99944139028317
2025-03-27,Happiness Zone,178434.64008415455,329553.5503445512,78.43464008415455,229.5535503445512,-45.85564625305978
2025-03-28,Happiness Zone,178434.64008415455,322916.91413769167,78.43464008415455,222.91691413769166,-44.742863482192796
2025-03-31,Happiness Zone,178434.64008415455,325084.545643198,78.43464008415455,225.08454564319803,-45.111312587588074
2025-04-01,Happiness Zone,178434.64008415455,326002.77644600597,78.43464008415455,226.00277644600598,-45.26591398104007
2025-04-02,Happiness Zone,178434.64008415455,328065.8261000236,78.43464008415455,228.0658261000236,-45.61011056672759
2025-04-03,Happiness Zone,178434.64008415455,311898.4665144869,78.43464008415455,211.89846651448687,-42.79079276080162
2025-04-04,Happiness Zone,178434.64008415455,293639.0226623827,78.43464008415455,193.6390226623827,-39.233335383589896
2025-04-07,Happiness Zone,178434.64008415455,293116.0060681088,78.43464008415455,193.1160060681088,-39.12490741201855
2025-04-08,Happiness Zone,178434.64008415455,288524.97728037095,78.43464008415455,188.52497728037093,-38.15625885631293
2025-04-09,Happiness Zone,178434.64008415455,318825.6992994483,78.43464008415455,218.8256992994483,-44.03379637330781
2025-04-10,Happiness Zone,178434.64008415455,304855.0595003828,78.43464008415455,204.85505950038282,-41.469024533630716
2025-04-11,Happiness Zone,178434.64008415455,310294.53226187325,78.43464008415455,210.29453226187326,-42.4950743464714
2025-04-14,Happiness Zone,178434.64008415455,313304.8294417769,78.43464008415455,213.3048294417769,-43.0475934884004
2025-04-15,Happiness Zone,178434.64008415455,312427.27929758775,78.43464008415455,212.42727929758775,-42.88762476653163
2025-04-16,Happiness Zone,178434.64008415455,305482.6579461455,78.43464008415455,205.4826579461455,-41.58927341937317
2025-04-17,Happiness Zone,178434.64008415455,305918.5170343549,78.43464008415455,205.91851703435492,-41.67249442304397
2025-04-21,Happiness Zone,178434.64008415455,298636.84014683677,78.43464008415455,198.63684014683676,-40.25029196115925
2025-04-22,Happiness Zone,178434.64008415455,306406.6849377804,78.43464008415455,206.40668493778037,-41.76542195207396
2025-04-23,Happiness Zone,178434.64008415455,311154.5865027514,78.43464008415455,211.1545865027514,-42.654022204947715
2025-04-24,Happiness Zone,178434.64008415455,317704.0652035464,78.43464008415455,217.70406520354638,-43.83621123329499
2025-04-25,Happiness Zone,178434.64008415455,319999.6064316228,78.43464008415455,219.9996064316228,-44.23910639331293
2025-04-28,Happiness Zone,178434.64008415455,320121.61262853583,78.43464008415455,220.12161262853581,-44.260358237290475
2025-04-29,Happiness Zone,178434.64008415455,322138.1854351077,78.43464008415455,222.13818543510766,-44.60928627782971
2025-04-30,Happiness Zone,178434.64008415455,322266.02359979105,78.43464008415455,222.26602359979103,-44.63125895463767
2025-05-01,Happiness Zone,178434.64008415455,324549.90089232684,78.43464008415455,224.54990089232686,-45.020892135982415
2025-05-02,Happiness Zone,178434.64008415455,329367.6071758249,78.43464008415455,229.36760717582487,-45.8250792741432
2025-05-05,Happiness Zone,178434.64008415455,327478.8725339363,78.43464008415455,227.47887253393628,-45.512625378401
2025-05-06,Happiness Zone,178434.64008415455,324741.6760288235,78.43464008415455,224.7416760288235,-45.05335986862462
2025-05-07,Happiness Zone,178434.64008415455,326107.3940764381,78.43464008415455,226.1073940764381,-45.2834730750293
2025-05-08,Happiness Zone,178434.64008415455,328379.60743343324,78.43464008415455,228.37960743343322,-45.6620825273611
2025-05-09,Happiness Zone,178434.64008415455,327961.24424853484,78.43464008415455,227.96124424853485,-45.5927664584253
2025-05-12,Happiness Zone,178434.64008415455,338799.50911289686,78.43464008415455,238.79950911289686,-47.33326487061247
2025-05-13,Happiness Zone,178434.64008415455,341036.9095579869,78.43464008415455,241.03690955798686,-47.67878927960578
2025-05-14,Happiness Zone,178434.64008415455,341472.7686461963,78.43464008415455,241.4727686461963,-47.745572570375984
2025-05-15,Happiness Zone,178434.64008415455,343140.6398706233,78.43464008415455,243.1406398706233,-47.99956071905939
2025-05-16,Happiness Zone,178434.64008415455,345314.1033439,78.43464008415455,245.3141033439,-48.32685999318984
2025-05-19,Happiness Zone,178434.64008415455,345691.82164912304,78.43464008415455,245.69182164912303,-48.383320371036845
2025-05-20,Happiness Zone,178434.64008415455,344529.5426735457,78.43464008415455,244.5295426735457,-48.20919021936303
2025-05-21,Happiness Zone,178434.64008415455,338723.90820554283,78.43464008415455,238.72390820554284,-47.321510008122104
2025-05-22,Happiness Zone,178434.64008415455,338857.6141169399,78.43464008415455,238.85761411693989,-47.34229580493455
2025-05-23,Happiness Zone,178434.64008415455,336544.68432238256,78.43464008415455,236.54468432238252,-46.98040159409304
2025-05-27,Happiness Zone,178434.64008415455,343541.61448904086,78.43464008415455,243.54161448904085,-48.060254548915296
2025-05-28,Happiness Zone,178434.64008415455,341554.1299634339,78.43464008415455,241.5541299634339,-47.758020052851535
2025-05-29,Happiness Zone,178434.64008415455,342902.3521077375,78.43464008415455,242.9023521077375,-47.96342486793685
2025-05-30,Happiness Zone,178434.64008415455,342518.83761368756,78.43464008415455,242.51883761368757,-47.90516009942688
2025-06-02,Happiness Zone,178434.64008415455,344448.2529141949,78.43464008415455,244.44825291419488,-48.196967592515506
2025-06-03,Happiness Zone,178434.64008415455,346412.44534766395,78.43464008415455,246.41244534766395,-48.49069585098905
2025-06-04,Happiness Zone,178434.64008415455,346319.4558738291,78.43464008415455,246.3194558738291,-48.476865201254604
2025-06-05,Happiness Zone,178434.64008415455,344645.75268163177,78.43464008415455,244.6457526816318,-48.22665339822585
2025-06-06,Happiness Zone,178434.64008415455,348184.9342025231,78.43464008415455,248.18493420252307,-48.75291187057296
2025-06-09,Happiness Zone,178434.64008415455,348498.75131487614,78.43464008415455,248.49875131487616,-48.79905898918558
2025-06-10,Happiness Zone,178434.64008415455,350474.64346282923,78.43464008415455,250.47464346282925,-49.087717638814276
2025-06-11,Happiness Zone,178434.64008415455,349475.0513427837,78.43464008415455,249.47505134278373,-48.94209489388231
2025-06-12,Happiness Zone,178434.64008415455,350863.98992464953,78.43464008415455,250.86398992464956,-49.14421393814891
2025-06-13,Happiness Zone,178434.64008415455,346941.3296886516,78.43464008415455,246.94132968865162,-48.569217670237364
2025-06-16,Happiness Zone,178434.64008415455,350242.1518887704,78.43464008415455,250.2421518887704,-49.053921944603154
2025-06-17,Happiness Zone,178434.64008415455,347249.3148332343,78.43464008415455,247.24931483323428,-48.61483307178089
2025-06-18,Happiness Zone,178434.64008415455,347196.9702390749,78.43464008415455,247.19697023907491,-48.607086069533665
2025-06-20,Happiness Zone,178434.64008415455,346381.60389847367,78.43464008415455,246.38160389847368,-48.48610951739379
2025-06-23,Happiness Zone,178434.64008415455,349802.965358827,78.43464008415455,249.80296535882695,-48.989957846378815
2025-06-24,Happiness Zone,178434.64008415455,353667.30591712164,78.43464008415455,253.66730591712164,-49.54731831333912
2025-06-25,Happiness Zone,178434.64008415455,353865.48548448266,78.43464008415455,253.86548548448266,-49.57557393882115
2025-06-26,Happiness Zone,178434.64008415455,356634.06012293644,78.43464008415455,256.63406012293643,-49.967022212447745
2025-06-27,Happiness Zone,178434.64008415455,358405.94073575817,78.43464008415455,258.4059407357582,-50.214374315935515
2025-06-30,Happiness Zone,178434.64008415455,360119.53744982,78.43464008415455,260.11953744982003,-50.45127477733193
2025-07-01,Happiness Zone,178434.64008415455,360003.00543124357,78.43464008415455,260.0030054312436,-50.435235986319135
2025-07-02,Happiness Zone,178434.64008415455,361635.0261544076,78.43464008415455,261.63502615440757,-50.65891653758998
2025-07-03,Happiness Zone,178434.64008415455,364485.2125627026,78.43464008415455,264.4852125627026,-51.04475190376665
2025-07-07,Happiness Zone,178434.64008415455,361769.0182973516,78.43464008415455,261.7690182973516,-50.677191506351605
2025-07-08,Happiness Zone,178434.64008415455,361570.91028787737,78.43464008415455,261.5709102878774,-50.65016708836241
2025-07-09,Happiness Zone,178434.64008415455,363739.11425647774,78.43464008415455,263.73911425647776,-50.944335351754965
2025-07-10,Happiness Zone,178434.64008415455,364764.93234201806,78.43464008415455,264.7649323420181,-51.082293207712425
2025-07-11,Happiness Zone,178434.64008415455,363482.6865693002,78.43464008415455,263.4826865693002,-50.90972784197938
2025-07-14,Happiness Zone,178434.64008415455,364176.2613866487,78.43464008415455,264.1762613866487,-51.00322041729426
2025-07-15,Happiness Zone,178434.64008415455,362620.0204655556,78.43464008415455,262.62002046555557,-50.7929430219908
2025-07-16,Happiness Zone,178434.64008415455,363832.3541829162,78.43464008415455,263.8323541829162,-50.95690692905042
2025-07-17,Happiness Zone,178434.64008415455,366058.8778292199,78.43464008415455,266.0588778292199,-51.25520759329844
2025-07-18,Happiness Zone,178434.64008415455,365790.7862065017,78.43464008415455,265.7907862065017,-51.21948206114138
2025-07-21,Happiness Zone,178434.64008415455,366484.3968027936,78.43464008415455,266.4843968027936,-51.311804365802026
2025-07-22,Happiness Zone,178434.64008415455,366536.8487337832,78.43464008415455,266.5368487337832,-51.318771714067914
2025-07-23,Happiness Zone,178434.64008415455,369655.1267647963,78.43464008415455,269.6551267647963,-51.72942909089186
2025-07-24,Happiness Zone,178434.64008415455,369777.52653008647,78.43464008415455,269.7775265300865,-51.745407094220354
2025-07-25,Happiness Zone,178434.64008415455,371339.5994189499,78.43464008415455,271.33959941894994,-51.94839430985587
2025-07-28,Happiness Zone,178434.64008415455,371246.35949251143,78.43464008415455,271.24635949251143,-51.936325967459396
2025-07-29,Happiness Zone,178434.64008415455,370267.1613701904,78.43464008415455,270.2671613701904,-51.80921812675769
2025-07-30,Happiness Zone,178434.64008415455,369800.8544011678,78.43464008415455,269.8008544011678,-51.74845110266162
2025-07-31,Happiness Zone,178434.64008415455,368413.63320858404,78.43464008415455,268.41363320858403,-51.566765179091355
2025-08-01,Happiness Zone,178434.64008415455,362375.1851560319,78.43464008415455,262.37518515603193,-50.75969674708163
2025-08-04,Happiness Zone,178434.64008415455,367883.2461519746,78.43464008415455,267.88324615197456,-51.496937696792465
2025-08-05,Happiness Zone,178434.64008415455,366018.089833771,78.43464008415455,266.018089833771,-51.2497756148633
2025-08-06,Happiness Zone,178434.64008415455,368821.6562788467,78.43464008415455,268.8216562788467,-51.620346298415434
2025-08-07,Happiness Zone,178434.64008415455,368512.7408817363,78.43464008415455,268.51274088173625,-51.57979079441974
2025-08-08,Happiness Zone,178434.64008415455,371386.2193821692,78.43464008415455,271.3862193821692,-51.95442620865284
2025-08-11,Happiness Zone,178434.64008415455,370651.8207904284,78.43464008415455,270.6518207904284,-51.859230125016985
2025-08-12,Happiness Zone,178434.64008415455,374597.7731185642,78.43464008415455,274.5977731185642,-52.3663372051926
2025-08-13,Happiness Zone,178434.64008415455,375880.0904491688,78.43464008415455,275.8800904491688,-52.52883975021692
2025-08-14,Happiness Zone,178434.64008415455,375915.04647684743,78.43464008415455,275.91504647684746,-52.53325405394638
2025-08-15,Happiness Zone,178434.64008415455,375034.9202487352,78.43464008415455,275.03492024873515,-52.42185981886407
2025-08-18,Happiness Zone,178434.64008415455,374953.34425783734,78.43464008415455,274.95334425783733,-52.41150857386309
2025-08-19,Happiness Zone,178434.64008415455,372919.132432181,78.43464008415455,272.919132432181,-52.151921270329396
2025-08-20,Happiness Zone,178434.64008415455,371928.2703743193,78.43464008415455,271.92827037431925,-52.02444818067398
2025-08-21,Happiness Zone,178434.64008415455,370436.18109869974,78.43464008415455,270.43618109869976,-51.831206240458435
2025-08-22,Happiness Zone,178434.64008415455,376124.8899797491,78.43464008415455,276.12488997974907,-52.55973618396761
2025-08-25,Happiness Zone,178434.64008415455,374469.5413855038,78.43464008415455,274.4695413855038,-52.350025739353235
2025-08-26,Happiness Zone,178434.64008415455,376037.4462421375,78.43464008415455,276.0374462421375,-52.54870442629876
2025-08-27,Happiness Zone,178434.64008415455,376894.2445991685,78.43464008415455,276.8942445991685,-52.65657604458197
2025-08-28,Happiness Zone,178434.64008415455,378228.97808181925,78.43464008415455,278.2289780818192,-52.82364640882825
2025-08-29,Happiness Zone,178434.64008415455,375973.3303756073,78.43464008415455,275.9733303756073,-52.54061241368008
2025-09-02,Happiness Zone,178434.64008415455,373187.2956127859,78.43464008415455,273.18729561278593,-52.18630371884472
2025-09-03,Happiness Zone,178434.64008415455,375209.7719450149,78.43464008415455,275.2097719450149,-52.44403173212044
2025-09-04,Happiness Zone,178434.64008415455,378345.58165828243,78.43464008415455,278.34558165828247,-52.83818584531146
2025-09-05,Happiness Zone,178434.64008415455,377249.7799594982,78.43464008415455,277.2497799594982,-52.70119439080616
2025-09-08,Happiness Zone,178434.64008415455,378176.5619297731,78.43464008415455,278.1765619297731,-52.81710765637304
2025-09-09,Happiness Zone,178434.64008415455,379050.8204111716,78.43464008415455,279.05082041117157,-52.92593222972071
2025-09-10,Happiness Zone,178434.64008415455,380146.5863310124,78.43464008415455,280.14658633101243,-53.06162241089212
2025-09-11,Happiness Zone,178434.64008415455,383305.7239153613,78.43464008415455,283.3057239153613,-53.4484801683903
2025-09-12,Happiness Zone,178434.64008415455,383177.4206244141,78.43464008415455,283.17742062441414,-53.432892837635634
2025-09-15,Happiness Zone,178434.64008415455,385217.46441784076,78.43464008415455,285.21746441784074,-53.67950402928548
2025-09-16,Happiness Zone,178434.64008415455,384687.0773612313,78.43464008415455,284.68707736123133,-53.61563967572539
2025-09-17,Happiness Zone,178434.64008415455,384209.14223561145,78.43464008415455,284.20914223561147,-53.557940072458834
2025-09-18,Happiness Zone,178434.64008415455,386004.31494057114,78.43464008415455,286.00431494057113,-53.773926047529756
2025-09-19,Happiness Zone,178434.64008415455,387916.16277988075,78.43464008415455,287.9161627798807,-54.0017516141998
2025-09-22,Happiness Zone,178434.64008415455,389751.40790142183,78.43464008415455,289.7514079014218,-54.218346241539365
2025-09-23,Happiness Zone,178434.64008415455,387629.7881170973,78.43464008415455,287.6297881170973,-53.967768846946285
2025-09-24,Happiness Zone,178434.64008415455,386396.4879389182,78.43464008415455,286.39648793891814,-53.82084318728031
2025-09-25,Happiness Zone,178434.64008415455,384613.87364308356,78.43464008415455,284.6138736430836,-53.60681132117988
2025-09-26,Happiness Zone,178434.64008415455,386817.3556498529,78.43464008415455,286.8173556498529,-53.87108735481001
2025-09-29,Happiness Zone,178434.64008415455,387904.4630653967,78.43464008415455,287.9044630653967,-54.00036424585497
2025-09-30,Happiness Zone,178434.64008415455,389365.6393339392,78.43464008415455,289.36563933393916,-54.17298753187612
2025-10-01,Happiness Zone,178434.64008415455,390692.4298911604,78.43464008415455,290.6924298911604,-54.32861595658173
2025-10-02,Happiness Zone,178434.64008415455,391142.42166200344,78.43464008415455,291.14242166200347,-54.38115883059479
2025-10-03,Happiness Zone,178434.64008415455,391136.6254731765,78.43464008415455,291.1366254731765,-54.38048281254824
2025-10-06,Happiness Zone,178434.64008415455,392539.33894824213,78.43464008415455,292.5393389482421,-54.54350115271329
2025-10-07,Happiness Zone,178434.64008415455,391083.99464747,78.43464008415455,291.08399464747004,-54.37434348470367
2025-10-08,Happiness Zone,178434.64008415455,393416.06617673364,78.43464008415455,293.41606617673364,-54.644800905513435
2025-10-09,Happiness Zone,178434.64008415455,392276.32793548336,78.43464008415455,292.2763279354834,-54.513023759745906
2025-10-10,Happiness Zone,178434.64008415455,381673.95364480093,78.43464008415455,281.6739536448009,-53.24945850242324
2025-10-13,Happiness Zone,178434.64008415455,387530.3942123981,78.43464008415455,287.53039421239805,-53.95596248732999
2025-10-14,Happiness Zone,178434.64008415455,387056.96723364363,78.43464008415455,287.05696723364366,-53.89964393111053
2025-10-15,Happiness Zone,178434.64008415455,388775.3225471745,78.43464008415455,288.77532254717454,-54.103403756419475
2025-10-16,Happiness Zone,178434.64008415455,386127.68073733244,78.43464008415455,286.1276807373324,-53.788695039054545
2025-10-17,Happiness Zone,178434.64008415455,388319.4630296178,78.43464008415455,288.3194630296178,-54.04952440652067
2025-10-20,Happiness Zone,178434.64008415455,392358.1543789848,78.43464008415455,292.3581543789848,-54.52251008607769
2025-10-21,Happiness Zone,178434.64008415455,392352.28663227113,78.43464008415455,292.35228663227116,-54.52182995650771
2025-10-22,Happiness Zone,178434.64008415455,390312.4932914481,78.43464008415455,290.3124932914481,-54.28415868028169
2025-10-23,Happiness Zone,178434.64008415455,392627.03313845734,78.43464008415455,292.6270331384573,-54.55365397083325
2025-10-24,Happiness Zone,178434.64008415455,395835.796117269,78.43464008415455,295.835796117269,-54.92205560123418
2025-10-27,Happiness Zone,178434.64008415455,400505.7353646232,78.43464008415455,300.5057353646232,-55.44766920211357
2025-10-28,Happiness Zone,178434.64008415455,401569.4791301423,78.43464008415455,301.5694791301423,-55.565686797046965
2025-10-29,Happiness Zone,178434.64008415455,401762.3634138836,78.43464008415455,301.7623634138836,-55.58701950875958
2025-10-30,Happiness Zone,178434.64008415455,397343.7354648042,78.43464008415455,297.34373546480424,-55.093128654607945
2025-10-31,Happiness Zone,178434.64008415455,398647.1265930574,78.43464008415455,298.6471265930574,-55.239953286731634
2025-11-03,Happiness Zone,178434.64008415455,399395.2642990547,78.43464008415455,299.3952642990547,-55.32379674122818
2025-11-04,Happiness Zone,178434.64008415455,394660.99451151007,78.43464008415455,294.66099451151007,-54.78787045955447
2025-11-05,Happiness Zone,178434.64008415455,396028.6804010104,78.43464008415455,296.0286804010104,-54.944010645018096
2025-11-06,Happiness Zone,178434.64008415455,391779.5373067042,78.43464008415455,291.7795373067042,-54.45534462805106
2025-11-07,Happiness Zone,178434.64008415455,392165.2700952435,78.43464008415455,292.1652700952435,-54.5001422382918
2025-11-10,Happiness Zone,178434.64008415455,398284.7574545428,78.43464008415455,298.2847574545428,-55.199229509926774
2025-11-11,Happiness Zone,178434.64008415455,399196.51226859965,78.43464008415455,299.19651226859963,-55.301553345211914
2025-11-12,Happiness Zone,178434.64008415455,399418.6279490794,78.43464008415455,299.41862794907934,-55.32641003741503
2025-11-13,Happiness Zone,178434.64008415455,392790.6502465169,78.43464008415455,292.7906502465169,-54.5725846650962
2025-11-14,Happiness Zone,178434.64008415455,392726.39126421313,78.43464008415455,292.72639126421313,-54.56515170529761
2025-11-17,Happiness Zone,178434.64008415455,389067.5649566717,78.43464008415455,289.0675649566717,-54.137878313236975
2025-11-18,Happiness Zone,178434.64008415455,385800.37496332655,78.43464008415455,285.8003749633266,-53.74949023802369
2025-11-19,Happiness Zone,178434.64008415455,387290.78262860735,78.43464008415455,287.29078262860736,-53.927475662320504
2025-11-20,Happiness Zone,178434.64008415455,381387.57898201747,78.43464008415455,281.38757898201743,-53.21435465716418
2025-11-21,Happiness Zone,178434.64008415455,385186.6587475938,78.43464008415455,285.1866587475938,-53.67579950346107
2025-11-24,Happiness Zone,178434.64008415455,390856.04699922,78.43464008415455,290.85604699922,-54.34773455493944
2025-11-25,Happiness Zone,178434.64008415455,394532.40498901583,78.43464008415455,294.53240498901584,-54.77313451879261
2025-11-26,Happiness Zone,178434.64008415455,397256.0770535324,78.43464008415455,297.2560770535324,-55.08321951734183
2025-11-28,Happiness Zone,178434.64008415455,399424.4599168497,78.43464008415455,299.4244599168497,-55.327062313284415
2025-12-01,Happiness Zone,178434.64008415455,397600.91450979264,78.43464008415455,297.60091450979263,-55.122175635800794
2025-12-02,Happiness Zone,178434.64008415455,398337.3525013059,78.43464008415455,298.33735250130593,-55.20514484426374
2025-12-03,Happiness Zone,178434.64008415455,399716.7023263469,78.43464008415455,299.71670232634693,-55.35972376293839
2025-12-04,Happiness Zone,178434.64008415455,400008.94473584404,78.43464008415455,300.008944735844,-55.392337488355835
2025-12-05,Happiness Zone,178434.64008415455,400768.74637738196,78.43464008415455,300.768746377382,-55.47690739433747
2025-12-08,Happiness Zone,178434.64008415455,399564.74915382796,78.43464008415455,299.56474915382796,-55.34274721130137
2025-12-09,Happiness Zone,178434.64008415455,399219.87591862434,78.43464008415455,299.2198759186243,-55.30416924418711
2025-12-10,Happiness Zone,178434.64008415455,401867.58928635315,78.43464008415455,301.86758928635317,-55.59864869893504
2025-12-11,Happiness Zone,178434.64008415455,402802.7077504347,78.43464008415455,302.80270775043465,-55.70172775633184
2025-12-12,Happiness Zone,178434.64008415455,398471.77399157046,78.43464008415455,298.47177399157044,-55.22025605559473
2025-12-15,Happiness Zone,178434.64008415455,397869.75749032176,78.43464008415455,297.8697574903217,-55.15249985078472
2025-12-16,Happiness Zone,178434.64008415455,396782.65007477795,78.43464008415455,296.7826500747779,-55.029626408683285
2025-12-17,Happiness Zone,178434.64008415455,392416.61717246164,78.43464008415455,292.41661717246166,-54.529285388101954
2025-12-18,Happiness Zone,178434.64008415455,395379.8650418256,78.43464008415455,295.37986504182555,-54.870074108280974
2025-12-19,Happiness Zone,178434.64008415455,398963.37667356007,78.43464008415455,298.9633766735601,-55.27543365712151
2025-12-22,Happiness Zone,178434.64008415455,401448.86831202096,78.43464008415455,301.4488683120209,-55.55233700510309
2025-12-23,Happiness Zone,178434.64008415455,403283.6840862415,78.43464008415455,303.28368408624146,-55.75456009621341
2025-12-24,Happiness Zone,178434.64008415455,404702.28341216623,78.43464008415455,304.70228341216625,-55.90965324442485
2025-12-26,Happiness Zone,178434.64008415455,404661.2449641137,78.43464008415455,304.66124496411373,-55.90518185155622
2025-12-29,Happiness Zone,178434.64008415455,403219.1746513342,78.43464008415455,303.2191746513342,-55.747481443944736
2025-12-30,Happiness Zone,178434.64008415455,402726.7848325903,78.43464008415455,302.7267848325903,-55.69337655097162
2025-12-31,Happiness Zone,178434.64008415455,399742.9998497284,78.43464008415455,299.74299984972845,-55.36266047154502
2026-01-02,Happiness Zone,178434.64008415455,400475.7526100739,78.43464008415455,300.47575261007387,-55.44433366534209
