Date,Quadrant,Active_Quadrant,Strategy_Value,Benchmark_Value,Strategy_Return,Benchmark_Return,Outperformance
2000-01-03,Unknown,Unknown,99970.0,99999.99999999999,-0.029999999999996696,-1.1102230246251565e-14,-0.029999999999985594
2000-01-04,Unknown,Unknown,97623.60912172229,96089.34853620379,-2.376390878277712,-3.910651463796211,1.5967020371050022
2000-01-05,Unknown,Unknown,97726.76661919447,96261.27769865745,-2.2732333808055283,-3.7387223013425563,1.5224075096163636
2000-01-06,Unknown,Unknown,96798.52401903528,94714.20669839214,-3.2014759809647186,-5.285793301607855,2.200638524356169
2000-01-07,Unknown,Unknown,100098.90939817797,100214.8489969633,0.09890939817798206,0.21484899696329052,-0.1156910377511311
2000-01-10,Unknown,Unknown,100305.18442121595,100558.64070202659,0.3051844212159427,0.5586407020265804,-0.2520482367712962
2000-01-11,Unknown,Unknown,99583.22683707134,99355.37806178557,-0.41677316292865196,-0.6446219382144291,0.22932706787557322
2000-01-12,Unknown,Unknown,98990.16865812811,98366.94776354685,-1.0098313418718918,-1.6330522364531475,0.6335673808638864
2000-01-13,Unknown,Unknown,99789.50685659761,99699.17809432936,-0.21049314340239045,-0.30082190567064515,0.0906013108581405
2000-01-14,Unknown,Unknown,100601.70601595512,101052.84335992519,0.601706015955128,1.052843359925193,-0.44643706101690217
2000-01-18,Unknown,Unknown,100124.70626727847,100257.84377879745,0.12470626727847378,0.2578437787974508,-0.13279510759550694
2000-01-19,Unknown,Unknown,100614.581966308,101074.30327718002,0.6145819663080143,1.074303277180011,-0.45483500352340167
2000-01-20,Unknown,Unknown,99686.33936614882,99527.2322769147,-0.31366063385117604,-0.4727677230852989,0.1598628692812909
2000-01-21,Unknown,Unknown,99557.41997499423,99312.36662499039,-0.44258002500576765,-0.6876333750096109,0.2467500859476779
2000-01-24,Unknown,Unknown,97868.57195367856,96497.61992279759,-2.1314280463214375,-3.502380077202416,1.4207107200963076
2000-01-25,Unknown,Unknown,98526.04985629267,97593.41642715444,-1.4739501437073366,-2.4065835728455554,0.9556314998300675
2000-01-26,Unknown,Unknown,98061.95104041044,96819.91840068405,-1.9380489595895667,-3.1800815993159537,1.2828276043223896
2000-01-27,Unknown,Unknown,97829.88414476026,96433.14024126709,-2.1701158552397404,-3.56685975873291,1.4484065332712959
2000-01-28,Unknown,Unknown,96024.97269668967,93424.9544944828,-3.97502730331033,-6.575045505517208,2.783001839578536
2000-01-31,Unknown,Unknown,97546.25848632719,95960.43081054531,-2.4537415136728136,-4.039569189454695,1.6525849898618938
2000-02-01,Unknown,Unknown,98113.53978212312,96905.89963687188,-1.8864602178768841,-3.094100363128116,1.2461987864273771
2000-02-02,Unknown,Unknown,98165.12352734752,96991.8725455792,-1.8348764726524802,-3.0081274544207948,1.2096384480225097
2000-02-03,Unknown,Unknown,99041.74241037591,98452.90401729317,-0.9582575896240897,-1.5470959827068254,0.5980914417509808
2000-02-04,Unknown,Unknown,98796.78457490793,98044.64095817988,-1.2032154250920746,-1.955359041820115,0.7671440370196958
2000-02-07,Unknown,Unknown,98706.54799618335,97894.24666030558,-1.293452003816653,-2.105753339694416,0.8297743366844301
2000-02-08,Unknown,Unknown,99505.85621572305,99226.42702620507,-0.49414378427695693,-0.7735729737949337,0.2816076300360848
2000-02-09,Unknown,Unknown,98255.3401201189,97142.23353353151,-1.7446598798811053,-2.857766466468481,1.1458523714128477
2000-02-10,Unknown,Unknown,98371.34858550248,97335.58097583748,-1.6286514144975173,-2.664419024162523,1.0641202315544884
2000-02-11,Unknown,Unknown,97185.29718196394,95358.82863660656,-2.8147028180360634,-4.641171363393437,1.9153638645433402
2000-02-14,Unknown,Unknown,97520.4915961565,95917.48599359416,-2.4795084038435,-4.082514006405836,1.6712339631893558
2000-02-15,Unknown,Unknown,98171.52902535001,97002.54837558336,-1.8284709746499872,-2.997451624416647,1.2051030301188481
2000-02-16,Unknown,Unknown,97314.19658716532,95573.66097860887,-2.6858034128346753,-4.426339021391135,1.8211456909095647
2000-02-17,Unknown,Unknown,97017.69497837935,95079.49163063227,-2.982305021620646,-4.9205083693677265,2.0385083202555165
2000-02-18,Unknown,Unknown,95792.9407764576,93038.23462742935,-4.207059223542398,-6.96176537257065,2.960832350333642
2000-02-22,Unknown,Unknown,95651.10546304373,92801.8424384062,-4.348894536956271,-7.19815756159381,3.0702655785402433
2000-02-23,Unknown,Unknown,96308.62833405254,93897.71389008757,-3.6913716659474627,-6.102286109912425,2.567596530398042
2000-02-24,Unknown,Unknown,95174.1306968086,92006.88449468098,-4.825869303191399,-7.993115505319015,3.442401315426258
2000-02-25,Unknown,Unknown,94974.2611717731,91673.76861962184,-5.0257388282269,-8.326231380378157,3.600258396538547
2000-02-28,Unknown,Unknown,96128.13519065017,93596.89198441694,-3.8718648093498342,-6.403108015583059,2.7044094654923523
2000-02-29,Unknown,Unknown,96669.5996313924,94499.33271898734,-3.3304003686076,-5.500667281012661,2.2965949599440982
2000-03-01,Unknown,Unknown,97082.15467395665,95186.92445659441,-2.9178453260433446,-4.813075543405587,1.9910615120530384
2000-03-02,Unknown,Unknown,97120.82249692174,95251.37082820291,-2.8791775030782563,-4.748629171797091,1.9626506710235248
2000-03-03,Unknown,Unknown,98190.87043156501,97034.78405260835,-1.8091295684349862,-2.965215947391653,1.1914143884010464
2000-03-06,Unknown,Unknown,97623.60912172229,96089.34853620379,-2.376390878277712,-3.910651463796211,1.5967020371050022
2000-03-07,Unknown,Unknown,96508.47787313483,94230.79645522471,-3.4915221268651653,-5.769203544775281,2.417130602299844
2000-03-08,Unknown,Unknown,96437.53273574222,94112.55455957037,-3.5624672642577737,-5.887445440429628,2.470422981346454
2000-03-09,Unknown,Unknown,98087.75290599922,96862.92150999872,-1.912247094000774,-3.137078490001277,1.2644997455234508
2000-03-10,Unknown,Unknown,97778.31538900075,96347.19231500126,-2.2216846109992527,-3.652807684998738,1.4853811923450033
2000-03-13,Unknown,Unknown,97146.61436953394,95294.35728255656,-2.8533856304660543,-4.705642717443437,1.9437216848897654
2000-03-14,Unknown,Unknown,96334.40521719985,93940.67536199973,-3.6655947828001523,-6.0593246380002626,2.548129280501654
2000-03-15,Unknown,Unknown,97649.40599082278,96132.34331803797,-2.3505940091772204,-3.8676566819620395,1.578098088970803
2000-03-16,Unknown,Unknown,100343.84225120445,100623.07041867406,0.34384225120445144,0.6230704186740654,-0.2774991523393111
2000-03-17,Unknown,Unknown,100742.8717999366,101288.119666561,0.7428717999365952,1.288119666560994,-0.5383137414529449
2000-03-20,Unknown,Unknown,100432.67981320462,100771.13302200769,0.43267981320462834,0.7711330220076862,-0.3358632563247532
2000-03-21,Unknown,Unknown,101673.45775310919,102839.09625518197,1.6734577531091865,2.839096255181972,-1.133458523575892
2000-03-22,Unknown,Unknown,102048.28930899732,103463.81551499554,2.0482893089973198,3.4638155149955496,-1.3681364822594078
2000-03-23,Unknown,Unknown,103108.11442857578,105230.19071429296,3.10811442857577,5.230190714292959,-2.0166040480519176
2000-03-24,Unknown,Unknown,103482.9259985107,105854.87666418451,3.4829259985106997,5.854876664184516,-2.2407571010626404
2000-03-27,Unknown,Unknown,102810.83336761479,104734.72227935799,2.8108333676147845,4.7347222793579835,-1.8369160388009842
2000-03-28,Unknown,Unknown,102448.95270940407,104131.58784900678,2.448952709404062,4.131587849006779,-1.6158738902959713
2000-03-29,Unknown,Unknown,102513.59227856022,104239.32046426702,2.513592278560206,4.239320464267027,-1.6555443550674065
2000-03-30,Unknown,Unknown,101466.65310231125,102494.42183718542,1.466653102311244,2.494421837185423,-1.002755775828279
2000-03-31,Unknown,Unknown,102164.6275426088,103657.71257101466,2.164627542608799,3.6577125710146596,-1.4403993599443665
2000-04-03,Unknown,Unknown,102464.47698674997,104260.85532884637,2.464476986749964,4.260855328846369,-1.7229652839797827
2000-04-04,Unknown,Unknown,102006.91907945441,103485.35870705538,2.0069190794544056,3.485358707055375,-1.4286461834529751
2000-04-05,Unknown,Unknown,101625.61181552336,102839.09625518197,1.6256118155233645,2.839096255181972,-1.1799835703023898
2000-04-06,Unknown,Unknown,102153.08702774043,103733.09292452288,2.1530870277404413,3.733092924522885,-1.5231454613351514
2000-04-07,Unknown,Unknown,102540.72763011447,104390.08949876395,2.540727630114481,4.390089498763938,-1.7715875879878107
2000-04-10,Unknown,Unknown,102299.23532253245,103980.79383206835,2.2992353225324447,3.9807938320683522,-1.617181834802739
2000-04-11,Unknown,Unknown,102121.30732793492,103679.230780633,2.121307327934918,3.679230780633014,-1.5026379352624408
2000-04-12,Unknown,Unknown,100443.58681222869,100835.72928826523,0.44358681222869123,0.8357292882652301,-0.388892388446449
2000-04-13,Unknown,Unknown,99617.47184523757,99435.5800265047,-0.3825281547624293,-0.5644199734953004,0.1829242799050279
2000-04-14,Unknown,Unknown,96262.0357271986,93748.58536924963,-3.7379642728013973,-6.251414630750373,2.6810541706300706
2000-04-17,Unknown,Unknown,98193.94962098738,97022.90906541185,-1.8060503790126248,-2.9770909345881558,1.2069732466855054
2000-04-18,Unknown,Unknown,99706.43829922308,99586.36571596262,-0.2935617007769231,-0.41363428403737856,0.12057130752509693
2000-04-19,Unknown,Unknown,99159.894284448,98660.0500947917,-0.8401057155519975,-1.339949905208293,0.5066328155885369
2000-04-20,Unknown,Unknown,99439.52911051955,99133.99199262784,-0.5604708894804467,-0.8660080073721654,0.3082062083351156
2000-04-24,Unknown,Unknown,98804.01372838546,98056.88235451849,-1.1959862716145464,-1.943117645481518,0.7619367003386612
2000-04-25,Unknown,Unknown,101206.1767732233,102128.21255460953,1.2061767732232997,2.128212554609532,-0.9028218141908684
2000-04-26,Unknown,Unknown,100526.23466789171,100975.80583779699,0.5262346678917007,0.9758058377969947,-0.44522662253119183
2000-04-27,Unknown,Unknown,100329.19856374817,100641.8572146876,0.3291985637481787,0.6418572146875912,-0.31066462761361047
2000-04-28,Unknown,Unknown,99960.62185055861,100017.17126479605,-0.039378149441382515,0.017171264796056462,-0.05653970565486777
2000-05-01,Unknown,Unknown,100761.33958992222,101374.2757798394,0.7613395899222164,1.3742757798393956,-0.6046269482095523
2000-05-02,Unknown,Unknown,99566.61351612706,99349.3822758238,-0.4333864838729329,-0.6506177241762057,0.21865384094705842
2000-05-03,Unknown,Unknown,98193.94962098738,97022.90906541185,-1.8060503790126248,-2.9770909345881558,1.2069732466855054
2000-05-04,Unknown,Unknown,98626.09064716144,97755.32763056364,-1.3739093528385538,-2.2446723694363624,0.8907576064688616
2000-05-05,Unknown,Unknown,99325.12612191853,98940.09493660872,-0.6748738780814723,-1.0599050633912865,0.3891558680598539
2000-05-08,Unknown,Unknown,98886.63701718097,98196.91726664775,-1.1133629828190328,-1.803082733352246,0.702384320945959
2000-05-09,Unknown,Unknown,98422.7261179484,97410.6532125671,-1.5772738820515997,-2.5893467874329112,1.038975586348645
2000-05-10,Unknown,Unknown,97126.31777954672,95213.42249955323,-2.8736822204532775,-4.786577500446776,2.0090605187545574
2000-05-11,Unknown,Unknown,98410.02013407441,97389.11834798775,-1.5899798659255948,-2.6108816520122535,1.0482708986427003
2000-05-12,Unknown,Unknown,99032.81970558749,98444.67646655675,-0.9671802944125063,-1.5553235334432536,0.5974352907041514
2000-05-15,Unknown,Unknown,100036.85284042913,100146.37212479161,0.036852840429135725,0.146372124791605,-0.10935921295881501
2000-05-16,Unknown,Unknown,100608.83338981972,101115.79911252375,0.6088333898197185,1.115799112523752,-0.5013714247957157
2000-05-17,Unknown,Unknown,99986.04855842712,100060.26597639624,-0.013951441572879197,0.06026597639623432,-0.07417271705696393
2000-05-18,Unknown,Unknown,99261.56672230753,98832.37064882898,-0.738433277692474,-1.167629351171029,0.4342666989174848
2000-05-19,Unknown,Unknown,98346.46564783689,97281.40238768852,-1.6535343521631107,-2.7185976123114797,1.0948272064416287
2000-05-22,Unknown,Unknown,97914.31479491583,96548.96716757571,-2.0856852050841646,-3.4510328324242834,1.4141504227283441
2000-05-23,Unknown,Unknown,97075.4791039302,95127.25805879434,-2.9245208960697933,-4.8727419412056605,2.0480155582028425
2000-05-24,Unknown,Unknown,97990.56052490685,96678.1930100128,-2.0094394750931555,-3.3218069899872082,1.3574597063043203
2000-05-25,Unknown,Unknown,97011.93444443971,95019.5587534561,-2.988065555560282,-4.980441246543899,2.0968058756757113
2000-05-26,Unknown,Unknown,97075.4791039302,95127.25805879434,-2.9245208960697933,-4.8727419412056605,2.0480155582028425
2000-05-30,Unknown,Unknown,98905.70581973897,98229.23621847777,-1.094294180261024,-1.7707637815222221,0.6886642178064228
2000-05-31,Unknown,Unknown,99032.81970558749,98444.67646655675,-0.9671802944125063,-1.5553235334432536,0.5974352907041514
2000-06-01,Unknown,Unknown,100049.58830454413,100167.95695425398,0.049588304544134765,0.16795695425397827,-0.11817017468361835
2000-06-02,Unknown,Unknown,101079.11202110979,101912.85558133558,1.079112021109796,1.9128555813355819,-0.8180945921590688
2000-06-05,Unknown,Unknown,100786.78103791125,101417.3954738811,0.786781037911255,1.4173954738811112,-0.621801055946325
2000-06-06,Unknown,Unknown,100519.8571090872,100964.99676810481,0.5198571090871962,0.9649967681048199,-0.4408851317452167
2000-06-07,Unknown,Unknown,100932.92933270326,101665.09638142659,0.9329293327032584,1.6650963814265785,-0.7201754336378929
2000-06-08,Unknown,Unknown,100697.81458392573,101266.60978442317,0.6978145839257266,1.2666097844231672,-0.5616808953200714
2000-06-09,Unknown,Unknown,100570.68104458321,101051.13622642218,0.5706810445831989,1.051136226422189,-0.47545747606679845
2000-06-12,Unknown,Unknown,99871.6652233201,99866.40223029914,-0.1283347766798948,-0.13359776970086612,0.005270033668414165
2000-06-13,Unknown,Unknown,100977.43466987676,101740.5266998178,0.9774346698767644,1.7405266998177904,-0.7500374282438216
2000-06-14,Unknown,Unknown,101079.11202110979,101912.85558133558,1.079112021109796,1.9128555813355819,-0.8180945921590688
2000-06-15,Unknown,Unknown,101206.1767732233,102128.21255460953,1.2061767732232997,2.128212554609532,-0.9028218141908684
2000-06-16,Unknown,Unknown,100711.07577900536,101289.0856542993,0.7110757790053546,1.2890856542993046,-0.5706536608166113
2000-06-19,Unknown,Unknown,101475.44438120739,102584.5834685855,1.4754443812073914,2.5845834685854996,-1.081194707699673
2000-06-20,Unknown,Unknown,101258.87270402323,102217.52478299834,1.2588727040232284,2.217524782998348,-0.9378549138323145
2000-06-21,Unknown,Unknown,101233.40177579323,102174.35512407363,1.2334017757932303,2.1743551240736236,-0.9209290796479808
2000-06-22,Unknown,Unknown,100316.13881698209,100619.72277151208,0.31613881698209223,0.6197227715120768,-0.3017141631560416
2000-06-23,Unknown,Unknown,99806.54337093573,99756.0298037196,-0.1934566290642703,-0.2439701962803964,0.05063710666464161
2000-06-26,Unknown,Unknown,100564.54915445377,101040.74353075512,0.564549154453764,1.0407435307551172,-0.4712894617174057
2000-06-27,Unknown,Unknown,100125.05280814847,100295.85872729115,0.12505280814847364,0.2958587272911428,-0.17030206561879924
2000-06-28,Unknown,Unknown,100290.66788875207,100576.55311258737,0.29066788875207195,0.5765531125873746,-0.2842463924124239
2000-06-29,Unknown,Unknown,99730.09127925767,99626.45420710143,-0.26990872074232897,-0.3735457928985664,0.10402565561633548
2000-06-30,Unknown,Unknown,100175.97501111448,100382.16473521858,0.175975011114482,0.38216473521859307,-0.20540473962479266
2000-07-03,Unknown,Unknown,100931.03545813414,101764.11845208125,0.9310354581341329,1.7641184520812425,-0.8186411935945714
2000-07-05,Unknown,Unknown,99838.18667062231,99928.766731782,-0.16181332937769133,-0.07123326821799614,-0.09064463029231362
2000-07-06,Unknown,Unknown,100301.03724128118,100706.08707180302,0.3010372412811879,0.7060870718030188,-0.4022098785677497
2000-07-07,Unknown,Unknown,101265.3158748826,102325.51555015416,1.2653158748825888,2.325515550154167,-1.0361048948264617
2000-07-10,Unknown,Unknown,101162.46570201014,102152.78694957227,1.1624657020101514,2.1527869495722607,-0.9694510322571959
2000-07-11,Unknown,Unknown,101291.00610464116,102368.66022663737,1.291006104641168,2.3686602266373757,-1.0527187907025004
2000-07-12,Unknown,Unknown,101689.57407761812,103038.02310942458,1.6895740776181167,3.0380231094245813,-1.308690705735338
2000-07-13,Unknown,Unknown,101959.59173087092,103491.49606018569,1.9595917308709243,3.4914960601856837,-1.480222421776456
2000-07-14,Unknown,Unknown,102563.87988377904,104506.3494540587,2.563879883779041,4.5063494540587,-1.8587096194892738
2000-07-17,Unknown,Unknown,102461.00987672032,104333.5875435548,2.4610098767203104,4.3335875435547955,-1.794798502498307
2000-07-18,Unknown,Unknown,101953.18033016105,103480.72862789602,1.9531803301610529,3.4807286278960348,-1.4761669327125193
2000-07-19,Unknown,Unknown,101458.16862647494,102649.39624933609,1.4581686264749427,2.649396249336089,-1.1604818599883826
2000-07-20,Unknown,Unknown,102306.71974177194,104074.46966024046,2.3067197417719454,4.074469660240454,-1.6985432875511908
2000-07-21,Unknown,Unknown,101098.20293851447,102044.86280226047,1.098202938514481,2.044862802260461,-0.9276898785002152
2000-07-24,Unknown,Unknown,100751.04517633407,101461.8392373227,0.7510451763340642,1.461839237322704,-0.7005531008816623
2000-07-25,Unknown,Unknown,100943.89296937984,101785.71160902412,0.9438929693798448,1.785711609024121,-0.827049913329525
2000-07-26,Unknown,Unknown,100352.4772033571,100792.47635453548,0.3524772033571155,0.7924763545354763,-0.43653967745637123
2000-07-27,Unknown,Unknown,100146.75702342593,100446.98584344969,0.14675702342592523,0.4469858434496876,-0.29889281146939783
2000-07-28,Unknown,Unknown,98796.75801100013,98179.7709842932,-1.2032419889998702,-1.820229015706809,0.6284258157473577
2000-07-31,Unknown,Unknown,99169.61592003226,98805.95588067519,-0.8303840799677387,-1.1940441193248108,0.3680547757629604
2000-08-01,Unknown,Unknown,99529.63119345836,99410.57260255583,-0.47036880654163227,-0.5894273974441755,0.11976451577091485
2000-08-02,Unknown,Unknown,99825.33411792316,99907.18190231964,-0.17466588207682987,-0.09281809768035831,-0.08192382453195979
2000-08-03,Unknown,Unknown,100236.75464359926,100598.12961456922,0.23675464359924625,0.5981296145692205,-0.35922633189556796
2000-08-04,Unknown,Unknown,100558.19242474172,101137.95853814077,0.5581924247417103,1.1379585381407598,-0.5732428474719553
2000-08-07,Unknown,Unknown,101278.14363484891,102347.05874221401,1.278143634848905,2.3470587422140143,-1.0444023702307126
2000-08-08,Unknown,Unknown,101509.57883727147,102735.73556718552,1.5095788372714747,2.7357355671855155,-1.193505573444964
2000-08-09,Unknown,Unknown,100995.3279729092,101872.09256427607,0.995327972909199,1.8720925642760733,-0.8606523821169887
2000-08-10,Unknown,Unknown,100699.60025571156,101375.44162710974,0.6996002557115633,1.3754416271097414,-0.6666716914379922
2000-08-11,Unknown,Unknown,100982.46550311692,101850.4910798527,0.9824655031169138,1.8504910798526897,-0.8522546799064723
2000-08-14,Unknown,Unknown,101753.90130221914,103146.05551398291,1.7539013022191297,3.146055513982904,-1.3496921475344648
2000-08-15,Unknown,Unknown,101702.41671322411,103059.59128392594,1.7024167132241086,3.0595912839259443,-1.3168833233219934
2000-08-16,Unknown,Unknown,101483.8588562335,102692.5409258193,1.4838588562334998,2.692540925819298,-1.1769911024588353
2000-08-17,Unknown,Unknown,102126.73441851843,103772.1987729624,2.126734418518428,3.7721987729623985,-1.5856504669848892
2000-08-18,Unknown,Unknown,101921.02415568038,103426.72491683761,1.9210241556803842,3.42672491683762,-1.45581401941125
2000-08-21,Unknown,Unknown,102255.30457242884,103988.1220149105,2.25530457242884,3.9881220149105,-1.6663609351779685
2000-08-22,Unknown,Unknown,102152.44944100983,103815.38508684812,2.1524494410098294,3.815385086848133,-1.6018200428069007
2000-08-23,Unknown,Unknown,102396.71736194527,104225.61343135999,2.3967173619452664,4.225613431359987,-1.7547472345837312
2000-08-24,Unknown,Unknown,102589.56019644448,104549.4774755809,2.5895601964444737,4.549477475580899,-1.8746313481998955
2000-08-25,Unknown,Unknown,102563.87988377904,104506.3494540587,2.563879883779041,4.5063494540587,-1.8587096194892738
2000-08-28,Unknown,Unknown,102776.01146442008,104862.60739743416,2.7760114644200806,4.86260739743416,-1.9898379267890842
2000-08-29,Unknown,Unknown,102788.87393421234,104884.20888185753,2.7888739342123436,4.884208881857521,-1.9977601680777224
2000-08-30,Unknown,Unknown,102191.01701620035,103880.1562301962,2.1910170162003473,3.8801562301961967,-1.6260460855033299
2000-08-31,Unknown,Unknown,103013.85310900596,105262.04332721485,3.0138531090059484,5.262043327214849,-2.1358033220201023
2000-09-01,Unknown,Unknown,103078.14562378102,105370.01743940965,3.0781456237810145,5.370017439409658,-2.1750701682729745
2000-09-05,Unknown,Unknown,102576.73739502474,104527.94261100156,2.576737395024753,4.527942611001556,-1.8666828861620188
2000-09-06,Unknown,Unknown,101869.5643594182,103340.30232418314,1.8695643594182076,3.340302324183142,-1.4231988214541524
2000-09-07,Unknown,Unknown,102396.71736194527,104225.61343135999,2.3967173619452664,4.225613431359987,-1.7547472345837312
2000-09-08,Unknown,Unknown,101972.43932502347,103513.07256216755,1.9724393250234673,3.513072562167552,-1.4883465431081766
2000-09-11,Unknown,Unknown,101882.45658048986,103361.95377348953,1.8824565804898663,3.3619537734895344,-1.4313750262905045
2000-09-12,Unknown,Unknown,101432.45360398354,102606.20993545036,1.4324536039835412,2.6062099354503543,-1.1439427810511993
2000-09-13,Unknown,Unknown,101593.16505673493,102876.11190601539,1.5931650567349243,2.8761119060153773,-1.2470794487767223
2000-09-14,Unknown,Unknown,101901.72549244543,103394.31436272206,1.9017254924454274,3.3943143627220618,-1.4435889240876576
2000-09-15,Unknown,Unknown,100554.80077889055,101132.26254147709,0.5548007788905629,1.1322625414770915,-0.5709965821734664
2000-09-18,Unknown,Unknown,100000.55427792674,100201.45008083484,0.0005542779267342368,0.20145008083483074,-0.20049191178972414
2000-09-19,Unknown,Unknown,100541.9085578189,101110.61109217071,0.5419085578189042,1.1106110921707213,-0.5624558374327293
2000-09-20,Unknown,Unknown,100097.2161846848,100363.78598574968,0.09721618468481186,0.36378598574968724,-0.2656035724905026
2000-09-21,Unknown,Unknown,99188.54269227476,98837.74187375305,-0.8114573077252385,-1.1622581262469511,0.35492597450252905
2000-09-22,Unknown,Unknown,100258.31936261489,100634.34582727439,0.2583193626148894,0.6343458272743963,-0.37365619219595914
2000-09-25,Unknown,Unknown,99833.02482364708,99920.09782457894,-0.1669751763529237,-0.07990217542105382,-0.0871426297887834
2000-09-26,Unknown,Unknown,99072.5424539092,98642.92879487865,-0.927457546090793,-1.3570712051213518,0.4355240302362784
2000-09-27,Unknown,Unknown,99381.88633997715,99162.44699350472,-0.6181136600228454,-0.837553006495273,0.22129279089573295
2000-09-28,Unknown,Unknown,100142.33399988904,100439.5577308415,0.14233399988905493,0.43955773084149996,-0.2959229786225759
2000-09-29,Unknown,Unknown,99575.22502913295,99487.14378577589,-0.42477497086704785,-0.5128562142241111,0.08853530215595651
2000-10-02,Unknown,Unknown,99605.87658414687,99638.65396603753,-0.3941234158531315,-0.361346033962473,-0.03289625118965134
2000-10-03,Unknown,Unknown,99047.27394878917,98707.8997977588,-0.9527260512108282,-1.2921002022411976,0.3438166060930392
2000-10-04,Unknown,Unknown,99540.91976739318,99530.42170194714,-0.4590802326068233,-0.469578298052864,0.010547594661525217
2000-10-05,Unknown,Unknown,99748.76958620927,99876.74496108318,-0.2512304137907373,-0.12325503891681411,-0.12813330562964076
2000-10-06,Unknown,Unknown,98449.65324246156,97712.13298919742,-1.5503467575384455,-2.28786701080258,0.754788817623786
2000-10-09,Unknown,Unknown,98007.93989157224,96976.14193491008,-1.9920601084277623,-3.023858065089924,1.0639709273593256
2000-10-10,Unknown,Unknown,97046.57200665335,95374.29276789962,-2.9534279933466467,-4.6257072321003845,1.7533857292376887
2000-10-11,Unknown,Unknown,96565.89056310969,94573.37234813464,-3.434109436890309,-5.426627651865356,2.10684906914429
2000-10-12,Unknown,Unknown,95149.8499500727,92213.93896989399,-4.850150049927294,-7.786061030106007,3.1838038944819624
2000-10-13,Unknown,Unknown,96994.61454978088,95287.72028059611,-3.0053854502191224,-4.712279719403889,1.7913055996705785
2000-10-16,Unknown,Unknown,97254.45681029034,95720.67431939917,-2.745543189709654,-4.279325680600832,1.6023523672360263
2000-10-17,Unknown,Unknown,95825.37685471968,93339.51454452761,-4.174623145280321,-6.6604854554723865,2.663247524183543
2000-10-18,Unknown,Unknown,95617.53203373513,92993.19961287208,-4.382467966264869,-7.006800387127921,2.822069174722519
2000-10-19,Unknown,Unknown,97722.10390913187,96499.87667001375,-2.2778960908681367,-3.500123329986249,1.2665583431754834
2000-10-20,Unknown,Unknown,97968.97179891789,96911.21256943245,-2.031028201082108,-3.0887874305675522,1.091472494710155
2000-10-23,Unknown,Unknown,98228.81405942736,97344.16660823551,-1.7711859405726393,-2.655833391764495,0.9087832193911849
2000-10-24,Unknown,Unknown,97839.07815673674,96694.78135117367,-2.1609218432632638,-3.3052186488263247,1.1834111309557027
2000-10-25,Unknown,Unknown,96474.98000707754,94421.89547779501,-3.5250199929224624,-5.578104522204985,2.1743733472977533
2000-10-26,Unknown,Unknown,96630.8573755265,94681.62126718604,-3.369142624473509,-5.318378732813955,2.058727007683814
2000-10-27,Unknown,Unknown,97709.15452756622,96478.3001680319,-2.290845472433778,-3.521699831968106,1.275783629469629
2000-10-30,Unknown,Unknown,98228.81405942736,97344.16660823551,-1.7711859405726393,-2.655833391764495,0.9087832193911849
2000-10-31,Unknown,Unknown,99235.64222019387,99021.76253789627,-0.7643577798061352,-0.978237462103726,0.21599260285409816
2000-11-01,Unknown,Unknown,99034.26459324482,98686.22336601092,-0.9657354067551749,-1.3137766339890833,0.35267458350602965
2000-11-02,Unknown,Unknown,99131.74729777517,98848.65087321127,-0.8682527022248254,-1.1513491267887255,0.2863938172783076
2000-11-03,Unknown,Unknown,99164.18822241534,98902.7045491527,-0.8358117775846607,-1.097295450847302,0.2643847551536682
2000-11-06,Unknown,Unknown,99579.89785571065,99595.36772238578,-0.4201021442893582,-0.40463227761421416,-0.015532717061961243
2000-11-07,Unknown,Unknown,99566.8885001663,99573.69129063789,-0.4331114998337049,-0.42630870936211096,-0.006831915522476084
2000-11-08,Unknown,Unknown,98241.78343231924,97365.77642013937,-1.7582165676807593,-2.6342235798606284,0.8997073144056733
2000-11-09,Unknown,Unknown,98020.92925579037,96997.78505673596,-1.9790707442096322,-3.0022149432640477,1.0548119201443162
2000-11-10,Unknown,Unknown,96604.87864709026,94638.33502353428,-3.395121352909747,-5.361664976465718,2.0779567001754096
2000-11-13,Unknown,Unknown,96163.18028969562,93902.36895168845,-3.8368197103043733,-6.097631048311547,2.40761906568121
2000-11-14,Unknown,Unknown,97644.20270864408,96370.076231422,-2.355797291355921,-3.6299237685779917,1.3221183660396818
2000-11-15,Unknown,Unknown,97826.06880119239,96673.1049194258,-2.1739311988076104,-3.3268950805742104,1.1926418239359915
2000-11-16,Unknown,Unknown,96916.65837314595,95157.82823971884,-3.0833416268540415,-4.842171760281156,1.8483294185700716
2000-11-17,Unknown,Unknown,96611.35583678886,94649.12743826547,-3.388644163211141,-5.350872561734532,2.073160579111777
2000-11-20,Unknown,Unknown,95799.41311977811,93296.25328331736,-4.20058688022189,-6.703746716682635,2.6830228957418933
2000-11-21,Unknown,Unknown,96085.22411306069,93772.47691081118,-3.9147758869393146,-6.227523089188825,2.466339035119236
2000-11-22,Unknown,Unknown,94740.617506476,91532.06821139209,-5.259382493524001,-8.467931788607908,3.505382712071814
2000-11-24,Unknown,Unknown,95864.37493436337,93404.49387488826,-4.135625065636628,-6.595506125111738,2.6335789183441483
2000-11-27,Unknown,Unknown,96358.03074863047,94227.03243403761,-3.6419692513695368,-5.772967565962395,2.261557283027704
2000-11-28,Unknown,Unknown,95383.65350816725,92603.50683527926,-4.616346491832757,-7.3964931647207415,3.002204525400143
2000-11-29,Unknown,Unknown,95279.74859008542,92430.37851563326,-4.720251409914578,-7.56962148436674,3.0827203352523647
2000-11-30,Unknown,Unknown,94799.0971335311,91629.5080607513,-5.200902866468892,-8.370491939248703,3.4591357520749044
2000-12-01,Unknown,Unknown,94773.09841376863,91586.18850717753,-5.226901586231369,-8.413811492822465,3.4796839551209713
2000-12-04,Unknown,Unknown,95240.79549092575,92365.47413259713,-4.7592045090742445,-7.634525867402875,3.112982838371936
2000-12-05,Unknown,Unknown,97059.57636436613,95395.96087216701,-2.940423635633871,-4.604039127832992,1.7439055878145648
2000-12-06,Unknown,Unknown,96143.67875095799,93869.87512276787,-3.8563212490420162,-6.130124877232124,2.4222932279565956
2000-12-07,Unknown,Unknown,95370.70912443314,92581.93866077792,-4.629290875566861,-7.418061339222081,3.012218694051483
2000-12-08,Unknown,Unknown,95500.61276227742,92798.38653399768,-4.4993872377225745,-7.201613466002321,2.911932339782397
2000-12-11,Unknown,Unknown,97436.34289416487,96023.73631732496,-2.5636571058351265,-3.976263682675041,1.4711014495121688
2000-12-12,Unknown,Unknown,97189.47500437885,95612.40041790628,-2.810524995621144,-4.387599582093726,1.649445657236348
2000-12-13,Unknown,Unknown,96403.50601797277,94302.80417912942,-3.596493982027227,-5.697195820870582,2.2276133325293657
2000-12-14,Unknown,Unknown,95682.47385699415,93101.40689452096,-4.317526143005845,-6.898593105479045,2.7723178935388226
2000-12-15,Unknown,Unknown,94420.43642557204,90998.5765004829,-5.57956357442796,-9.001423499517102,3.760344454477238
2000-12-18,Unknown,Unknown,95150.21978960796,92214.55520345116,-4.849780210392041,-7.785444796548835,3.1835154219199913
2000-12-19,Unknown,Unknown,94022.98387095654,90336.33361352529,-5.9770161290434665,-9.663666386474713,4.081027101679147
2000-12-20,Unknown,Unknown,92452.70517822148,87719.90585949841,-7.547294821778516,-12.280094140501596,5.395353850816531
2000-12-21,Unknown,Unknown,92817.59686023944,88327.89521098255,-7.182403139760563,-11.672104789017457,5.082994040028543
2000-12-22,Unknown,Unknown,94407.42207219615,90976.89174125451,-5.5925779278038545,-9.023108258745483,3.7707710884411494
2000-12-26,Unknown,Unknown,94993.82264667703,91953.96335608789,-5.006177353322972,-8.046036643912114,3.305849122367266
2000-12-27,Unknown,Unknown,95397.77238231737,92627.0319676987,-4.6022276176826304,-7.372968032301297,2.991287052774072
2000-12-28,Unknown,Unknown,95567.18887645577,92909.31690177087,-4.432811123544234,-7.090683098229134,2.8607163019990223
2000-12-29,Unknown,Unknown,94511.64185366608,91150.54469217217,-5.4883581463339155,-8.849455307827824,3.687413139268436
2001-01-02,Unknown,Unknown,93466.3778163545,89500.404465728,-6.533622183645493,-10.499595534272,4.4312351148593665
2001-01-03,Unknown,Unknown,96161.74022692986,93799.53289496365,-3.8382597730701407,-6.200467105036356,2.518357244498648
2001-01-04,Unknown,Unknown,95528.75102645616,92789.90915884619,-4.47124897354384,-7.210090841153816,2.9516591754835897
2001-01-05,Unknown,Unknown,93629.73643639428,89760.96300316926,-6.370263563605727,-10.23903699683073,4.310084588874585
2001-01-08,Unknown,Unknown,94065.35246188688,90455.77466637197,-5.934647538113113,-9.544225333628031,3.99043378803412
2001-01-09,Unknown,Unknown,93915.6101057438,90216.93419808112,-6.0843898942561925,-9.78306580191889,4.099757922987979
2001-01-10,Unknown,Unknown,94909.35720603881,91801.9701819571,-5.0906427939611865,-8.198029818042896,3.3848805400610305
2001-01-11,Unknown,Unknown,94963.80659874534,91888.8174761172,-5.036193401254652,-8.111182523882798,3.3464236531582037
2001-01-12,Unknown,Unknown,94854.91303429235,91715.13121527752,-5.145086965707657,-8.284868784722477,3.4234065605216246
2001-01-16,Unknown,Unknown,95222.44774030149,92301.35253272824,-4.777552259698514,-7.6986474672717575,3.164737165186704
2001-01-17,Unknown,Unknown,95487.88657188581,92724.72996895348,-4.5121134281141835,-7.27527003104651,2.979956483947155
2001-01-18,Unknown,Unknown,96066.46814733365,93647.57303075488,-3.93353185266635,-6.352426969245117,2.5829768335634107
2001-01-19,Unknown,Unknown,95732.94799626584,93115.60524877765,-4.267052003734162,-6.884394751222356,2.8108529612146382
2001-01-22,Unknown,Unknown,96120.92276100027,93734.42865239547,-3.8790772389997286,-6.265571347604537,2.546016594878786
2001-01-23,Unknown,Unknown,96583.75043044594,94472.64314397697,-3.416249569554053,-5.527356856023036,2.234622866697644
2001-01-24,Unknown,Unknown,96760.73575630257,94754.93640552965,-3.239264243697426,-5.245063594470356,2.1168283435794466
2001-01-25,Unknown,Unknown,96611.00906303975,94516.12091968028,-3.3889909369602567,-5.483879080319721,2.2164347446502752
2001-01-26,Unknown,Unknown,96542.89119683568,94407.47228156477,-3.4571088031643105,-5.592527718435236,2.261917265300939
2001-01-29,Unknown,Unknown,96858.73839802224,94911.2515420412,-3.141261601977763,-5.088748457958802,2.0519030403032934
2001-01-30,Unknown,Unknown,97381.47136346127,95745.01554490784,-2.6185286365387306,-4.254984455092159,1.7091812134970796
2001-01-31,Unknown,Unknown,97041.68083933368,95203.04645884717,-2.9583191606663117,-4.7969535411528375,1.9312768329123653
2001-02-01,Unknown,Unknown,97438.0561288418,95835.26877859344,-2.561943871158201,-4.164731221406559,1.6724399802657608
2001-02-02,Unknown,Unknown,96074.62328698343,93660.5805552997,-3.9253767130165707,-6.339419444700301,2.5774372925848166
2001-02-05,Unknown,Unknown,96505.8693688865,94348.42211732187,-3.494130631113501,-5.6515778826781276,2.2866807977793835
2001-02-06,Unknown,Unknown,96331.60938419325,94070.47580059148,-3.6683906158067603,-5.929524199408521,2.403659133599856
2001-02-07,Unknown,Unknown,96026.68443150051,93584.11762932618,-3.9733155684994803,-6.41588237067382,2.6100227945184074
2001-02-08,Unknown,Unknown,95342.7856492566,92493.2926308293,-4.657214350743399,-7.506707369170707,3.080756385006822
2001-02-09,Unknown,Unknown,94785.22888006337,91603.98433301128,-5.214771119936634,-8.39601566698872,3.4728233386521756
2001-02-12,Unknown,Unknown,95442.98109421117,92653.10530915188,-4.557018905788834,-7.346894690848115,3.0110979829012896
2001-02-13,Unknown,Unknown,94968.16087945463,91895.76259485623,-5.031839120545367,-8.104237405143767,3.3433514210484017
2001-02-14,Unknown,Unknown,94881.03349758804,91756.79360023129,-5.1189665024119595,-8.24320639976871,3.4049139848636445
2001-02-15,Unknown,Unknown,95438.62681350188,92646.16019041283,-4.561373186498119,-7.35383980958717,3.0141201938102657
2001-02-16,Unknown,Unknown,94157.90442127982,90603.39591323897,-5.842095578720185,-9.396604086761029,3.9231515245241155
2001-02-20,Unknown,Unknown,93282.33897342562,89206.8607780165,-6.717661026574384,-10.793139221983495,4.568570354191248
2001-02-21,Unknown,Unknown,92075.68112094226,87282.23013925046,-7.924318879057745,-12.71776986074954,5.491897920165778
2001-02-22,Unknown,Unknown,92158.45422209955,87414.25401513635,-7.84154577790045,-12.58574598486365,5.42726156095974
2001-02-23,Unknown,Unknown,91788.15240724638,86823.61913301934,-8.211847592753617,-13.176380866980663,5.7179524693863115
2001-02-26,Unknown,Unknown,92946.8766252069,88671.79517329237,-7.053123374793091,-11.328204826707633,4.8212415724297575
2001-02-27,Unknown,Unknown,92432.88876790705,87851.97970026731,-7.567111232092949,-12.148020299732687,5.214349276213048
2001-02-28,Unknown,Unknown,91348.17688008439,86121.85402359707,-8.651823119915614,-13.878145976402923,6.068521069060262
2001-03-01,Unknown,Unknown,91631.35131307098,86573.51991108916,-8.368648686929026,-13.426480088910841,5.842238374015762
2001-03-02,Unknown,Unknown,91200.07390540741,85885.62838418398,-8.799926094592593,-14.114371615816024,6.187817008744267
2001-03-05,Unknown,Unknown,91692.32690588137,86670.77655587731,-8.307673094118629,-13.329223444122695,5.7938218042463685
2001-03-06,Unknown,Unknown,92276.05112701104,87601.82218597362,-7.723948872988961,-12.39817781402638,5.335766796168118
2001-03-07,Unknown,Unknown,92668.09824061028,88227.14102438335,-7.331901759389714,-11.772858975616652,5.033549953749028
2001-03-08,Unknown,Unknown,92729.0999382211,88324.43930657403,-7.270900061778896,-11.675560693425968,4.986910379763065
2001-03-09,Unknown,Unknown,91091.18034095442,85711.9421233443,-8.908819659045575,-14.288057876655703,6.275949516893564
2001-03-12,Unknown,Unknown,88791.12814403023,82043.33720783242,-11.208871855969772,-17.956662792167588,8.224666579693473
2001-03-13,Unknown,Unknown,89636.19796403911,83391.23152944005,-10.36380203596089,-16.608768470559955,7.488756695473864
2001-03-14,Unknown,Unknown,88603.82098008934,81744.5805173264,-11.396179019910658,-18.255419482673606,8.39106448324005
2001-03-15,Unknown,Unknown,88616.88382221722,81765.41587354353,-11.383116177782782,-18.234584126456465,8.379420413234385
2001-03-16,Unknown,Unknown,87588.67316441376,80125.41019087084,-12.411326835586234,-19.874589809129162,9.314477087560991
2001-03-19,Unknown,Unknown,88610.77529892001,81755.67272135567,-11.389224701079993,-18.244327278644324,8.384864743182142
2001-03-20,Unknown,Unknown,87234.87480438323,79561.09847462208,-12.765125195616767,-20.43890152537792,9.645136224720297
2001-03-21,Unknown,Unknown,86387.51820385797,78209.55671655438,-13.612481796142028,-21.790443283445626,10.456473391023046
2001-03-22,Unknown,Unknown,85889.57435689346,77415.33159111337,-14.110425643106538,-22.584668408886632,10.946465760217517
2001-03-23,Unknown,Unknown,87357.18101528968,79756.17803287256,-12.642818984710324,-20.243821967127438,9.53029993398664
2001-03-26,Unknown,Unknown,87994.88996367849,80773.32981136424,-12.00511003632151,-19.226670188635765,8.94052550412281
2001-03-27,Unknown,Unknown,89030.0914870332,82424.48599042972,-10.969908512966796,-17.57551400957028,8.01413004549456
2001-03-28,Unknown,Unknown,87601.79865806265,80146.34547685401,-12.398201341937353,-19.85365452314599,9.302299608110953
2001-03-29,Unknown,Unknown,87793.98219872115,80452.88003414932,-12.206017801278858,-19.54711996585068,9.12472264691555
2001-03-30,Unknown,Unknown,88322.49998793224,81295.87088541269,-11.677500012067753,-18.70412911458731,8.643279204701138
2001-04-02,Unknown,Unknown,87183.76370598485,79561.09847462208,-12.816236294015148,-20.43890152537792,9.580894906565685
2001-04-03,Unknown,Unknown,85437.5380997374,76906.73904690653,-14.562461900262601,-23.093260953093477,11.092394708905573
2001-04-04,Unknown,Unknown,85648.36361340567,77227.20547908245,-14.351636386594324,-22.77279452091755,10.90439318900922
2001-04-05,Unknown,Unknown,87573.36605585448,80153.31557803457,-12.426633944145514,-19.84668442196543,9.257321951449416
2001-04-06,Unknown,Unknown,86771.2725741568,78934.08915767034,-13.2287274258432,-21.06591084232966,9.928769052914177
2001-04-09,Unknown,Unknown,87348.75687167223,79811.89720491448,-12.65124312832777,-20.188102795085516,9.443278421771018
2001-04-10,Unknown,Unknown,88306.66718832958,81267.97382572948,-11.69333281167042,-18.732026174270523,8.661091240805163
2001-04-11,Unknown,Unknown,88343.34511920839,81323.7263076934,-11.656654880791617,-18.6762736923066,8.63169843565188
2001-04-12,Unknown,Unknown,89315.0117143477,82800.71323205007,-10.684988285652308,-17.19928676794993,7.867442474850694
2001-04-16,Unknown,Unknown,88742.07449414808,81929.81699362298,-11.257925505851919,-18.070183006377015,8.314747610208052
2001-04-17,Unknown,Unknown,89502.88818358709,83086.2958484012,-10.497111816412918,-16.913704151598797,7.722804669128047
2001-04-18,Unknown,Unknown,91675.36120014454,86388.57489661015,-8.324638799855455,-13.611425103389852,6.119774877478434
2001-04-19,Unknown,Unknown,92431.62233386133,87538.13361509085,-7.56837766613867,-12.461866384909149,5.590122289204125
2001-04-20,Unknown,Unknown,91904.52294004902,86736.91340602779,-8.095477059950984,-13.263086593972218,5.957797356508321
2001-04-23,Unknown,Unknown,90868.73707635025,85162.46164987041,-9.131262923649741,-14.837538350129586,6.7004585305907804
2001-04-24,Unknown,Unknown,90566.24138831379,84702.65148644694,-9.433758611686205,-15.297348513553066,6.922557675546992
2001-04-25,Unknown,Unknown,91294.95709462825,85810.33963296129,-8.705042905371752,-14.189660367038714,6.391557806584203
2001-04-26,Unknown,Unknown,91547.03500852316,86193.51199332069,-8.452964991476842,-13.806488006679308,6.211051030867987
2001-04-27,Unknown,Unknown,92491.21096032418,87628.71162051604,-7.508789039675811,-12.371288379483957,5.54897960940659
2001-04-30,Unknown,Unknown,92894.53123983092,88241.78073510667,-7.105468760169087,-11.758219264893322,5.272729613981109
2001-05-01,Unknown,Unknown,93073.26972718745,88513.47311397972,-6.926730272812554,-11.486526886020275,5.151528295964658
2001-05-02,Unknown,Unknown,92967.87066636933,88353.26071659301,-7.032129333630666,-11.646739283406992,5.222908483908029
2001-05-03,Unknown,Unknown,92229.97315092076,87231.61571275654,-7.770026849079237,-12.768384287243462,5.72998378778542
2001-05-04,Unknown,Unknown,93206.17586656308,88715.49779096924,-6.793824133436921,-11.284502209030755,5.061886803785676
2001-05-07,Unknown,Unknown,92702.01456036684,87949.14474276995,-7.29798543963317,-12.050855257230053,5.40411146861961
2001-05-08,Unknown,Unknown,92674.54035224776,87907.38242805014,-7.325459647752242,-12.092617571949859,5.422932400585823
2001-05-09,Unknown,Unknown,92431.62233386133,87538.13361509085,-7.56837766613867,-12.461866384909149,5.590122289204125
2001-05-10,Unknown,Unknown,92601.17901208374,87795.86913664179,-7.398820987916266,-12.204130863358209,5.47327559109092
2001-05-11,Unknown,Unknown,92202.44963714405,87189.77845071221,-7.797550362855954,-12.810221549287792,5.7491500443087595
2001-05-14,Unknown,Unknown,92317.02502868988,87363.93937794054,-7.682974971310119,-12.636060622059464,5.669485243015493
2001-05-15,Unknown,Unknown,92582.85922106676,87768.02204184158,-7.4171407789332395,-12.231977958158414,5.485867252345966
2001-05-16,Unknown,Unknown,93944.11720926288,89837.20941464973,-6.0558827907371215,-10.16279058535028,4.571499739776463
2001-05-17,Unknown,Unknown,94035.75999159904,89976.51150849478,-5.964240008400957,-10.023488491505228,4.51145350608646
2001-05-18,Unknown,Unknown,94306.16317491735,90387.53929113488,-5.693836825082643,-9.612460708865122,4.335358517904475
2001-05-21,Unknown,Unknown,95181.56869112141,91718.20405558293,-4.818431308878591,-8.28179594441707,3.7760929481781114
2001-05-22,Unknown,Unknown,95103.67670886079,91599.80393779905,-4.896323291139215,-8.400196062200948,3.8251968022126492
2001-05-23,Unknown,Unknown,94081.60877479916,90046.2041928198,-5.918391225200848,-9.9537958071802,4.481482165909156
2001-05-24,Unknown,Unknown,94255.76183599501,90310.9264705123,-5.744238164004988,-9.68907352948769,4.368059901113686
2001-05-25,Happiness Zone,Unknown,93554.52033779965,89245.00063871774,-6.4454796622003485,-10.754999361282259,4.828863990407406
2001-05-29,Happiness Zone,Unknown,93087.03148407581,88534.39174500188,-6.91296851592419,-11.465608254998127,5.142227386828968
2001-05-30,Happiness Zone,Unknown,92271.2036375218,87294.288331018,-7.728796362478196,-12.705711668982001,5.701306925868321
2001-05-31,Happiness Zone,Unknown,92569.1138993976,87747.12839326094,-7.430886100602397,-12.252871606739069,5.495320011528726
2001-06-01,Happiness Zone,Unknown,92926.58539570426,88290.50482352653,-7.073414604295747,-11.709495176473473,5.250939023900969
2001-06-04,Happiness Zone,Unknown,93206.17586656308,88715.49779096924,-6.793824133436921,-11.284502209030755,5.061886803785676
2001-06-05,Happiness Zone,Unknown,93875.34677366592,89732.67455190243,-6.124653226334075,-10.267325448097575,4.6166819861892305
2001-06-06,Happiness Zone,Unknown,93384.919832326,88987.1984973228,-6.615080167673993,-11.012801502677206,4.941970765756287
2001-06-07,Happiness Zone,Unknown,93595.76178121348,89307.68991194022,-6.404238218786517,-10.692310088059775,4.801458724888552
2001-06-08,Happiness Zone,Unknown,93050.3480747906,88478.63093555745,-6.949651925209399,-11.521369064442554,5.167029700722781
2001-06-11,Happiness Zone,Unknown,92637.85146455614,87851.61329112522,-7.362148535443858,-12.148386708874781,5.448093659441566
2001-06-12,Happiness Zone,Unknown,92537.03782989868,87698.37099491907,-7.462962170101328,-12.301629005080938,5.517396480785197
2001-06-13,Happiness Zone,Unknown,92042.04737602372,86945.95814908088,-7.957952623976283,-13.054041850919118,5.861214638873613
2001-06-14,Happiness Zone,Unknown,90758.73615415227,84995.25416886165,-9.241263845847737,-15.004745831138354,6.780945644141734
2001-06-15,Happiness Zone,Unknown,90848.79019863112,85132.14129336098,-9.151209801368875,-14.867858706639014,6.715030091362162
2001-06-18,Happiness Zone,Unknown,90577.63647363536,84719.97264589203,-9.422363526364641,-15.280027354107961,6.914147449299679
2001-06-19,Happiness Zone,Unknown,90821.23929282237,85090.26239391413,-9.178760707177624,-14.909737606085871,6.735173611731793
2001-06-20,Happiness Zone,Unknown,91115.38041109181,85537.37314957137,-8.884619588908183,-14.462626850428627,6.521134629382042
2001-06-21,Happiness Zone,Unknown,91754.26668759002,86508.51559828699,-8.245733312409985,-13.491484401713006,6.063855162724474
2001-06-22,Happiness Zone,Unknown,91308.45040960278,85830.85021743884,-8.69154959039722,-14.169149782561163,6.3818547506954815
2001-06-25,Happiness Zone,Unknown,90789.04269838252,85041.32179100122,-9.210957301617483,-14.958678208998787,6.758738912251361
2001-06-26,Happiness Zone,Unknown,90710.92062305291,84922.57191903623,-9.289079376947097,-15.077428080963774,6.8160308540056835
2001-06-27,Happiness Zone,Unknown,90678.74594223869,84873.66462604533,-9.321254057761308,-15.126335373954669,6.839673226990528
2001-06-28,Happiness Zone,Unknown,90986.69264464773,85341.76063256874,-9.013307355352273,-14.658239367431259,6.614501470602119
2001-06-29,Happiness Zone,Unknown,91193.51892164064,85656.14800397787,-8.80648107835935,-14.343851996022128,6.464650870601396
2001-07-02,Happiness Zone,Unknown,91840.66952357853,86725.12169363632,-8.159330476421466,-13.27487830636368,5.898576710002557
2001-07-03,Happiness Zone,Unknown,91827.34341343901,86704.16142521164,-8.17265658656099,-13.295838574788355,5.908807494374391
2001-07-05,Happiness Zone,Unknown,90752.37052885152,85013.36643895449,-9.247629471148478,-14.986633561045515,6.750707953693413
2001-07-06,Happiness Zone,Unknown,89584.15193438038,83175.9078660881,-10.415848065619615,-16.824092133911893,7.704447396726288
2001-07-09,Happiness Zone,Unknown,89872.88961517837,83630.05534276992,-10.127110384821625,-16.369944657230086,7.464821405200905
2001-07-10,Happiness Zone,Unknown,89233.26280069094,82624.004095788,-10.766737199309063,-17.375995904212004,7.999199236629417
2001-07-11,Happiness Zone,Unknown,89286.55665236528,82707.8285145257,-10.71344334763472,-17.292171485474306,7.954178287590019
2001-07-12,Happiness Zone,Unknown,90534.73720211536,84671.05702542062,-9.465262797884645,-15.328942974579373,6.925247401758883
2001-07-13,Happiness Zone,Unknown,91001.15635144022,85404.67474776477,-8.998843648559774,-14.595325252235225,6.552898445201238
2001-07-16,Happiness Zone,Unknown,90321.50355655758,84335.6677481843,-9.67849644344242,-15.664332251815694,7.097632553578914
2001-07-17,Happiness Zone,Unknown,90823.46958847152,85125.19617462193,-9.176530411528482,-14.87480382537807,6.693991520630882
2001-07-18,Happiness Zone,Unknown,90454.75936351088,84545.26210495057,-9.545240636489115,-15.45473789504943,6.989743850133823
2001-07-19,Happiness Zone,Unknown,90925.62054954891,85285.86658343626,-9.074379450451087,-14.714133416563735,6.612765036039359
2001-07-20,Happiness Zone,Unknown,90601.36775281295,84775.858367544,-9.398632247187056,-15.224141632456,6.871660750413833
2001-07-23,Happiness Zone,Unknown,89539.73156724866,83106.04030467253,-10.460268432751342,-16.893959695327474,7.741544704800973
2001-07-24,Happiness Zone,Unknown,89028.89205079208,82302.5550209128,-10.971107949207914,-17.69744497908721,8.172695280444398
2001-07-25,Happiness Zone,Unknown,89606.37800127178,83210.86662923741,-10.39362199872822,-16.78913337076259,7.685908861556312
2001-07-26,Happiness Zone,Unknown,90161.6008237671,84084.16118204921,-9.838399176232892,-15.915838817950789,7.227805518044872
2001-07-27,Happiness Zone,Unknown,90365.9556903404,84405.58527448292,-9.634044309659595,-15.59441472551708,7.061582946761935
2001-07-30,Happiness Zone,Unknown,90383.71324830939,84433.51564408814,-9.616286751690616,-15.566484355911857,7.04719868506134
2001-07-31,Happiness Zone,Unknown,90605.79390620056,84782.82014124405,-9.39420609379944,-15.217179858755948,6.868105773381594
2001-08-01,Happiness Zone,Unknown,90943.40457972715,85313.83859044401,-9.056595420272851,-14.686161409555998,6.598655132971265
2001-08-02,Happiness Zone,Unknown,91165.49053206015,85663.15141508043,-8.834509467939844,-14.33684858491957,6.423227520918728
2001-08-03,Happiness Zone,Unknown,90867.86348339397,85195.022098635,-9.132136516606026,-14.804977901365001,6.6586535750776665
2001-08-06,Happiness Zone,Unknown,90139.4065235268,84049.25238378292,-9.86059347647319,-15.950747616217075,7.245934933406928
2001-08-07,Happiness Zone,Unknown,90348.17166016216,84377.61326747517,-9.651828339837841,-15.622386732524829,7.0759981960623275
2001-08-08,Happiness Zone,Unknown,89353.16602529545,82812.59654672707,-10.64683397470455,-17.187403453272932,7.898036954894727
2001-08-09,Happiness Zone,Unknown,89508.63731025645,83057.13301168161,-10.491362689743545,-16.942866988318393,7.76754995584481
2001-08-10,Happiness Zone,Unknown,89690.73434328723,83343.54837608301,-10.309265656712775,-16.65645162391699,7.615689625503941
2001-08-13,Happiness Zone,Unknown,89704.0763367523,83364.53362694918,-10.295923663247697,-16.63546637305082,7.604604061209241
2001-08-14,Happiness Zone,Unknown,89681.88733095385,83329.6331561634,-10.318112669046153,-16.670366843836604,7.623043489086334
2001-08-15,Happiness Zone,Unknown,89224.36284393904,82610.00560106339,-10.775637156060958,-17.389994398936615,8.006726539660857
2001-08-16,Happiness Zone,Unknown,89406.47576029538,82896.44594790628,-10.593524239704621,-17.103554052093717,7.853207381749661
2001-08-17,Happiness Zone,Unknown,88562.50996256019,81568.99559093217,-11.437490037439812,-18.43100440906783,8.573740942821505
2001-08-20,Happiness Zone,Unknown,89042.22345537346,82323.52361681797,-10.95777654462654,-17.676476383182028,8.161336569882828
2001-08-21,Happiness Zone,Unknown,88149.38995935154,80919.21061480622,-11.850610040648457,-19.080789385193786,8.935059165323068
2001-08-22,Happiness Zone,Unknown,88682.43436493212,81757.62135179325,-11.317565635067872,-18.242378648206746,8.469929651380426
2001-08-23,Happiness Zone,Unknown,88495.87941186261,81464.1942488088,-11.50412058813739,-18.535805751191205,8.631626726187914
2001-08-24,Happiness Zone,Unknown,89570.83111868272,83154.95592514394,-10.429168881317285,-16.845044074856062,7.71556562343001
2001-08-27,Happiness Zone,Unknown,89255.45710093123,82658.91289405429,-10.744542899068765,-17.341087105945718,7.980439103199766
2001-08-28,Happiness Zone,Unknown,88486.99004399442,81450.21240904517,-11.513009956005583,-18.549787590954836,8.639360692652787
2001-08-29,Happiness Zone,Unknown,88025.02352026643,80723.59809780358,-11.974976479733568,-19.276401902196415,9.044970237348139
2001-08-30,Happiness Zone,Unknown,87038.92843103534,79172.59652674112,-12.961071568964655,-20.827403473258876,9.935675030737823
2001-08-31,Happiness Zone,Unknown,87407.60688934487,79752.48063152947,-12.59239311065513,-20.247519368470535,9.598605832943852
2001-09-04,Happiness Zone,Unknown,87083.3223259578,79242.4224507542,-12.916677674042209,-20.75757754924581,9.894826070059114
2001-09-05,Happiness Zone,Unknown,87207.6887650429,79438.03496775682,-12.792311234957099,-20.56196503224318,9.780772901091673
2001-09-06,Happiness Zone,Unknown,85906.1984802929,77390.9570556827,-14.093801519707105,-22.609042944317302,11.002889418312133
2001-09-07,Happiness Zone,Unknown,84995.61272074385,75958.72201154621,-15.004387279256148,-24.041277988453793,11.897107362896353
2001-09-10,Happiness Zone,Unknown,85586.38772027011,76887.93559593198,-14.413612279729893,-23.112064404068022,11.31315603276304
2001-09-17,Happiness Zone,Unknown,83032.26426017316,72870.62576186037,-16.96773573982684,-27.129374238139626,13.94476634730819
2001-09-18,Happiness Zone,Unknown,82921.21863678572,72695.9651858019,-17.07878136321428,-27.304034814198097,14.065778513084371
2001-09-19,Happiness Zone,Unknown,81988.41210478713,71228.77970599663,-18.011587895212866,-28.771220294003374,15.105737376383367
2001-09-20,Happiness Zone,Unknown,80549.20544582419,68965.09153483293,-19.45079455417581,-31.034908465167067,16.79706885495882
2001-09-21,Happiness Zone,Unknown,80076.14971363884,68221.03531567896,-19.923850286361166,-31.778964684321032,17.37750584274005
2001-09-24,Happiness Zone,Unknown,81601.01250009169,70619.4496301516,-18.398987499908316,-29.38055036984839,15.550337658326075
2001-09-25,Happiness Zone,Unknown,82069.1417541345,71355.75712869804,-17.9308582458655,-28.644242871301962,15.01404379483169
2001-09-26,Happiness Zone,Unknown,81908.61427720558,71103.26791986365,-18.091385722794428,-28.896732080136356,15.19669443255407
2001-09-27,Happiness Zone,Unknown,82301.00654056671,71720.45080982249,-17.69899345943329,-28.279549190177512,14.752494736543342
2001-09-28,Happiness Zone,Unknown,83268.50755001634,73242.20626936035,-16.731492449983666,-26.757793730639644,13.689239840458377
2001-10-01,Happiness Zone,Unknown,83144.49887531216,73122.97340352622,-16.855501124687844,-26.877026596473776,13.705030040945609
2001-10-02,Happiness Zone,Unknown,83771.5959382788,74041.62774263488,-16.228404061721204,-25.958372257365113,13.141213250287809
2001-10-03,Happiness Zone,Unknown,84618.97508441578,75282.98027869411,-15.381024915584218,-24.71701972130589,12.401202464568017
2001-10-04,Happiness Zone,Unknown,84662.04693660494,75346.07759846121,-15.33795306339506,-24.653922401538786,12.364239300937395
2001-10-05,Happiness Zone,Unknown,84561.52131510395,75198.81443325581,-15.438478684896051,-24.801185566744188,12.450604377756758
2001-10-08,Happiness Zone,Unknown,84226.3999079366,74707.88447519467,-15.7736000920634,-25.292115524805325,12.740978411592385
2001-10-09,Happiness Zone,Unknown,83953.56413947014,74308.19872099892,-16.04643586052986,-25.69180127900108,12.980216967290747
2001-10-10,Happiness Zone,Unknown,85083.30067904614,75963.18554109553,-14.916699320953864,-24.036814458904466,12.005967197119038
2001-10-11,Happiness Zone,Unknown,85887.5624965762,77141.37413754365,-14.112437503423802,-22.85862586245635,11.337869537348432
2001-10-12,Happiness Zone,Unknown,85648.22010980413,76790.75389846835,-14.351779890195871,-23.209246101531654,11.534547796010685
2001-10-15,Happiness Zone,Unknown,85552.45814306551,76650.46916192402,-14.447541856934487,-23.34953083807598,11.613743631935304
2001-10-16,Happiness Zone,Unknown,85882.76473450048,77134.34574399958,-14.117235265499517,-22.86565425600041,11.341794509460069
2001-10-17,Happiness Zone,Unknown,84762.5952963148,75493.37407358861,-15.237404703685197,-24.506625926411385,12.278191743941447
2001-10-18,Happiness Zone,Unknown,84652.50257342352,75332.09575869759,-15.347497426576473,-24.66790424130242,12.372424689445637
2001-10-19,Happiness Zone,Unknown,84618.97508441578,75282.98027869411,-15.381024915584218,-24.71701972130589,12.401202464568017
2001-10-22,Happiness Zone,Unknown,85633.85524633812,76769.71035523865,-14.36614475366188,-23.23028964476135,11.546409189356277
2001-10-23,Happiness Zone,Unknown,85365.76039442513,76376.96971978195,-14.634239605574873,-23.62303028021805,11.768980502397497
2001-10-24,Happiness Zone,Unknown,85226.95499825847,76173.62930087303,-14.773045001741526,-23.826370699126976,11.885117960739834
2001-10-25,Happiness Zone,Unknown,86160.42100325154,77541.09320166142,-13.839578996748457,-22.458906798338575,11.115819297483709
2001-10-26,Happiness Zone,Unknown,86040.76117896996,77365.79973708477,-13.95923882103004,-22.63420026291523,11.212915101201881
2001-10-29,Happiness Zone,Unknown,84666.8105913673,75353.05602712226,-15.333189408632697,-24.646943972877732,12.360155055811784
2001-10-30,Happiness Zone,Unknown,84049.29768344763,74448.44182014074,-15.950702316552368,-25.551558179859256,12.89597959148896
2001-10-31,Happiness Zone,Unknown,83876.9761673777,74196.00257618936,-16.12302383262231,-25.80399742381063,13.047837154363219
2001-11-01,Happiness Zone,Unknown,85174.27056826124,76096.45021157629,-14.825729431738754,-23.903549788423717,11.92936113504015
2001-11-02,Happiness Zone,Unknown,85528.50344000032,76615.37715908668,-14.471496559999675,-23.384622840913316,11.633599691620834
2001-11-05,Happiness Zone,Unknown,86213.09974869655,77618.26396347766,-13.786900251303447,-22.381736036522348,11.073213115489278
2001-11-06,Happiness Zone,Unknown,87036.47303079834,78824.44954937504,-12.963526969201656,-21.175550450624957,10.418117130369996
2001-11-07,Happiness Zone,Unknown,86964.67145167716,78719.26514314856,-13.035328548322845,-21.280734856851446,10.474445224475337
2001-11-08,Happiness Zone,Unknown,87132.22931298472,78964.72595843887,-12.867770687015279,-21.035274041561138,10.343230164370642
2001-11-09,Happiness Zone,Unknown,87189.66602863988,79048.86682143566,-12.810333971360121,-20.95113317856434,10.29843884491546
2001-11-12,Happiness Zone,Unknown,86859.36512175715,78564.9985668406,-13.140634878242851,-21.435001433159396,10.55733049859342
2001-11-13,Happiness Zone,Unknown,88065.72942529112,80332.23982411028,-11.934270574708872,-19.667760175889725,9.62688158342595
2001-11-14,Happiness Zone,Unknown,88118.3740634228,80409.36062104351,-11.881625936577201,-19.59063937895649,9.587208980196515
2001-11-15,Happiness Zone,Unknown,88218.90536947601,80556.6321137294,-11.781094630523992,-19.4433678862706,9.511660374441977
2001-11-16,Happiness Zone,Unknown,87974.72542876267,80198.9251887465,-12.025274571237333,-19.801074811253493,9.695641458680381
2001-11-19,Happiness Zone,Unknown,88649.7773742775,81187.83015337387,-11.350222625722495,-18.812169846626126,9.1909676694242
2001-11-20,Happiness Zone,Unknown,88185.40061867716,80507.54994364793,-11.814599381322843,-19.492450056352073,9.53680826258334
2001-11-21,Happiness Zone,Unknown,87821.55516913,79974.5412266079,-12.178444830869994,-20.025458773392103,9.811889911675253
2001-11-23,Happiness Zone,Unknown,88606.67141477502,81124.68286872376,-11.393328585224982,-18.875317131276237,9.222826249020466
2001-11-26,Happiness Zone,Unknown,88726.33692360883,81299.9846607809,-11.273663076391172,-18.7000153392191,9.134506351771066
2001-11-27,Happiness Zone,Unknown,88486.97179862787,80949.3311117836,-11.513028201372133,-19.050668888216403,9.311554009551326
2001-11-28,Happiness Zone,Unknown,87486.46218472379,79483.65290594926,-12.51353781527621,-20.516347094050737,10.068497088632821
2001-11-29,Happiness Zone,Unknown,88218.90536947601,80556.6321137294,-11.781094630523992,-19.4433678862706,9.511660374441977
2001-11-30,Happiness Zone,Unknown,87826.3699848624,79981.59460259347,-12.173630015137604,-20.018405397406536,9.808225781503177
2001-12-03,Happiness Zone,Unknown,87500.82704818979,79504.69644917897,-12.49917295181021,-20.49530355082103,10.057431769608872
2001-12-04,Happiness Zone,Unknown,88419.94524337351,80851.14178917916,-11.58005475662649,-19.14885821082084,9.361405772017605
2001-12-05,Happiness Zone,Happiness Zone,89430.06175053347,82330.89343706264,-10.569938249466537,-17.669106562937365,8.622727164861566
2001-12-06,Happiness Zone,Happiness Zone,89401.33202360146,82288.80635060325,-10.598667976398545,-17.71119364939675,8.643369600835227
2001-12-07,Happiness Zone,Happiness Zone,89027.90810355954,81741.76582891657,-10.97209189644045,-18.25823417108343,8.913610075285971
2001-12-10,Happiness Zone,Happiness Zone,87984.33800657076,80213.00695827615,-12.015661993429239,-19.786993041723854,9.688367688717836
2001-12-11,Happiness Zone,Happiness Zone,87874.23391457503,80051.71198842413,-12.12576608542497,-19.948288011575876,9.771835894380466
2001-12-12,Happiness Zone,Happiness Zone,87936.47976141034,80142.897899926,-12.063520238589653,-19.857102100074,9.724607002876473
2001-12-13,Happiness Zone,Happiness Zone,86873.7413543276,78586.05876503131,-13.126258645672396,-21.413941234968693,10.545995968669297
2001-12-14,Happiness Zone,Happiness Zone,87385.92519411836,79336.37308578286,-12.614074805881636,-20.663626914217136,10.14610549392254
2001-12-17,Happiness Zone,Happiness Zone,87946.0354936962,80156.89639465063,-12.053964506303805,-19.843103605349377,9.717366127420801
2001-12-18,Happiness Zone,Happiness Zone,88271.5556921599,80633.76123814312,-11.72844430784009,-19.36623876185688,9.472204119883942
2001-12-19,Happiness Zone,Happiness Zone,88659.30468380226,81201.78701069597,-11.340695316197746,-18.79821298930403,9.183932949805618
2001-12-20,Happiness Zone,Happiness Zone,88113.57630134709,80402.33222749943,-11.886423698652916,-19.59766777250057,9.590821385664029
2001-12-21,Happiness Zone,Happiness Zone,88446.4579949388,80889.9811582426,-11.553542005061201,-19.11001884175739,9.341672143443436
2001-12-24,Happiness Zone,Happiness Zone,88340.79353822878,80735.189950663,-11.659206461771221,-19.264810049337,9.42043189867212
2001-12-26,Happiness Zone,Happiness Zone,88643.42772944507,81178.52835765263,-11.356572270554931,-18.821471642347376,9.195657426683002
2001-12-27,Happiness Zone,Happiness Zone,88979.6860470569,81671.12381181425,-11.020313952943106,-18.32887618818575,8.948771480214912
2001-12-28,Happiness Zone,Happiness Zone,88950.83694452822,81628.8618482643,-11.049163055471789,-18.37113815173569,8.969836073268244
2001-12-31,Happiness Zone,Happiness Zone,88134.23964867553,80432.60261912586,-11.865760351324472,-19.56739738087414,9.575267713292067
2002-01-02,Happiness Zone,Happiness Zone,88659.62437689613,81298.14428758986,-11.34037562310387,-18.701855712410133,9.054917739899748
2002-01-03,Happiness Zone,Happiness Zone,90272.43947704916,82220.00470669198,-9.72756052295084,-17.779995293308016,9.793765883477
2002-01-04,Happiness Zone,Happiness Zone,90820.40844556017,82768.84396416717,-9.179591554439826,-17.23115603583283,9.727772064665707
2002-01-07,Happiness Zone,Happiness Zone,90165.38257897878,82184.82942904961,-9.83461742102122,-17.81517057095039,9.710494266851043
2002-01-08,Happiness Zone,Happiness Zone,90191.54689837147,81994.78799650312,-9.808453101628533,-18.005212003496883,9.99668284064339
2002-01-09,Happiness Zone,Happiness Zone,89715.69706222127,81326.29949916866,-10.284302937778733,-18.673700500831348,10.315725189412284
2002-01-10,Happiness Zone,Happiness Zone,89883.47530796826,81685.1639439414,-10.116524692031748,-18.314836056058603,10.036475374712062
2002-01-11,Happiness Zone,Happiness Zone,89110.44405787968,80882.98607462055,-10.889555942120321,-19.117013925379446,10.172050245114207
2002-01-14,Happiness Zone,Happiness Zone,88144.22488620089,80376.30052344876,-11.855775113799115,-19.623699476551238,9.664446251150771
2002-01-15,Happiness Zone,Happiness Zone,88944.78285815608,81030.72390621458,-11.05521714184392,-18.969276093785414,9.766738553516152
2002-01-16,Happiness Zone,Happiness Zone,87068.63857530951,79391.134597567,-12.93136142469049,-20.608865402433008,9.670480232660372
2002-01-17,Happiness Zone,Happiness Zone,88109.67021158047,79989.32250449975,-11.890329788419528,-20.01067749550025,10.15178957994538
2002-01-18,Happiness Zone,Happiness Zone,86998.87678310214,79623.34639137793,-13.00112321689786,-20.376653608622075,9.263024886533632
2002-01-22,Happiness Zone,Happiness Zone,85777.94145885452,79074.4571690197,-14.222058541145477,-20.92554283098029,8.477433206409856
2002-01-23,Happiness Zone,Happiness Zone,86792.03377917087,79679.67346949651,-13.207966220829126,-20.320326530503486,8.926191586863318
2002-01-24,Happiness Zone,Happiness Zone,87330.34171092478,79925.93372291507,-12.669658289075214,-20.074066277084935,9.26408694039047
2002-01-25,Happiness Zone,Happiness Zone,87313.06187414657,79904.79024991934,-12.68693812585343,-20.095209750080656,9.271373594819888
2002-01-28,Happiness Zone,Happiness Zone,87458.96930337363,80122.98689404463,-12.541030696626375,-19.877013105955367,9.155902311817421
2002-01-29,Happiness Zone,Happiness Zone,85076.1789730906,77603.75749244238,-14.923821026909401,-22.396242507557616,9.628942878669156
2002-01-30,Happiness Zone,Happiness Zone,85927.01449316085,78722.61279031054,-14.072985506839153,-21.277387209689458,9.151629306359933
2002-01-31,Happiness Zone,Happiness Zone,86738.99826218365,79644.46488193214,-13.261001737816347,-20.35553511806786,8.907754469527429
2002-02-01,Happiness Zone,Happiness Zone,86066.36353922244,79271.49368518825,-13.933636460777565,-20.728506314811746,8.57164352297779
2002-02-04,Happiness Zone,Happiness Zone,83934.72135745117,77301.13685098322,-16.06527864254883,-22.69886314901678,8.58148376168877
2002-02-05,Happiness Zone,Happiness Zone,83298.07342321781,76822.65647627326,-16.70192657678219,-23.177343523726744,8.429045862198858
2002-02-06,Happiness Zone,Happiness Zone,82779.87933381571,76491.9056056768,-17.22012066618429,-23.508094394323198,8.22044329834588
2002-02-07,Happiness Zone,Happiness Zone,82084.83841801694,76013.39192104482,-17.915161581983064,-23.986608078955175,7.987337946027373
2002-02-08,Happiness Zone,Happiness Zone,83693.97655237757,77470.00982809249,-16.30602344762243,-22.52999017190751,8.034033735243096
2002-02-11,Happiness Zone,Happiness Zone,84569.90772529758,78420.0421137344,-15.430092274702412,-21.57995788626561,7.842211564543544
2002-02-12,Happiness Zone,Happiness Zone,84052.12658643982,78173.75687787433,-15.947873413560188,-21.826243122125668,7.519620321879716
2002-02-13,Happiness Zone,Happiness Zone,85095.68417701723,79004.11494121548,-14.904315822982772,-20.995885058784523,7.710445513292941
2002-02-14,Happiness Zone,Happiness Zone,84841.94987439952,78856.35212717994,-15.158050125600475,-21.14364787282006,7.590508038675159
2002-02-15,Happiness Zone,Happiness Zone,83520.58863473336,78032.99747494135,-16.47941136526664,-21.967002525058643,7.032398264021866
2002-02-19,Happiness Zone,Happiness Zone,81711.68486800088,76534.11760434374,-18.288315131999113,-23.46588239565626,6.765044696044531
2002-02-20,Happiness Zone,Happiness Zone,82790.75250012933,77821.88751672365,-17.20924749987067,-22.178112483276347,6.384919644024145
2002-02-21,Happiness Zone,Happiness Zone,80744.85346312869,76210.42010973288,-19.255146536871315,-23.78957989026712,5.949886310647323
2002-02-22,Happiness Zone,Happiness Zone,81193.31094192665,77153.3823644282,-18.806689058073346,-22.84661763557181,5.236230031259237
2002-02-25,Happiness Zone,Happiness Zone,82956.90791134708,78427.07050727846,-17.043092088652923,-21.57292949272154,5.775859502043024
2002-02-26,Happiness Zone,Happiness Zone,82795.06942669307,78265.20926875227,-17.20493057330693,-21.734790731247735,5.787833700649636
2002-02-27,Happiness Zone,Happiness Zone,82725.94450143524,78567.79660028942,-17.274055498564767,-21.43220339971058,5.292432880993503
2002-02-28,Happiness Zone,Happiness Zone,82176.22458547232,78215.94389409976,-17.823775414527688,-21.78405610590024,5.06326522982905
2002-03-01,Happiness Zone,Happiness Zone,84514.1724240478,80038.52958678875,-15.485827575952193,-19.96147041321126,5.591860395693504
2002-03-04,Happiness Zone,Happiness Zone,86556.21598610727,81452.96880509148,-13.443784013892724,-18.547031194908513,6.265268480547759
2002-03-05,Happiness Zone,Happiness Zone,86665.68904935938,81192.59347222127,-13.334310950640615,-18.807406527778724,6.740880347676836
2002-03-06,Happiness Zone,Happiness Zone,87442.05752329956,82156.69087243182,-12.557942476700434,-17.843309127568187,6.433275969055963
2002-03-07,Happiness Zone,Happiness Zone,87282.81166198038,81980.74786437598,-12.717188338019625,-18.01925213562402,6.4674499022329135
2002-03-08,Happiness Zone,Happiness Zone,88265.82213169018,82325.55552206057,-11.734177868309825,-17.67444447793942,7.215580352856299
2002-03-11,Happiness Zone,Happiness Zone,88353.21898224976,82501.4568927139,-11.646781017750241,-17.49854310728609,7.092919700976408
2002-03-12,Happiness Zone,Happiness Zone,87861.41173075058,82452.2165005029,-12.138588269249418,-17.547783499497104,6.560400022981416
2002-03-13,Happiness Zone,Happiness Zone,86710.87956734587,81657.05869724561,-13.289120432654133,-18.34294130275439,6.189080222492427
2002-03-14,Happiness Zone,Happiness Zone,86514.59903810474,81544.45450589144,-13.485400961895255,-18.45554549410856,6.095012300136515
2002-03-15,Happiness Zone,Happiness Zone,87339.32024680542,82321.47505661436,-12.660679753194582,-17.678524943385632,6.095426723999031
2002-03-18,Happiness Zone,Happiness Zone,87480.3802149412,82335.53184370251,-12.519619785058811,-17.664468156297485,6.248636835194232
2002-03-19,Happiness Zone,Happiness Zone,87684.03649900555,82886.0032873562,-12.315963500994442,-17.113996712643797,5.788713439366977
2002-03-20,Happiness Zone,Happiness Zone,85907.44308327523,81326.39110145418,-14.092556916724774,-18.673608898545822,5.632921761038445
2002-03-21,Happiness Zone,Happiness Zone,86685.85707152679,81361.64132642107,-13.314142928473217,-18.638358673578924,6.543889304967543
2002-03-22,Happiness Zone,Happiness Zone,86286.25319450698,81185.2403069376,-13.71374680549302,-18.8147596930624,6.283177666634909
2002-03-25,Happiness Zone,Happiness Zone,84885.89332050449,80176.05792728676,-15.11410667949551,-19.82394207271324,5.874366381905638
2002-03-26,Happiness Zone,Happiness Zone,85497.03160249088,80641.8388942305,-14.50296839750912,-19.3581611057695,6.0206869967690535
2002-03-27,Happiness Zone,Happiness Zone,85628.28081103254,80853.54010356388,-14.371719188967457,-19.14645989643612,5.905419479904994
2002-03-28,Happiness Zone,Happiness Zone,85833.49063756935,80818.27322363599,-14.166509362430645,-19.181726776364016,6.205548836777952
2002-04-01,Happiness Zone,Happiness Zone,86219.14467840058,80853.54010356388,-13.780855321599416,-19.14645989643612,6.636202407419622
2002-04-02,Happiness Zone,Happiness Zone,84870.46070375264,80408.92759205737,-15.129539296247351,-19.591072407942633,5.548554427103158
2002-04-03,Happiness Zone,Happiness Zone,84302.8893356499,79844.39103383504,-15.6971106643501,-20.155608966164962,5.58398435267109
2002-04-04,Happiness Zone,Happiness Zone,84205.06052801006,79512.69083046132,-15.794939471989943,-20.48730916953868,5.9014097605549765
2002-04-05,Happiness Zone,Happiness Zone,83906.7372751135,79526.80590991298,-16.093262724886504,-20.47319409008702,5.507490606578691
2002-04-08,Happiness Zone,Happiness Zone,84265.59876184564,79696.16188089138,-15.73440123815436,-20.30383811910862,5.733572073123727
2002-04-09,Happiness Zone,Happiness Zone,83237.27631218961,79138.68702613513,-16.76272368781039,-20.861312973864877,5.178995811114406
2002-04-10,Happiness Zone,Happiness Zone,83825.47886297389,80034.89047780917,-16.17452113702611,-19.965109522190836,4.736169891074837
2002-04-11,Happiness Zone,Happiness Zone,82036.3367052908,78044.81416977434,-17.9636632947092,-21.955185830225656,5.1143981544161665
2002-04-12,Happiness Zone,Happiness Zone,82917.52188251198,78630.54416587541,-17.08247811748802,-21.369455834124583,5.4520514414766685
2002-04-15,Happiness Zone,Happiness Zone,82704.17541996606,78030.69909032268,-17.295824580033937,-21.969300909677315,5.98927907109188
2002-04-16,Happiness Zone,Happiness Zone,84853.11217263692,79886.71128974852,-15.146887827363088,-20.113288710251474,6.216804776047535
2002-04-17,Happiness Zone,Happiness Zone,84720.26085893606,79717.35531877012,-15.279739141063942,-20.28264468122988,6.275804710480615
2002-04-18,Happiness Zone,Happiness Zone,84110.64262015538,79371.56501838623,-15.889357379844615,-20.628434981613776,5.970749853138657
2002-04-19,Happiness Zone,Happiness Zone,84216.90698061178,79660.89500096349,-15.783093019388229,-20.33910499903652,5.719257836097857
2002-04-22,Happiness Zone,Happiness Zone,82845.25118830393,78334.14415235158,-17.154748811696074,-21.66585584764842,5.758800437238087
2002-04-23,Happiness Zone,Happiness Zone,82188.2623879229,77995.44053787529,-17.811737612077096,-22.004559462124718,5.375726864458885
2002-04-24,Happiness Zone,Happiness Zone,81401.66689607236,77212.05779204848,-18.598333103927633,-22.787942207951517,5.426107299597627
2002-04-25,Happiness Zone,Happiness Zone,81311.70197484404,77254.44466780598,-18.68829802515597,-22.745555332194023,5.25181084982782
2002-04-26,Happiness Zone,Happiness Zone,79640.38976413252,75786.55135215799,-20.359610235867486,-24.213448647842018,5.085121757377342
2002-04-29,Happiness Zone,Happiness Zone,79423.3685453908,75412.48092798777,-20.576631454609206,-24.58751907201223,5.31859921334914
2002-04-30,Happiness Zone,Happiness Zone,80371.38915691445,76118.2015906487,-19.628610843085546,-23.881798409351298,5.587609109761549
2002-05-01,Happiness Zone,Happiness Zone,80622.96728457994,77049.73854209465,-19.37703271542006,-22.950261457905352,4.637561152181102
2002-05-02,Happiness Zone,Happiness Zone,79861.90288152885,76753.37183849284,-20.138097118471155,-23.246628161507164,4.050025384652933
2002-05-03,Happiness Zone,Happiness Zone,78888.49962802985,75920.63211572799,-21.11150037197015,-24.079367884272006,3.9091712352682384
2002-05-06,Happiness Zone,Happiness Zone,77378.76326091113,74431.55368968176,-22.621236739088868,-25.568446310318237,3.959623876073848
2002-05-07,Happiness Zone,Happiness Zone,77048.3430205044,74170.45386600784,-22.951656979495606,-25.829546133992164,3.8801018525457476
2002-05-08,Happiness Zone,Happiness Zone,80916.67982418685,76929.76453049581,-19.083320175813146,-23.070235469504187,5.182539317549306
2002-05-09,Happiness Zone,Happiness Zone,79669.99616495968,76040.56448992432,-20.330003835040323,-23.95943551007568,4.773020425849506
2002-05-10,Happiness Zone,Happiness Zone,77911.1252984976,74607.97136412624,-22.088874701502405,-25.392028635873764,4.427347204295673
2002-05-13,Happiness Zone,Happiness Zone,79660.17025223354,76125.27994907579,-20.33982974776646,-23.874720050924214,4.643516983480955
2002-05-14,Happiness Zone,Happiness Zone,81933.1494935391,77783.70601861991,-18.06685050646091,-22.216293981380087,5.334592149576789
2002-05-15,Happiness Zone,Happiness Zone,81886.83656050867,77480.24430163,-18.11316343949133,-22.519755698370002,5.68737527688199
2002-05-16,Happiness Zone,Happiness Zone,82259.94406669422,77882.50324730102,-17.740055933305776,-22.117496752698983,5.620570265305247
2002-05-17,Happiness Zone,Happiness Zone,82533.11089620381,78263.61871997631,-17.46688910379619,-21.736381280023686,5.455270591950967
2002-05-20,Happiness Zone,Happiness Zone,81354.91103795222,77416.76391775979,-18.645088962047783,-22.58323608224021,5.0869436035532845
2002-05-21,Happiness Zone,Happiness Zone,80238.46008859387,76711.01827265735,-19.761539911406135,-23.28898172734265,4.598350921895955
2002-05-22,Happiness Zone,Happiness Zone,80422.39884177592,76880.38257111626,-19.577601158224077,-23.119617428883732,4.6071782582288945
2002-05-23,Happiness Zone,Happiness Zone,81335.87953190468,77698.97390450744,-18.664120468095323,-22.30102609549256,4.680764036687313
2002-05-24,Happiness Zone,Happiness Zone,80234.11216456692,76703.93158674978,-19.765887835433084,-23.296068413250225,4.602346326699847
2002-05-28,Happiness Zone,Happiness Zone,79807.18136684161,76287.5991990296,-20.19281863315838,-23.7124008009704,4.613570494766317
2002-05-29,Happiness Zone,Happiness Zone,78948.60771088555,75723.02100340476,-21.051392289114446,-24.276978996595233,4.2597174079145095
2002-05-30,Happiness Zone,Happiness Zone,79031.41683578753,75511.3114665909,-20.968583164212472,-24.48868853340911,4.661692799169659
2002-05-31,Happiness Zone,Happiness Zone,78678.67290509972,75666.56068559813,-21.321327094900276,-24.333439314401872,3.98077062338964
2002-06-03,Happiness Zone,Happiness Zone,76854.51650313044,73655.24930228204,-23.145483496869566,-26.344750697717956,4.34356984893034
2002-06-04,Happiness Zone,Happiness Zone,77154.4596645034,73838.7536626341,-22.845540335496594,-26.161246337365895,4.4904685377256115
2002-06-05,Happiness Zone,Happiness Zone,77772.27681035973,74530.37590080439,-22.22772318964027,-25.46962409919562,4.349771311860984
2002-06-06,Happiness Zone,Happiness Zone,76308.60624898518,73013.10895325735,-23.69139375101482,-26.986891046742645,4.513569334292544
2002-06-07,Happiness Zone,Happiness Zone,75861.77770923078,72928.36851166438,-24.138222290769217,-27.071631488335623,4.022315674177235
2002-06-10,Happiness Zone,Happiness Zone,75922.3640210803,73210.67842817806,-24.077635978919698,-26.789321571821944,3.7039481823167186
2002-06-11,Happiness Zone,Happiness Zone,74627.22274210156,71954.50297682446,-25.37277725789845,-28.045497023175546,3.7144579626072094
2002-06-12,Happiness Zone,Happiness Zone,75215.84224323646,72392.06211234537,-24.784157756763538,-27.60793788765462,3.900676467136499
2002-06-13,Happiness Zone,Happiness Zone,74425.42776117461,71665.1563392862,-25.57457223882539,-28.334843660713805,3.8516226893029915
2002-06-14,Happiness Zone,Happiness Zone,74486.35537241885,71559.32238958051,-25.513644627581144,-28.440677610419485,4.090358719305787
2002-06-17,Happiness Zone,Happiness Zone,76504.15604020664,73478.86493775957,-23.495843959793362,-26.521135062240432,4.117226232345383
2002-06-18,Happiness Zone,Happiness Zone,76926.50976101807,74078.6683759098,-23.073490238981933,-25.921331624090204,3.844347431647921
2002-06-19,Happiness Zone,Happiness Zone,74917.91394610851,72349.7085465099,-25.082086053891484,-27.650291453490105,3.549710774505277
2002-06-20,Happiness Zone,Happiness Zone,73698.66512913581,71425.23329853002,-26.30133487086419,-28.57476670146999,3.182953314417225
2002-06-21,Happiness Zone,Happiness Zone,72642.21736155859,70308.42656086547,-27.357782638441407,-29.691573439134533,3.319361440513502
2002-06-24,Happiness Zone,Happiness Zone,73186.91581535155,70676.70105860598,-26.81308418464845,-29.32329894139403,3.55168636785137
2002-06-25,Happiness Zone,Happiness Zone,71780.82069638727,69090.32851410932,-28.21917930361273,-30.909671485890676,3.894166144728195
2002-06-26,Happiness Zone,Happiness Zone,71704.93132299288,69203.64054130622,-28.29506867700712,-30.79635945869378,3.614391904994796
2002-06-27,Happiness Zone,Happiness Zone,72907.05088875322,70414.61859223276,-27.092949111246778,-29.58538140776724,3.539651774518582
2002-06-28,Happiness Zone,Happiness Zone,72836.22350556444,70081.81916143271,-27.163776494435552,-29.918180838567288,3.930269472296355
2002-07-01,Happiness Zone,Happiness Zone,71012.28920460425,68715.00896786375,-28.98771079539575,-31.284991032136254,3.3432000828449215
2002-07-02,Happiness Zone,Happiness Zone,69450.93529845716,67256.13847734017,-30.54906470154284,-32.743861522659834,3.2633405229716805
2002-07-03,Happiness Zone,Happiness Zone,70236.79657618169,67638.55303697384,-29.763203423818307,-32.36144696302616,3.84136475803607
2002-07-05,Happiness Zone,Happiness Zone,73104.57173917479,70329.69494606873,-26.895428260825216,-29.670305053931266,3.9455265592065025
2002-07-08,Happiness Zone,Happiness Zone,71791.3790326765,69451.51632594224,-28.208620967323494,-30.548483674057756,3.369059209237535
2002-07-09,Happiness Zone,Happiness Zone,70331.25532130602,67702.29990022012,-29.668744678693983,-32.29770009977988,3.8831109503819627
2002-07-10,Happiness Zone,Happiness Zone,68402.97049620078,65237.84450162277,-31.597029503799224,-34.76215549837723,4.851671631332444
2002-07-11,Happiness Zone,Happiness Zone,69581.81714115097,65768.9420618875,-30.41818285884903,-34.2310579381125,5.797379370456679
2002-07-12,Happiness Zone,Happiness Zone,69144.89590057715,65046.62473058518,-30.85510409942286,-34.95337526941482,6.300513188757262
2002-07-15,Happiness Zone,Happiness Zone,69923.45761372772,65393.63500686267,-30.076542386272287,-34.606364993137326,6.927008425804249
2002-07-16,Happiness Zone,Happiness Zone,68951.05149515712,64133.08346450503,-31.048948504842876,-35.86691653549497,7.512453433365085
2002-07-17,Happiness Zone,Happiness Zone,69340.49776383009,64260.53555359507,-30.65950223616991,-35.739464446404924,7.905259684613419
2002-07-18,Happiness Zone,Happiness Zone,67425.71069853507,62178.48638715089,-32.57428930146493,-37.82151361284911,8.438970802075541
2002-07-19,Happiness Zone,Happiness Zone,65722.87900558562,59990.182733235655,-34.277120994414375,-40.009817266764344,9.55605735998859
2002-07-22,Happiness Zone,Happiness Zone,64005.8467513834,58212.67785624669,-35.9941532486166,-41.7873221437533,9.951730634077084
2002-07-23,Happiness Zone,Happiness Zone,61798.60420024655,56619.23111706322,-38.201395799753456,-43.380768882936785,9.147727690746454
2002-07-24,Happiness Zone,Happiness Zone,64723.80733834012,59997.286074104246,-35.27619266165988,-40.00271392589575,7.877891773967938
2002-07-25,Happiness Zone,Happiness Zone,63103.0094276905,59487.37778797801,-36.8969905723095,-40.51262221202199,6.0779812023302515
2002-07-26,Happiness Zone,Happiness Zone,64160.16170065527,60620.48973246636,-35.83983829934473,-39.37951026753363,5.8390685786445795
2002-07-29,Happiness Zone,Happiness Zone,67009.42076898803,63573.605850687934,-32.99057923101197,-36.42639414931207,5.404467581042383
2002-07-30,Happiness Zone,Happiness Zone,67744.17480484949,64402.16934198081,-32.255825195150514,-35.59783065801919,5.1892746735321404
2002-07-31,Happiness Zone,Happiness Zone,67528.03397793879,64558.00981210372,-32.47196602206122,-35.44199018789628,4.600550999758712
2002-08-01,Happiness Zone,Happiness Zone,65615.83878898536,62872.486121004615,-34.38416121101464,-37.12751387899539,4.363359614412077
2002-08-02,Happiness Zone,Happiness Zone,64355.2593994497,61463.222431834154,-35.64474060055029,-38.536777568165846,4.70531295495118
2002-08-05,Happiness Zone,Happiness Zone,62387.97638873584,59324.51308805127,-37.612023611264156,-40.675486911948724,5.163908039392884
2002-08-06,Happiness Zone,Happiness Zone,64444.90785482523,61321.57615222767,-35.55509214517477,-38.67842384777232,5.093365008825024
2002-08-07,Happiness Zone,Happiness Zone,65236.65740049169,62390.93706972949,-34.763342599508306,-37.60906293027051,4.561111700537146
2002-08-08,Happiness Zone,Happiness Zone,67195.20970229448,64409.226881706636,-32.80479029770552,-35.59077311829336,4.325440554820736
2002-08-09,Happiness Zone,Happiness Zone,67135.05786072384,64650.040962876585,-32.86494213927615,-35.34995903712341,3.8437978705600617
2002-08-12,Happiness Zone,Happiness Zone,66871.9079332742,64175.54528758703,-33.1280920667258,-35.824454712412965,4.201542244174283
2002-08-13,Happiness Zone,Happiness Zone,65461.0094293997,63007.03738722301,-34.53899057060029,-36.99296261277699,3.8947586554423985
2002-08-14,Happiness Zone,Happiness Zone,68100.49857471528,65308.64474085463,-31.899501425284715,-34.691355259145375,4.274861076873915
2002-08-15,Dovish/Co-operative,Dovish/Co-operative,68954.72178450406,66215.1159759882,-31.04527821549594,-33.784884024011795,4.1374326211394585
2002-08-16,Dovish/Co-operative,Dovish/Co-operative,69152.93594226151,66016.81784652353,-30.847064057738493,-33.98318215347648,4.75048358590815
2002-08-19,Dovish/Co-operative,Dovish/Co-operative,70622.82077845323,67560.67027557465,-29.37717922154677,-32.43932972442535,4.53244541593254
2002-08-20,Dovish/Co-operative,Dovish/Co-operative,69956.93377070366,66845.43130269942,-30.043066229296333,-33.154568697300576,4.654772072476088
2002-08-21,Dovish/Co-operative,Dovish/Co-operative,70963.54048305514,67808.54189647043,-29.036459516944856,-32.19145810352957,4.6528040543944105
2002-08-22,Dovish/Co-operative,Dovish/Co-operative,71687.54950992204,68467.14567444847,-28.312450490077957,-31.53285432555153,4.703575421102157
2002-08-23,Dovish/Co-operative,Dovish/Co-operative,69934.06273602188,66994.11430333047,-30.065937263978128,-33.00588569666954,4.388368236917284
2002-08-26,Dovish/Co-operative,Dovish/Co-operative,70407.09324971697,67461.52745645269,-29.59290675028303,-32.5384725435473,4.366289801495649
2002-08-27,Dovish/Co-operative,Dovish/Co-operative,69139.62348769374,66682.52496537016,-30.860376512306264,-33.31747503462984,3.684771270433451
2002-08-28,Dovish/Co-operative,Dovish/Co-operative,67627.35789913157,65223.68362102835,-32.37264210086843,-34.77631637897165,3.6852783293709335
2002-08-29,Dovish/Co-operative,Dovish/Co-operative,67983.49945472463,65252.009545957444,-32.01650054527537,-34.74799045404255,4.1860625102179805
2002-08-30,Dovish/Co-operative,Dovish/Co-operative,67516.75041355945,64997.03458419307,-32.48324958644056,-35.00296541580693,3.876662751594462
2002-09-03,Dovish/Co-operative,Dovish/Co-operative,65221.50706746026,62518.376667598786,-34.77849293253974,-37.48162333240121,4.323737345634604
2002-09-04,Dovish/Co-operative,Dovish/Co-operative,66005.64991006455,63410.69118587819,-33.99435008993545,-36.589308814121814,4.09230474492015
2002-09-05,Dovish/Co-operative,Dovish/Co-operative,65008.516103004185,62872.486121004615,-34.99148389699581,-37.12751387899539,3.3974002203261966
2002-09-06,Dovish/Co-operative,Dovish/Co-operative,66221.1823643889,63736.483041835425,-33.778817635611105,-36.26351695816458,3.898394144092565
2002-09-09,Dovish/Co-operative,Dovish/Co-operative,66747.29430769566,64203.86288503563,-33.25270569230434,-35.79613711496437,3.9614928267078353
2002-09-10,Dovish/Co-operative,Dovish/Co-operative,67454.96653654917,64940.38689807513,-32.545033463450835,-35.05961310192487,3.872135289893963
2002-09-11,Dovish/Co-operative,Dovish/Co-operative,67157.94514672854,64536.74142690046,-32.84205485327146,-35.463258573099544,4.061568126734549
2002-09-12,Dovish/Co-operative,Dovish/Co-operative,65753.3914506626,63346.98596003442,-34.246608549337395,-36.65301403996558,3.798768724602586
2002-09-13,Dovish/Co-operative,Dovish/Co-operative,66070.588488358,63502.805611456075,-33.929411511642,-36.49719438854393,4.043573905400311
2002-09-16,Dovish/Co-operative,Dovish/Co-operative,65717.29141975904,63658.587789215475,-34.282708580240964,-36.341412210784526,3.2339762819751705
2002-09-17,Dovish/Co-operative,Dovish/Co-operative,64591.6602101967,62199.700643730896,-35.4083397898033,-37.80029935626911,3.845612666476539
2002-09-18,Dovish/Co-operative,Dovish/Co-operative,64067.90106795346,61576.54278651154,-35.93209893204654,-38.423457213488454,4.045953489268728
2002-09-19,Dovish/Co-operative,Dovish/Co-operative,62606.17375026454,59983.11686602932,-37.39382624973546,-40.01688313397068,4.372991970546902
2002-09-20,Dovish/Co-operative,Dovish/Co-operative,62679.332544712626,60003.02787191069,-37.32066745528737,-39.99697212808931,4.460282701924778
2002-09-23,Dovish/Co-operative,Dovish/Co-operative,61806.703832767314,59512.20617109608,-38.19329616723268,-40.48779382890393,3.8555076501022523
2002-09-24,Dovish/Co-operative,Dovish/Co-operative,61225.8335581564,58551.85613711163,-38.77416644184359,-41.448143862888365,4.566853379990343
2002-09-25,Dovish/Co-operative,Dovish/Co-operative,62757.66988485933,60003.02787191069,-37.24233011514067,-39.99697212808931,4.590838347073123
2002-09-26,Dovish/Co-operative,Dovish/Co-operative,63098.59932728578,60984.69625598141,-36.901400672714225,-39.015303744018595,3.4662844960829498
2002-09-27,Dovish/Co-operative,Dovish/Co-operative,61728.05874385575,58864.84449179634,-38.271941256144245,-41.13515550820366,4.864047933496929
2002-09-30,Dovish/Co-operative,Dovish/Co-operative,60890.589675677555,58181.94112571214,-39.10941032432245,-41.81805887428786,4.655479857767064
2002-10-01,Dovish/Co-operative,Dovish/Co-operative,63392.36816864608,60977.59291511282,-36.60763183135393,-39.02240708488718,3.9601026181779186
2002-10-02,Dovish/Co-operative,Dovish/Co-operative,62352.94170486639,59149.39033682493,-37.647058295133604,-40.85060966317508,5.416034467640163
2002-10-03,Dovish/Co-operative,Dovish/Co-operative,62061.52149469621,58551.85613711163,-37.9384785053038,-41.448143862888365,5.994114600510603
2002-10-04,Dovish/Co-operative,Dovish/Co-operative,61383.45855042714,57477.719409541656,-38.616541449572864,-42.52228059045834,6.795222881158902
2002-10-07,Dovish/Co-operative,Dovish/Co-operative,60606.44070572546,56289.716877321385,-39.39355929427454,-43.71028312267862,7.668760952932141
2002-10-08,Dovish/Co-operative,Dovish/Co-operative,60920.45723637437,57171.83855946578,-39.07954276362563,-42.82816144053422,6.556757262598034
2002-10-09,Dovish/Co-operative,Dovish/Co-operative,59864.793568002824,55557.05265149477,-40.135206431997176,-44.44294734850522,7.753724704458653
2002-10-10,Dovish/Co-operative,Dovish/Co-operative,60843.011965633166,57356.80022890578,-39.15698803436683,-42.64319977109422,6.078114055899619
2002-10-11,Dovish/Co-operative,Dovish/Co-operative,61961.3203563689,59867.89784579737,-38.0386796436311,-40.132102154202634,3.496736290897662
2002-10-14,Dovish/Co-operative,Dovish/Co-operative,61993.854190791455,60202.21287804887,-38.00614580920855,-39.79778712195113,2.9760389645010266
2002-10-15,Dovish/Co-operative,Dovish/Co-operative,63414.325005053695,63097.42386059664,-36.5856749949463,-36.902576139403365,0.5022410188365134
2002-10-16,Dovish/Co-operative,Dovish/Co-operative,62631.07382659123,61568.01961021728,-37.36892617340877,-38.43198038978273,1.726633767179897
2002-10-17,Dovish/Co-operative,Dovish/Co-operative,63497.4714524041,62791.53884678052,-36.5025285475959,-37.20846115321949,1.1242479776553127
2002-10-18,Dovish/Co-operative,Dovish/Co-operative,63489.65622562382,63054.720540580056,-36.51034377437619,-36.94527945941994,0.6897749784869012
2002-10-21,Dovish/Co-operative,Dovish/Co-operative,64234.33208745611,64143.130569731235,-35.76566791254388,-35.856869430268766,0.14218438812512169
2002-10-22,Dovish/Co-operative,Dovish/Co-operative,63774.36111258916,63680.74305109225,-36.22563888741084,-36.31925694890775,0.14701157211969296
2002-10-23,Dovish/Co-operative,Dovish/Co-operative,64060.820021694846,64164.478065999276,-35.939179978305155,-35.835521934000724,-0.16155051428581313
2002-10-24,Dovish/Co-operative,Dovish/Co-operative,63414.95370284599,62855.56051688338,-36.58504629715401,-37.14443948311662,0.889966108586937
2002-10-25,Dovish/Co-operative,Dovish/Co-operative,64059.73866648902,64164.478065999276,-35.94026133351098,-35.835521934000724,-0.16323580065985555
2002-10-28,Dovish/Co-operative,Dovish/Co-operative,63674.47545402091,63744.760557454865,-36.32552454597909,-36.25523944254514,-0.11026020463377195
2002-10-29,Dovish/Co-operative,Dovish/Co-operative,63460.666642473465,63004.9721720584,-36.53933335752654,-36.995027827941605,0.723267473510858
2002-10-30,Dovish/Co-operative,Dovish/Co-operative,63692.61511621147,63616.738035950395,-36.30738488378853,-36.38326196404961,0.11927219565737168
2002-10-31,Dovish/Co-operative,Dovish/Co-operative,63704.31839595234,62969.36802917016,-36.29568160404766,-37.030631970829845,1.1671553801234191
2002-11-01,Dovish/Co-operative,Dovish/Co-operative,64320.46751042574,64214.280563144195,-35.679532489574264,-35.7857194368558,0.16536344618409693
2002-11-04,Dovish/Co-operative,Dovish/Co-operative,64458.230143709654,64826.042263295945,-35.54176985629035,-35.173957736704054,-0.5673832718221417
2002-11-05,Dovish/Co-operative,Dovish/Co-operative,64675.70446443951,65338.21562411884,-35.32429553556049,-34.661784375881155,-1.0139719203393405
2002-11-06,Dovish/Co-operative,Dovish/Co-operative,65283.52648999178,66184.74565459575,-34.716473510008214,-33.81525434540424,-1.3616720222923373
2002-11-07,Dovish/Co-operative,Dovish/Co-operative,64521.85799149968,64562.81060461338,-35.47814200850033,-35.43718939538662,-0.06343065416481997
2002-11-08,Dovish/Co-operative,Dovish/Co-operative,64063.00409323804,63773.20723085124,-35.93699590676196,-36.22679276914875,0.45441788953435314
2002-11-11,Dovish/Co-operative,Dovish/Co-operative,63356.5054269179,62784.443833392426,-36.6434945730821,-37.21555616660758,0.9111518054432777
2002-11-12,Dovish/Co-operative,Dovish/Co-operative,63649.41091834448,63282.38969377689,-36.350589081655514,-36.717610306223115,0.5799737120289139
2002-11-13,Dovish/Co-operative,Dovish/Co-operative,63682.1746800755,63346.41136387975,-36.3178253199245,-36.65358863612025,0.5300431531425343
2002-11-14,Dovish/Co-operative,Dovish/Co-operative,64339.74337608858,64541.492254527104,-35.660256623911415,-35.4585077454729,-0.31258787392597354
2002-11-15,Dovish/Co-operative,Dovish/Co-operative,64402.34064172087,65018.09478238378,-35.59765935827913,-34.98190521761623,-0.9470504214616593
2002-11-18,Dovish/Co-operative,Dovish/Co-operative,64113.89962109938,64363.65474465696,-35.88610037890062,-35.63634525534304,-0.3880375105304479
2002-11-19,Dovish/Co-operative,Dovish/Co-operative,64084.242408527854,64278.29390576656,-35.91575759147214,-35.72170609423344,-0.30189273150775797
2002-11-20,Dovish/Co-operative,Dovish/Co-operative,64702.997484380605,65708.11814429758,-35.29700251561939,-34.29188185570242,-1.529675005620601
2002-11-21,Dovish/Co-operative,Dovish/Co-operative,65686.49923740297,66931.66652704257,-34.31350076259703,-33.06833347295742,-1.8603560231635896
2002-11-22,Dovish/Co-operative,Dovish/Co-operative,65580.04588517267,66455.03485300414,-34.41995411482732,-33.544965146995864,-1.3166631689636499
2002-11-25,Dovish/Co-operative,Dovish/Co-operative,65698.23082387542,66497.72568179997,-34.30176917612459,-33.50227431820003,-1.202289025267178
2002-11-26,Dovish/Co-operative,Dovish/Co-operative,65246.27098361071,65231.50312522015,-34.753729016389286,-34.768496874779856,0.022639150844350198
2002-11-27,Dovish/Co-operative,Dovish/Co-operative,66201.19492881656,67066.8381905584,-33.79880507118344,-32.9331618094416,-1.2907172681709933
2002-11-29,Dovish/Co-operative,Dovish/Co-operative,66180.79581567673,66853.42152024152,-33.81920418432327,-33.14657847975848,-1.0061200896967382
2002-12-02,Dovish/Co-operative,Dovish/Co-operative,66205.51200463719,66960.08821799744,-33.79448799536281,-33.03991178200255,-1.1269044492648095
2002-12-03,Dovish/Co-operative,Dovish/Co-operative,65678.8282252045,66063.78067281711,-34.3211717747955,-33.93621932718289,-0.5826981799892716
2002-12-04,Dovish/Co-operative,Dovish/Co-operative,65476.13214873944,65765.0489647526,-34.52386785126056,-34.234951035247406,-0.4393166591695308
2002-12-05,Dovish/Co-operative,Dovish/Co-operative,65196.194097413405,65039.42562369081,-34.803805902586596,-34.96057437630918,0.24103606730729865
2002-12-06,Dovish/Co-operative,Dovish/Co-operative,65317.67410910066,65466.242309363566,-34.682325890899335,-34.533757690636435,-0.22693864046883228
2002-12-09,Dovish/Co-operative,Dovish/Co-operative,64550.43131279533,63666.51138691356,-35.44956868720467,-36.33348861308644,1.388359290663832
2002-12-10,Dovish/Co-operative,Dovish/Co-operative,64959.17215773941,64520.14892199932,-35.04082784226059,-35.47985107800068,0.6804436181181872
2002-12-11,Dovish/Co-operative,Dovish/Co-operative,65102.34823040732,64577.07557871409,-34.897651769592684,-35.42292442128592,0.8134042103733252
2002-12-12,Dovish/Co-operative,Dovish/Co-operative,65041.31940057468,64569.93892792349,-34.95868059942532,-35.43006107207651,0.7300308479110784
2002-12-13,Dovish/Co-operative,Dovish/Co-operative,64527.4401405309,63552.691383406025,-35.4725598594691,-36.44730861659398,1.5337647169721524
2002-12-16,Dovish/Co-operative,Dovish/Co-operative,65334.718902431974,65195.936455994175,-34.66528109756803,-34.80406354400583,0.212869779900271
2002-12-17,Dovish/Co-operative,Dovish/Co-operative,64995.975054159426,64626.878075859015,-35.00402494584057,-35.37312192414098,0.5711199260888922
2002-12-18,Dovish/Co-operative,Dovish/Co-operative,64672.8179333018,63879.94471219144,-35.32718206669821,-36.12005528780856,1.2411927165601355
2002-12-19,Dovish/Co-operative,Dovish/Co-operative,64446.38747356933,63424.660534421055,-35.55361252643067,-36.57533946557895,1.610930087034168
2002-12-20,Dovish/Co-operative,Dovish/Co-operative,64918.900163177794,64329.699442908204,-35.081099836822204,-35.67030055709179,0.9159077772351365
2002-12-23,Dovish/Co-operative,Dovish/Co-operative,64907.46429830434,64351.13437772152,-35.09253570169566,-35.64886562227848,0.8645223211098729
2002-12-24,Dovish/Co-operative,Dovish/Co-operative,64794.660747269576,63872.1793366229,-35.205339252730425,-36.12782066337709,1.4442616804805741
2002-12-26,Dovish/Co-operative,Dovish/Co-operative,64837.319925878386,63900.76757718783,-35.16268007412161,-36.09923242281218,1.4656355223890971
2002-12-27,Dovish/Co-operative,Dovish/Co-operative,64261.99798491887,62463.902453891984,-35.73800201508113,-37.53609754610802,2.878615424891451
2002-12-30,Dovish/Co-operative,Dovish/Co-operative,64357.29116836483,62985.73985583799,-35.642708831635176,-37.014260144162016,2.1775584690535643
2002-12-31,Dovish/Co-operative,Dovish/Co-operative,64471.01492198432,63071.54621493527,-35.52898507801567,-36.92845378506473,2.2188590434741196
2003-01-02,Dovish/Co-operative,Dovish/Co-operative,65345.42175752467,65101.68603166741,-34.65457824247533,-34.898313968332594,0.3743923402209637
2003-01-03,Dovish/Co-operative,Dovish/Co-operative,65346.3345263077,65301.86617172563,-34.6536654736923,-34.69813382827437,0.06809660609869983
2003-01-06,Dovish/Co-operative,Dovish/Co-operative,65789.9379436546,66452.78643326848,-34.2100620563454,-33.547213566731514,-0.9974728302469482
2003-01-07,Dovish/Co-operative,Dovish/Co-operative,65643.61782674724,66288.4144593708,-34.356382173252754,-33.711585540629194,-0.9727139167263754
2003-01-08,Dovish/Co-operative,Dovish/Co-operative,65158.307464276906,65330.45857603081,-34.84169253572309,-34.669541423969186,-0.26350819434943773
2003-01-09,Dovish/Co-operative,Dovish/Co-operative,65628.68451326348,66345.59094050065,-34.37131548673652,-33.65440905949934,-1.0805637828745884
2003-01-10,Dovish/Co-operative,Dovish/Co-operative,65720.09622277446,66524.26119842104,-34.27990377722554,-33.475738801578956,-1.2088296226966055
2003-01-13,Dovish/Co-operative,Dovish/Co-operative,65693.11943947534,66502.80960864671,-34.306880560524654,-33.49719039135329,-1.2175277615129487
2003-01-14,Dovish/Co-operative,Dovish/Co-operative,65771.63948233266,66717.2672140264,-34.22836051766735,-33.2827327859736,-1.417365805257298
2003-01-15,Dovish/Co-operative,Dovish/Co-operative,65433.73906225803,66052.46779055454,-34.56626093774198,-33.94753220944546,-0.9367231066346182
2003-01-16,Dovish/Co-operative,Dovish/Co-operative,65372.21537960165,65780.81288534375,-34.62778462039835,-34.21918711465624,-0.621149979484581
2003-01-17,Dovish/Co-operative,Dovish/Co-operative,64967.239089488845,64808.5961916433,-35.03276091051115,-35.191403808356704,0.24478681404613845
2003-01-21,Dovish/Co-operative,Dovish/Co-operative,64346.91161179484,63800.66709780809,-35.653088388205155,-36.19933290219192,0.8561736715845703
2003-01-22,Dovish/Co-operative,Dovish/Co-operative,63932.78471218479,63028.63470790612,-36.067215287815216,-36.97136529209387,1.434506726139273
2003-01-23,Dovish/Co-operative,Dovish/Co-operative,64290.99971841772,63414.6425753766,-35.709000281582284,-36.585357424623396,1.381947618800261
2003-01-24,Dovish/Co-operative,Dovish/Co-operative,63496.90496051846,61749.02572641861,-36.503095039481536,-38.25097427358139,2.830618319135758
2003-01-27,Dovish/Co-operative,Dovish/Co-operative,63007.61920951046,60905.48109770183,-36.992380790489534,-39.09451890229817,3.4514760805131495
2003-01-28,Dovish/Co-operative,Dovish/Co-operative,63235.486820868464,61355.88120815753,-36.76451317913154,-38.64411879184247,3.0634481580243955
2003-01-29,Dovish/Co-operative,Dovish/Co-operative,63410.10087750869,61820.54629271393,-36.58989912249131,-38.17945370728607,2.5712399519544515
2003-01-30,Dovish/Co-operative,Dovish/Co-operative,62817.859090536236,60355.03463648965,-37.18214090946377,-39.64496536351035,4.0805617441525
2003-01-31,Dovish/Co-operative,Dovish/Co-operative,63278.61639780083,61520.27816449672,-36.72138360219917,-38.47972183550328,2.8581441530588725
2003-02-03,Dovish/Co-operative,Dovish/Co-operative,63305.24109248506,61641.85105235203,-36.69475890751494,-38.358148947647976,2.69847516214321
2003-02-04,Dovish/Co-operative,Dovish/Co-operative,63139.59733597629,61034.207291308754,-36.86040266402372,-38.96579270869125,3.449524681493399
2003-02-05,Dovish/Co-operative,Dovish/Co-operative,63025.53905437144,60655.30692844712,-36.974460945628564,-39.34469307155288,3.907707743891886
2003-02-06,Dovish/Co-operative,Dovish/Co-operative,62801.521660981074,60369.39121287588,-37.198478339018926,-39.630608787124125,4.028747680308653
2003-02-07,Dovish/Co-operative,Dovish/Co-operative,62443.0188551633,59633.06289562819,-37.5569811448367,-40.366937104371814,4.712077198605735
2003-02-10,Dovish/Co-operative,Dovish/Co-operative,62616.72837258115,60054.83312811645,-37.38327162741884,-39.94516687188355,4.265926838892953
2003-02-11,Dovish/Co-operative,Dovish/Co-operative,62389.61007582178,59640.232856340794,-37.61038992417822,-40.35976714365921,4.609937097501926
2003-02-12,Dovish/Co-operative,Dovish/Co-operative,62079.83190023975,58689.44276997317,-37.920168099760254,-41.31055723002683,5.776829648144455
2003-02-13,Dovish/Co-operative,Dovish/Co-operative,61978.48042951196,58868.16715651682,-38.02151957048804,-41.131832843483174,5.283523206566865
2003-02-14,Dovish/Co-operative,Dovish/Co-operative,62391.152918942425,60154.9419349767,-37.608847081057576,-39.845058065023295,3.7174185728296782
2003-02-18,Dovish/Co-operative,Dovish/Co-operative,62906.58838250725,61212.8983679304,-37.09341161749274,-38.7871016320696,2.7668842020788453
2003-02-19,Dovish/Co-operative,Dovish/Co-operative,62750.69854543468,60891.20779612062,-37.24930145456532,-39.108792203879375,3.053791863580879
2003-02-20,Dovish/Co-operative,Dovish/Co-operative,62563.3472842262,60283.5848537786,-37.436652715773796,-39.716415146221394,3.7817300281283828
2003-02-21,Dovish/Co-operative,Dovish/Co-operative,62938.05630254909,60891.20779612062,-37.06194369745091,-39.108792203879375,3.3614844909659825
2003-02-24,Dovish/Co-operative,Dovish/Co-operative,62249.720700372636,59904.70947335847,-37.750279299627366,-40.095290526641534,3.9145690674905476
2003-02-25,Dovish/Co-operative,Dovish/Co-operative,62506.10653914865,60383.68533315834,-37.493893460851346,-39.61631466684166,3.5148918027777754
2003-02-26,Dovish/Co-operative,Dovish/Co-operative,62328.52136682286,59504.39915812502,-37.67147863317714,-40.49560084187498,4.746072977214855
2003-02-27,Dovish/Co-operative,Dovish/Co-operative,62523.37701316865,60290.74648701071,-37.47662298683135,-39.70925351298929,3.7031064570397065
2003-02-28,Dovish/Co-operative,Dovish/Co-operative,62614.74220068525,60691.0359835429,-37.38525779931475,-39.308964016457104,3.169671082339054
2003-03-03,Dovish/Co-operative,Dovish/Co-operative,62469.27556542353,60112.0179367268,-37.53072443457647,-39.8879820632732,3.9214415180304663
2003-03-04,Dovish/Co-operative,Dovish/Co-operative,61952.19149352377,59154.14116445158,-38.04780850647622,-40.84585883554842,4.730100503519208
2003-03-05,Dovish/Co-operative,Dovish/Co-operative,62112.20175218015,59654.522812883006,-37.887798247819845,-40.345477187117,4.119853488738978
2003-03-06,Dovish/Co-operative,Dovish/Co-operative,61824.37657913208,59154.14116445158,-38.17562342086792,-40.84585883554842,4.5140295541728825
2003-03-07,Dovish/Co-operative,Dovish/Co-operative,61953.8837131444,59561.596457956126,-38.0461162868556,-40.43840354204388,4.016492836750873
2003-03-10,Dovish/Co-operative,Dovish/Co-operative,61325.57828531833,58131.88880415214,-38.67442171468167,-41.86811119584786,5.493868420353265
2003-03-11,Dovish/Co-operative,Dovish/Co-operative,61006.69400469636,57559.99908064615,-38.99330599530364,-42.44000091935385,5.988003785790741
2003-03-12,Dovish/Co-operative,Dovish/Co-operative,61168.31851081215,57946.040258038636,-38.83168148918785,-42.053959741961364,5.560825620567744
2003-03-13,Dovish/Co-operative,Dovish/Co-operative,62097.372862305034,59947.62098038761,-37.902627137694964,-40.05237901961238,3.5860503665704035
2003-03-14,Dovish/Co-operative,Dovish/Co-operative,62299.51916031138,60140.614504772224,-37.70048083968862,-39.85938549522777,3.5897615501880864
2003-03-17,Dovish/Co-operative,Dovish/Co-operative,63143.323915801586,62034.99140687286,-36.85667608419841,-37.96500859312714,1.7866247480545772
2003-03-18,Dovish/Co-operative,Dovish/Co-operative,63539.3387170466,62399.58515823128,-36.460661282953396,-37.60041484176872,1.8265402821591836
2003-03-19,Dovish/Co-operative,Dovish/Co-operative,63597.968686534965,62878.515216888394,-36.40203131346503,-37.121484783111605,1.1441960217491554
2003-03-20,Dovish/Co-operative,Dovish/Co-operative,63677.160113391255,63014.34058762366,-36.32283988660875,-36.985659412376336,1.0518550532889082
2003-03-21,Dovish/Co-operative,Dovish/Co-operative,64487.89247117417,64359.36192845795,-35.51210752882583,-35.64063807154205,0.19970760875331894
2003-03-24,Dovish/Co-operative,Dovish/Co-operative,63482.58603209986,62220.54849116878,-36.51741396790014,-37.779451508831215,2.0283291798853353
2003-03-25,Dovish/Co-operative,Dovish/Co-operative,63665.92087433878,62816.2548089118,-36.33407912566122,-37.1837451910882,1.3526213366455542
2003-03-26,Dovish/Co-operative,Dovish/Co-operative,63503.25058150437,62500.422619635494,-36.49674941849563,-37.4995773803645,1.6045138894049904
2003-03-27,Dovish/Co-operative,Dovish/Co-operative,63475.850848308095,62550.666473247045,-36.52414915169191,-37.44933352675296,1.479095950890863
2003-03-28,Dovish/Co-operative,Dovish/Co-operative,63350.716140384066,62234.90090381476,-36.649283859615934,-37.76509909618524,1.7929091560598964
2003-03-31,Dovish/Co-operative,Dovish/Co-operative,62778.18983661582,60820.93218816042,-37.221810163384184,-39.17906781183959,3.218065850092988
2003-04-01,Dovish/Co-operative,Dovish/Co-operative,63188.8919272039,61753.988904798076,-36.8111080727961,-38.24601109520193,2.3235794931691256
2003-04-02,Dovish/Co-operative,Dovish/Co-operative,63873.132864140396,63246.88131691443,-36.126867135859605,-36.753118683085575,0.9901698458268271
2003-04-03,Dovish/Co-operative,Dovish/Co-operative,63773.11740507679,62945.4098677646,-36.22688259492322,-37.0545901322354,1.3149609146259067
2003-04-04,Dovish/Co-operative,Dovish/Co-operative,63844.48165056802,63318.64338014432,-36.15551834943198,-36.68135661985568,0.8304635765279178
2003-04-07,Dovish/Co-operative,Dovish/Co-operative,63962.15648493089,63196.654118263876,-36.03784351506911,-36.80334588173613,1.2113020496852256
2003-04-08,Dovish/Co-operative,Dovish/Co-operative,63900.632440917965,63297.14182548698,-36.099367559082026,-36.70285817451302,0.9534247487743341
2003-04-09,Dovish/Co-operative,Dovish/Co-operative,63533.794737805445,62464.51868744916,-36.46620526219455,-37.535481312550836,1.7118134787951655
2003-04-10,Dovish/Co-operative,Dovish/Co-operative,63609.99964386785,62809.05986575768,-36.39000035613215,-37.190940134242325,1.2751978453777735
2003-04-11,Dovish/Co-operative,Dovish/Co-operative,63531.391448610295,62550.666473247045,-36.4686085513897,-37.44933352675296,1.5678889301406596
2003-04-14,Dovish/Co-operative,Dovish/Co-operative,64127.69440981049,63842.57097969643,-35.87230559018951,-36.15742902030357,0.4466039285992096
2003-04-15,Dovish/Co-operative,Dovish/Co-operative,64488.16760503292,64438.318934841955,-35.51183239496708,-35.56168106515805,0.07735873780532199
2003-04-16,Dovish/Co-operative,Dovish/Co-operative,64049.3900789014,63340.18657220416,-35.9506099210986,-36.65981342779584,1.1196738517478044
2003-04-17,Dovish/Co-operative,Dovish/Co-operative,64546.221,64280.40492207393,-35.453779000000004,-35.71959507792607,0.41352582991396325
2003-04-21,Dovish/Co-operative,Dovish/Co-operative,64522.767315577206,64345.02200703272,-35.4772326844228,-35.65497799296728,0.27623785492691955
2003-04-22,Dovish/Co-operative,Dovish/Co-operative,65215.71204852615,65557.96117961759,-34.78428795147386,-34.442038820382415,-0.5220557883942378
2003-04-23,Dovish/Co-operative,Dovish/Co-operative,65516.97026222199,66160.90407791724,-34.483029737778004,-33.83909592208276,-0.9732844867671231
2003-04-24,Dovish/Co-operative,Dovish/Co-operative,65270.63643289076,65572.33857470508,-34.72936356710924,-34.42766142529492,-0.4601058134758973
2003-04-25,Dovish/Co-operative,Dovish/Co-operative,64865.629006885196,64761.32524857113,-35.13437099311481,-35.238674751428874,0.1610587150798981
2003-04-28,Dovish/Co-operative,Dovish/Co-operative,65452.506711127164,65880.98831204801,-34.54749328887283,-34.119011687951996,-0.6503873300918395
2003-04-29,Dovish/Co-operative,Dovish/Co-operative,65631.53932593415,66110.65189682518,-34.36846067406585,-33.88934810317482,-0.7247131243521054
2003-04-30,Dovish/Co-operative,Dovish/Co-operative,65794.62460214776,65967.09862418364,-34.205375397852244,-34.03290137581636,-0.261454612425005
2003-05-01,Dovish/Co-operative,Dovish/Co-operative,65578.32720036565,65959.93282721128,-34.42167279963435,-34.040067172788724,-0.5785415637782454
2003-05-02,Dovish/Co-operative,Dovish/Co-operative,66162.42177931828,66900.13452212003,-33.83757822068172,-33.099865477879966,-1.1027074131784276
2003-05-05,Dovish/Co-operative,Dovish/Co-operative,66146.17922166736,66770.95448082572,-33.85382077833263,-33.229045519174285,-0.9356991584383745
2003-05-06,Dovish/Co-operative,Dovish/Co-operative,66385.11643766743,67402.61885937833,-33.61488356233258,-32.59738114062167,-1.509588854156707
2003-05-07,Dovish/Co-operative,Dovish/Co-operative,66220.01019328486,67029.33954585585,-33.779989806715136,-32.97066045414415,-1.2074255215021368
2003-05-08,Dovish/Co-operative,Dovish/Co-operative,65897.98777664905,66354.68871294957,-34.10201222335094,-33.645311287050426,-0.688272291165748
2003-05-09,Dovish/Co-operative,Dovish/Co-operative,66424.38728958386,67273.3472157985,-33.575612710416145,-32.726652784201505,-1.2619558284967636
2003-05-12,Dovish/Co-operative,Dovish/Co-operative,66801.56398440315,68098.75459198093,-33.19843601559684,-31.901245408019065,-1.9048668589462525
2003-05-13,Dovish/Co-operative,Dovish/Co-operative,66770.97674747033,67976.806967503,-33.22902325252968,-32.023193032497,-1.7738847613262165
2003-05-14,Dovish/Co-operative,Dovish/Co-operative,66675.07273659718,67833.21205745895,-33.32492726340281,-32.166787942541056,-1.7073337466029903
2003-05-15,Dovish/Co-operative,Dovish/Co-operative,66914.10501277934,68263.84689294208,-33.085894987220655,-31.73615310705792,-1.9772426278283572
2003-05-16,Dovish/Co-operative,Dovish/Co-operative,66682.76867183551,68091.57214004756,-33.31723132816449,-31.908427859952436,-2.06898361123824
2003-05-19,Dovish/Co-operative,Dovish/Co-operative,65932.71705651251,66498.20867566911,-34.067282943487484,-33.50179132433089,-0.850386244108714
2003-05-20,Dovish/Co-operative,Dovish/Co-operative,65953.8633363107,66361.84201870118,-34.04613666368931,-33.638157981298825,-0.6147790205635273
2003-05-21,Dovish/Co-operative,Dovish/Co-operative,65994.08456422464,66498.20867566911,-34.00591543577536,-33.50179132433089,-0.75810179173883
2003-05-22,Dovish/Co-operative,Dovish/Co-operative,66304.46673953252,67158.57371577343,-33.69553326046748,-32.84142628422657,-1.27177652678514
2003-05-23,Dovish/Co-operative,Dovish/Co-operative,66451.53397657198,67294.91539029985,-33.54846602342801,-32.70508460970015,-1.253261719457388
2003-05-27,Dovish/Co-operative,Dovish/Co-operative,67200.11539235151,68472.00475932164,-32.79988460764849,-31.52799524067835,-1.8575319525707124
2003-05-28,Dovish/Co-operative,Dovish/Co-operative,67235.87244738617,68665.76441191249,-32.76412755261383,-31.334235588087513,-2.082394300526069
2003-05-29,Dovish/Co-operative,Dovish/Co-operative,67114.63405808253,68486.36549944813,-32.88536594191746,-31.513634500551866,-2.0029263217021698
2003-05-30,Dovish/Co-operative,Dovish/Co-operative,67774.06884753174,69584.50618956643,-32.225931152468256,-30.41549381043357,-2.601782266159336
2003-06-02,Dovish/Co-operative,Dovish/Co-operative,68037.61594995094,69871.57526118726,-31.962384050049064,-30.128424738812743,-2.624757355735563
2003-06-03,Dovish/Co-operative,Dovish/Co-operative,68121.17599656111,70158.70678891185,-31.878824003438886,-29.84129321108815,-2.904173816203748
2003-06-04,Dovish/Co-operative,Dovish/Co-operative,68640.96806700034,71170.66221957,-31.35903193299966,-28.82933778043,-3.554405809468586
2003-06-05,Dovish/Co-operative,Dovish/Co-operative,68913.36521640078,71522.39001355214,-31.08663478359922,-28.47760998644786,-3.6478434189028075
2003-06-06,Dovish/Co-operative,Dovish/Co-operative,68827.17601478341,71242.42844654016,-31.172823985216592,-28.757571553459837,-3.3901882409428707
2003-06-09,Dovish/Co-operative,Dovish/Co-operative,68267.68453216122,70517.52126880157,-31.732315467838777,-29.482478731198427,-3.1904648605902253
2003-06-10,Dovish/Co-operative,Dovish/Co-operative,68622.50025420618,71235.29179574955,-31.377499745793813,-28.764708204250443,-3.6678330019829675
2003-06-11,Dovish/Co-operative,Dovish/Co-operative,69095.69131118375,71988.90379878008,-30.90430868881625,-28.01109620121992,-4.018970056389948
2003-06-12,Dovish/Co-operative,Dovish/Co-operative,69274.80728587606,72211.42240528614,-30.72519271412394,-27.78857759471386,-4.066690589375666
2003-06-13,Dovish/Co-operative,Dovish/Co-operative,68771.22892415304,71457.7854198141,-31.22877107584696,-28.5422145801859,-3.7596414160858127
2003-06-16,Dovish/Co-operative,Dovish/Co-operative,69534.01821767895,72965.04273579718,-30.46598178232105,-27.03495726420282,-4.7022853540178104
2003-06-17,Dovish/Co-operative,Dovish/Co-operative,69590.7256829204,72965.04273579718,-30.409274317079603,-27.03495726420282,-4.624566677902209
2003-06-18,Dovish/Co-operative,Dovish/Co-operative,69443.34781538669,72900.42148709815,-30.55665218461331,-27.099578512901846,-4.742186123468839
2003-06-19,Dovish/Co-operative,Dovish/Co-operative,68926.38160798186,71787.90340189237,-31.073618392018133,-28.212096598107628,-3.9860779578569927
2003-06-20,Dovish/Co-operative,Dovish/Co-operative,68829.1473588152,71629.5063952552,-31.170852641184798,-28.370493604744794,-3.9095048638021823
2003-06-23,Dovish/Co-operative,Dovish/Co-operative,68278.40269264023,70894.6895157187,-31.721597307359772,-29.1053104842813,-3.690384767815913
2003-06-24,Dovish/Co-operative,Dovish/Co-operative,68303.82884751292,70966.72222206491,-31.696171152487075,-29.033277777935083,-3.752312761775045
2003-06-25,Dovish/Co-operative,Dovish/Co-operative,68089.5578904917,70253.63173915932,-31.910442109508296,-29.746368260840683,-3.080372921790686
2003-06-26,Dovish/Co-operative,Dovish/Co-operative,68616.14191421836,71168.48041967837,-31.383858085781647,-28.83151958032163,-3.586332728209096
2003-06-27,Dovish/Co-operative,Dovish/Co-operative,68289.78186991048,70347.27425740942,-31.71021813008952,-29.65272574259058,-2.924764902717214
2003-06-30,Dovish/Co-operative,Dovish/Co-operative,68267.2442561658,70325.67277298604,-31.732755743834208,-29.674327227013954,-2.9269944184749375
2003-07-01,Dovish/Co-operative,Dovish/Co-operative,68379.22674190153,70973.93382018004,-31.620773258098477,-29.026066179819953,-3.6558591846585275
2003-07-02,Dovish/Co-operative,Dovish/Co-operative,69076.95770874759,71867.16436131472,-30.92304229125241,-28.132835638685282,-3.882449902349372
2003-07-03,Dovish/Co-operative,Dovish/Co-operative,68885.73053307945,71125.28577831214,-31.114269466920554,-28.87471422168786,-3.148746919925338
2003-07-07,Dovish/Co-operative,Dovish/Co-operative,69729.18118896028,72537.03522041258,-30.270818811039714,-27.462964779587416,-3.8709247254458234
2003-07-08,Dovish/Co-operative,Dovish/Co-operative,70047.9312916015,72861.21570889259,-29.952068708398492,-27.13878429110741,-3.8611549229856323
2003-07-09,Dovish/Co-operative,Dovish/Co-operative,69925.69816250596,72450.63761019963,-30.074301837494044,-27.54936238980037,-3.4850479319152416
2003-07-10,Dovish/Co-operative,Dovish/Co-operative,69177.56703315263,71528.62729644847,-30.82243296684737,-28.471372703551534,-3.286880165548156
2003-07-11,Dovish/Co-operative,Dovish/Co-operative,69627.86717152008,72205.75971854448,-30.372132828479927,-27.79424028145553,-3.5702034810975336
2003-07-14,Dovish/Co-operative,Dovish/Co-operative,69929.18543358336,72558.69499719946,-30.070814566416637,-27.441305002800544,-3.62397582221895
2003-07-15,Dovish/Co-operative,Dovish/Co-operative,69633.25565141163,72400.19806079626,-30.36674434858837,-27.59980193920374,-3.82173320446052
2003-07-16,Dovish/Co-operative,Dovish/Co-operative,69488.48973131398,71975.21342083406,-30.511510268686017,-28.02478657916594,-3.4549723041186087
2003-07-17,Dovish/Co-operative,Dovish/Co-operative,68724.10558673127,70952.35731819819,-31.275894413268734,-29.04764268180181,-3.140490063598511
2003-07-18,Dovish/Co-operative,Dovish/Co-operative,69294.44987047592,71679.87099733403,-30.705550129524084,-28.320129002665972,-3.327881445192382
2003-07-21,Dovish/Co-operative,Dovish/Co-operative,68904.52989754584,70793.89369171699,-31.095470102454158,-29.206106308283008,-2.668823108386542
2003-07-22,Dovish/Co-operative,Dovish/Co-operative,69484.67105422147,71434.97645071788,-30.51532894577853,-28.56502354928212,-2.730182738762288
2003-07-23,Dovish/Co-operative,Dovish/Co-operative,69478.55855151657,71485.36603523823,-30.521441448483422,-28.51463396476177,-2.807298325551577
2003-07-24,Dovish/Co-operative,Dovish/Co-operative,69539.35492973568,70945.15404756357,-30.460645070264324,-29.054845952436427,-1.981529445810215
2003-07-25,Dovish/Co-operative,Dovish/Co-operative,70310.41338118623,72198.52313798784,-29.689586618813767,-27.801476862012166,-2.615163960061906
2003-07-28,Dovish/Co-operative,Dovish/Co-operative,70485.00066833,71931.99379702631,-29.51499933167,-28.068006202973685,-2.011612708497079
2003-07-29,Dovish/Co-operative,Dovish/Co-operative,70231.61500577784,71600.6433478337,-29.768384994222153,-28.399356652166297,-1.9120335768565089
2003-07-30,Dovish/Co-operative,Dovish/Co-operative,70098.22927438415,71427.77318008326,-29.90177072561585,-28.572226819916747,-1.8613822698169025
2003-07-31,Dovish/Co-operative,Dovish/Co-operative,70368.8629023743,71593.42342223806,-29.631137097625704,-28.406576577761932,-1.7104371621421754
2003-08-01,Dovish/Co-operative,Dovish/Co-operative,70020.55349828882,70959.58557127432,-29.97944650171118,-29.04041442872568,-1.3233336489011815
2003-08-04,Dovish/Co-operative,Dovish/Co-operative,69904.76958375916,70959.58557127432,-30.095230416240838,-29.04041442872568,-1.4865024633714419
2003-08-05,Dovish/Co-operative,Dovish/Co-operative,69147.00451702322,69454.08535367725,-30.852995482976787,-30.545914646322746,-0.4421350235775168
2003-08-06,Dovish/Co-operative,Dovish/Co-operative,69059.92970867103,69857.4685092161,-30.94007029132897,-30.14253149078391,-1.1416657625374027
2003-08-07,Dovish/Co-operative,Dovish/Co-operative,69312.86348583593,70592.19378646708,-30.68713651416407,-29.40780621353293,-1.812282962194045
2003-08-08,Dovish/Co-operative,Dovish/Co-operative,69467.00995878727,70793.89369171699,-30.532990041212727,-29.206106308283008,-1.8742912188272176
2003-08-11,Dovish/Co-operative,Dovish/Co-operative,69801.31265115656,71060.41470519803,-30.198687348843436,-28.939585294801972,-1.771875465777939
2003-08-12,Dovish/Co-operative,Dovish/Co-operative,70223.04108078194,71708.70906231402,-29.776958919218053,-28.291290937685975,-2.0718096880548376
2003-08-13,Dovish/Co-operative,Dovish/Co-operative,70332.38072529978,71341.30895002629,-29.66761927470022,-28.65869104997372,-1.4142272402560607
2003-08-14,Dovish/Co-operative,Dovish/Co-operative,70807.61404819819,71535.81391212209,-29.192385951801814,-28.464186087877906,-1.0179514624918617
2003-08-15,Dovish/Co-operative,Dovish/Co-operative,70793.34699846183,71759.14028423688,-29.206653001538175,-28.24085971576311,-1.3458819070986117
2003-08-18,Dovish/Co-operative,Dovish/Co-operative,71560.51686065711,72378.62155881441,-28.43948313934289,-27.621378441185584,-1.130312626211749
2003-08-19,Dovish/Co-operative,Dovish/Co-operative,71991.755843078,72652.32918796905,-28.00824415692199,-27.347670812030945,-0.9092252819341562
2003-08-20,Dovish/Co-operative,Dovish/Co-operative,71881.98024762943,72357.00341943004,-28.11801975237057,-27.642996580569957,-0.6564992320744034
2003-08-21,Dovish/Co-operative,Dovish/Co-operative,72376.91961601382,72587.51640721846,-27.623080383986178,-27.412483592781545,-0.2901281124197408
2003-08-22,Dovish/Co-operative,Dovish/Co-operative,71935.48885394407,71867.16436131472,-28.064511146055928,-28.132835638685282,0.09507052801729365
2003-08-25,Dovish/Co-operative,Dovish/Co-operative,71709.52833041761,71982.45000139068,-28.290471669582384,-28.017549998609315,-0.37915029422838087
2003-08-26,Dovish/Co-operative,Dovish/Co-operative,71698.67130349469,72112.09221785289,-28.301328696505312,-27.887907782147114,-0.5733031751585349
2003-08-27,Dovish/Co-operative,Dovish/Co-operative,71958.26180568224,72133.69370227624,-28.041738194317755,-27.866306297723753,-0.24320381723148543
2003-08-28,Dovish/Co-operative,Dovish/Co-operative,72321.7328192713,72580.31313658383,-27.6782671807287,-27.41968686341617,-0.35626784473349327
2003-08-29,Dovish/Co-operative,Dovish/Co-operative,72504.30071246727,73070.16052217965,-27.495699287532727,-26.92983947782035,-0.7744061401652624
2003-09-02,Dovish/Co-operative,Dovish/Co-operative,73282.60405377205,74049.78034604678,-26.717395946227953,-25.950219653953223,-1.0360277757605618
2003-09-03,Dovish/Co-operative,Dovish/Co-operative,73558.71880317864,74453.16350158563,-26.441281196821365,-25.546836498414372,-1.2013521740925737
2003-09-04,Dovish/Co-operative,Dovish/Co-operative,73574.0607740404,74489.19650971974,-26.425939225959606,-25.510803490280264,-1.2285482708354056
2003-09-05,Dovish/Co-operative,Dovish/Co-operative,73294.9951503658,74071.38183047014,-26.705004849634207,-25.92861816952986,-1.0481601138227603
2003-09-08,Dovish/Co-operative,Dovish/Co-operative,73861.9792371627,74683.69314433505,-26.1380207628373,-25.316306855664948,-1.1002588015891157
2003-09-09,Dovish/Co-operative,Dovish/Co-operative,73368.92070211914,74193.82077629773,-26.631079297880856,-25.806179223702273,-1.1118177572573718
2003-09-10,Dovish/Co-operative,Dovish/Co-operative,72593.31384998561,73444.69728525801,-27.40668615001438,-26.55530271474199,-1.1592170255200762
2003-09-11,Dovish/Co-operative,Dovish/Co-operative,72814.9874979215,73660.77874933567,-27.18501250207851,-26.339221250664323,-1.1482246940293317
2003-09-12,Dovish/Co-operative,Dovish/Co-operative,73077.0620602115,73797.6575463545,-26.922937939788504,-26.2023424536455,-0.9764476408893885
2003-09-15,Dovish/Co-operative,Dovish/Co-operative,72833.69605960828,73538.30649358609,-27.16630394039172,-26.46169350641391,-0.9581542839027235
2003-09-16,Dovish/Co-operative,Dovish/Co-operative,73530.96767435776,74611.61880058632,-26.46903232564224,-25.38838119941368,-1.4483684225064297
2003-09-17,Dovish/Co-operative,Dovish/Co-operative,73304.60163132151,74467.52007797186,-26.69539836867849,-25.532479922028138,-1.561645191665717
2003-09-18,Dovish/Co-operative,Dovish/Co-operative,73836.6508253025,75346.3524053178,-26.163349174697505,-24.653647594682205,-2.00368237057319
2003-09-19,Dovish/Co-operative,Dovish/Co-operative,73718.01276059177,74963.1633899974,-26.281987239408235,-25.0368366100026,-1.6610166555107941
2003-09-22,Dovish/Co-operative,Dovish/Co-operative,73012.89834414759,74153.26594625077,-26.987101655852406,-25.84673405374923,-1.537852160051545
2003-09-23,Dovish/Co-operative,Dovish/Co-operative,73293.20568217512,74435.20945362234,-26.70679431782488,-25.564790546377658,-1.5342252407562151
2003-09-24,Dovish/Co-operative,Dovish/Co-operative,72560.47937924626,73111.98945674348,-27.439520620753743,-26.888010543256513,-0.7543360283247647
2003-09-25,Dovish/Co-operative,Dovish/Co-operative,71812.92986769318,72511.81960945115,-28.187070132306825,-27.488180390548845,-0.9638287185760763
2003-09-26,Dovish/Co-operative,Dovish/Co-operative,71381.71005479006,72273.23729305586,-28.61828994520994,-27.726762706944143,-1.2335509957175583
2003-09-29,Dovish/Co-operative,Dovish/Co-operative,71953.36394086164,72981.84759145114,-28.04663605913835,-27.01815240854887,-1.409232137211558
2003-09-30,Dovish/Co-operative,Dovish/Co-operative,71487.49438774966,72273.23729305586,-28.51250561225035,-27.726762706944143,-1.0871837691733055
2003-10-01,Dovish/Co-operative,Dovish/Co-operative,72525.63211021372,73813.37150206263,-27.47436788978629,-26.18662849793737,-1.7445882306201477
2003-10-02,Dovish/Co-operative,Dovish/Co-operative,72915.58982170094,74080.96676052846,-27.084410178299056,-25.919033239471535,-1.5731124873068714
2003-10-03,Dovish/Co-operative,Dovish/Co-operative,73463.60566329042,74760.63906417773,-26.536394336709577,-25.239360935822276,-1.734914812290289
2003-10-06,Dovish/Co-operative,Dovish/Co-operative,73637.36774014581,75100.55016332687,-26.36263225985419,-24.899449836673128,-1.948297875313787
2003-10-07,Dovish/Co-operative,Dovish/Co-operative,73805.14308741453,75389.75523369657,-26.19485691258547,-24.610244766303424,-2.1018932099858834
2003-10-08,Dovish/Co-operative,Dovish/Co-operative,73757.42021359397,75201.72072395118,-26.24257978640603,-24.798279276048817,-1.9205684344097862
2003-10-09,Dovish/Co-operative,Dovish/Co-operative,74187.67911254472,75404.24504977085,-25.812320887455275,-24.595754950229153,-1.6133918407685521
2003-10-10,Dovish/Co-operative,Dovish/Co-operative,74247.50056632744,75613.93100882262,-25.75249943367256,-24.38606899117738,-1.8071146735325172
2003-10-13,Dovish/Co-operative,Dovish/Co-operative,74748.86001605834,75852.51332521792,-25.251139983941652,-24.14748667478208,-1.4549989984216638
2003-10-14,Dovish/Co-operative,Dovish/Co-operative,74729.83622680063,76120.06694628125,-25.27016377319937,-23.879933053718748,-1.8263656027282749
2003-10-15,Dovish/Co-operative,Dovish/Co-operative,74716.14484367895,75917.6009128251,-25.283855156321046,-24.0823990871749,-1.5825790787643124
2003-10-16,Dovish/Co-operative,Dovish/Co-operative,74876.28491001038,76221.30412674957,-25.123715089989616,-23.778695873250435,-1.7646237258057695
2003-10-17,Dovish/Co-operative,Dovish/Co-operative,74349.76212554671,75389.75523369657,-25.650237874453286,-24.610244766303424,-1.3794886386433336
2003-10-20,Dovish/Co-operative,Dovish/Co-operative,74583.7267750899,75953.76716064726,-25.416273224910093,-24.046232839352744,-1.8037820068353305
2003-10-21,Dovish/Co-operative,Dovish/Co-operative,74682.05429703499,75823.5919854329,-25.317945702965005,-24.17640801456711,-1.5055178190677365
2003-10-22,Dovish/Co-operative,Dovish/Co-operative,73909.80139183838,74869.10449772218,-26.090198608161618,-25.130895502277827,-1.2813070388907666
2003-10-23,Dovish/Co-operative,Dovish/Co-operative,73688.07183047512,74731.75936179521,-26.31192816952488,-25.268240638204798,-1.396578295805051
2003-10-24,Dovish/Co-operative,Dovish/Co-operative,73608.53096239416,74898.0258375072,-26.39146903760584,-25.1019741624928,-1.7216673746656919
2003-10-27,Dovish/Co-operative,Dovish/Co-operative,73960.94524317133,74934.20874029036,-26.039054756828673,-25.06579125970965,-1.2988240130648476
2003-10-28,Dovish/Co-operative,Dovish/Co-operative,74681.53816672873,75953.76716064726,-25.318461833271265,-24.046232839352744,-1.6750044684784138
2003-10-29,Dovish/Co-operative,Dovish/Co-operative,75039.37656512354,76055.01266859609,-24.96062343487646,-23.94498733140391,-1.335396665960864
2003-10-30,Dovish/Co-operative,Dovish/Co-operative,75266.7769303987,76214.05089123193,-24.733223069601294,-23.78594910876807,-1.2429124941608527
2003-10-31,Dovish/Co-operative,Dovish/Co-operative,75094.83296336923,76141.77668795115,-24.905167036630772,-23.858223312048853,-1.3749925075593694
2003-11-03,Dovish/Co-operative,Dovish/Co-operative,75686.98422406358,76640.71768225565,-24.31301577593642,-23.359282317744345,-1.2444213559509643
2003-11-04,Dovish/Co-operative,Dovish/Co-operative,75738.80639797874,76474.40956914115,-24.261193602021258,-23.525590430858855,-0.9618945413332636
2003-11-05,Dovish/Co-operative,Dovish/Co-operative,75779.38916259275,76532.25224871119,-24.220610837407254,-23.467747751288815,-0.9837200186815553
2003-11-06,Dovish/Co-operative,Dovish/Co-operative,75909.46921344263,76937.1843156235,-24.090530786557373,-23.062815684376503,-1.3357846551347863
2003-11-07,Dovish/Co-operative,Dovish/Co-operative,75763.2906687162,76365.95246307719,-24.2367093312838,-23.634047536922807,-0.7891760331967035
2003-11-10,Dovish/Co-operative,Dovish/Co-operative,75163.00477436988,76055.01266859609,-24.83699522563012,-23.94498733140391,-1.1728456322965375
2003-11-11,Dovish/Co-operative,Dovish/Co-operative,74870.45315838387,76033.33623684819,-25.129546841616136,-23.966663763151807,-1.5294384490006752
2003-11-12,Dovish/Co-operative,Dovish/Co-operative,75730.3705006861,76886.54490668808,-24.269629499313904,-23.11345509331192,-1.503740878726123
2003-11-13,Dovish/Co-operative,Dovish/Co-operative,75843.57750686446,76908.25464835798,-24.156422493135544,-23.091745351642025,-1.3843470331779906
2003-11-14,Dovish/Co-operative,Dovish/Co-operative,75362.74749449136,76257.46204709123,-24.637252505508645,-23.74253795290877,-1.1732813138304654
2003-11-17,Dovish/Co-operative,Dovish/Co-operative,74870.36387928014,75874.23139436833,-25.129636120719866,-24.12576860563167,-1.323067788153831
2003-11-18,Dovish/Co-operative,Dovish/Co-operative,74612.00553465853,75086.03536481109,-25.387994465341468,-24.91396463518891,-0.6313155673347892
2003-11-19,Dovish/Co-operative,Dovish/Co-operative,74822.80643487955,75722.37145992558,-25.177193565120458,-24.277628540074424,-1.18797788249686
2003-11-20,Dovish/Co-operative,Dovish/Co-operative,74388.8188638772,75042.66584635431,-25.611181136122806,-24.957334153645682,-0.8713003130989883
2003-11-21,Dovish/Co-operative,Dovish/Co-operative,74672.10317652374,75353.58898587442,-25.32789682347626,-24.64641101412558,-0.9043840094709044
2003-11-24,Dovish/Co-operative,Dovish/Co-operative,75396.35723366743,76351.45431952243,-24.603642766332577,-23.64854568047757,-1.2509219298666219
2003-11-25,Dovish/Co-operative,Dovish/Co-operative,75738.39994687214,76640.71768225565,-24.26160005312785,-23.359282317744345,-1.177334663180507
2003-11-26,Dovish/Co-operative,Dovish/Co-operative,76029.7039968255,76915.50788387562,-23.970296003174507,-23.084492116124387,-1.1516583734810348
2003-11-28,Dovish/Co-operative,Dovish/Co-operative,76226.85907415036,76973.32558100414,-23.773140925849646,-23.026674418995853,-0.9697729716357739
2003-12-01,Dovish/Co-operative,Dovish/Co-operative,77208.73472570712,77804.84949161563,-22.791265274292872,-22.195150508384366,-0.7661665947605867
2003-12-02,Dovish/Co-operative,Dovish/Co-operative,77084.41831602891,77609.65334863812,-22.915581683971087,-22.39034665136188,-0.676765080047137
2003-12-03,Dovish/Co-operative,Dovish/Co-operative,76890.6528141535,77486.7064264999,-23.109347185846506,-22.513293573500093,-0.7692333818728025
2003-12-04,Dovish/Co-operative,Dovish/Co-operative,76958.76856773638,77804.84949161563,-23.041231432263622,-22.195150508384366,-1.0874398310743216
2003-12-05,Dovish/Co-operative,Dovish/Co-operative,76573.09407178406,77262.58061625686,-23.426905928215945,-22.73741938374314,-0.8923938845601165
2003-12-08,Dovish/Co-operative,Dovish/Co-operative,76977.78081682534,77783.16473238725,-23.022219183174663,-22.216835267612755,-1.0354218915273328
2003-12-09,Dovish/Co-operative,Dovish/Co-operative,76655.88338247985,77183.01986753642,-23.34411661752015,-22.816980132463584,-0.6829695002362635
2003-12-10,Dovish/Co-operative,Dovish/Co-operative,76381.73025827201,77175.7832869798,-23.618269741727982,-22.824216713020196,-1.0288888494400905
2003-12-11,Dovish/Co-operative,Dovish/Co-operative,77270.48174372135,78043.52341029646,-22.729518256278645,-21.956476589703545,-0.9905263534951136
2003-12-12,Dovish/Co-operative,Dovish/Co-operative,77516.00289127114,78195.34170733669,-22.483997108728857,-21.804658292663316,-0.868771465451379
2003-12-15,Dovish/Co-operative,Dovish/Co-operative,77211.43987083551,77804.84949161563,-22.78856012916448,-22.195150508384366,-0.7626897611877848
2003-12-16,Dovish/Co-operative,Dovish/Co-operative,77377.11587500306,78209.82319593045,-22.622884124996943,-21.79017680406955,-1.0647093765207782
2003-12-17,Dovish/Co-operative,Dovish/Co-operative,77321.41296541806,78455.65042036289,-22.678587034581945,-21.544349579637114,-1.4457052473182297
2003-12-18,Dovish/Co-operative,Dovish/Co-operative,77991.55992298415,79337.8220673903,-22.008440077015855,-20.662177932609705,-1.6968730793525233
2003-12-19,Dovish/Co-operative,Dovish/Co-operative,77974.54512150702,79116.98561194573,-22.02545487849298,-20.883014388054278,-1.4439889002371364
2003-12-22,Dovish/Co-operative,Dovish/Co-operative,78492.81821443452,79669.1058967389,-21.50718178556548,-20.330894103261098,-1.4764665287307133
2003-12-23,Dovish/Co-operative,Dovish/Co-operative,78644.7968334511,79719.96182016739,-21.355203166548907,-20.280038179832616,-1.348677247414709
2003-12-24,Dovish/Co-operative,Dovish/Co-operative,78583.68972705076,79640.04298978535,-21.416310272949236,-20.359957010214657,-1.3264097093343752
2003-12-26,Dovish/Co-operative,Dovish/Co-operative,78709.62120415503,79698.16047621197,-21.290378795844966,-20.301839523788033,-1.240353938096217
2003-12-29,Dovish/Co-operative,Dovish/Co-operative,79481.277452811,80758.9315975755,-20.518722547188993,-19.2410684024245,-1.5820592465624617
2003-12-30,Dovish/Co-operative,Dovish/Co-operative,79448.59381664511,80773.41308616927,-20.551406183354892,-19.226586913830733,-1.6401674993117288
2003-12-31,Dovish/Co-operative,Dovish/Co-operative,79433.10405545238,80846.07868103367,-20.566895944547625,-19.153921318966326,-1.7477342731191392
2004-01-02,Dovish/Co-operative,Dovish/Co-operative,79741.42897977326,80809.77086604298,-20.258571020226736,-19.190229133957025,-1.3220454343827903
2004-01-05,Dovish/Co-operative,Dovish/Co-operative,80666.82114357113,81688.81138040147,-19.333178856428866,-18.31118861959853,-1.2510773746862713
2004-01-06,Dovish/Co-operative,Dovish/Co-operative,80428.67876971605,81768.71355582251,-19.571321230283957,-18.231286444177485,-1.6388111391671067
2004-01-07,Dovish/Co-operative,Dovish/Co-operative,80588.61995941926,82044.85280928387,-19.411380040580738,-17.955147190716136,-1.7749228623149316
2004-01-08,Dovish/Co-operative,Dovish/Co-operative,80926.53478785294,82371.74805640768,-19.073465212147056,-17.62825194359232,-1.7545011519787934
2004-01-09,Dovish/Co-operative,Dovish/Co-operative,80472.98243531297,81652.51189289127,-19.527017564687032,-18.347488107108735,-1.4445721634694708
2004-01-12,Dovish/Co-operative,Dovish/Co-operative,80775.79075910708,82255.48810111293,-19.224209240892918,-17.744511898887072,-1.798904092802811
2004-01-13,Dovish/Co-operative,Dovish/Co-operative,80454.6865357026,81776.01675622317,-19.545313464297408,-18.223983243776832,-1.6157918579716268
2004-01-14,Dovish/Co-operative,Dovish/Co-operative,80804.2022770909,82458.88681238536,-19.195797722909102,-17.54111318761464,-2.0066782359787205
2004-01-15,Dovish/Co-operative,Dovish/Co-operative,80564.17791706591,82662.3604709823,-19.435822082934084,-17.3376395290177,-2.5382562776596784
2004-01-16,Dovish/Co-operative,Dovish/Co-operative,80942.64486808603,82989.28902802813,-19.057355131913965,-17.010710971971875,-2.4661545892396775
2004-01-20,Dovish/Co-operative,Dovish/Co-operative,81319.02866142604,82967.50433903371,-18.68097133857396,-17.032495660966298,-1.9868931706941928
2004-01-21,Dovish/Co-operative,Dovish/Co-operative,81473.95960771422,83621.36978060586,-18.52604039228578,-16.37863021939414,-2.5680160209354597
2004-01-22,Dovish/Co-operative,Dovish/Co-operative,81210.1016769785,83403.38965097364,-18.789898323021493,-16.596610349026363,-2.6297348143445975
2004-01-23,Dovish/Co-operative,Dovish/Co-operative,81036.26931749855,83134.59523531544,-18.963730682501456,-16.865404764684556,-2.5240105059482265
2004-01-26,Dovish/Co-operative,Dovish/Co-operative,81576.59934860849,84180.74330091667,-18.423400651391507,-15.81925669908333,-3.0935150370427045
2004-01-27,Dovish/Co-operative,Dovish/Co-operative,81126.17092954961,83316.20925759345,-18.873829070450387,-16.683790742406547,-2.628586138950195
2004-01-28,Dovish/Co-operative,Dovish/Co-operative,80403.92250366241,82364.48649340954,-19.596077496337582,-17.63551350659046,-2.38035113580658
2004-01-29,Dovish/Co-operative,Dovish/Co-operative,80058.52184395578,82444.39699631109,-19.941478156044223,-17.555603003688912,-2.893920313908127
2004-01-30,Dovish/Co-operative,Dovish/Co-operative,80125.88007985671,82444.39699631109,-19.874119920143286,-17.555603003688912,-2.8122189025873046
2004-02-02,Dovish/Co-operative,Dovish/Co-operative,80137.51307453294,82800.34682290796,-19.86248692546706,-17.199653177092046,-3.215969317218259
2004-02-03,Dovish/Co-operative,Dovish/Co-operative,79900.45654652434,82662.3604709823,-20.099543453475665,-17.3376395290177,-3.341186857865619
2004-02-04,Dovish/Co-operative,Dovish/Co-operative,79312.73203044794,81986.70201293523,-20.68726796955206,-18.013297987064767,-3.261467917157368
2004-02-05,Dovish/Co-operative,Dovish/Co-operative,79653.11171376317,82226.44184912037,-20.34688828623683,-17.77355815087963,-3.1295652316794653
2004-02-06,Dovish/Co-operative,Dovish/Co-operative,80527.15276817908,83149.13501627272,-19.47284723182092,-16.850864983727288,-3.153348796208777
2004-02-09,Dovish/Co-operative,Dovish/Co-operative,80702.84146972839,83170.87806786463,-19.29715853027161,-16.829121932135372,-2.967428810986472
2004-02-10,Dovish/Co-operative,Dovish/Co-operative,80901.40867437008,83439.71412092533,-19.098591325629922,-16.560285879074666,-3.0420831055060993
2004-02-11,Dovish/Co-operative,Dovish/Co-operative,81582.42313192348,84326.04118072348,-18.417576868076512,-15.673958819276523,-3.2535833656889057
2004-02-12,Dovish/Co-operative,Dovish/Co-operative,81426.30345901407,84020.93895007459,-18.573696540985928,-15.979061049925413,-3.0880819989434483
2004-02-13,Dovish/Co-operative,Dovish/Co-operative,81146.96758131667,83643.14614211977,-18.853032418683334,-16.35685385788023,-2.984319308795247
2004-02-17,Dovish/Co-operative,Dovish/Co-operative,81868.78372109427,84398.73175802939,-18.131216278905736,-15.601268241970612,-2.997613807975774
2004-02-18,Dovish/Co-operative,Dovish/Co-operative,81470.65206430276,84028.18385811172,-18.52934793569724,-15.971816141888285,-3.0436594918290205
2004-02-19,Dovish/Co-operative,Dovish/Co-operative,81065.29472550369,83715.77009958167,-18.93470527449631,-16.284229900418335,-3.1660407243762956
2004-02-20,Dovish/Co-operative,Dovish/Co-operative,80788.05910065296,83461.51546488077,-19.211940899347045,-16.538484535119235,-3.203220489511427
2004-02-23,Dovish/Co-operative,Dovish/Co-operative,80432.39386961726,83250.82188068818,-19.567606130382742,-16.749178119311825,-3.3854656895882407
2004-02-24,Dovish/Co-operative,Dovish/Co-operative,80388.74667152774,83105.52400088137,-19.611253328472255,-16.89447599911863,-3.2690694896825634
2004-02-25,Dovish/Co-operative,Dovish/Co-operative,80707.00215170834,83454.26222936313,-19.29299784829166,-16.54573777063687,-3.2919350123835622
2004-02-26,Dovish/Co-operative,Dovish/Co-operative,80856.49704687456,83505.0931703501,-19.143502953125434,-16.494906829649903,-3.171777939427489
2004-02-27,Dovish/Co-operative,Dovish/Co-operative,81138.21729624958,83563.20232929623,-18.861782703750418,-16.436797670703772,-2.9019771447850284
2004-03-01,Dovish/Co-operative,Dovish/Co-operative,81896.84526118526,84391.42855762874,-18.10315473881474,-15.608571442371266,-2.9559676131563406
2004-03-02,Dovish/Co-operative,Dovish/Co-operative,81503.7442482277,83897.42575926219,-18.496255751772306,-16.10257424073781,-2.8531048353056643
2004-03-03,Dovish/Co-operative,Dovish/Co-operative,81400.53889390644,84050.02683946965,-18.599461106093564,-15.949973160530352,-3.152274954799905
2004-03-04,Dovish/Co-operative,Dovish/Co-operative,81756.82457651634,84267.93202177735,-18.24317542348366,-15.732067978222652,-2.979908709059176
2004-03-05,Dovish/Co-operative,Dovish/Co-operative,81883.95313905903,84551.26621839283,-18.11604686094097,-15.44873378160717,-3.1546695852481155
2004-03-08,Dovish/Co-operative,Dovish/Co-operative,81187.00039953952,83519.59964138537,-18.81299960046048,-16.480400358614634,-2.792876464759786
2004-03-09,Dovish/Co-operative,Dovish/Co-operative,80764.2516194348,83185.43450378292,-19.235748380565198,-16.81456549621708,-2.9105851268205085
2004-03-10,Dovish/Co-operative,Dovish/Co-operative,79640.3182444097,81790.51489977793,-20.359681755590298,-18.209485100222068,-2.628907102495903
2004-03-11,Dovish/Co-operative,Dovish/Co-operative,78904.74325479065,80729.82705321943,-21.095256745209344,-19.270172946780573,-2.2607304698245345
2004-03-12,Dovish/Co-operative,Dovish/Co-operative,79755.56815710626,81790.51489977793,-20.24443184289374,-18.209485100222068,-2.4879984496554375
2004-03-15,Dovish/Co-operative,Dovish/Co-operative,78781.44767737064,80787.94453964605,-21.218552322629357,-19.212055460353948,-2.4836587608572436
2004-03-16,Dovish/Co-operative,Dovish/Co-operative,79177.44835177083,81216.58494354883,-20.822551648229172,-18.78341505645117,-2.5107391466845708
2004-03-17,Dovish/Co-operative,Dovish/Co-operative,79895.21773231862,82124.75498470491,-20.104782267681376,-17.875245015295093,-2.7148175392444407
2004-03-18,Dovish/Co-operative,Dovish/Co-operative,79904.40562437412,82146.51469125782,-20.09559437562588,-17.85348530874218,-2.7294025502001107
2004-03-19,Dovish/Co-operative,Dovish/Co-operative,79372.47844576337,80969.10055049643,-20.627521554236637,-19.03089944950357,-1.9718906272613523
2004-03-22,Dovish/Co-operative,Dovish/Co-operative,78518.03313721952,79941.14802979305,-21.481966862780478,-20.05885197020695,-1.7802032215538777
2004-03-23,Dovish/Co-operative,Dovish/Co-operative,78651.67919551142,79802.58708171273,-21.348320804488587,-20.19741291828727,-1.442193703598682
2004-03-24,Dovish/Co-operative,Dovish/Co-operative,78618.25792695685,79868.22428303307,-21.381742073043153,-20.13177571696694,-1.5650358666378317
2004-03-25,Dovish/Co-operative,Dovish/Co-operative,79499.07075079174,80925.36462289753,-20.500929249208255,-19.074635377102478,-1.762480624896956
2004-03-26,Dovish/Co-operative,Dovish/Co-operative,79594.01537872964,80947.24091417748,-20.405984621270356,-19.05275908582251,-1.6717376900870162
2004-03-29,Dovish/Co-operative,Dovish/Co-operative,80346.59155008261,82084.53325387806,-19.653408449917386,-17.915466746121933,-2.117258434570368
2004-03-30,Dovish/Co-operative,Dovish/Co-operative,80754.79393034375,82361.58020271419,-19.245206069656252,-17.63841979728581,-1.9508929629758254
2004-03-31,Dovish/Co-operative,Dovish/Co-operative,80883.9249987374,82456.42187815663,-19.11607500126259,-17.543578121843375,-1.9070641723246906
2004-04-01,Dovish/Co-operative,Dovish/Co-operative,81244.64889570943,82952.10682758468,-18.755351104290575,-17.047893172415318,-2.058365962210207
2004-04-02,Dovish/Co-operative,Dovish/Co-operative,81856.61479154608,83579.1244720169,-18.14338520845392,-16.420875527983092,-2.060932908010471
2004-04-05,Dovish/Co-operative,Dovish/Co-operative,82142.81640714197,84038.44331409073,-17.85718359285803,-15.961556685909262,-2.255666373856924
2004-04-06,Dovish/Co-operative,Dovish/Co-operative,82065.4939743391,83768.68291069426,-17.9345060256609,-16.23131708930574,-2.0332048650817724
2004-04-07,Dovish/Co-operative,Dovish/Co-operative,81970.41072658337,83571.84625405776,-18.029589273416626,-16.428153745942243,-1.9162380625241116
2004-04-08,Dovish/Co-operative,Dovish/Co-operative,81737.22344131769,83382.31279782193,-18.262776558682305,-16.61768720217808,-1.9729476207899221
2004-04-12,Dovish/Co-operative,Dovish/Co-operative,82113.59950138873,83710.35723725507,-17.886400498611266,-16.289642762744926,-1.9074792995336876
2004-04-13,Dovish/Co-operative,Dovish/Co-operative,81195.31080856525,82536.57387799275,-18.804689191434754,-17.463426122007252,-1.625052999425658
2004-04-14,Dovish/Co-operative,Dovish/Co-operative,81007.22532348595,82667.7816607894,-18.992774676514045,-17.33221833921059,-2.0087104116537358
2004-04-15,Dovish/Co-operative,Dovish/Co-operative,80865.92132401974,82354.31031223554,-19.13407867598026,-17.645689687764467,-1.8072994389398245
2004-04-16,Dovish/Co-operative,Dovish/Co-operative,81289.19343206674,82988.61450210743,-18.71080656793327,-17.01138549789256,-2.0477761681363393
2004-04-19,Dovish/Co-operative,Dovish/Co-operative,81316.84459839422,82988.61450210743,-18.683155401605777,-17.01138549789256,-2.014456939356135
2004-04-20,Dovish/Co-operative,Dovish/Co-operative,80514.04168524563,81596.12652240916,-19.48595831475437,-18.40387347759084,-1.326147310272574
2004-04-21,Dovish/Co-operative,Dovish/Co-operative,80670.66033126126,82142.83394487573,-19.329339668738744,-17.857166055124264,-1.7922118618435068
2004-04-22,Dovish/Co-operative,Dovish/Co-operative,81480.75198574009,83294.76599529963,-18.519248014259905,-16.705234004700365,-2.177824726300215
2004-04-23,Dovish/Co-operative,Dovish/Co-operative,81435.70557853793,83375.00126994077,-18.56429442146207,-16.624998730059236,-2.3259917983377676
2004-04-26,Dovish/Co-operative,Dovish/Co-operative,81173.17105543618,83258.3665780234,-18.82682894456382,-16.741633421976598,-2.504487666873856
2004-04-27,Dovish/Co-operative,Dovish/Co-operative,81110.75046491086,83331.24035990037,-18.889249535089135,-16.66875964009963,-2.664654798607835
2004-04-28,Dovish/Co-operative,Dovish/Co-operative,79972.70037846043,82252.25703867797,-20.027299621539573,-17.747742961322032,-2.771421408102648
2004-04-29,Dovish/Co-operative,Dovish/Co-operative,79081.35930551213,81530.47266612781,-20.918640694487866,-18.469527333872193,-3.0039239078681
2004-04-30,Dovish/Co-operative,Dovish/Co-operative,78455.20900952838,80896.20178617795,-21.54479099047162,-19.103798213822053,-3.017438053644983
2004-05-03,Dovish/Co-operative,Dovish/Co-operative,78962.0342491895,81763.80034232607,-21.037965750810507,-18.236199657673936,-3.4266583517476246
2004-05-04,Dovish/Co-operative,Dovish/Co-operative,79360.58980253941,81698.18812344722,-20.639410197460585,-18.301811876552776,-2.8612609099429087
2004-05-05,Dovish/Co-operative,Dovish/Co-operative,79472.26429298747,82223.07754699737,-20.52773570701253,-17.77692245300263,-3.3455488849071346
2004-05-06,Dovish/Co-operative,Dovish/Co-operative,78857.53108046415,81515.88292028752,-21.14246891953585,-18.48411707971248,-3.2611458584370756
2004-05-07,Dovish/Co-operative,Dovish/Co-operative,77659.32613674627,80167.11421322713,-22.340673863253734,-19.83288578677287,-3.1282005110109035
2004-05-10,Dovish/Co-operative,Dovish/Co-operative,76673.42334094428,79343.31820452191,-23.32657665905572,-20.656681795478082,-3.3649901768608825
2004-05-11,Dovish/Co-operative,Dovish/Co-operative,77448.92086280529,80014.04679411153,-22.55107913719471,-19.985953205888464,-3.2058445161594062
2004-05-12,Dovish/Co-operative,Dovish/Co-operative,77676.17594953255,80524.3964367044,-22.323824050467444,-19.475603563295607,-3.537090140639132
2004-05-13,Dovish/Co-operative,Dovish/Co-operative,77519.53870052936,80188.99883198758,-22.480461299470644,-19.81100116801241,-3.328960543641768
2004-05-14,Dovish/Co-operative,Dovish/Co-operative,77151.51124374835,80225.45654162733,-22.84848875625165,-19.774543458372673,-3.831633287476488
2004-05-17,Dovish/Co-operative,Dovish/Co-operative,76292.6785527498,79540.14653367791,-23.707321447250195,-20.459853466322098,-4.0828036186142835
2004-05-18,Dovish/Co-operative,Dovish/Co-operative,77004.2975962037,79941.14802979305,-22.995702403796304,-20.05885197020695,-3.6737656463162405
2004-05-19,Dovish/Co-operative,Dovish/Co-operative,77175.76756728688,79664.09275347642,-22.82423243271312,-20.335907246523576,-3.1235216522075504
2004-05-20,Dovish/Co-operative,Dovish/Co-operative,77113.16830624225,79919.25508355211,-22.88683169375775,-20.08074491644789,-3.5111523178941284
2004-05-21,Dovish/Co-operative,Dovish/Co-operative,77563.5334473272,80057.80770415193,-22.436466552672808,-19.94219229584807,-3.115591506130355
2004-05-24,Dovish/Co-operative,Dovish/Co-operative,78071.02291656178,80393.16367146623,-21.928977083438216,-19.606836328533774,-2.888480374269242
2004-05-25,Dovish/Co-operative,Dovish/Co-operative,78981.36240150529,81545.05408448761,-21.018637598494706,-18.45494591551239,-3.1438959870283667
2004-05-26,Dovish/Co-operative,Dovish/Co-operative,79094.64842204624,81829.4208886854,-20.905351577953756,-18.1705791113146,-3.342040597304652
2004-05-27,Dovish/Co-operative,Dovish/Co-operative,79476.41875047487,82288.69809335671,-20.523581249525137,-17.711301906643296,-3.4175766636765914
2004-05-28,Dovish/Co-operative,Dovish/Co-operative,79478.27403099842,82281.37823799506,-20.52172596900158,-17.718621762004936,-3.4067297692666143
2004-06-01,Dovish/Co-operative,Dovish/Co-operative,79483.28511286178,82172.03009151734,-20.51671488713822,-17.827969908482654,-3.27209267637788
2004-06-02,Dovish/Co-operative,Dovish/Co-operative,79604.55268643987,82478.24820455356,-20.395447313560133,-17.521751795446438,-3.484185928618
2004-06-03,Dovish/Co-operative,Dovish/Co-operative,78821.20145682161,81720.04775976617,-21.178798543178388,-18.279952240233833,-3.5472890464606
2004-06-04,Dovish/Co-operative,Dovish/Co-operative,79326.13873830783,82368.87507563434,-20.673861261692174,-17.63112492436566,-3.694036533256706
2004-06-07,Dovish/Co-operative,Dovish/Co-operative,80411.35268506788,83622.8770545768,-19.58864731493213,-16.377122945423196,-3.8404853822631813
2004-06-08,Dovish/Co-operative,Dovish/Co-operative,80288.76830174551,83739.51174649417,-19.711231698254483,-16.260488253505823,-4.120806740783422
2004-06-09,Dovish/Co-operative,Dovish/Co-operative,79544.20797229327,82959.41002798533,-20.45579202770673,-17.040589972014676,-4.116714492713946
2004-06-10,Dovish/Co-operative,Dovish/Co-operative,79767.07950188465,83367.68141457911,-20.232920498115348,-16.63231858542089,-4.318942126732573
2004-06-14,Dovish/Co-operative,Dovish/Co-operative,78859.18067999955,82543.8520959519,-21.140819320000446,-17.456147904048102,-4.463895641396953
2004-06-15,Dovish/Co-operative,Dovish/Co-operative,79521.60108323087,83127.07552042173,-20.478398916769137,-16.872924479578277,-4.337304560058907
2004-06-16,Dovish/Co-operative,Dovish/Co-operative,79435.29642610211,83112.55239442544,-20.56470357389789,-16.887447605574557,-4.424429117363948
2004-06-17,Dovish/Co-operative,Dovish/Co-operative,79485.85398074302,82988.61450210743,-20.514146019256984,-17.01138549789256,-4.220772382307292
2004-06-18,Dovish/Co-operative,Dovish/Co-operative,79662.54909671615,83145.18779051457,-20.337450903283848,-16.854812209485438,-4.1886232821711555
2004-06-21,Dovish/Co-operative,Dovish/Co-operative,79552.15044159842,82830.54226720985,-20.447849558401575,-17.16945773279015,-3.9579504562886836
2004-06-22,Dovish/Co-operative,Dovish/Co-operative,79942.50285809542,83247.61580069474,-20.05749714190458,-16.752384199305258,-3.970219339989467
2004-06-23,Dovish/Co-operative,Dovish/Co-operative,80662.08193458109,83964.70347424151,-19.33791806541891,-16.03529652575849,-3.933345087883977
2004-06-24,Dovish/Co-operative,Dovish/Co-operative,80602.79786385619,83701.2636285464,-19.39720213614381,-16.298736371453604,-3.701814799882508
2004-06-25,Dovish/Co-operative,Dovish/Co-operative,80816.30948314338,83298.86311570683,-19.18369051685661,-16.701136884293167,-2.9802971369669695
2004-06-28,Dovish/Co-operative,Dovish/Co-operative,80545.36917857444,83013.42206652423,-19.454630821425557,-16.986577933475765,-2.9730769151667724
2004-06-29,Dovish/Co-operative,Dovish/Co-operative,80975.1702718243,83357.36366623658,-19.024829728175696,-16.642636333763427,-2.857807984367866
2004-06-30,Dovish/Co-operative,Dovish/Co-operative,81385.71969979373,83803.7416036096,-18.614280300206275,-16.196258396390405,-2.8853388375582045
2004-07-01,Dovish/Co-operative,Dovish/Co-operative,80512.2908179312,82640.30097513131,-19.48770918206879,-17.35969902486869,-2.5750271139991066
2004-07-02,Dovish/Co-operative,Dovish/Co-operative,80393.0673646331,82596.41515288338,-19.606932635366903,-17.403584847116626,-2.667607043443654
2004-07-06,Dovish/Co-operative,Dovish/Co-operative,79889.02482891912,81871.99929649444,-20.11097517108088,-18.128000703505563,-2.4220423155834947
2004-07-07,Dovish/Co-operative,Dovish/Co-operative,80167.24174400358,82113.46292114358,-19.832758255996417,-17.886537078856414,-2.370160882155248
2004-07-08,Dovish/Co-operative,Dovish/Co-operative,79587.14876698953,81542.72238994692,-20.412851233010475,-18.45727761005308,-2.398219688577008
2004-07-09,Dovish/Co-operative,Dovish/Co-operative,79877.7165545631,81754.92324811044,-20.122283445436896,-18.245076751889556,-2.2961390200934795
2004-07-12,Dovish/Co-operative,Dovish/Co-operative,79805.67698590991,81791.48088751621,-20.194323014090088,-18.20851911248379,-2.427885985262057
2004-07-13,Dovish/Co-operative,Dovish/Co-operative,79934.8095999566,81850.05638537048,-20.0651904000434,-18.149943614629514,-2.339945590747572
2004-07-14,Dovish/Co-operative,Dovish/Co-operative,79706.25091483626,81601.21461299616,-20.293749085163736,-18.398785387003834,-2.3222248677878143
2004-07-15,Dovish/Co-operative,Dovish/Co-operative,79694.13580846318,81074.44317885245,-20.305864191536816,-18.92555682114755,-1.7025184710109942
2004-07-16,Dovish/Co-operative,Dovish/Co-operative,79658.8124232259,81008.53949815604,-20.3411875767741,-18.99146050184396,-1.6661540663387209
2004-07-19,Dovish/Co-operative,Dovish/Co-operative,79504.39596299254,80664.66451828773,-20.495604037007464,-19.335335481712278,-1.438385149462984
2004-07-20,Dovish/Co-operative,Dovish/Co-operative,79943.97058031916,81689.04454985553,-20.056029419680844,-18.310955450144462,-2.1362399072636262
2004-07-21,Dovish/Co-operative,Dovish/Co-operative,78978.65546943237,80181.70395906742,-21.02134453056763,-19.81829604093257,-1.5004027480498672
2004-07-22,Dovish/Co-operative,Dovish/Co-operative,78912.37702457976,80401.24965503412,-21.08762297542024,-19.598750344965886,-1.8518028473965775
2004-07-23,Dovish/Co-operative,Dovish/Co-operative,78384.09945660687,79728.01449381326,-21.61590054339313,-20.27198550618674,-1.6856246148092335
2004-07-26,Dovish/Co-operative,Dovish/Co-operative,78007.824211889,79574.36415106249,-21.99217578811099,-20.425635848937517,-1.9686490189222194
2004-07-27,Dovish/Co-operative,Dovish/Co-operative,78759.05942702091,80320.72291857538,-21.240940572979085,-19.67927708142462,-1.9442846563241134
2004-07-28,Dovish/Co-operative,Dovish/Co-operative,78912.66410782926,80562.21152566603,-21.087335892170746,-19.43778847433397,-2.0475448558301412
2004-07-29,Dovish/Co-operative,Dovish/Co-operative,79270.15383371644,80906.08650553436,-20.72984616628356,-19.093913494465642,-2.0220143409186098
2004-07-30,Dovish/Co-operative,Dovish/Co-operative,79262.79028259806,81103.67263541606,-20.73720971740194,-18.896327364583932,-2.269789139011369
2004-08-02,Dovish/Co-operative,Dovish/Co-operative,79283.07040771033,81271.98767133166,-20.716929592289667,-18.728012328668342,-2.447235905764511
2004-08-03,Dovish/Co-operative,Dovish/Co-operative,78927.70808462,80642.67996976124,-21.072291915380003,-19.357320030238757,-2.126630570541943
2004-08-04,Dovish/Co-operative,Dovish/Co-operative,78941.22280919201,80635.3934243216,-21.058777190807987,-19.36460657567839,-2.1010260422671845
2004-08-05,Dovish/Co-operative,Dovish/Co-operative,78113.95289285775,79318.32743553405,-21.886047107142247,-20.68167256446595,-1.518406377964987
2004-08-06,Dovish/Co-operative,Dovish/Co-operative,77306.34623595118,78184.13291858039,-22.693653764048825,-21.815867081419604,-1.1227171676167713
2004-08-09,Dovish/Co-operative,Dovish/Co-operative,77454.23183941434,78293.89743908323,-22.545768160585666,-21.706102560916772,-1.0724534441808764
2004-08-10,Dovish/Co-operative,Dovish/Co-operative,78171.6443178465,79303.65441488873,-21.8283556821535,-20.696345585111263,-1.4274374937628398
2004-08-11,Dovish/Co-operative,Dovish/Co-operative,77991.1596428677,79142.73418165931,-22.008840357132296,-20.857265818340686,-1.4550603421766506
2004-08-12,Dovish/Co-operative,Dovish/Co-operative,77340.01641645827,78279.24107339891,-22.65998358354173,-21.720758926601093,-1.1998387363770902
2004-08-13,Dovish/Co-operative,Dovish/Co-operative,77322.10722837146,78432.91639859119,-22.67789277162854,-21.56708360140881,-1.41625381437388
2004-08-16,Dovish/Co-operative,Dovish/Co-operative,78172.65114920477,79245.13720939799,-21.827348850795225,-20.75486279060201,-1.3533777566177574
2004-08-17,Dovish/Co-operative,Dovish/Co-operative,78398.0881617162,79691.47350936849,-21.601911838283804,-20.308526490631518,-1.6229908805742488
2004-08-18,Dovish/Co-operative,Dovish/Co-operative,79108.34710391561,80510.99752057595,-20.891652896084388,-19.489002479424045,-1.7421848689700647
2004-08-19,Dovish/Co-operative,Dovish/Co-operative,78873.40723918795,80276.85375128846,-21.12659276081206,-19.723146248711533,-1.748257992831459
2004-08-20,Dovish/Co-operative,Dovish/Co-operative,79366.2758719561,80840.30773704547,-20.633724128043905,-19.15969226295453,-1.8233872511768001
2004-08-23,Dovish/Co-operative,Dovish/Co-operative,79298.01288934839,80635.3934243216,-20.701987110651608,-19.36460657567839,-1.65855274982738
2004-08-24,Dovish/Co-operative,Dovish/Co-operative,79335.18339676602,80745.16627230494,-20.66481660323398,-19.254833727695065,-1.7462133532351598
2004-08-25,Dovish/Co-operative,Dovish/Co-operative,79814.46678184412,81293.90560001411,-20.185533218155882,-18.706094399985883,-1.819864364063395
2004-08-26,Dovish/Co-operative,Dovish/Co-operative,79811.52573302198,81293.90560001411,-20.18847426697803,-18.706094399985883,-1.8234821614867558
2004-08-27,Dovish/Co-operative,Dovish/Co-operative,79908.4161737454,81550.05890026959,-20.0915838262546,-18.449941099730406,-2.0130490997337214
2004-08-30,Dovish/Co-operative,Dovish/Co-operative,79511.84691623843,80876.84039400973,-20.488153083761574,-19.12315960599027,-1.687743328153568
2004-08-31,Dovish/Co-operative,Dovish/Co-operative,79668.638948459,81301.28374773929,-20.331361051541,-18.698716252260706,-2.008141475780434
2004-09-01,Dovish/Co-operative,Dovish/Co-operative,80021.55444259969,81454.91743552906,-19.978445557400303,-18.54508256447094,-1.7597009954173237
2004-09-02,Dovish/Co-operative,Dovish/Co-operative,80742.7706304425,82376.87778439719,-19.257229369557503,-17.623122215602805,-1.983696393824974
2004-09-03,Dovish/Co-operative,Dovish/Co-operative,80395.4731978204,82040.32265989053,-19.60452680217959,-17.95967734010947,-2.0049280752942322
2004-09-07,Dovish/Co-operative,Dovish/Co-operative,80852.35843236696,82581.74213223805,-19.147641567633034,-17.418257867761945,-2.0941477561733035
2004-09-08,Dovish/Co-operative,Dovish/Co-operative,80645.8694875708,82376.87778439719,-19.3541305124292,-17.623122215602805,-2.101327876685144
2004-09-09,Dovish/Co-operative,Dovish/Co-operative,80758.96593556048,82303.70421322214,-19.24103406443952,-17.69629578677786,-1.8768757644974765
2004-09-10,Dovish/Co-operative,Dovish/Co-operative,80993.79913058558,82728.08927458817,-19.006200869414414,-17.271910725411832,-2.096373987614042
2004-09-13,Dovish/Co-operative,Dovish/Co-operative,81202.56504169508,82998.83232068394,-18.797434958304915,-17.001167679316055,-2.164207891562364
2004-09-14,Dovish/Co-operative,Dovish/Co-operative,81211.20342296246,83167.12237415802,-18.788796577037548,-16.83287762584198,-2.351793467611085
2004-09-15,Dovish/Co-operative,Dovish/Co-operative,80876.85710831951,82537.84798250961,-19.123142891680487,-17.462152017490386,-2.012399056663161
2004-09-16,Dovish/Co-operative,Dovish/Co-operative,81297.36375863904,82786.63146252042,-18.70263624136096,-17.213368537479578,-1.798922939092662
2004-09-17,Dovish/Co-operative,Dovish/Co-operative,81493.73110627454,83138.61740839813,-18.50626889372545,-16.86138259160187,-1.9784864764390897
2004-09-20,Dovish/Co-operative,Dovish/Co-operative,81349.47001540763,82638.9352683289,-18.650529984592367,-17.361064731671092,-1.5603604387379622
2004-09-21,Dovish/Co-operative,Dovish/Co-operative,81693.24608839734,82998.97388785248,-18.30675391160266,-17.00102611214752,-1.5731854724124972
2004-09-22,Dovish/Co-operative,Dovish/Co-operative,80950.38370698063,81962.94371106173,-19.049616293019366,-18.03705628893827,-1.2353875522706947
2004-09-23,Dovish/Co-operative,Dovish/Co-operative,80765.94604134563,81522.10354822285,-19.234053958654375,-18.477896451777156,-0.9275490621140969
2004-09-24,Dovish/Co-operative,Dovish/Co-operative,80901.32166397538,81896.84849831376,-19.098678336024623,-18.10315150168624,-1.2155862558726915
2004-09-27,Dovish/Co-operative,Dovish/Co-operative,80544.76506545041,81375.15682727656,-19.455234934549594,-18.624843172723438,-1.0204487391510697
2004-09-28,Dovish/Co-operative,Dovish/Co-operative,81200.3823202652,81764.55814305179,-18.799617679734805,-18.23544185694821,-0.6900004544750704
2004-09-29,Dovish/Co-operative,Dovish/Co-operative,81501.40194883035,82176.01895467802,-18.498598051169658,-17.82398104532198,-0.8209414552191152
2004-09-30,Dovish/Co-operative,Dovish/Co-operative,81786.93782357986,82117.2769072137,-18.213062176420138,-17.8827230927863,-0.4022772016747389
2004-10-01,Dovish/Co-operative,Dovish/Co-operative,82636.14638015715,83505.96755580285,-17.36385361984285,-16.49403244419715,-1.041627563999481
2004-10-04,Dovish/Co-operative,Dovish/Co-operative,82936.74977330337,83645.586093907,-17.063250226696635,-16.354413906093,-0.8474282430250835
2004-10-05,Dovish/Co-operative,Dovish/Co-operative,82772.63369274937,83689.66344820648,-17.227366307250634,-16.310336551793515,-1.0957503204976349
2004-10-06,Dovish/Co-operative,Dovish/Co-operative,83318.41784677764,84262.78563882684,-16.68158215322236,-15.737214361173157,-1.1207412440611964
2004-10-07,Dovish/Co-operative,Dovish/Co-operative,82661.93295026649,83358.98752493455,-17.338067049733507,-16.641012475065452,-0.8362080626993618
2004-10-08,Dovish/Co-operative,Dovish/Co-operative,82199.7897998865,82668.39789434658,-17.800210200113508,-17.33160210565342,-0.5668527592115447
2004-10-11,Dovish/Co-operative,Dovish/Co-operative,82368.47644508736,83006.31872565564,-17.631523554912643,-16.993681274344365,-0.7684261756944255
2004-10-12,Dovish/Co-operative,Dovish/Co-operative,82016.34783234188,82683.07091499191,-17.983652167658114,-17.31692908500808,-0.8063598452160758
2004-10-13,Dovish/Co-operative,Dovish/Co-operative,81272.33095468569,81955.57389081706,-18.72766904531431,-18.044426109182943,-0.8336747626727647
2004-10-14,Dovish/Co-operative,Dovish/Co-operative,80895.75004513183,81294.30531907824,-19.10424995486817,-18.70569468092176,-0.4902622297860648
2004-10-15,Dovish/Co-operative,Dovish/Co-operative,81385.12764941597,81749.91010484796,-18.614872350584033,-18.250089895152033,-0.44621756154122894
2004-10-18,Dovish/Co-operative,Dovish/Co-operative,81609.40118920383,82058.5098773079,-18.390598810796178,-17.941490122692105,-0.5473030021816983
2004-10-19,Dovish/Co-operative,Dovish/Co-operative,81057.53807156869,81367.79533451238,-18.94246192843131,-18.632204665487617,-0.3813022850971737
2004-10-20,Dovish/Co-operative,Dovish/Co-operative,81046.58508379282,81206.17559292077,-18.95341491620719,-18.793824407079228,-0.19652508933306612
2004-10-21,Dovish/Co-operative,Dovish/Co-operative,81544.01491440207,81735.17046435863,-18.455985085597927,-18.26482953564137,-0.2338718435045184
2004-10-22,Dovish/Co-operative,Dovish/Co-operative,80998.10885905038,80816.72431226252,-19.001891140949624,-19.183275687737478,0.22443936985989676
2004-10-25,Dovish/Co-operative,Dovish/Co-operative,81228.0094407888,80721.24142082139,-18.771990559211204,-19.27875857917861,0.6278000821685614
2004-10-26,Dovish/Co-operative,Dovish/Co-operative,81812.71264161795,81955.57389081706,-18.187287358382044,-18.044426109182943,-0.17431547656469037
2004-10-27,Dovish/Co-operative,Dovish/Co-operative,82506.89810972313,82940.23184038818,-17.493101890276876,-17.05976815961182,-0.5224650583313561
2004-10-28,Dovish/Co-operative,Dovish/Co-operative,82293.51257242009,83190.04792798127,-17.70648742757991,-16.80995207201873,-1.0776954430141927
2004-10-29,Dovish/Co-operative,Dovish/Co-operative,82490.8632519041,83175.31661497244,-17.509136748095898,-16.824683385027562,-0.8229044275680386
2004-11-01,Dovish/Co-operative,Dovish/Co-operative,82752.06396350838,83403.13149907805,-17.247936036491616,-16.596868500921946,-0.7806272065178588
2004-11-02,Dovish/Co-operative,Dovish/Co-operative,82709.14408516762,83432.49419532971,-17.29085591483238,-16.56750580467029,-0.8669884762987023
2004-11-03,Dovish/Co-operative,Dovish/Co-operative,83454.43464512235,84483.18906528527,-16.545565354877645,-15.51681093471473,-1.2177031093936752
2004-11-04,Dovish/Co-operative,Dovish/Co-operative,84320.68060654432,85636.77828432916,-15.679319393455682,-14.363221715670837,-1.5368369807364335
2004-11-05,Dovish/Co-operative,Dovish/Co-operative,84615.51986218433,86173.1679584532,-15.38448013781567,-13.8268320415468,-1.8075790099997935
2004-11-08,Dovish/Co-operative,Dovish/Co-operative,84448.51687749644,86048.2807333579,-15.551483122503562,-13.951719266642105,-1.8591467978526177
2004-11-09,Dovish/Co-operative,Dovish/Co-operative,84694.70732139098,85879.2661890801,-15.305292678609028,-14.120733810919905,-1.379330448726801
2004-11-10,Dovish/Co-operative,Dovish/Co-operative,84844.33184796963,85945.4113667111,-15.155668152030366,-14.054588633288901,-1.28113822626712
2004-11-11,Dovish/Co-operative,Dovish/Co-operative,85401.2768385371,86599.32677316625,-14.598723161462901,-13.400673226833748,-1.3834402405543567
2004-11-12,Dovish/Co-operative,Dovish/Co-operative,85960.99242039978,87282.67149571709,-14.039007579600217,-12.71732850428291,-1.5142514002704055
2004-11-15,Dovish/Co-operative,Dovish/Co-operative,86006.96388403232,87497.12910109677,-13.993036115967683,-12.502870898903229,-1.7031018415960442
2004-11-16,Dovish/Co-operative,Dovish/Co-operative,85538.00094183382,86870.71103526071,-14.461999058166185,-13.129288964739283,-1.5341305228708801
2004-11-17,Dovish/Co-operative,Dovish/Co-operative,86118.8490871602,87386.5651424657,-13.881150912839802,-12.613434857534301,-1.4506990327846747
2004-11-18,Dovish/Co-operative,Dovish/Co-operative,86235.17067416939,87504.45728393893,-13.764829325830608,-12.49554271606107,-1.450539377269533
2004-11-19,Dovish/Co-operative,Dovish/Co-operative,85585.38496912803,86531.73261392783,-14.41461503087197,-13.468267386072174,-1.0936423161917341
2004-11-22,Dovish/Co-operative,Dovish/Co-operative,85948.26246615342,86944.40091022692,-14.051737533846575,-13.055599089773084,-1.1457189119079003
2004-11-23,Dovish/Co-operative,Dovish/Co-operative,86003.16992384908,87077.0493471505,-13.996830076150912,-12.922950652849497,-1.2332519663363684
2004-11-24,Dovish/Co-operative,Dovish/Co-operative,86390.45496835904,87283.4126414818,-13.609545031640957,-12.716587358518193,-1.0230554077790166
2004-11-26,Dovish/Co-operative,Dovish/Co-operative,86704.73245419608,87217.08425927976,-13.295267545803913,-12.782915740720247,-0.5874443171713373
2004-11-29,Dovish/Co-operative,Dovish/Co-operative,86552.88728391251,86819.12229354802,-13.447112716087496,-13.180877706451977,-0.30665480438206716
2004-11-30,Dovish/Co-operative,Dovish/Co-operative,86677.29161598609,86878.08085550538,-13.322708384013914,-13.12191914449462,-0.23111610839244845
2004-12-01,Dovish/Co-operative,Dovish/Co-operative,87306.00916207093,87865.59513088883,-12.69399083792907,-12.13440486911117,-0.6368658494651069
2004-12-02,Dovish/Co-operative,Dovish/Co-operative,87120.16181712781,87939.25169593304,-12.879838182872195,-12.060748304066959,-0.9314269373560169
2004-12-03,Dovish/Co-operative,Dovish/Co-operative,87149.94924471289,87880.31811641717,-12.850050755287112,-12.119681883582833,-0.8310949338357521
2004-12-06,Dovish/Co-operative,Dovish/Co-operative,86966.37170908025,87850.8721453605,-13.033628290919753,-12.149127854639508,-1.0068203248076224
2004-12-07,Dovish/Co-operative,Dovish/Co-operative,86142.48260890791,87032.84708064348,-13.857517391092088,-12.967152919356517,-1.0230211944124545
2004-12-08,Dovish/Co-operative,Dovish/Co-operative,86338.89245733361,87541.3563500453,-13.661107542666384,-12.458643649954693,-1.3735952272700525
2004-12-09,Dovish/Co-operative,Dovish/Co-operative,86184.59356808529,87850.8721453605,-13.815406431914711,-12.149127854639508,-1.8967126183086047
2004-12-10,Dovish/Co-operative,Dovish/Co-operative,86326.37204677849,87939.25169593304,-13.673627953221512,-12.060748304066959,-1.8340838909243762
2004-12-13,Dovish/Co-operative,Dovish/Co-operative,87024.03950073346,88705.72132885936,-12.975960499266536,-11.294278671140635,-1.8957986056969078
2004-12-14,Dovish/Co-operative,Dovish/Co-operative,87269.79573462716,89015.23712417456,-12.730204265372846,-10.984762875825439,-1.9608343986238452
2004-12-15,Dovish/Co-operative,Dovish/Co-operative,87689.64139147598,89081.52386897408,-12.31035860852402,-10.918476131025923,-1.5624816651602869
2004-12-16,Dovish/Co-operative,Dovish/Co-operative,87361.1151553358,89029.96843718339,-12.638884844664188,-10.970031562816619,-1.8744848629538402
2004-12-17,Dovish/Co-operative,Dovish/Co-operative,87189.15779666103,88436.11914759243,-12.810842203338968,-11.563880852407571,-1.410013649344244
2004-12-20,Dovish/Co-operative,Dovish/Co-operative,87400.03316231251,88458.34519305348,-12.599966837687493,-11.541654806946521,-1.1963959176845118
2004-12-21,Dovish/Co-operative,Dovish/Co-operative,87929.7439152996,89139.52477067367,-12.070256084700404,-10.860475229326328,-1.3571766940495111
2004-12-22,Dovish/Co-operative,Dovish/Co-operative,88020.35528056609,89354.28216535144,-11.979644719433914,-10.645717834648561,-1.492851660222505
2004-12-23,Dovish/Co-operative,Dovish/Co-operative,88196.4987935725,89420.88535441007,-11.803501206427502,-10.579114645589927,-1.369240033785013
2004-12-27,Dovish/Co-operative,Dovish/Co-operative,87979.99182627833,89235.79044528204,-12.020008173721664,-10.764209554717963,-1.407281330436294
2004-12-28,Dovish/Co-operative,Dovish/Co-operative,88407.85521989499,89724.48031108802,-11.592144780105007,-10.275519688911983,-1.4674089909778143
2004-12-29,Dovish/Co-operative,Dovish/Co-operative,88466.89160025005,89857.73665408828,-11.533108399749947,-10.142263345911717,-1.5478300540690881
2004-12-30,Dovish/Co-operative,Dovish/Co-operative,88331.19747971343,89687.46466025461,-11.668802520286569,-10.312535339745388,-1.5122148738163865
2004-12-31,Dovish/Co-operative,Dovish/Co-operative,88355.77199241063,89494.91665607688,-11.644228007589364,-10.505083343923117,-1.272859628490297
2005-01-03,Dovish/Co-operative,Dovish/Co-operative,87713.3205414111,89072.90492665404,-12.2866794585889,-10.92709507334596,-1.5263725667895023
2005-01-04,Dovish/Co-operative,Dovish/Co-operative,86512.2089682206,87984.46991506136,-13.487791031779405,-12.015530084938641,-1.6733191076357623
2005-01-05,Dovish/Co-operative,Dovish/Co-operative,85808.1334783455,87377.29665666647,-14.191866521654505,-12.62270334333353,-1.7958477068553913
2005-01-06,Dovish/Co-operative,Dovish/Co-operative,85850.5805435112,87821.57606895287,-14.149419456488799,-12.178423931047133,-2.244318097746445
2005-01-07,Dovish/Co-operative,Dovish/Co-operative,85581.62154781452,87695.73118359978,-14.418378452185488,-12.30426881640022,-2.410732663097548
2005-01-10,Dovish/Co-operative,Dovish/Co-operative,85885.49297183187,88110.36476529745,-14.114507028168122,-11.889635234702556,-2.5250965642828027
2005-01-11,Dovish/Co-operative,Dovish/Co-operative,85577.66442342784,87503.20816186356,-14.422335576572165,-12.496791838136446,-2.2005407331738613
2005-01-12,Dovish/Co-operative,Dovish/Co-operative,86005.6587643901,87791.96354828613,-13.994341235609898,-12.208036451713866,-2.0347019381945497
2005-01-13,Dovish/Co-operative,Dovish/Co-operative,85688.72455992394,87088.5745801659,-14.311275440076066,-12.911425419834089,-1.607386533756383
2005-01-14,Dovish/Co-operative,Dovish/Co-operative,86161.1885940287,87547.62694286364,-13.838811405971295,-12.452373057136356,-1.5836389828587483
2005-01-18,Dovish/Co-operative,Dovish/Co-operative,86462.36670225218,88458.34519305348,-13.53763329774782,-11.541654806946521,-2.2564049626354943
2005-01-19,Dovish/Co-operative,Dovish/Co-operative,85829.21433494869,87532.79570008878,-14.17078566505131,-12.467204299911216,-1.9462206725088804
2005-01-20,Dovish/Co-operative,Dovish/Co-operative,85377.08223342855,86999.72036320472,-14.622917766571453,-13.000279636795288,-1.8651072934510737
2005-01-21,Dovish/Co-operative,Dovish/Co-operative,85500.0414660327,86466.60338891814,-14.499958533967305,-13.53339661108186,-1.1178442138382039
2005-01-24,Dovish/Co-operative,Dovish/Co-operative,85219.09208194757,86296.33972256498,-14.780907918052433,-13.703660277435015,-1.2483120884161036
2005-01-25,Dovish/Co-operative,Dovish/Co-operative,85392.68246004637,86540.62636310446,-14.607317539953623,-13.459373636895544,-1.32647977175665
2005-01-26,Dovish/Co-operative,Dovish/Co-operative,85950.20845297247,86799.7525738993,-14.049791547027535,-13.200247426100697,-0.9787402564351178
2005-01-27,Dovish/Co-operative,Dovish/Co-operative,86070.89392135204,86947.89845203795,-13.929106078647969,-13.052101547962058,-1.0086552364111268
2005-01-28,Dovish/Co-operative,Dovish/Co-operative,86072.1049388808,86947.89845203795,-13.9278950611192,-13.052101547962058,-1.0072624281313058
2005-01-31,Dovish/Co-operative,Dovish/Co-operative,86573.01808282627,87488.4019015302,-13.42698191717373,-12.5115980984698,-1.0462916212988116
2005-02-01,Dovish/Co-operative,Dovish/Co-operative,86886.54377638132,88043.6616464728,-13.11345622361868,-11.956338353527196,-1.3142545964725083
2005-02-02,Dovish/Co-operative,Dovish/Co-operative,87160.70137039837,88310.26593475885,-12.839298629601636,-11.689734065241153,-1.3017337816757846
2005-02-03,Dovish/Co-operative,Dovish/Co-operative,86817.07928942556,88080.75224463073,-13.182920710574441,-11.919247755369277,-1.4346754801724537
2005-02-04,Dovish/Co-operative,Dovish/Co-operative,87422.47614371298,89021.07468800677,-12.577523856287021,-10.978925311993226,-1.7957529156960028
2005-02-07,Dovish/Co-operative,Dovish/Co-operative,87377.8188136093,88902.63293282037,-12.622181186390701,-11.097367067179631,-1.7151506866656119
2005-02-08,Dovish/Co-operative,Dovish/Co-operative,87515.93621233408,89006.26010019291,-12.48406378766591,-10.993739899807087,-1.6744034477813141
2005-02-09,Dovish/Co-operative,Dovish/Co-operative,86883.170947425,88339.86180046457,-13.116829052575007,-11.66013819953543,-1.6489621144414213
2005-02-10,Dovish/Co-operative,Dovish/Co-operative,87313.9591575956,88658.27134495637,-12.6860408424044,-11.341728655043626,-1.516285132754569
2005-02-11,Dovish/Co-operative,Dovish/Co-operative,88004.36506579838,89420.88535441007,-11.995634934201615,-10.579114645589927,-1.5841045221118844
2005-02-14,Dovish/Co-operative,Dovish/Co-operative,88225.31826830095,89354.28216535144,-11.774681731699044,-10.645717834648561,-1.2634692705172479
2005-02-15,Dovish/Co-operative,Dovish/Co-operative,88402.08732275252,89687.46466025461,-11.597912677247479,-10.312535339745388,-1.4331739026978152
2005-02-16,Dovish/Co-operative,Dovish/Co-operative,88537.6734163716,89746.67304662705,-11.462326583628402,-10.253326953372943,-1.3471247336682035
2005-02-17,Dovish/Co-operative,Dovish/Co-operative,88239.4945569783,89021.07468800677,-11.760505443021696,-10.978925311993226,-0.8779720237794053
2005-02-18,Dovish/Co-operative,Dovish/Co-operative,88497.48699101787,89139.52477067367,-11.50251300898213,-10.860475229326328,-0.7202616138099804
2005-02-22,Dovish/Co-operative,Dovish/Co-operative,87967.38225279308,87814.17293878619,-12.03261774720692,-12.185827061213816,0.17446991627843023
2005-02-23,Dovish/Co-operative,Dovish/Co-operative,88277.59643349383,88443.5306052396,-11.722403566506168,-11.556469394760393,-0.18761595179460633
2005-02-24,Dovish/Co-operative,Dovish/Co-operative,88927.60850845322,89028.46116321244,-11.072391491546774,-10.971538836787554,-0.11328136355668317
2005-02-25,Dovish/Co-operative,Dovish/Co-operative,89793.78394937154,89909.58354769656,-10.20621605062846,-10.09041645230344,-0.1287956119422784
2005-02-28,Dovish/Co-operative,Dovish/Co-operative,89472.38738746513,89317.24153207653,-10.527612612534865,-10.68275846792347,0.17370202295474702
2005-03-01,Dovish/Co-operative,Dovish/Co-operative,89616.76083091597,89761.50428940193,-10.383239169084035,-10.238495710598073,-0.16125337875275703
2005-03-02,Dovish/Co-operative,Dovish/Co-operative,89369.57144117585,89717.03554351882,-10.630428558824146,-10.282964456481182,-0.3872888802421759
2005-03-03,Dovish/Co-operative,Dovish/Co-operative,89359.36625708421,89754.06784931323,-10.640633742915783,-10.245932150686777,-0.43975900110920785
2005-03-04,Dovish/Co-operative,Dovish/Co-operative,90400.24325975936,90872.13203653364,-9.59975674024064,-9.127867963466352,-0.5192887700539162
2005-03-07,Dovish/Co-operative,Dovish/Co-operative,90454.5118228581,90916.57579997524,-9.545488177141904,-9.083424200024758,-0.5082285304428114
2005-03-08,Dovish/Co-operative,Dovish/Co-operative,90322.87156158448,90575.94853750289,-9.677128438415517,-9.424051462497108,-0.27940858473440855
2005-03-09,Dovish/Co-operative,Dovish/Co-operative,89864.71366064025,89568.9812676657,-10.13528633935975,-10.431018732334296,0.3301727772148988
2005-03-10,Dovish/Co-operative,Dovish/Co-operative,89656.0773063623,89768.9157470491,-10.343922693637698,-10.231084252950895,-0.12569878977346516
2005-03-11,Dovish/Co-operative,Dovish/Co-operative,89597.2352962545,89139.52477067367,-10.402764703745504,-10.860475229326328,0.5134765153374632
2005-03-14,Dovish/Co-operative,Dovish/Co-operative,89587.30104112391,89694.8927728628,-10.412698958876089,-10.3051072271372,-0.11995301896547961
2005-03-15,Dovish/Co-operative,Dovish/Co-operative,88967.20405868604,88954.42153406513,-11.032795941313967,-11.045578465934868,0.01436974621438214
2005-03-16,Dovish/Co-operative,Dovish/Co-operative,88426.78945840473,88199.19399981711,-11.57321054159527,-11.800806000182885,0.25804709574566154
2005-03-17,Dovish/Co-operative,Dovish/Co-operative,88645.93314194716,88376.88577877848,-11.354066858052846,-11.62311422122152,0.30443182150834414
2005-03-18,Dovish/Co-operative,Dovish/Co-operative,88524.54335122133,88114.52017806817,-11.475456648778671,-11.885479821931833,0.46532985973772867
2005-03-21,Dovish/Co-operative,Dovish/Co-operative,88052.20864137178,87787.4084164513,-11.947791358628223,-12.212591583548694,0.30163804775316105
2005-03-22,Dovish/Co-operative,Dovish/Co-operative,87387.43425028991,86895.4353248725,-12.612565749710091,-13.104564675127506,0.5661965137501168
2005-03-23,Dovish/Co-operative,Dovish/Co-operative,86890.95619728357,86969.7830707984,-13.109043802716435,-13.030216929201599,-0.0906370819053981
2005-03-24,Dovish/Co-operative,Dovish/Co-operative,86988.22760705471,87073.80162975454,-13.011772392945286,-12.926198370245457,-0.09827757729437003
2005-03-28,Dovish/Co-operative,Dovish/Co-operative,87078.97564550074,87200.17947385978,-12.921024354499256,-12.799820526140216,-0.13899492993059148
2005-03-29,Dovish/Co-operative,Dovish/Co-operative,86088.46105886555,86620.42028127897,-13.911538941134449,-13.379579718721024,-0.6141268083045714
2005-03-30,Dovish/Co-operative,Dovish/Co-operative,87096.58218404316,87846.90826464133,-12.903417815956841,-12.153091735358668,-0.8541291838499165
2005-03-31,Dovish/Co-operative,Dovish/Co-operative,87324.89251374156,87683.38153001465,-12.67510748625843,-12.316618469985352,-0.4088448803156286
2005-04-01,Dovish/Co-operative,Dovish/Co-operative,87030.196914751,87289.41675492408,-12.96980308524901,-12.710583245075924,-0.2969659436502847
2005-04-04,Dovish/Co-operative,Dovish/Co-operative,86989.60287788663,87438.07060937338,-13.010397122113371,-12.561929390626625,-0.5128975609380304
2005-04-05,Dovish/Co-operative,Dovish/Co-operative,87149.2924938942,87854.36135969103,-12.850707506105795,-12.145638640308976,-0.8025428161843373
2005-04-06,Dovish/Co-operative,Dovish/Co-operative,87502.8081910983,88159.09718119781,-12.497191808901697,-11.84090281880219,-0.7444370587763705
2005-04-07,Dovish/Co-operative,Dovish/Co-operative,87921.23834226772,88634.78784993946,-12.078761657732272,-11.365212150060543,-0.8050445259481953
2005-04-08,Dovish/Co-operative,Dovish/Co-operative,87339.96611132286,87713.10230792791,-12.660033888677136,-12.286897692072085,-0.4254053120765322
2005-04-11,Dovish/Co-operative,Dovish/Co-operative,87178.75054262194,87780.02194124562,-12.821249457378059,-12.219978058754377,-0.6849752202455983
2005-04-12,Dovish/Co-operative,Dovish/Co-operative,87625.62255618248,88233.44492712371,-12.374377443817519,-11.766555072876294,-0.688879790926511
2005-04-13,Dovish/Co-operative,Dovish/Co-operative,86569.4459045807,87192.7763436931,-13.4305540954193,-12.807223656306899,-0.7148877065863535
2005-04-14,Dovish/Co-operative,Dovish/Co-operative,85252.04340392354,86055.48400399252,-14.747956596076461,-13.944515996007478,-0.9336309119261976
2005-04-15,Dovish/Co-operative,Dovish/Co-operative,84263.39095744952,84851.26370349372,-15.736609042550477,-15.148736296506282,-0.6928273314802724
2005-04-18,Dovish/Co-operative,Dovish/Co-operative,84772.13681426184,85111.43084935137,-15.227863185738155,-14.888569150648634,-0.39864684649713045
2005-04-19,Dovish/Co-operative,Dovish/Co-operative,85593.53416489251,85787.89707300717,-14.406465835107497,-14.21210292699283,-0.2265621547399177
2005-04-20,Dovish/Co-operative,Dovish/Co-operative,84742.45177589709,84591.09655763606,-15.257548224102912,-15.408903442363941,0.1789257078112172
2005-04-21,Dovish/Co-operative,Dovish/Co-operative,85994.35106346806,86233.88361879658,-14.005648936531944,-13.76611638120342,-0.2777708080357266
2005-04-22,Dovish/Co-operative,Dovish/Co-operative,85442.9824385308,85906.81349458222,-14.557017561469198,-14.093186505417776,-0.5399234789225105
2005-04-25,Dovish/Co-operative,Dovish/Co-operative,86105.58289006258,86471.72478942716,-13.894417109937418,-13.528275210572838,-0.4234238420202652
2005-04-26,Dovish/Co-operative,Dovish/Co-operative,85449.3664458913,85631.8234334302,-14.550633554108705,-14.368176566569801,-0.2130714729912775
2005-04-27,Dovish/Co-operative,Dovish/Co-operative,85165.0568356934,85966.28003285023,-14.834943164306601,-14.03371996714976,-0.9320203187234255
2005-04-28,Dovish/Co-operative,Dovish/Co-operative,84270.03763837554,84888.43757645668,-15.72996236162446,-15.111562423543322,-0.7284854754502579
2005-04-29,Dovish/Co-operative,Dovish/Co-operative,85250.93593215758,86040.59446885413,-14.749064067842422,-13.959405531145864,-0.9177743849531517
2005-05-02,Dovish/Co-operative,Dovish/Co-operative,85502.96616476409,86523.76321508699,-14.497033835235907,-13.47623678491301,-1.1797880864073518
2005-05-03,Dovish/Co-operative,Dovish/Co-operative,85492.24923649039,86672.4503794583,-14.507750763509609,-13.327549620541701,-1.3616796776840911
2005-05-04,Dovish/Co-operative,Dovish/Co-operative,86367.97919296763,87341.4385256229,-13.632020807032374,-12.658561474377105,-1.1145446526732994
2005-05-05,Dovish/Co-operative,Dovish/Co-operative,86321.48168100897,87311.67611030713,-13.678518318991028,-12.688323889692866,-1.134091651209601
2005-05-06,Dovish/Co-operative,Dovish/Co-operative,86327.75239803057,87036.6444117526,-13.672247601969435,-12.963355588247405,-0.814475349449828
2005-05-09,Dovish/Co-operative,Dovish/Co-operative,86600.81689435676,87579.3130061755,-13.399183105643242,-12.420686993824503,-1.117268540060068
2005-05-10,Dovish/Co-operative,Dovish/Co-operative,85807.68647692064,86672.4503794583,-14.192313523079358,-13.327549620541701,-0.9977379187407931
2005-05-11,Dovish/Co-operative,Dovish/Co-operative,86037.4885907629,87148.17435812196,-13.962511409237088,-12.851825641878033,-1.2744796727408914
2005-05-12,Dovish/Co-operative,Dovish/Co-operative,84992.58763964762,86189.29828818644,-15.00741236035238,-13.810701711813556,-1.388467793921988
2005-05-13,Dovish/Co-operative,Dovish/Co-operative,84512.02669035197,86018.28514858807,-15.487973309648028,-13.98171485141193,-1.7510910100499988
2005-05-16,Dovish/Co-operative,Dovish/Co-operative,85127.21314186638,86821.1042339076,-14.872786858133624,-13.178895766092403,-1.9510130710589046
2005-05-17,Dovish/Co-operative,Dovish/Co-operative,85454.08131847804,87400.89673641042,-14.545918681521963,-12.599103263589583,-2.22745474088637
2005-05-18,Dovish/Co-operative,Dovish/Co-operative,86512.98423913456,88300.33125051942,-13.48701576086544,-11.699668749480585,-2.024167957325018
2005-05-19,Dovish/Co-operative,Dovish/Co-operative,86585.65665475023,88672.04499770743,-13.414343345249769,-11.327955002292567,-2.3529268361986544
2005-05-20,Dovish/Co-operative,Dovish/Co-operative,86365.98903939492,88545.6255161997,-13.634010960605082,-11.4543744838003,-2.461597017467576
2005-05-23,Dovish/Co-operative,Dovish/Co-operative,86689.98160862425,89036.28899488476,-13.310018391375756,-10.96371100511524,-2.6352259429807345
2005-05-24,Dovish/Co-operative,Dovish/Co-operative,86550.0597822855,88828.14361972593,-13.449940217714495,-11.17185638027407,-2.564596922336826
2005-05-25,Dovish/Co-operative,Dovish/Co-operative,86197.06950542229,88761.1990039667,-13.802930494577714,-11.238800996033305,-2.888795472929362
2005-05-26,Dovish/Co-operative,Dovish/Co-operative,86673.29623303081,89236.93131011087,-13.326703766969194,-10.763068689889133,-2.8728409184881842
2005-05-27,Dovish/Co-operative,Dovish/Co-operative,86926.47669457886,89385.57683707967,-13.073523305421142,-10.614423162920328,-2.751115145772276
2005-05-31,Dovish/Co-operative,Dovish/Co-operative,86563.05450953712,88813.22910214604,-13.436945490462882,-11.18677089785396,-2.533602950097613
2005-06-01,Dovish/Co-operative,Dovish/Co-operative,87076.81582127763,89571.45452937493,-12.92318417872237,-10.428545470625073,-2.7850822800685626
2005-06-02,Dovish/Co-operative,Dovish/Co-operative,87383.10176350393,89764.69371443437,-12.616898236496066,-10.235306285565626,-2.6531499773250755
2005-06-03,Dovish/Co-operative,Dovish/Co-operative,87113.69990906015,89311.23741863426,-12.886300090939852,-10.68876258136574,-2.4605386433886878
2005-06-06,Dovish/Co-operative,Dovish/Co-operative,87370.61574891368,89229.49487002217,-12.629384251086318,-10.770505129977826,-2.0832563535367554
2005-06-07,Dovish/Co-operative,Dovish/Co-operative,87411.82609081309,89296.37286593739,-12.588173909186906,-10.70362713406261,-2.110440451991946
2005-06-08,Dovish/Co-operative,Dovish/Co-operative,87109.76793695687,89132.8461313107,-12.89023206304314,-10.867153868689305,-2.269733641595406
2005-06-09,Dovish/Co-operative,Dovish/Co-operative,87300.57741483727,89556.59830415856,-12.699422585162722,-10.443401695841448,-2.5191006939089267
2005-06-10,Dovish/Co-operative,Dovish/Co-operative,87508.53323964076,89348.46125648022,-12.491466760359238,-10.651538743519772,-2.059272192229289
2005-06-13,Dovish/Co-operative,Dovish/Co-operative,87773.51614012722,89630.94605008446,-12.226483859872783,-10.369053949915541,-2.0723087190436806
2005-06-14,Dovish/Co-operative,Dovish/Co-operative,87894.96377048714,89839.04146036027,-12.105036229512855,-10.160958539639731,-2.163956402774969
2005-06-15,Dovish/Co-operative,Dovish/Co-operative,88184.49901115167,90009.99630759514,-11.815500988848338,-9.990003692404859,-2.028105067580621
2005-06-16,Dovish/Co-operative,Dovish/Co-operative,88784.26304688377,90240.41769309803,-11.21573695311623,-9.75958230690197,-1.6136390804024736
2005-06-17,Dovish/Co-operative,Dovish/Co-operative,89137.96271086314,90574.79934519355,-10.862037289136861,-9.425200654806453,-1.5863536488272212
2005-06-20,Dovish/Co-operative,Dovish/Co-operative,88846.44304806102,90604.64503531434,-11.153556951938981,-9.395354964685653,-1.9405208050514933
2005-06-21,Dovish/Co-operative,Dovish/Co-operative,88821.13482263655,90656.90830294773,-11.17886517736345,-9.343091697052264,-2.0249681074238524
2005-06-22,Dovish/Co-operative,Dovish/Co-operative,88890.01680225939,90731.51420076922,-11.109983197740615,-9.268485799230785,-2.029611667711173
2005-06-23,Dovish/Co-operative,Dovish/Co-operative,87905.31900255487,89455.31948628771,-12.094680997445128,-10.54468051371229,-1.732709125219145
2005-06-24,Dovish/Co-operative,Dovish/Co-operative,87437.91206057038,88798.5144440982,-12.562087939429622,-11.201485555901803,-1.532235524485448
2005-06-27,Dovish/Co-operative,Dovish/Co-operative,87536.78575316939,88925.39193703358,-12.463214246830612,-11.074608062966417,-1.5615406956512867
2005-06-28,Dovish/Co-operative,Dovish/Co-operative,88129.63640871404,89671.70906714397,-11.87036359128596,-10.328290932856032,-1.7196869274290982
2005-06-29,Dovish/Co-operative,Dovish/Co-operative,88070.44644144645,89432.90190877511,-11.929553558553552,-10.567098091224892,-1.523438732557758
2005-06-30,Dovish/Co-operative,Dovish/Co-operative,87680.73364751233,88947.75954966317,-12.319266352487668,-11.052240450336825,-1.424460726797061
2005-07-01,Dovish/Co-operative,Dovish/Co-operative,87557.64445358056,89209.00926798614,-12.442355546419437,-10.79099073201386,-1.851118881328273
2005-07-05,Dovish/Co-operative,Dovish/Co-operative,87827.50988660351,89925.49736293675,-12.172490113396483,-10.074502637063254,-2.3330284934269696
2005-07-06,Dovish/Co-operative,Dovish/Co-operative,87382.78294137202,89171.67717289364,-12.617217058627983,-10.828322827106351,-2.0061237920345087
2005-07-07,Dovish/Co-operative,Dovish/Co-operative,87577.0880097892,89522.43897913749,-12.422911990210805,-10.477561020862513,-2.1730316907492275
2005-07-08,Dovish/Co-operative,Dovish/Co-operative,88468.12654186394,90544.90369018973,-11.531873458136065,-9.455096309810262,-2.2936433346174123
2005-07-11,Dovish/Co-operative,Dovish/Co-operative,89114.29515605184,91007.68676415259,-10.885704843948163,-8.992313235847416,-2.0804743812547266
2005-07-12,Dovish/Co-operative,Dovish/Co-operative,89192.40132694253,91246.50225000195,-10.807598673057461,-8.75349774999804,-2.251155794916382
2005-07-13,Dovish/Co-operative,Dovish/Co-operative,89086.68033109991,91373.36308797632,-10.91331966890009,-8.626636912023677,-2.5025704205225985
2005-07-14,Dovish/Co-operative,Dovish/Co-operative,89096.70133974141,91731.60297171137,-10.903298660258587,-8.268397028288632,-2.8724033447693254
2005-07-15,Dovish/Co-operative,Dovish/Co-operative,89041.08043431507,91679.34803155847,-10.958919565684933,-8.320651968441528,-2.8777119971830967
2005-07-18,Dovish/Co-operative,Dovish/Co-operative,88826.577079053,91313.68003521525,-11.173422920947008,-8.68631996478475,-2.7236915161048203
2005-07-19,Dovish/Co-operative,Dovish/Co-operative,89440.10540260753,91813.71192946557,-10.559894597392471,-8.186288070534431,-2.5852418739823135
2005-07-20,Dovish/Co-operative,Dovish/Co-operative,90032.76997904609,92127.14996809741,-9.96723002095391,-7.87285003190259,-2.273358059786479
2005-07-21,Dovish/Co-operative,Dovish/Co-operative,89877.71399746538,91589.7943062351,-10.122286002534619,-8.410205693764905,-1.8692915752657857
2005-07-22,Dovish/Co-operative,Dovish/Co-operative,90209.6823034965,92201.80583080191,-9.790317696503493,-7.798194169198092,-2.160612267140538
2005-07-25,Dovish/Co-operative,Dovish/Co-operative,89815.72981221942,91940.57276743994,-10.184270187780587,-8.059427232560058,-2.3111047617630387
2005-07-26,Dovish/Co-operative,Dovish/Co-operative,89804.07801774048,92052.51076035392,-10.195921982259515,-7.947489239646077,-2.442554498558902
2005-07-27,Dovish/Co-operative,Dovish/Co-operative,90160.01056358415,92388.35804901787,-9.839989436415852,-7.611641950982129,-2.4119353698779267
2005-07-28,Dovish/Co-operative,Dovish/Co-operative,90807.3435450814,92970.5155559834,-9.192656454918602,-7.029484444016609,-2.3267290688513076
2005-07-29,Dovish/Co-operative,Dovish/Co-operative,90610.88319168509,92351.07591880839,-9.389116808314913,-7.648924081191611,-1.884323176324676
2005-08-01,Dovish/Co-operative,Dovish/Co-operative,90869.85533548542,92283.8814786341,-9.130144664514573,-7.7161185213659,-1.5322569017386378
2005-08-02,Dovish/Co-operative,Dovish/Co-operative,91407.31506669319,92836.16831303731,-8.592684933306804,-7.163831686962685,-1.5391126888457118
2005-08-03,Dovish/Co-operative,Dovish/Co-operative,91457.15053599584,93082.42856645587,-8.542849464004165,-6.9175714335441345,-1.7460631995647513
2005-08-04,Dovish/Co-operative,Dovish/Co-operative,90878.43701587446,92336.11976382598,-9.121562984125543,-7.663880236174025,-1.5786701365402056
2005-08-05,Dovish/Co-operative,Dovish/Co-operative,90218.1875951619,91709.19372167927,-9.781812404838098,-8.290806278320728,-1.6257978791551775
2005-08-08,Dovish/Co-operative,Dovish/Co-operative,90142.85531436066,91537.5560210432,-9.85714468563934,-8.462443978956802,-1.5236376928852269
2005-08-09,Dovish/Co-operative,Dovish/Co-operative,90657.98884505447,92089.80954552442,-9.342011154945528,-7.910190454475585,-1.554809058175033
2005-08-10,Dovish/Co-operative,Dovish/Co-operative,90906.1695268613,92045.04933782373,-9.09383047313871,-7.954950662176275,-1.237306969962626
2005-08-11,Dovish/Co-operative,Dovish/Co-operative,91412.1613213321,92410.76729904997,-8.587838678667904,-7.589232700950033,-1.0806164767426796
2005-08-12,Dovish/Co-operative,Dovish/Co-operative,90923.1122971976,91843.54929210586,-9.076887702802406,-8.156450707894136,-1.0021792515670702
2005-08-15,Dovish/Co-operative,Dovish/Co-operative,91132.71596736065,92410.76729904997,-8.867284032639343,-7.589232700950033,-1.3830112756811341
2005-08-16,Dovish/Co-operative,Dovish/Co-operative,90316.23625263266,91209.14517246795,-9.683763747367335,-8.790854827532046,-0.9789686309929602
2005-08-17,Dovish/Co-operative,Dovish/Co-operative,90137.19748505381,91201.73371482076,-9.862802514946189,-8.798266285179245,-1.1672324487774
2005-08-18,Dovish/Co-operative,Dovish/Co-operative,89669.7758798952,91194.23898236855,-10.330224120104802,-8.805761017631452,-1.671666016937856
2005-08-19,Dovish/Co-operative,Dovish/Co-operative,89707.37302917414,91403.25874298014,-10.292626970825857,-8.596741257019868,-1.8553886777436635
2005-08-22,Dovish/Co-operative,Dovish/Co-operative,90017.92897699097,91403.25874298014,-9.98207102300903,-8.596741257019868,-1.5156240434322177
2005-08-23,Dovish/Co-operative,Dovish/Co-operative,89672.88948130398,91231.56274998054,-10.327110518696013,-8.768437250019456,-1.7084802909143382
2005-08-24,Dovish/Co-operative,Dovish/Co-operative,89113.30775216759,90418.07616213737,-10.886692247832407,-9.581923837862627,-1.4430393405297393
2005-08-25,Dovish/Co-operative,Dovish/Co-operative,89446.85186591052,90746.43704582962,-10.553148134089485,-9.25356295417038,-1.43210601123962
2005-08-26,Dovish/Co-operative,Dovish/Co-operative,88994.3856941686,90127.01406361561,-11.0056143058314,-9.872985936384381,-1.2567024229245605
2005-08-29,Dovish/Co-operative,Dovish/Co-operative,89517.80565903116,90821.0762535731,-10.482194340968842,-9.178923746426893,-1.4349869527016001
2005-08-30,Dovish/Co-operative,Dovish/Co-operative,88899.75880351602,90343.46193683539,-11.100241196483985,-9.65653806316461,-1.5980161733549214
2005-08-31,Dovish/Co-operative,Dovish/Co-operative,89902.7862138805,91485.3177358513,-10.097213786119497,-8.514682264148698,-1.7298202172069788
2005-09-01,Dovish/Co-operative,Dovish/Co-operative,90318.49935934102,91418.17326056003,-9.68150064065898,-8.581826739439968,-1.202905135814425
2005-09-02,Dovish/Co-operative,Dovish/Co-operative,90403.81471607703,91253.95534505164,-9.596185283922964,-8.74604465494836,-0.9316205810039002
2005-09-06,Dovish/Co-operative,Dovish/Co-operative,91118.554331113,92321.20524624609,-8.881445668887,-7.678794753753914,-1.3026811250192005
2005-09-07,Dovish/Co-operative,Dovish/Co-operative,91320.2296878603,92477.93675678277,-8.6797703121397,-7.522063243217225,-1.2518738085250058
2005-09-08,Dovish/Co-operative,Dovish/Co-operative,91147.17133442969,92171.96014068111,-8.85282866557031,-7.828039859318892,-1.1118227329518615
2005-09-09,Dovish/Co-operative,Dovish/Co-operative,91773.09262994537,92992.916478535,-8.226907370054626,-7.007083521464996,-1.3117384579192093
2005-09-12,Dovish/Co-operative,Dovish/Co-operative,91917.15469862279,92806.30596795552,-8.082845301377207,-7.193694032044484,-0.9580720405354071
2005-09-13,Dovish/Co-operative,Dovish/Co-operative,91334.99626533188,92291.3928660473,-8.665003734668119,-7.708607133952694,-1.0362793008266147
2005-09-14,Dovish/Co-operative,Dovish/Co-operative,91143.67284517971,91955.52892242235,-8.856327154820287,-8.044471077577652,-0.8828790250639096
2005-09-15,Dovish/Co-operative,Dovish/Co-operative,91275.90199610822,91910.71874983865,-8.724098003891779,-8.089281250161351,-0.6906884880949149
2005-09-16,Dovish/Co-operative,Dovish/Co-operative,92005.56295799607,92564.31771203472,-7.994437042003932,-7.435682287965273,-0.6036394669670986
2005-09-19,Dovish/Co-operative,Dovish/Co-operative,91776.0058139135,92257.02535401368,-8.223994186086491,-7.7429746459863225,-0.5213906889522724
2005-09-20,Dovish/Co-operative,Dovish/Co-operative,91310.32028659793,91477.53154158151,-8.689679713402077,-8.522468458418487,-0.18278942617464544
2005-09-21,Dovish/Co-operative,Dovish/Co-operative,91261.31812273814,90623.09040462728,-8.738681877261856,-9.376909595372718,0.704266115027874
2005-09-22,Dovish/Co-operative,Dovish/Co-operative,91099.1715235253,90945.35557259172,-8.900828476474699,-9.054644427408276,0.16913007812786596
2005-09-23,Dovish/Co-operative,Dovish/Co-operative,91266.3958852897,91020.3112245943,-8.733604114710293,-8.979688775405691,0.2703623591092663
2005-09-26,Dovish/Co-operative,Dovish/Co-operative,91562.51231108933,91125.24580640573,-8.437487688910672,-8.87475419359427,0.47985220869808387
2005-09-27,Dovish/Co-operative,Dovish/Co-operative,91387.48684650802,91102.7616090491,-8.612513153491975,-8.89723839095089,0.31253195010789714
2005-09-28,Dovish/Co-operative,Dovish/Co-operative,91749.48958379752,91192.6817435146,-8.250510416202484,-8.807318256485408,0.6105839083107467
2005-09-29,Dovish/Co-operative,Dovish/Co-operative,92446.62251492224,91934.6685837637,-7.55337748507775,-8.0653314162363,0.556867109051562
2005-09-30,Dovish/Co-operative,Dovish/Co-operative,92530.93687703318,92219.53503679164,-7.469063122966824,-7.780464963208356,0.3376744852566338
2005-10-03,Dovish/Co-operative,Dovish/Co-operative,92402.75168076916,91889.74182645297,-7.597248319230843,-8.110258173547036,0.5582884924032916
2005-10-04,Dovish/Co-operative,Dovish/Co-operative,91741.72376869548,90855.41045568472,-8.258276231304528,-9.144589544315284,0.9755206746251632
2005-10-05,Dovish/Co-operative,Dovish/Co-operative,90448.09692122824,89663.71468586162,-9.551903078771762,-10.336285314138383,0.8748045272435112
2005-10-06,Dovish/Co-operative,Dovish/Co-operative,90130.47921631171,89341.39122553365,-9.86952078368829,-10.65860877446635,0.8832277849648573
2005-10-07,Dovish/Co-operative,Dovish/Co-operative,90850.99064377073,89648.7252209572,-9.149009356229277,-10.351274779042797,1.3410847949597793
2005-10-10,Dovish/Co-operative,Dovish/Co-operative,90430.72407962008,88891.70727840115,-9.569275920379916,-11.108292721598845,1.7313390060097023
2005-10-11,Dovish/Co-operative,Dovish/Co-operative,90234.04247166113,88764.2468618306,-9.765957528338864,-11.235753138169402,1.6558419203605679
2005-10-12,Dovish/Co-operative,Dovish/Co-operative,89344.50780609244,88067.26172621675,-10.655492193907556,-11.93273827378325,1.4503074750369604
2005-10-13,Dovish/Co-operative,Dovish/Co-operative,89330.36105227047,88014.77361660979,-10.669638947729531,-11.985226383390213,1.4947347832664493
2005-10-14,Dovish/Co-operative,Dovish/Co-operative,89676.11267338996,88944.17873304711,-10.323887326610038,-11.055821266952892,0.8229138216449661
2005-10-17,Dovish/Co-operative,Dovish/Co-operative,90104.55982912758,89273.94696094427,-9.895440170872416,-10.726053039055728,0.9304090347284522
2005-10-18,Dovish/Co-operative,Dovish/Co-operative,89236.53633846213,88307.10981964842,-10.763463661537864,-11.69289018035158,1.0524934183803403
2005-10-19,Dovish/Co-operative,Dovish/Co-operative,89963.78133162575,89776.11069020323,-10.036218668374254,-10.223889309796764,0.20904296252053367
2005-10-20,Dovish/Co-operative,Dovish/Co-operative,88703.82849158818,88194.67217790429,-11.296171508411824,-11.805327822095713,0.5773096051163273
2005-10-21,Dovish/Co-operative,Dovish/Co-operative,89356.4793394861,88539.43819818637,-10.643520660513895,-11.460561801813629,0.9227991027804805
2005-10-24,Dovish/Co-operative,Dovish/Co-operative,90494.2295424046,89911.03252930398,-9.505770457595396,-10.08896747069602,0.6486378775714119
2005-10-25,Dovish/Co-operative,Dovish/Co-operative,90283.51353749647,89731.17560541199,-9.716486462503527,-10.268824394588005,0.6155474152187201
2005-10-26,Dovish/Co-operative,Dovish/Co-operative,90149.1801233525,89468.80167722118,-9.850819876647499,-10.531198322778812,0.7604644673636418
2005-10-27,Dovish/Co-operative,Dovish/Co-operative,89336.6004703085,88516.92901838824,-10.663399529691498,-11.483070981611764,0.9260052975289979
2005-10-28,Dovish/Co-operative,Dovish/Co-operative,90344.91065582997,89791.13346502965,-9.655089344170031,-10.208866534970351,0.6167392808511529
2005-10-31,Dovish/Co-operative,Dovish/Co-operative,90565.6657950852,90038.44298099152,-9.434334204914807,-9.961557019008483,0.5855530111787743
2005-11-01,Dovish/Co-operative,Dovish/Co-operative,90675.16410402345,90308.27833171251,-9.324835895976546,-9.691721668287489,0.4062592921584951
2005-11-02,Dovish/Co-operative,Dovish/Co-operative,91610.88096464585,91252.65625809327,-8.389119035354142,-8.747343741906732,0.3925635934798555
2005-11-03,Dovish/Co-operative,Dovish/Co-operative,91691.43734057076,91642.38234560809,-8.308562659429242,-8.357617654391913,0.0535287207808155
2005-11-04,Dovish/Co-operative,Dovish/Co-operative,91483.97263377975,91522.49993629477,-8.516027366220257,-8.477500063705234,-0.0420959901028084
2005-11-07,Dovish/Co-operative,Dovish/Co-operative,91731.84650572482,91612.42007076026,-8.268153494275177,-8.387579929239742,0.13036052848764967
2005-11-08,Dovish/Co-operative,Dovish/Co-operative,91463.619290657,91612.42007076026,-8.536380709342994,-8.387579929239742,-0.16242424333765548
2005-11-09,Dovish/Co-operative,Dovish/Co-operative,91935.99602934018,91732.35244495659,-8.064003970659817,-8.26764755504341,0.22199756024547934
2005-11-10,Dovish/Co-operative,Dovish/Co-operative,92389.67196110409,92444.32704547487,-7.610328038895908,-7.555672954525128,-0.05912216154042582
2005-11-11,Dovish/Co-operative,Dovish/Co-operative,92784.56868545996,92759.16410083113,-7.215431314540033,-7.240835899168873,0.02738768171866024
2005-11-14,Dovish/Co-operative,Dovish/Co-operative,92762.22403943389,92706.70097366566,-7.237775960566117,-7.293299026334344,0.059891103000198065
2005-11-15,Dovish/Co-operative,Dovish/Co-operative,92432.90149615073,92369.39637591378,-7.567098503849268,-7.630603624086218,0.06875125607457289
2005-11-16,Dovish/Co-operative,Dovish/Co-operative,92972.04000703144,92556.83130706301,-7.027959992968569,-7.443168692936986,0.44859865458330983
2005-11-17,Dovish/Co-operative,Dovish/Co-operative,93956.50287912243,93418.71721158645,-6.043497120877572,-6.581282788413545,0.5756722887961807
2005-11-18,Dovish/Co-operative,Dovish/Co-operative,94305.83749234714,93785.97575670565,-5.694162507652855,-6.214024243294347,0.5543064743390724
2005-11-21,Dovish/Co-operative,Dovish/Co-operative,94808.52298931898,94258.17721111678,-5.191477010681023,-5.741822788883222,0.583870592966762
2005-11-22,Dovish/Co-operative,Dovish/Co-operative,95083.53463326565,94662.88443605552,-4.916465366734357,-5.337115563944472,0.44436655370909683
2005-11-23,Dovish/Co-operative,Dovish/Co-operative,95250.56877420293,95210.06652491074,-4.749431225797074,-4.789933475089258,0.04253988130717978
2005-11-25,Dovish/Co-operative,Dovish/Co-operative,95380.69248276847,95285.00552195232,-4.61930751723153,-4.714994478047685,0.10042184527565556
2005-11-28,Dovish/Co-operative,Dovish/Co-operative,95028.15131392903,94610.47127377307,-4.971848686070968,-5.3895287262269225,0.4414733744928956
2005-11-29,Dovish/Co-operative,Dovish/Co-operative,95058.04322345555,94505.51170952016,-4.941956776544454,-5.494488290479849,0.5846553327320203
2005-11-30,Dovish/Co-operative,Dovish/Co-operative,94792.8667777438,93995.81993788698,-5.207133222256211,-6.004180062113029,0.8479598777727748
2005-12-01,Dovish/Co-operative,Dovish/Co-operative,96152.65133168528,94955.20398413314,-3.8473486683147207,-5.04479601586686,1.2610655312290442
2005-12-02,Dovish/Co-operative,Dovish/Co-operative,96149.96698863478,95075.11970336847,-3.850033011365217,-4.924880296631528,1.1305242513707014
2005-12-05,Dovish/Co-operative,Dovish/Co-operative,96227.3257153437,94872.77025463936,-3.7726742846562966,-5.12722974536064,1.42775999590683
2005-12-06,Dovish/Co-operative,Dovish/Co-operative,96586.26045220878,95052.66881593387,-3.413739547791217,-4.947331184066128,1.6134124958076201
2005-12-07,Dovish/Co-operative,Dovish/Co-operative,96303.48344330717,94498.01697706795,-3.6965165566928304,-5.501983022932055,1.910586617576704
2005-12-08,Dovish/Co-operative,Dovish/Co-operative,96320.94403388808,94438.05911745028,-3.6790559661119215,-5.56194088254972,1.993777650699191
2005-12-09,Dovish/Co-operative,Dovish/Co-operative,96760.42085424055,94685.41859829516,-3.2395791457594414,-5.314581401704843,2.1914696968797553
2005-12-12,Dovish/Co-operative,Dovish/Co-operative,96946.72108005358,94775.34706024115,-3.0532789199464117,-5.224652939758845,2.2910747226620565
2005-12-13,Dovish/Co-operative,Dovish/Co-operative,97033.52630018935,95419.87739617005,-2.9664736998106567,-4.580122603829951,1.6911035185254386
2005-12-14,Dovish/Co-operative,Dovish/Co-operative,96637.86596045711,95794.66398366347,-3.3621340395428856,-4.205336016336525,0.8802181058199965
2005-12-15,Dovish/Co-operative,Dovish/Co-operative,96342.34940276048,95517.35055545127,-3.6576505972395257,-4.482649444548736,0.8637162175371138
2005-12-16,Dovish/Co-operative,Dovish/Co-operative,96152.50483585299,95209.9166302617,-3.847495164147008,-4.790083369738307,0.9900105356165145
2005-12-19,Dovish/Co-operative,Dovish/Co-operative,95743.19880448235,94720.1525194709,-4.256801195517646,-5.27984748052911,1.0800724637781256
2005-12-20,Dovish/Co-operative,Dovish/Co-operative,95489.19273273108,94810.56397528603,-4.510807267268913,-5.189436024713967,0.715773357937155
2005-12-21,Dovish/Co-operative,Dovish/Co-operative,96271.86695332432,94961.28304489993,-3.7281330466756746,-5.038716955100064,1.3801244743130825
2005-12-22,Dovish/Co-operative,Dovish/Co-operative,96864.40809999507,95458.55021562344,-3.1355919000049304,-4.541449784376561,1.472741709565084
2005-12-23,Dovish/Co-operative,Dovish/Co-operative,97042.3705727735,95511.35476948951,-2.9576294272264936,-4.488645230510491,1.6029673194134952
2005-12-27,Dovish/Co-operative,Dovish/Co-operative,96529.7062144521,94539.31295287961,-3.4702937855478955,-5.460687047120382,2.105360404474843
2005-12-28,Dovish/Co-operative,Dovish/Co-operative,97033.52125698044,94750.30632637028,-2.9664787430195627,-5.249693673629718,2.4097177298251227
2005-12-29,Dovish/Co-operative,Dovish/Co-operative,96895.97807291691,94328.36121679145,-3.1040219270830893,-5.671638783208543,2.721998795488867
2005-12-30,Dovish/Co-operative,Dovish/Co-operative,96607.15748459735,93815.9879964365,-3.39284251540265,-6.184012003563499,2.9751533270287345
2006-01-03,Dovish/Co-operative,Dovish/Co-operative,98288.81408895443,95466.11989540017,-1.7111859110455652,-4.53388010459983,2.9567496789929315
2006-01-04,Dovish/Co-operative,Dovish/Co-operative,98697.15319963878,95918.16884699537,-1.3028468003612237,-4.081831153004634,2.8972450017017426
2006-01-05,Dovish/Co-operative,Dovish/Co-operative,98553.45819846696,95978.44315087212,-1.4465418015330411,-4.021556849127883,2.6829097900109566
2006-01-06,Dovish/Co-operative,Dovish/Co-operative,99670.51418983607,96777.19009822595,-0.32948581016392087,-3.2228099017740486,2.989675654638746
2006-01-09,Dovish/Co-operative,Dovish/Co-operative,100308.31735477695,97025.83201106821,0.30831735477696576,-2.9741679889317862,3.383104556459049
2006-01-10,Dovish/Co-operative,Dovish/Co-operative,100014.05327707887,97123.73819933555,0.014053277078862614,-2.876261800664448,2.975910041488805
2006-01-11,Dovish/Co-operative,Dovish/Co-operative,100262.29522683758,97432.67107101557,0.26229522683758333,-2.5673289289844248,2.904184114750974
2006-01-12,Dovish/Co-operative,Dovish/Co-operative,99677.58557164748,97048.40781071037,-0.3224144283525243,-2.9515921892896313,2.709140541558619
2006-01-13,Dovish/Co-operative,Dovish/Co-operative,99942.40030212337,96958.00468237573,-0.05759969787663133,-3.0419953176242687,3.0780291214987487
2006-01-17,Dovish/Co-operative,Dovish/Co-operative,99462.65269068668,96694.29835730453,-0.5373473093133185,-3.305701642695469,2.8629964541989184
2006-01-18,Dovish/Co-operative,Dovish/Co-operative,98975.14501165508,96310.03509699932,-1.0248549883449143,-3.6899649030006865,2.767219336979365
2006-01-19,Dovish/Co-operative,Dovish/Co-operative,100333.5411506138,96679.2172901146,0.3335411506138142,-3.320782709885406,3.779844275666111
2006-01-20,Dovish/Co-operative,Dovish/Co-operative,98921.25330837732,94916.04817081061,-1.0787466916226895,-5.083951829189393,4.219734401877906
2006-01-23,Dovish/Co-operative,Dovish/Co-operative,99737.15675081412,95255.13484939002,-0.26284324918588453,-4.744865150609989,4.705281146796669
2006-01-24,Dovish/Co-operative,Dovish/Co-operative,100364.64571464637,95353.09933002088,0.3646457146463611,-4.646900669979126,5.2557771271600995
2006-01-25,Dovish/Co-operative,Dovish/Co-operative,100577.22526075397,95435.98274346179,0.5772252607539663,-4.564017256538211,5.387111202188999
2006-01-26,Dovish/Co-operative,Dovish/Co-operative,101434.35694667681,95963.40372108469,1.434356946676818,-4.036596278915317,5.7010829268762775
2006-01-27,Dovish/Co-operative,Dovish/Co-operative,101820.95894094335,96852.50383189015,1.8209589409433624,-3.1474961681098534,5.1299191166777725
2006-01-30,Dovish/Co-operative,Dovish/Co-operative,102044.86541484442,96777.19009822595,2.04486541484441,-3.2228099017740486,5.443095951920007
2006-01-31,Dovish/Co-operative,Dovish/Co-operative,101970.2189152858,96068.92122653128,1.9702189152858152,-3.9310787734687214,6.1427750134085635
2006-02-01,Dovish/Co-operative,Dovish/Co-operative,102348.46542500108,96739.49159399135,2.3484654250010895,-3.2605084060086553,5.798018718715392
2006-02-02,Dovish/Co-operative,Dovish/Co-operative,101379.13363346113,95616.81398257258,1.379133633461116,-4.383186017427421,6.02647108900618
2006-02-03,Dovish/Co-operative,Dovish/Co-operative,100811.50126034266,95142.13093897172,0.8115012603426619,-4.857869061028275,5.958843117574819
2006-02-06,Dovish/Co-operative,Dovish/Co-operative,101637.14987959951,95390.80616173599,1.6371498795995088,-4.609193838264003,6.548161158500743
2006-02-07,Dovish/Co-operative,Dovish/Co-operative,99917.24011214479,94546.89096013684,-0.08275988785521049,-5.453109039863168,5.680090690948503
2006-02-08,Dovish/Co-operative,Dovish/Co-operative,100301.43886790705,95405.83726404292,0.30143886790705565,-4.594162735957086,5.131343892842932
2006-02-09,Dovish/Co-operative,Dovish/Co-operative,100735.97718364341,95247.59015205479,0.7359771836433993,-4.752409847945205,5.762231908258109
2006-02-10,Dovish/Co-operative,Dovish/Co-operative,100389.90443092235,95420.88502131085,0.38990443092234983,-4.579114978689147,5.207475709852982
2006-02-13,Dovish/Co-operative,Dovish/Co-operative,99507.75782521373,95247.59015205479,-0.49224217478627263,-4.752409847945205,4.472730140844439
2006-02-14,Dovish/Co-operative,Dovish/Co-operative,100826.8169419051,96257.28050801628,0.8268169419050952,-3.742719491983715,4.7472112340720685
2006-02-15,Dovish/Co-operative,Dovish/Co-operative,100712.44037147186,96596.35053163467,0.7124403714718675,-3.403649468365333,4.261123548854151
2006-02-16,Dovish/Co-operative,Dovish/Co-operative,101712.21278723622,97319.67548807779,1.7122127872362114,-2.6803245119222163,4.513514124588847
2006-02-17,Dovish/Co-operative,Dovish/Co-operative,101781.55015982802,97055.96083552609,1.781550159828016,-2.9440391644739106,4.868932607148224
2006-02-21,Dovish/Co-operative,Dovish/Co-operative,101534.08566471345,96814.87194749956,1.534085664713447,-3.185128052500441,4.8744718887538285
2006-02-22,Dovish/Co-operative,Dovish/Co-operative,102047.3847898372,97402.59221144071,2.0473847898372144,-2.5974077885592806,4.7686539679699935
2006-02-23,Dovish/Co-operative,Dovish/Co-operative,101720.29589596059,97259.40951168153,1.7202958959605885,-2.740590488318473,4.586585921790198
2006-02-24,Dovish/Co-operative,Dovish/Co-operative,102218.0353469095,97508.0764069653,2.218035346909497,-2.491923593034706,4.830326998028811
2006-02-27,Dovish/Co-operative,Dovish/Co-operative,102308.92168592766,97545.73327379739,2.3089216859276673,-2.454266726202603,4.883031017626016
2006-02-28,Dovish/Co-operative,Dovish/Co-operative,101517.25554095508,96618.93465875732,1.5172555409550759,-3.3810653412426728,5.069731827925716
2006-03-01,Dovish/Co-operative,Dovish/Co-operative,102606.23491159486,97477.8976176244,2.6062349115948624,-2.5221023823756017,5.261025749742099
2006-03-02,Dovish/Co-operative,Dovish/Co-operative,102747.37568403996,97470.3862302112,2.7473756840399544,-2.5296137697888077,5.413941257363297
2006-03-03,Dovish/Co-operative,Dovish/Co-operative,102265.7571962639,97018.27065877199,2.2657571962638956,-2.981729341228012,5.408761155873543
2006-03-06,Dovish/Co-operative,Dovish/Co-operative,101346.83043982131,96573.73309459002,1.3468304398213116,-3.4262669054099804,4.942438479163114
2006-03-07,Dovish/Co-operative,Dovish/Co-operative,100391.75933019536,96423.03900741761,0.3917593301953515,-3.5769609925823898,4.115946109593627
2006-03-08,Dovish/Co-operative,Dovish/Co-operative,100204.24485993323,96626.45437365104,0.2042448599332225,-3.3735456263489616,3.7027028565562503
2006-03-09,Dovish/Co-operative,Dovish/Co-operative,99885.02163150761,95978.44315087212,-0.11497836849239107,-4.021556849127883,4.070266564435299
2006-03-10,Dovish/Co-operative,Dovish/Co-operative,100751.45041805228,96890.16069872225,0.7514504180522685,-3.1098393012777503,3.985223774513713
2006-03-13,Dovish/Co-operative,Dovish/Co-operative,100932.77258044998,97071.07521263804,0.9327725804499698,-2.928924787361964,3.978216332056417
2006-03-14,Dovish/Co-operative,Dovish/Co-operative,102171.17324834928,98088.19368120772,2.1711732483492785,-1.9118063187922862,4.162559645467101
2006-03-15,Dovish/Co-operative,Dovish/Co-operative,102967.1955524573,98525.24484041799,2.9671955524573024,-1.4747551595820085,4.508439151035826
2006-03-16,Dovish/Co-operative,Dovish/Co-operative,102895.80510670581,98728.67686161242,2.8958051067058177,-1.2713231383875812,4.220788100841699
2006-03-17,Dovish/Co-operative,Dovish/Co-operative,103125.90440076552,98811.14390102822,3.1259044007655223,-1.18885609897178,4.366673969546464
2006-03-20,Dovish/Co-operative,Dovish/Co-operative,103154.52485380086,98652.29721044392,3.1545248538008552,-1.3477027895560711,4.563733203042242
2006-03-21,Dovish/Co-operative,Dovish/Co-operative,102239.36591245109,98031.97486033566,2.2393659124510856,-1.9680251396643422,4.291855854285931
2006-03-22,Dovish/Co-operative,Dovish/Co-operative,102918.75621785248,98629.57984363323,2.9187562178524917,-1.3704201563667695,4.348772833686709
2006-03-23,Dovish/Co-operative,Dovish/Co-operative,102769.75923544806,98425.37336675206,2.769759235448066,-1.5746266332479442,4.4138881267008045
2006-03-24,Dovish/Co-operative,Dovish/Co-operative,103307.57089947912,98500.99521719484,3.3075708994791286,-1.4990047828051578,4.879722962885569
2006-03-27,Dovish/Co-operative,Dovish/Co-operative,103664.90389190841,98357.2629037225,3.664903891908411,-1.6427370962775023,5.3962878098603895
2006-03-28,Dovish/Co-operative,Dovish/Co-operative,102937.31537844898,97752.03827576518,2.9373153784489903,-2.247961724234815,5.3045206976204184
2006-03-29,Dovish/Co-operative,Dovish/Co-operative,104210.91042385851,98364.82425601872,4.210910423858505,-1.6351757439812764,5.943269061940182
2006-03-30,Dovish/Co-operative,Dovish/Co-operative,104693.45852693172,98190.82987840046,4.693458526931726,-1.809170121599546,6.6224398516481875
2006-03-31,Dovish/Co-operative,Dovish/Co-operative,104487.61061387518,98213.51393528914,4.48761061387517,-1.7864860647108571,6.388221363019264
2006-04-03,Dovish/Co-operative,Dovish/Co-operative,104991.00860692299,98137.89208484636,4.991008606922986,-1.8621079151536435,6.983150316853837
2006-04-04,Dovish/Co-operative,Dovish/Co-operative,105250.64598483221,98765.77578725085,5.250645984832203,-1.2342242127491465,6.5659082267021995
2006-04-05,Dovish/Co-operative,Dovish/Co-operative,105839.45083283658,99106.19486271065,5.839450832836568,-0.8938051372893496,6.79398092062089
2006-04-06,Dovish/Co-operative,Dovish/Co-operative,106133.7649650013,99000.26931071944,6.133764965001309,-0.9997306892805646,7.205531564659573
2006-04-07,Dovish/Co-operative,Dovish/Co-operative,105050.99760966902,97994.1347889325,5.050997609669028,-2.0058652110675035,7.201311421276535
2006-04-10,Dovish/Co-operative,Dovish/Co-operative,105406.1735414647,98145.45343714258,5.406173541464687,-1.8545465628574176,7.397917937148524
2006-04-11,Dovish/Co-operative,Dovish/Co-operative,104685.43652039996,97313.31329297391,4.685436520399966,-2.686686707026087,7.575657407975989
2006-04-12,Dovish/Co-operative,Dovish/Co-operative,105224.61286152384,97494.88567784941,5.224612861523847,-2.5051143221505923,7.928341194445454
2006-04-13,Dovish/Co-operative,Dovish/Co-operative,105403.18023396064,97366.29272393053,5.403180233960647,-2.6337072760694746,8.254281112271222
2006-04-17,Dovish/Co-operative,Dovish/Co-operative,106156.04723777254,97328.45265252737,6.156047237772544,-2.671547347472636,9.069901292647264
2006-04-18,Dovish/Co-operative,Dovish/Co-operative,108302.41584712839,98871.66802932005,8.302415847128387,-1.1283319706799522,9.538372322202227
2006-04-19,Dovish/Co-operative,Dovish/Co-operative,109337.92683573528,99060.77678405026,9.337926835735288,-0.939223215949736,10.374590615303703
2006-04-20,Dovish/Co-operative,Dovish/Co-operative,108282.43395632887,99196.94774522638,8.28243395632886,-0.8030522547736174,9.159038072862181
2006-04-21,Dovish/Co-operative,Dovish/Co-operative,109344.46047050867,99212.03713989684,9.344460470508675,-0.787962860103153,10.212897167230128
2006-04-24,Dovish/Co-operative,Dovish/Co-operative,108352.85496954227,99030.51471990436,8.352854969542278,-0.9694852800956388,9.413603752343413
2006-04-25,Dovish/Co-operative,Dovish/Co-operative,108167.1046787033,98622.00183637599,8.167104678703296,-1.3779981636240168,9.678472008876483
2006-04-26,Dovish/Co-operative,Dovish/Co-operative,108750.32765943045,98644.71920318669,8.750327659430447,-1.3552807968133074,10.244449513235887
2006-04-27,Dovish/Co-operative,Dovish/Co-operative,107743.71139448568,99121.25927493958,7.743711394485686,-0.8787407250604118,8.698892833503447
2006-04-28,Dovish/Co-operative,Dovish/Co-operative,108871.6829370524,99454.13365306416,8.871682937052405,-0.5458663469358416,9.469238671205392
2006-05-01,Dovish/Co-operative,Dovish/Co-operative,108837.33933230289,98644.71920318669,8.837339332302886,-1.3552807968133074,10.332656640363712
2006-05-02,Dovish/Co-operative,Dovish/Co-operative,110161.97807506756,99386.08148239812,10.161978075067557,-0.6139185176018747,10.842460465229141
2006-05-03,Dovish/Co-operative,Dovish/Co-operative,109891.91288739827,99015.38368783139,9.89191288739828,-0.9846163121686069,10.984686211849294
2006-05-04,Dovish/Co-operative,Dovish/Co-operative,110730.91736292548,99370.93379536415,10.730917362925485,-0.629066204635853,11.431897772999777
2006-05-05,Dovish/Co-operative,Dovish/Co-operative,111685.25469326835,100248.45038079069,11.685254693268355,0.24845038079068793,11.408459950288808
2006-05-08,Dovish/Co-operative,Dovish/Co-operative,111700.4486929611,100127.40212420703,11.700448692961096,0.12740212420703223,11.558321022249052
2006-05-09,Dovish/Co-operative,Dovish/Co-operative,112534.05264130331,100324.08888619448,12.534052641303317,0.3240888861944846,12.170520450935317
2006-05-10,Dovish/Co-operative,Dovish/Co-operative,112729.46031997044,100271.1927300429,12.729460319970443,0.2711927300429018,12.424573051074162
2006-05-11,Dovish/Co-operative,Dovish/Co-operative,111853.45347797855,99060.77678405026,11.853453477978547,-0.939223215949736,12.913967676445704
2006-05-12,Dovish/Co-operative,Dovish/Co-operative,110390.02244864273,97767.21094524064,10.390022448642732,-2.2327890547593543,12.911088882828125
2006-05-15,Dovish/Co-operative,Dovish/Co-operative,108420.67641372223,97963.9143621891,8.420676413722239,-2.0360856378109027,10.674095782731507
2006-05-16,Dovish/Co-operative,Dovish/Co-operative,108866.37582881916,97820.15706627525,8.866375828819152,-2.1798429337247516,11.29237479659726
2006-05-17,Dovish/Co-operative,Dovish/Co-operative,107078.46952757466,95959.24830831397,7.078469527574671,-4.040751691686029,11.587440934859128
2006-05-18,Dovish/Co-operative,Dovish/Co-operative,106169.33896438326,95475.05528197931,6.169338964383253,-4.524944718020696,11.201128557421725
2006-05-19,Dovish/Co-operative,Dovish/Co-operative,106033.81048084234,96148.36539052469,6.033810480842328,-3.8516346094753073,10.281448935887827
2006-05-22,Dovish/Co-operative,Dovish/Co-operative,104821.10957777275,95414.52282620697,4.821109577772753,-4.585477173793029,9.858653036183407
2006-05-23,Dovish/Co-operative,Dovish/Co-operative,104805.43131953919,94688.36652639303,4.8054313195391885,-5.311633473606969,10.684591111122588
2006-05-24,Dovish/Co-operative,Dovish/Co-operative,103898.22303740856,95444.8182002749,3.898223037408566,-4.555181799725105,8.856850478142908
2006-05-25,Dovish/Co-operative,Dovish/Co-operative,105591.2750509344,96624.9137897581,5.591275050934397,-3.3750862102419066,9.279554215888686
2006-05-26,Dovish/Co-operative,Dovish/Co-operative,106167.5977235353,97116.62653098647,6.167597723535301,-2.883373469013528,9.319692740419683
2006-05-30,Dovish/Co-operative,Dovish/Co-operative,104411.93094345843,95391.85542427929,4.41193094345842,-4.608144575720708,9.455813055590623
2006-05-31,Dovish/Co-operative,Dovish/Co-operative,104842.88265894628,96458.51407435807,4.842882658946279,-3.5414859256419295,8.692201683850186
2006-06-01,Dovish/Co-operative,Dovish/Co-operative,105221.1769699353,97381.38211860097,5.221176969935293,-2.6186178813990213,8.050609552641408
2006-06-02,Dovish/Co-operative,Dovish/Co-operative,105978.90892310045,97585.66354280665,5.9789089231004455,-2.4143364571933446,8.600900045744986
2006-06-05,Dovish/Co-operative,Dovish/Co-operative,104000.65368294308,96163.44645771463,4.000653682943089,-3.8365535422853703,8.149881804282732
2006-06-06,Dovish/Co-operative,Dovish/Co-operative,103364.85410657768,95928.98624416805,3.364854106577675,-4.071013755831954,7.751429628874762
2006-06-07,Dovish/Co-operative,Dovish/Co-operative,102280.76421008774,95210.2996943648,2.280764210087738,-4.789700305635192,7.426155088703523
2006-06-08,Dovish/Co-operative,Dovish/Co-operative,101526.58311776644,95127.09150918429,1.5265831177664335,-4.872908490815709,6.727307128867999
2006-06-09,Dovish/Co-operative,Dovish/Co-operative,100898.44603147724,94824.52916008864,0.8984460314772402,-5.175470839911355,6.405427925863183
2006-06-12,Dovish/Co-operative,Dovish/Co-operative,99363.04490230566,93795.71058141302,-0.6369550976943472,-6.204289418586983,5.935595867212173
2006-06-13,Dovish/Co-operative,Dovish/Co-operative,97077.70871774902,92706.35121948457,-2.9222912822509772,-7.2936487805154275,4.7152729459874365
2006-06-14,Dovish/Co-operative,Dovish/Co-operative,97855.89183108235,93424.9961318853,-2.1441081689176467,-6.575003868114693,4.7427304069053156
2006-06-15,Dovish/Co-operative,Dovish/Co-operative,100548.23241410393,95407.00311131326,0.548232414103933,-4.59299688868674,5.388733672718238
2006-06-16,Dovish/Co-operative,Dovish/Co-operative,100261.9093285684,94711.75009164392,0.2619093285683993,-5.28824990835608,5.86005351136909
2006-06-19,Dovish/Co-operative,Dovish/Co-operative,98518.156343462,93967.13176755603,-1.4818436565379955,-6.0328682324439775,4.843208992654713
2006-06-20,Dovish/Co-operative,Dovish/Co-operative,99062.3129548427,94286.25747537105,-0.9376870451573094,-5.713742524628951,5.06548420454509
2006-06-21,Dovish/Co-operative,Dovish/Co-operative,100665.65184237543,94985.29949866902,0.6656518423754365,-5.0147005013309816,5.9802436521095625
2006-06-22,Dovish/Co-operative,Dovish/Co-operative,100008.7632385583,94567.40987209488,0.00876323855829586,-5.4325901279051125,5.753941420012465
2006-06-23,Dovish/Co-operative,Dovish/Co-operative,100243.98987172927,94552.23720261942,0.24398987172926656,-5.447762797380584,6.019691164908969
2006-06-26,Dovish/Co-operative,Dovish/Co-operative,100733.97645699792,94970.11017423254,0.733976456997909,-5.029889825767464,6.0691371971570485
2006-06-27,Dovish/Co-operative,Dovish/Co-operative,99746.37269656963,94149.48693559876,-0.25362730343037043,-5.850513064401241,5.94468004355595
2006-06-28,Dovish/Co-operative,Dovish/Co-operative,100285.06720748835,94787.7300237483,0.28506720748835424,-5.212269976251704,5.799629532601669
2006-06-29,Dovish/Co-operative,Dovish/Co-operative,103352.91566759284,96702.43430575544,3.3529156675928373,-3.297565694244564,6.877263648616938
2006-06-30,Dovish/Co-operative,Dovish/Co-operative,104022.61893832886,96710.07060537618,4.022618938328848,-3.289929394623814,7.561310096433904
2006-07-03,Dovish/Co-operative,Dovish/Co-operative,105208.21433412608,97105.17624529559,5.208214334126082,-2.894823754704412,8.344599538506126
2006-07-05,Dovish/Co-operative,Dovish/Co-operative,104118.80588664472,96550.54938887118,4.1188058866447275,-3.4494506111288237,7.8386467458525955
2006-07-06,Dovish/Co-operative,Dovish/Co-operative,104682.02097159336,96831.6434932315,4.682020971593359,-3.1683565067684993,8.10724386693964
2006-07-07,Dovish/Co-operative,Dovish/Co-operative,103593.7327849112,96201.0200497417,3.5937327849111966,-3.7989799502583077,7.684651089299299
2006-07-10,Dovish/Co-operative,Dovish/Co-operative,103589.61151229136,96383.37521778443,3.5896115122913574,-3.6166247822155717,7.476638246195444
2006-07-11,Dovish/Co-operative,Dovish/Co-operative,104535.23538487598,96808.9094714598,4.535235384875991,-3.191090528540197,7.981007074244517
2006-07-12,Dovish/Co-operative,Dovish/Co-operative,103889.95780134747,95775.51077850783,3.8899578013474656,-4.224489221492167,8.47236100009454
2006-07-13,Dovish/Co-operative,Dovish/Co-operative,102393.34994007606,94217.8472230434,2.3933499400760727,-5.782152776956606,8.67723362186219
2006-07-14,Dovish/Co-operative,Dovish/Co-operative,102272.55402610273,93853.16186939945,2.2725540261027355,-6.1468381306005515,8.970813544267386
2006-07-17,Dovish/Co-operative,Dovish/Co-operative,101155.90602507499,93716.39132962715,1.155906025074982,-6.283608670372853,7.938328172796316
2006-07-18,Dovish/Co-operative,Dovish/Co-operative,101310.86106364615,94195.07156386919,1.3108610636461515,-5.804928436130807,7.554311899377963
2006-07-19,Dovish/Co-operative,Dovish/Co-operative,103713.05257510471,95501.95304400224,3.7130525751047028,-4.49804695599777,8.597834148291428
2006-07-20,Dovish/Co-operative,Dovish/Co-operative,101724.2306375052,94848.53728637722,1.7242306375051974,-5.151462713622779,7.2491295573363645
2006-07-21,Dovish/Co-operative,Dovish/Co-operative,100611.33673519258,94179.8655844717,0.6113367351925802,-5.820134415528299,6.828923688527011
2006-07-24,Dovish/Co-operative,Dovish/Co-operative,102146.53650905928,95897.04202896064,2.1465365090592714,-4.1029579710393556,6.5168792987497115
2006-07-25,Dovish/Co-operative,Dovish/Co-operative,102402.15889440048,96239.0016883134,2.4021588944004746,-3.760998311686603,6.404011988868641
2006-07-26,Dovish/Co-operative,Dovish/Co-operative,102137.69276822504,96368.18589334795,2.1376927682250413,-3.6318141066520426,5.986941459354944
2006-07-27,Dovish/Co-operative,Dovish/Co-operative,102279.04311320625,96276.97499940457,2.2790431132062583,-3.7230250005954257,6.2341677372381055
2006-07-28,Dovish/Co-operative,Dovish/Co-operative,103501.17759646996,97241.94678506789,3.501177596469973,-2.75805321493211,6.436760079718207
2006-07-31,Dovish/Co-operative,Dovish/Co-operative,103348.34479354334,97143.1828663088,3.348344793543334,-2.856817133691203,6.387645271798692
2006-08-01,Dovish/Co-operative,Dovish/Co-operative,102938.59368358235,96664.48597710575,2.938593683582358,-3.335514022894248,6.490602668660106
2006-08-02,Dovish/Co-operative,Dovish/Co-operative,103893.05956416792,97317.95169961378,3.893059564167922,-2.6820483003862194,6.756315509854938
2006-08-03,Dovish/Co-operative,Dovish/Co-operative,104119.39076626883,97576.3117822024,4.119390766268838,-2.4236882177975927,6.705601866435629
2006-08-04,Dovish/Co-operative,Dovish/Co-operative,103931.50261869078,97409.12928363515,3.931502618690774,-2.590870716364846,6.69585426234931
2006-08-07,Dovish/Co-operative,Dovish/Co-operative,103934.37472945849,97181.15617739997,3.9343747294585008,-2.8188438226000256,6.949102910167904
2006-08-08,Dovish/Co-operative,Dovish/Co-operative,103145.02460026352,96808.9094714598,3.145024600263535,-3.191090528540197,6.544971081067352
2006-08-09,Dovish/Co-operative,Dovish/Co-operative,102902.5267491699,96482.13080906302,2.902526749169909,-3.517869190936984,6.65449227361361
2006-08-10,Dovish/Co-operative,Dovish/Co-operative,102911.11236051297,96778.46420274283,2.9111123605129796,-3.221535797257169,6.336790119879088
2006-08-11,Dovish/Co-operative,Dovish/Co-operative,102100.13819693057,96504.93977815924,2.1001381969305566,-3.4950602218407623,5.797836288622404
2006-08-14,Dovish/Co-operative,Dovish/Co-operative,102033.15076154117,96580.93636522464,2.033150761541158,-3.4190636347753656,5.645228345787379
2006-08-15,Dovish/Co-operative,Dovish/Co-operative,103322.78327483077,97735.8246712269,3.322783274830776,-2.2641753287730992,5.716387642297804
2006-08-16,Dovish/Co-operative,Dovish/Co-operative,104280.30912007873,98548.85324764244,4.280309120078729,-1.4511467523575572,5.815852426038659
2006-08-17,Dovish/Co-operative,Dovish/Co-operative,103754.20635305272,98799.61866801283,3.7542063530527248,-1.200381331987166,5.014784218639878
2006-08-18,Dovish/Co-operative,Dovish/Co-operative,103706.68676281319,99301.11619883159,3.7066867628131828,-0.6988838011684151,4.436577082537818
2006-08-21,Dovish/Co-operative,Dovish/Co-operative,103681.09420723349,98875.6069275977,3.681094207233482,-1.1243930724022966,4.860134292934992
2006-08-22,Dovish/Co-operative,Dovish/Co-operative,103710.49109136057,98867.97895545747,3.710491091360568,-1.1320210445425305,4.897958051802376
2006-08-23,Dovish/Co-operative,Dovish/Co-operative,102830.09886472866,98594.45453087387,2.8300988647286474,-1.4055454691261238,4.296026945945974
2006-08-24,Dovish/Co-operative,Dovish/Co-operative,102744.03150405828,98510.86328159025,2.7440315040582863,-1.4891367184097448,4.2971587918863685
2006-08-25,Dovish/Co-operative,Dovish/Co-operative,102807.09227596218,98632.44449692607,2.8070922759621864,-1.3675555030739361,4.232529975637189
2006-08-28,Dovish/Co-operative,Dovish/Co-operative,102920.40881241315,99103.51341398885,2.9204088124131555,-0.8964865860111471,3.851422887985656
2006-08-29,Dovish/Co-operative,Dovish/Co-operative,103185.84288170809,99217.49996710644,3.1858428817080897,-0.7825000328935516,3.999640099697399
2006-08-30,Dovish/Co-operative,Dovish/Co-operative,103757.0439654733,99278.26559233284,3.7570439654732946,-0.7217344076671628,4.511338253562669
2006-08-31,Dovish/Co-operative,Dovish/Co-operative,104028.36840264336,99263.08459537687,4.028368402643356,-0.7369154046231285,4.800660614861085
2006-09-01,Dovish/Co-operative,Dovish/Co-operative,104377.51550723657,99855.759710217,4.3775155072365735,-0.14424028978300418,4.528287411904719
2006-09-05,Dovish/Co-operative,Dovish/Co-operative,105019.49060290799,100045.70954047795,5.019490602907983,0.04570954047795617,4.971508608690178
2006-09-06,Dovish/Co-operative,Dovish/Co-operative,103682.77818361705,99164.31234913727,3.6827781836170415,-0.8356876508627264,4.556544312606325
2006-09-07,Dovish/Co-operative,Dovish/Co-operative,102668.43816009874,98708.41610154996,2.6684381600987406,-1.2915838984500438,4.01183831627363
2006-09-08,Dovish/Co-operative,Dovish/Co-operative,102703.67104273467,98989.53518835177,2.703671042734679,-1.0104648116482262,3.752048989133905
2006-09-11,Dovish/Co-operative,Dovish/Co-operative,101317.92976889742,99088.33241703289,1.317929768897419,-0.9116675829671128,2.2501108833690164
2006-09-12,Dovish/Co-operative,Dovish/Co-operative,102139.336880274,100060.90719239494,2.13933688027399,0.06090719239493225,2.0771645452731136
2006-09-13,Dovish/Co-operative,Dovish/Co-operative,102864.43443940171,100463.59916705209,2.8644344394017196,0.4635991670520978,2.3897563816696277
2006-09-14,Dovish/Co-operative,Dovish/Co-operative,102149.62314056465,100471.21881171182,2.1496231405646604,0.47121881171181546,1.670532465619079
2006-09-15,Dovish/Co-operative,Dovish/Co-operative,102401.79613017276,100707.0364045803,2.401796130172773,0.7070364045802968,1.682861283678272
2006-09-18,Dovish/Co-operative,Dovish/Co-operative,103005.64867474958,100844.37321302677,3.0056486747495725,0.8443732130267723,2.1431790320688204
2006-09-19,Dovish/Co-operative,Dovish/Co-operative,101988.85257177822,100592.56685759359,1.9888525717782102,0.5925668575935905,1.3880605275351288
2006-09-20,Dovish/Co-operative,Dovish/Co-operative,102895.82869067827,101126.77473182598,2.8958286906782815,1.1267747318259858,1.7493428061396976
2006-09-21,Dovish/Co-operative,Dovish/Co-operative,102303.46164229943,100638.31803547406,2.3034616422994203,0.6383180354740725,1.6545821108004066
2006-09-22,Dovish/Co-operative,Dovish/Co-operative,101767.40239573068,100333.05758269562,1.7674023957306773,0.33305758269561725,1.4295834768643934
2006-09-25,Dovish/Co-operative,Dovish/Co-operative,102533.44887730383,101103.89081540523,2.5334488773038233,1.1038908154052285,1.413949602106479
2006-09-26,Dovish/Co-operative,Dovish/Co-operative,103258.63569329903,101943.32583249405,3.258635693299028,1.9433258324940583,1.2902363642385062
2006-09-27,Dovish/Co-operative,Dovish/Co-operative,103823.21891088231,102065.46498902355,3.823218910882309,2.0654649890235355,1.7221828382869786
2006-09-28,Dovish/Co-operative,Dovish/Co-operative,104086.21667741914,102027.3168008418,4.086216677419152,2.027316800841805,2.0179888495904796
2006-09-29,Dovish/Co-operative,Dovish/Co-operative,103472.69772107253,101943.32583249405,3.4726977210725263,1.9433258324940583,1.5002177691273655
2006-10-02,Dovish/Co-operative,Dovish/Co-operative,102969.0118622673,101561.78565831314,2.969011862267301,1.5617856583131307,1.3855863155936676
2006-10-03,Dovish/Co-operative,Dovish/Co-operative,102008.2118160963,101775.43549808409,2.0082118160962947,1.775435498084077,0.22871561971020693
2006-10-04,Dovish/Co-operative,Dovish/Co-operative,103015.21002565435,102965.93211071484,3.015210025654347,2.965932110714853,0.047858465348049606
2006-10-05,Dovish/Co-operative,Dovish/Co-operative,103936.66449414706,103164.39262604932,3.9366644941470685,3.1643926260493282,0.7485837394468842
2006-10-06,Dovish/Co-operative,Dovish/Co-operative,103819.8763788447,103034.6671347821,3.819876378844689,3.0346671347820875,0.7620825746303961
2006-10-09,Dovish/Co-operative,Dovish/Co-operative,104450.83482639818,103095.68258442357,4.4508348263981645,3.0956825844235647,1.314460710675136
2006-10-10,Dovish/Co-operative,Dovish/Co-operative,104330.22032900174,103233.12765011657,4.330220329001744,3.233127650116563,1.0627331592659717
2006-10-11,Dovish/Co-operative,Dovish/Co-operative,103886.04541747703,103110.98016610659,3.8860454174770354,3.1109801661065806,0.7516806164793
2006-10-12,Dovish/Co-operative,Dovish/Co-operative,105202.42388307212,104003.89426298215,5.202423883072105,4.003894262982155,1.1523891759854576
2006-10-13,Dovish/Co-operative,Dovish/Co-operative,106053.015021202,104270.98154513736,6.053015021201991,4.2709815451373645,1.7090406646773637
2006-10-16,Dovish/Co-operative,Dovish/Co-operative,106602.27551985865,104431.23557992656,6.602275519858658,4.4312355799265735,2.0789181779530708
2006-10-17,Dovish/Co-operative,Dovish/Co-operative,105968.74350807758,104103.09121072739,5.9687435080775675,4.103091210727383,1.7921199799664889
2006-10-18,Dovish/Co-operative,Dovish/Co-operative,105874.01875208704,104240.46965657636,5.87401875208704,4.240469656576362,1.5670968299475785
2006-10-19,Dovish/Co-operative,Dovish/Co-operative,106406.42918475506,104408.39330090834,6.406429184755069,4.408393300908342,1.9136736240048524
2006-10-20,Dovish/Co-operative,Dovish/Co-operative,105581.55561919951,104431.23557992656,5.5815556191995075,4.4312355799265735,1.101509555914948
2006-10-23,Dovish/Co-operative,Dovish/Co-operative,105542.5841683099,104912.00601177472,5.542584168309905,4.912006011774728,0.601054331631401
2006-10-24,Dovish/Co-operative,Dovish/Co-operative,105945.55368928507,105224.96938401792,5.945553689285066,5.22496938401793,0.6848035304599431
2006-10-25,Dovish/Co-operative,Dovish/Co-operative,106594.01506829222,105583.6256417781,6.594015068292225,5.5836256417781005,0.9569565549322645
2006-10-26,Dovish/Co-operative,Dovish/Co-operative,106945.02920373084,105911.77833845778,6.945029203730835,5.911778338457774,0.9755769202280273
2006-10-27,Dovish/Co-operative,Dovish/Co-operative,106359.55108676871,105247.87828288018,6.359551086768711,5.247878282880181,1.056242483958325
2006-10-30,Dovish/Co-operative,Dovish/Co-operative,106489.81259930613,105171.54859659469,6.489812599306122,5.171548596594677,1.2534416582262953
2006-10-31,Dovish/Co-operative,Dovish/Co-operative,106745.29212955946,105156.24268743118,6.745292129559455,5.156242687431178,1.5111318182521982
2006-11-01,Dovish/Co-operative,Dovish/Co-operative,106347.01526412871,104446.55814405109,6.347015264128708,4.446558144051083,1.8195497811010153
2006-11-02,Dovish/Co-operative,Dovish/Co-operative,106390.7146912289,104385.44276464358,6.390714691228894,4.385442764643588,1.9210264127600407
2006-11-03,Dovish/Co-operative,Dovish/Co-operative,106713.65585566379,104202.30481343361,6.7136558556637915,4.202304813433622,2.410072451589773
2006-11-06,Dovish/Co-operative,Dovish/Co-operative,107731.52036639518,105377.57046422538,7.731520366395173,5.3775704642253785,2.2338244199404222
2006-11-07,Dovish/Co-operative,Dovish/Co-operative,107944.7199382991,105782.02786474905,7.944719938299105,5.78202786474904,2.0444796882843175
2006-11-08,Dovish/Co-operative,Dovish/Co-operative,107935.87535950415,106010.98361368351,7.935875359504152,6.010983613683507,1.8157474633337722
2006-11-09,Dovish/Co-operative,Dovish/Co-operative,108395.57010676122,105453.89182303037,8.39557010676122,5.453891823030377,2.7895398006433814
2006-11-10,Dovish/Co-operative,Dovish/Co-operative,108185.14813757791,105499.70962075487,8.185148137577913,5.499709620754878,2.5454463585506737
2006-11-13,Dovish/Co-operative,Dovish/Co-operative,108435.86010529843,105759.16893076981,8.43586010529842,5.75916893076982,2.53093060544074
2006-11-14,Dovish/Co-operative,Dovish/Co-operative,109081.98344552681,106552.86942493917,9.08198344552682,6.552869424939178,2.3735766425035276
2006-11-15,Dovish/Co-operative,Dovish/Co-operative,109663.18058698773,106858.0965677956,9.663180586987718,6.858096567795591,2.6250551987068826
2006-11-16,Dovish/Co-operative,Dovish/Co-operative,109119.24588510979,107132.86178697404,9.119245885109795,7.132861786974032,1.8541314634958006
2006-11-17,Dovish/Co-operative,Dovish/Co-operative,109273.15828231433,107163.42364041806,9.27315828231432,7.163423640418065,1.9687077644844342
2006-11-20,Dovish/Co-operative,Dovish/Co-operative,109373.73278403727,107224.43909005953,9.37373278403728,7.224439090059542,2.0044811725921097
2006-11-21,Dovish/Co-operative,Dovish/Co-operative,109944.61559974584,107331.264009945,9.944615599745843,7.3312640099450155,2.4348465602330727
2006-11-22,Dovish/Co-operative,Dovish/Co-operative,110373.78554154042,107544.96381459896,10.373785541540425,7.544963814598948,2.63036187526009
2006-11-24,Dovish/Co-operative,Dovish/Co-operative,110672.8309569195,107109.9612155923,10.672830956919487,7.109961215592286,3.3263663816998523
2006-11-27,Dovish/Co-operative,Dovish/Co-operative,109391.78228762206,105637.05475668184,9.391782287622053,5.637054756681836,3.5543659746938516
2006-11-28,Dovish/Co-operative,Dovish/Co-operative,109585.78686443041,106094.96625455075,9.585786864430412,6.094966254550749,3.2902792027891703
2006-11-29,Dovish/Co-operative,Dovish/Co-operative,110462.63893664702,107201.53019119728,10.462638936647028,7.20153019119727,3.04203563105252
2006-11-30,Dovish/Co-operative,Dovish/Co-operative,110950.51828314454,107247.29802403877,10.95051828314455,7.247298024038762,3.452973014085381
2006-12-01,Dovish/Co-operative,Dovish/Co-operative,110510.31891425297,107010.75594036657,10.51031891425298,7.010755940366575,3.270290862945213
2006-12-04,Dovish/Co-operative,Dovish/Co-operative,111718.33198643038,107827.32369599566,11.718331986430375,7.827323695995658,3.608555009122627
2006-12-05,Dovish/Co-operative,Dovish/Co-operative,112087.1719370883,108292.84651104381,12.087171937088304,8.292846511043805,3.503763681802874
2006-12-06,Dovish/Co-operative,Dovish/Co-operative,111300.34177311187,108201.26920795834,11.300341773111878,8.20126920795834,2.8641739490109286
2006-12-07,Dovish/Co-operative,Dovish/Co-operative,111115.85829961812,107728.08511084791,11.11585829961812,7.728085110847904,3.144744646007891
2006-12-08,Dovish/Co-operative,Dovish/Co-operative,110789.04097383995,107926.50398877988,10.789040973839947,7.926503988779876,2.6523021493938703
2006-12-11,Dovish/Co-operative,Dovish/Co-operative,110915.86394179647,108239.42572362057,10.915863941796466,8.239425723620574,2.472701790759624
2006-12-12,Dovish/Co-operative,Dovish/Co-operative,110484.5223593403,108155.51803007784,10.484522359340298,8.155518030077836,2.1533846554318004
2006-12-13,Dovish/Co-operative,Dovish/Co-operative,110628.11652319596,108269.99590454508,10.628116523195953,8.269995904545091,2.1780000996119764
2006-12-14,Dovish/Co-operative,Dovish/Co-operative,111293.76868458567,109223.92545106214,11.29376868458567,9.223925451062144,1.8950456367281099
2006-12-15,Dovish/Co-operative,Dovish/Co-operative,111299.951183445,109233.90177270408,11.299951183445,9.233901772704067,1.8913994439565096
2006-12-18,Dovish/Co-operative,Dovish/Co-operative,110600.73479197962,108934.6287784069,10.600734791979605,8.934628778406895,1.5294548962588195
2006-12-19,Dovish/Co-operative,Dovish/Co-operative,110857.83444152345,109141.79983834694,10.85783444152344,9.14179983834693,1.5722982447771372
2006-12-20,Dovish/Co-operative,Dovish/Co-operative,111124.59599266833,109080.40965208285,11.124595992668329,9.080409652082855,1.8740178434473398
2006-12-21,Dovish/Co-operative,Dovish/Co-operative,110698.98815434225,108681.34013144427,10.69898815434225,8.681340131444282,1.8564806253380306
2006-12-22,Dovish/Co-operative,Dovish/Co-operative,110608.85624671092,108013.68438216006,10.608856246710907,8.013684382160058,2.4026324806854626
2006-12-26,Dovish/Co-operative,Dovish/Co-operative,111240.40365483567,108650.67834823424,11.240403654835674,8.650678348234253,2.383533490974754
2006-12-27,Dovish/Co-operative,Dovish/Co-operative,112085.61467693467,109364.36840973601,12.085614676934675,9.364368409736002,2.4882384516714318
2006-12-28,Dovish/Co-operative,Dovish/Co-operative,112127.14353202887,109134.14688376519,12.127143532028883,9.134146883765194,2.742493283473779
2006-12-29,Dovish/Co-operative,Dovish/Co-operative,111712.8288714199,108681.34013144427,11.712828871419912,8.681340131444282,2.7893369149747382
2007-01-03,Dovish/Co-operative,Dovish/Co-operative,111332.63003144064,108489.54160051176,11.33263003144065,8.489541600511764,2.620610603552831
2007-01-04,Dovish/Co-operative,Dovish/Co-operative,110602.1318737524,108719.76312648259,10.602131873752407,8.719763126482594,1.7313951880854495
2007-01-05,Dovish/Co-operative,Dovish/Co-operative,108972.43826084121,107852.5642893986,8.97243826084122,7.8525642893986,1.0383378261064724
2007-01-08,Dovish/Co-operative,Dovish/Co-operative,109229.89053140853,108351.38037149556,9.229890531408525,8.351380371495566,0.8107973861531725
2007-01-09,Dovish/Co-operative,Dovish/Co-operative,108974.76905853431,108259.24512721642,8.974769058534315,8.259245127216408,0.6609356369306596
2007-01-10,Dovish/Co-operative,Dovish/Co-operative,108976.43326610024,108619.93329021918,8.976433266100248,8.619933290219173,0.3282086124362982
2007-01-11,Dovish/Co-operative,Dovish/Co-operative,109617.2998875309,109095.76552612938,9.617299887530905,9.095765526129384,0.47805188302803003
2007-01-12,Dovish/Co-operative,Dovish/Co-operative,110942.50475320843,109924.54969565556,10.942504753208437,9.92454969565555,0.9260488765896691
2007-01-16,Dovish/Co-operative,Dovish/Co-operative,110603.18633544227,109709.70902617276,10.60318633544226,9.709709026172764,0.8144013116071269
2007-01-17,Dovish/Co-operative,Dovish/Co-operative,110711.47148260847,109755.72668342933,10.71147148260847,9.755726683429323,0.8707926484198936
2007-01-18,Dovish/Co-operative,Dovish/Co-operative,109961.7670287305,109387.34392844228,9.961767028730485,9.38734392844227,0.5251275692953916
2007-01-19,Dovish/Co-operative,Dovish/Co-operative,110845.7860898786,109602.25121776911,10.845786089878606,9.602251217769119,1.1345888047853192
2007-01-22,Dovish/Co-operative,Dovish/Co-operative,110284.40257601105,109264.56355591411,10.284402576011043,9.264563555914119,0.9333666715971134
2007-01-23,Dovish/Co-operative,Dovish/Co-operative,111916.25622751702,109586.90367120308,11.91625622751702,9.586903671203073,2.1255756648648205
2007-01-24,Dovish/Co-operative,Dovish/Co-operative,112333.98070741794,110469.41674493109,12.333980707417936,10.469416744931092,1.6878553516689987
2007-01-25,Dovish/Co-operative,Dovish/Co-operative,111159.02652119848,109172.47827651798,11.15902652119849,9.172478276517992,1.8196419794088259
2007-01-26,Dovish/Co-operative,Dovish/Co-operative,111479.74406136718,109072.74837002059,11.479744061367182,9.072748370020589,2.2067800869755683
2007-01-29,Dovish/Co-operative,Dovish/Co-operative,111149.7201433883,109011.37483871751,11.149720143388308,9.011374838717522,1.961579979919037
2007-01-30,Dovish/Co-operative,Dovish/Co-operative,112013.07248376214,109579.23406166032,12.013072483762134,9.579234061660324,2.221076322483051
2007-01-31,Dovish/Co-operative,Dovish/Co-operative,112739.73631608443,110315.96626171238,12.739736316084427,10.315966261712383,2.1971162801782684
2007-02-01,Dovish/Co-operative,Dovish/Co-operative,113564.16306062325,110975.94407397334,13.564163060623248,10.97594407397333,2.3322342587368983
2007-02-02,Dovish/Co-operative,Dovish/Co-operative,113527.89095187323,111129.38622971154,13.527890951873234,11.129386229711535,2.158299261370722
2007-02-05,Dovish/Co-operative,Dovish/Co-operative,113444.36315204478,111160.1229602461,13.44436315204478,11.160122960246088,2.0549097382841053
2007-02-06,Dovish/Co-operative,Dovish/Co-operative,113887.62226893076,111190.77641597563,13.887622268930766,11.190776415975634,2.4254222696188155
2007-02-07,Dovish/Co-operative,Dovish/Co-operative,113844.87384172116,111436.35381599299,13.84487384172115,11.436353815992994,2.161341378510273
2007-02-08,Dovish/Co-operative,Dovish/Co-operative,114108.89347693659,111290.53963239503,14.10889347693658,11.290539632395035,2.5324289502512087
2007-02-09,Dovish/Co-operative,Dovish/Co-operative,113754.65425425708,110461.77211782984,13.754654254257082,10.461772117829838,2.9810151270384555
2007-02-12,Dovish/Co-operative,Dovish/Co-operative,113363.64297521891,110085.72808078055,13.363642975218903,10.085728080780543,2.977602048498995
2007-02-13,Dovish/Co-operative,Dovish/Co-operative,114457.89428342113,111014.34208657015,14.457894283421124,11.01434208657015,3.101898486382648
2007-02-14,Dovish/Co-operative,Dovish/Co-operative,115167.85537593214,111743.34638471593,15.167855375932128,11.743346384715924,3.064620044066091
2007-02-15,Dovish/Co-operative,Dovish/Co-operative,115312.9278377405,111889.1688957944,15.312927837740498,11.889168895794388,3.059955646944479
2007-02-16,Dovish/Co-operative,Dovish/Co-operative,115517.75895694195,111835.51493891708,15.51775895694194,11.835514938917079,3.292553371830098
2007-02-20,Dovish/Co-operative,Dovish/Co-operative,115506.91691228318,112073.33945458666,15.506916912283186,12.073339454586662,3.0636880050209037
2007-02-21,Dovish/Co-operative,Dovish/Co-operative,116472.46089692338,112027.2968148886,16.47246089692338,12.027296814888588,3.9679294318596847
2007-02-22,Dovish/Co-operative,Dovish/Co-operative,116560.50814272152,111942.8478351132,16.56050814272152,11.942847835113213,4.125015931710019
2007-02-23,Dovish/Co-operative,Dovish/Co-operative,116510.07431469721,111505.43859424134,16.5100743146972,11.505438594241335,4.488243608159159
2007-02-26,Dovish/Co-operative,Dovish/Co-operative,116556.28033206165,111405.69203278294,16.556280332061647,11.405692032782945,4.623272119491939
2007-02-27,Dovish/Co-operative,Dovish/Co-operative,112000.41242830397,107054.38361071893,12.000412428303964,7.054383610718928,4.62010863148794
2007-02-28,Dovish/Co-operative,Dovish/Co-operative,113131.04401527107,108151.86226613728,13.131044015271076,8.15186226613729,4.6038798082654875
2007-03-01,Dovish/Co-operative,Dovish/Co-operative,112464.53822407058,107829.5138233678,12.464538224070587,7.829513823367806,4.298474727703283
2007-03-02,Dovish/Co-operative,Dovish/Co-operative,110852.28996206408,106417.44793700827,10.852289962064088,6.417447937008269,4.167401221349465
2007-03-05,Dovish/Co-operative,Dovish/Co-operative,109240.13406038418,105404.50986365082,9.240134060384175,5.404509863650819,3.63895643715344
2007-03-06,Dovish/Co-operative,Dovish/Co-operative,111440.48814317137,107207.93402370367,11.440488143171379,7.207934023703677,3.947985900494899
2007-03-07,Dovish/Co-operative,Dovish/Co-operative,111285.52039546715,107100.459560339,11.285520395467152,7.100459560339001,3.9076030600693423
2007-03-08,Dovish/Co-operative,Dovish/Co-operative,112184.73519370597,108006.09804742233,12.184735193705976,8.006098047422338,3.8688900180885444
2007-03-09,Dovish/Co-operative,Dovish/Co-operative,112382.54224814185,108036.75150315186,12.38254224814186,8.036751503151862,4.022511492177938
2007-03-12,Dovish/Co-operative,Dovish/Co-operative,112531.219068285,108197.88825087434,12.531219068285004,8.19788825087433,4.005004984351568
2007-03-13,Dovish/Co-operative,Dovish/Co-operative,110447.04673633982,106095.21607896582,10.447046736339827,6.095216078965815,4.1018161027496
2007-03-14,Dovish/Co-operative,Dovish/Co-operative,111011.31926258406,106885.5772534537,11.011319262584053,6.88557725345369,3.8599613859474635
2007-03-15,Dovish/Co-operative,Dovish/Co-operative,111649.00553545516,107031.41641949315,11.64900553545516,7.031416419493142,4.3142371374999655
2007-03-16,Dovish/Co-operative,Dovish/Co-operative,111513.41337861255,106731.70206872936,11.513413378612537,6.7317020687293505,4.4801227912621755
2007-03-19,Dovish/Co-operative,Dovish/Co-operative,112510.00760555029,108018.33111628043,12.510007605550278,8.01833111628043,4.158253921211408
2007-03-20,Dovish/Co-operative,Dovish/Co-operative,113100.38019279981,108611.63079215823,13.100380192799822,8.61163079215823,4.132844123509538
2007-03-21,Dovish/Co-operative,Dovish/Co-operative,114672.6476187326,110399.09949956837,14.672647618732615,10.399099499568365,3.8709990738474698
2007-03-22,Dovish/Co-operative,Dovish/Co-operative,114697.76566176211,110314.2924381314,14.697765661762109,10.3142924381314,3.9736222086445894
2007-03-23,Dovish/Co-operative,Dovish/Co-operative,114821.71536286557,110476.14534917708,14.821715362865561,10.476145349177092,3.9334917053393204
2007-03-26,Dovish/Co-operative,Dovish/Co-operative,114911.91969569569,110329.78987934646,14.911919695695698,10.329789879346452,4.153121130168125
2007-03-27,Dovish/Co-operative,Dovish/Co-operative,114438.61721676376,110067.76570533676,14.43861721676376,10.067765705336761,3.971054998180157
2007-03-28,Dovish/Co-operative,Dovish/Co-operative,113862.80606565754,109266.46222146867,13.86280606565753,9.266462221468675,4.206545861137778
2007-03-29,Dovish/Co-operative,Dovish/Co-operative,114477.75178113232,109382.08096076474,14.477751781132309,9.382080960764739,4.658597437175649
2007-03-30,Dovish/Co-operative,Dovish/Co-operative,114336.46381469644,109405.23968404206,14.336463814696444,9.405239684042055,4.50730161086943
2007-04-02,Dovish/Co-operative,Dovish/Co-operative,114195.02082456609,109528.46974051736,14.195020824566097,9.528469740517377,4.260582746298014
2007-04-03,Dovish/Co-operative,Dovish/Co-operative,114969.36641097686,110707.29955296418,14.969366410976859,10.707299552964166,3.849851703747542
2007-04-04,Dovish/Co-operative,Dovish/Co-operative,115296.88709010411,110830.5462644005,15.296887090104105,10.830546264400498,4.029882533510731
2007-04-05,Dovish/Co-operative,Dovish/Co-operative,115371.09430351105,111130.99343344852,15.371094303511047,11.130993433448522,3.8154080505019117
2007-04-09,Dovish/Co-operative,Dovish/Co-operative,115374.88728744711,111285.11844258793,15.374887287447114,11.285118442587926,3.675036610550131
2007-04-10,Dovish/Co-operative,Dovish/Co-operative,115681.96255575128,111416.08472845,15.681962555751273,11.416084728450016,3.8287809499843117
2007-04-11,Dovish/Co-operative,Dovish/Co-operative,115142.47586728148,110961.50422278208,15.14247586728148,10.961504222782082,3.7679478786670773
2007-04-12,Dovish/Co-operative,Dovish/Co-operative,115884.81193087874,111454.62430821537,15.88481193087874,11.454624308215378,3.9748800466207435
2007-04-13,Dovish/Co-operative,Dovish/Co-operative,116487.87715357401,111963.11692265619,16.487877153574004,11.96311692265619,4.041295343754592
2007-04-16,Dovish/Co-operative,Dovish/Co-operative,117504.75954189064,113026.35297824844,17.504759541890635,13.026352978248434,3.962267600109204
2007-04-17,Dovish/Co-operative,Dovish/Co-operative,117007.41808671836,113326.83345721848,17.007418086718353,13.326833457218479,3.247760938180022
2007-04-18,Dovish/Co-operative,Dovish/Co-operative,116879.82112088741,113465.49433506482,16.879821120887417,13.465494335064832,3.0091322527887154
2007-04-19,Dovish/Co-operative,Dovish/Co-operative,116324.72325354182,113434.69098468625,16.32472325354182,13.43469098468626,2.5477499376673984
2007-04-20,Dovish/Co-operative,Dovish/Co-operative,117469.55978260195,114505.6632696653,17.469559782601962,14.505663269665291,2.5884278805988536
2007-04-23,Dovish/Co-operative,Dovish/Co-operative,117314.29820115524,114074.15821246966,17.314298201155243,14.074158212469667,2.8403803626152024
2007-04-24,Dovish/Co-operative,Dovish/Co-operative,116882.91238080533,114120.42569414129,16.882912380805326,14.120425694141293,2.420676815619216
2007-04-25,Dovish/Co-operative,Dovish/Co-operative,117853.04525917098,115168.222600882,17.853045259170976,15.168222600881997,2.3312182802310843
2007-04-26,Dovish/Co-operative,Dovish/Co-operative,117529.9513378721,115299.16390430258,17.529951337872095,15.29916390430257,1.9347819689491175
2007-04-27,Dovish/Co-operative,Dovish/Co-operative,117752.66876818512,115206.75385316685,17.75266876818511,15.206753853166855,2.209866027701013
2007-04-30,Dovish/Co-operative,Dovish/Co-operative,116323.20498659271,114251.36699756187,16.32320498659272,14.251366997561865,1.8134032383831933
2007-05-01,Dovish/Co-operative,Dovish/Co-operative,116409.56982766913,114544.19452195015,16.409569827669124,14.54419452195015,1.6285201650804826
2007-05-02,Dovish/Co-operative,Dovish/Co-operative,117209.4226506619,115214.46510011212,17.2094226506619,15.214465100112129,1.7315165667924681
2007-05-03,Dovish/Co-operative,Dovish/Co-operative,117936.89454319527,115838.576453849,17.93689454319527,15.838576453849008,1.81141563853926
2007-05-04,Dovish/Co-operative,Dovish/Co-operative,118435.16987308554,116277.69282822388,18.435169873085535,16.277692828223888,1.8554522302475451
2007-05-07,Dovish/Co-operative,Dovish/Co-operative,118655.31647251203,116300.8099140987,18.65531647251204,16.3008099140987,2.024497129600733
2007-05-08,Dovish/Co-operative,Dovish/Co-operative,118163.2746044631,116146.7098874008,18.163274604463098,16.14670988740079,1.7362219894280884
2007-05-09,Dovish/Co-operative,Dovish/Co-operative,118522.12520837887,116462.62118774187,18.52212520837888,16.462621187741867,1.768381992121748
2007-05-10,Dovish/Co-operative,Dovish/Co-operative,116853.90727999956,115245.29343293222,16.853907279999557,15.245293432932217,1.395817390150933
2007-05-11,Dovish/Co-operative,Dovish/Co-operative,118157.62049217868,116231.45032899376,18.157620492178683,16.23145032899376,1.6571850026244173
2007-05-14,Dovish/Co-operative,Dovish/Co-operative,117534.42519775206,115977.21234925385,17.534425197752057,15.977212349253843,1.3426886342196465
2007-05-15,Dovish/Co-operative,Dovish/Co-operative,117648.93095216154,116008.03235459344,17.648930952161535,16.008032354593425,1.41446981235962
2007-05-16,Dovish/Co-operative,Dovish/Co-operative,117860.27182818955,116801.59960907475,17.860271828189546,16.801599609074746,0.9063850346725522
2007-05-17,Dovish/Co-operative,Dovish/Co-operative,117599.14169743357,116570.43707780713,17.599141697433573,16.57043707780712,0.8824747040622416
2007-05-18,Dovish/Co-operative,Dovish/Co-operative,117989.89528882067,117587.43063416927,17.98989528882067,17.587430634169277,0.34226843165194865
2007-05-21,Dovish/Co-operative,Dovish/Co-operative,118572.44853213007,117525.80727845112,18.57244853213007,17.525807278451122,0.8905629137259785
2007-05-22,Dovish/Co-operative,Dovish/Co-operative,118358.46225237379,117433.4055547959,18.358462252373787,17.43340555479589,0.7877287499307384
2007-05-23,Dovish/Co-operative,Dovish/Co-operative,118572.94294937761,117448.76975632292,18.572942949377612,17.448769756322925,0.957160466973872
2007-05-24,Dovish/Co-operative,Dovish/Co-operative,117229.23773938578,116385.51704576965,17.229237739385784,16.38551704576965,0.7249361561751044
2007-05-25,Dovish/Co-operative,Dovish/Co-operative,118063.43943582775,116870.95086669918,18.063439435827753,16.870950866699186,1.020346425082752
2007-05-29,Dovish/Co-operative,Dovish/Co-operative,118087.17784981574,117294.74467694954,18.087177849815728,17.294744676949534,0.6755913703113459
2007-05-30,Dovish/Co-operative,Dovish/Co-operative,118671.97988160385,118250.06491271051,18.67197988160385,18.250064912710506,0.3567989321653142
2007-05-31,Dovish/Co-operative,Dovish/Co-operative,119264.432481571,118126.78489135219,19.264432481570992,18.126784891352198,0.963073354840871
2007-06-01,Dovish/Co-operative,Dovish/Co-operative,120526.4799834038,118712.3233554017,20.5264799834038,18.712323355401715,1.5281957059932738
2007-06-04,Dovish/Co-operative,Dovish/Co-operative,120502.17640744039,118727.74584929225,20.502176407440388,18.727745849292244,1.4945373934754258
2007-06-05,Dovish/Co-operative,Dovish/Co-operative,120043.71911738851,118257.75117721428,20.043719117388513,18.257751177214267,1.5102333017460223
2007-06-06,Dovish/Co-operative,Dovish/Co-operative,118926.55471643321,116986.58626095625,18.92655471643321,16.986586260956237,1.65828281470628
2007-06-07,Dovish/Co-operative,Dovish/Co-operative,117311.66566987356,114875.46169633775,17.311665669873566,14.875461696337755,2.120734870233365
2007-06-08,Dovish/Co-operative,Dovish/Co-operative,117995.52319645853,116370.14451676213,17.995523196458517,16.37014451676213,1.3967316844418542
2007-06-11,Dovish/Co-operative,Dovish/Co-operative,118424.41473897404,116570.43707780713,18.42441473897405,16.57043707780712,1.590435540641777
2007-06-12,Dovish/Co-operative,Dovish/Co-operative,117064.50153435585,115299.16390430258,17.06450153435586,15.29916390430257,1.53109317559188
2007-06-13,Dovish/Co-operative,Dovish/Co-operative,118834.19171482149,117025.06754835809,18.83419171482148,17.025067548358088,1.545928752158865
2007-06-14,Dovish/Co-operative,Dovish/Co-operative,119520.31200487974,117772.40063108977,19.520312004879735,17.77240063108976,1.4841434533249709
2007-06-15,Dovish/Co-operative,Dovish/Co-operative,120699.56250740557,118442.52964208322,20.699562507405567,18.442529642083215,1.9055932629459926
2007-06-18,Dovish/Co-operative,Dovish/Co-operative,120684.44121278051,118303.21922075767,20.684441212780502,18.303219220757683,2.012812506462236
2007-06-19,Dovish/Co-operative,Dovish/Co-operative,120903.91553278177,118597.2708847798,20.90391553278177,18.597270884779803,1.9449390620825735
2007-06-20,Dovish/Co-operative,Dovish/Co-operative,119823.57538878672,116949.0792887732,19.82357538878672,16.949079288773206,2.457904001891076
2007-06-21,Dovish/Co-operative,Dovish/Co-operative,120166.456479456,117599.0557969507,20.16645647945601,17.599055796950715,2.1831813742945627
2007-06-22,Dovish/Co-operative,Dovish/Co-operative,119530.61040605222,116492.52517022619,19.53061040605222,16.49252517022619,2.6079658170226727
2007-06-25,Dovish/Co-operative,Dovish/Co-operative,118904.10089401258,115935.43337957305,18.904100894012576,15.935433379573038,2.560621397532614
2007-06-26,Dovish/Co-operative,Dovish/Co-operative,117990.03205629096,114743.81255707446,17.99003205629097,14.743812557074465,2.829102002865569
2007-06-27,Dovish/Co-operative,Dovish/Co-operative,119044.82870032736,116376.46507446349,19.044828700327354,16.376465074463486,2.2928722093049636
2007-06-28,Dovish/Co-operative,Dovish/Co-operative,119117.67180105251,116361.02592561195,19.117671801052506,16.361025925611948,2.369045695079075
2007-06-29,Dovish/Co-operative,Dovish/Co-operative,119104.61760551085,116399.69874506534,19.104617605510853,16.39969874506535,2.3238194682700497
2007-07-02,Dovish/Co-operative,Dovish/Co-operative,120299.07418140318,117452.04245616039,20.299074181403178,17.452042456160388,2.4239950755266415
2007-07-03,Dovish/Co-operative,Dovish/Co-operative,120656.63964274584,117877.59336479676,20.656639642745844,17.877593364796752,2.3575695758809134
2007-07-05,Dovish/Co-operative,Dovish/Co-operative,120756.5669679154,117753.80536712779,20.75656696791539,17.753805367127782,2.550033598851198
2007-07-06,Dovish/Co-operative,Dovish/Co-operative,121623.45342586195,118372.81197531667,21.62345342586196,18.37281197531666,2.746104782256187
2007-07-09,Dovish/Co-operative,Dovish/Co-operative,121938.03924859382,118465.68836536053,21.93803924859381,18.465688365360535,2.931102609663827
2007-07-10,Dovish/Co-operative,Dovish/Co-operative,120664.72060943335,116778.88224226405,20.664720609433363,16.778882242264046,3.3275180345603284
2007-07-11,Dovish/Co-operative,Dovish/Co-operative,121177.8442565297,117606.81700877899,21.17784425652971,17.606817008778997,3.036411781711723
2007-07-12,Dovish/Co-operative,Dovish/Co-operative,122747.3789868411,119463.93676311165,22.747378986841092,19.463936763111644,2.7484798447922287
2007-07-13,Dovish/Co-operative,Dovish/Co-operative,123328.49557793667,119819.794987423,23.328495577936682,19.819794987422988,2.9283146335561394
2007-07-16,Dovish/Co-operative,Dovish/Co-operative,122738.87736249434,119804.32252864944,22.738877362494335,19.804322528649433,2.449456557081353
2007-07-17,Dovish/Co-operative,Dovish/Co-operative,122861.88175997032,119742.43269355521,22.861881759970327,19.7424326935552,2.6051325300851413
2007-07-18,Dovish/Co-operative,Dovish/Co-operative,122691.96498297999,119525.71834095936,22.691964982979982,19.52571834095935,2.649008670241648
2007-07-19,Dovish/Co-operative,Dovish/Co-operative,123355.51390594614,119990.05032629566,23.355513905946147,19.99005032629566,2.804785538883081
2007-07-20,Dovish/Co-operative,Dovish/Co-operative,122521.66689068206,118775.18750571473,22.521666890682045,18.77518750571472,3.1542609728880233
2007-07-23,Dovish/Co-operative,Dovish/Co-operative,122980.9276542518,119138.86523421787,22.980927654251815,19.13886523421786,3.2248606804175406
2007-07-24,Dovish/Co-operative,Dovish/Co-operative,120971.3439795508,117072.88394140317,20.971343979550806,17.072883941403163,3.329942773169292
2007-07-25,Dovish/Co-operative,Dovish/Co-operative,120890.23366821402,117312.79032719835,20.89023366821401,17.312790327198346,3.0494913052854455
2007-07-26,Dovish/Co-operative,Dovish/Co-operative,117953.00239315059,114534.85941630689,17.953002393150584,14.534859416306901,2.984369120688024
2007-07-27,Dovish/Co-operative,Dovish/Co-operative,116660.6250461505,112283.233600651,16.66062504615049,12.283233600651,3.89852634728014
2007-07-30,Dovish/Co-operative,Dovish/Co-operative,118247.73584805164,114039.69909815051,18.24773584805164,14.039699098150503,3.6899753184015394
2007-07-31,Dovish/Co-operative,Dovish/Co-operative,117298.26590047417,112755.20188560805,17.298265900474163,12.75520188560806,4.029139178408037
2007-08-01,Dovish/Co-operative,Dovish/Co-operative,117591.54758685797,113304.60741175743,17.59154758685797,13.30460741175743,3.783553266745354
2007-08-02,Dovish/Co-operative,Dovish/Co-operative,118145.01390913752,114209.92945458167,18.145013909137518,14.20992945458166,3.4454836574614456
2007-08-03,Dovish/Co-operative,Dovish/Co-operative,115627.50823375036,111269.52939908733,15.627508233750365,11.269529399087341,3.9165968061502188
2007-08-06,Dovish/Co-operative,Dovish/Co-operative,116682.41471493011,113134.36040036527,16.682414714930104,13.134360400365264,3.1361421074983964
2007-08-07,Dovish/Co-operative,Dovish/Co-operative,117424.57872337534,114341.44535415691,17.424578723375326,14.341445354156912,2.696426794036788
2007-08-08,Dovish/Co-operative,Dovish/Co-operative,119387.71323336872,115935.43337957305,19.38771323336872,15.935433379573038,2.977760770076987
2007-08-09,Dovish/Co-operative,Dovish/Co-operative,116806.7810966117,112499.89798836384,16.80678109661169,12.49989798836384,3.8283440120926437
2007-08-10,Dovish/Co-operative,Dovish/Co-operative,116623.66629472593,111973.7011503748,16.623666294725936,11.973701150374815,4.152729700437852
2007-08-13,Dovish/Co-operative,Dovish/Co-operative,116639.08628184994,112376.01838840934,16.639086281849934,12.376018388409339,3.793574425021906
2007-08-14,Dovish/Co-operative,Dovish/Co-operative,114927.88956786683,110658.23403784372,14.927889567866837,10.658234037843716,3.8584164722554215
2007-08-15,Dovish/Co-operative,Dovish/Co-operative,113590.6744073628,109133.91371431111,13.590674407362812,9.133913714311115,4.083754115809057
2007-08-16,Dovish/Co-operative,Dovish/Co-operative,113692.7203356333,109954.06228655626,13.692720335633313,9.954062286556265,3.4002000211084127
2007-08-17,Dovish/Co-operative,Dovish/Co-operative,115335.26651161263,111973.7011503748,15.335266511612634,11.973701150374815,3.0021025711416183
2007-08-20,Dovish/Co-operative,Dovish/Co-operative,115724.94635860783,111919.56419962835,15.724946358607838,11.919564199628363,3.4001045180911404
2007-08-21,Dovish/Co-operative,Dovish/Co-operative,115857.38008550016,112143.89819688395,15.85738008550015,12.143898196883951,3.311354383362608
2007-08-22,Dovish/Co-operative,Dovish/Co-operative,117680.49031483033,113474.78780330557,17.680490314830323,13.474787803305578,3.706288060053309
2007-08-23,Dovish/Co-operative,Dovish/Co-operative,116911.3979146688,113374.24180371895,16.911397914668804,13.374241803718956,3.1198939500505007
2007-08-24,Dovish/Co-operative,Dovish/Co-operative,118440.86378064958,114774.74914714108,18.440863780649575,14.774749147141076,3.194182222788866
2007-08-27,Dovish/Co-operative,Dovish/Co-operative,117944.50525893204,113706.94963223347,17.944505258932033,13.706949632233467,3.7267340654236536
2007-08-28,Dovish/Co-operative,Dovish/Co-operative,115546.9442237791,111207.61458155159,15.546944223779091,11.207614581551596,3.902007662474727
2007-08-29,Dovish/Co-operative,Dovish/Co-operative,117745.8431127444,113389.67262509,17.74584311274441,13.389672625089988,3.841770054366056
2007-08-30,Dovish/Co-operative,Dovish/Co-operative,117228.08835419764,113087.85974923956,17.228088354197645,13.087859749239561,3.661072562641654
2007-08-31,Dovish/Co-operative,Dovish/Co-operative,118503.26643610898,114202.15158779237,18.50326643610898,14.202151587792367,3.766229259708953
2007-09-04,Dovish/Co-operative,Dovish/Co-operative,119741.99339999314,115355.08293587656,19.74199339999314,15.355082935876553,3.802962429106982
2007-09-05,Dovish/Co-operative,Dovish/Co-operative,118909.54523160077,114356.95945033299,18.909545231600777,14.356959450332996,3.981030803153729
2007-09-06,Dovish/Co-operative,Dovish/Co-operative,119663.6850567818,114619.99124948349,19.663685056781798,14.619991249483476,4.40036136132671
2007-09-07,Dovish/Co-operative,Dovish/Co-operative,118345.07673014326,113026.01155154784,18.345076730143273,13.026011551547834,4.706054036215868
2007-09-10,Dovish/Co-operative,Dovish/Co-operative,118131.51752600411,112809.38047375702,18.131517526004103,12.809380473757015,4.717814272089882
2007-09-11,Dovish/Co-operative,Dovish/Co-operative,119478.44463070628,114124.76431148307,19.47844463070627,14.124764311483062,4.691076780330783
2007-09-12,Dovish/Co-operative,Dovish/Co-operative,119531.54448675101,114418.80764802471,19.531544486751006,14.4188076480247,4.468440935387208
2007-09-13,Dovish/Co-operative,Dovish/Co-operative,119890.41709502153,115223.60034622332,19.89041709502153,15.223600346223321,4.0502264594886705
2007-09-14,Dovish/Co-operative,Dovish/Co-operative,120191.59124219028,115215.80582447302,20.191591242190277,15.215805824473016,4.318665639762731
2007-09-17,Dovish/Co-operative,Dovish/Co-operative,120107.03035173925,114596.80754376465,20.10703035173924,14.596807543764644,4.808356293756466
2007-09-18,Dovish/Co-operative,Dovish/Co-operative,123591.78353618438,117970.46975484063,23.591783536184387,17.97046975484062,4.765017714200548
2007-09-19,Dovish/Co-operative,Dovish/Co-operative,124406.27098577113,118666.8469843778,24.40627098577113,18.666846984377795,4.836585910257574
2007-09-20,Dovish/Co-operative,Dovish/Co-operative,124330.62185030994,117831.16766099559,24.330621850309942,17.831167660995597,5.515904084065015
2007-09-21,Dovish/Co-operative,Dovish/Co-operative,124722.11231874261,118149.2191238258,24.722112318742617,18.149219123825787,5.563213403914347
2007-09-24,Dovish/Co-operative,Dovish/Co-operative,124391.29338957209,117931.48881860865,24.391293389572088,17.931488818608642,5.477590960374723
2007-09-25,Dovish/Co-operative,Dovish/Co-operative,124150.72123354622,117698.26939965693,24.150721233546225,17.69826939965693,5.482197713527381
2007-09-26,Dovish/Co-operative,Dovish/Co-operative,124838.76671291671,118320.17397106066,24.838766712916716,18.320173971060672,5.509282587304498
2007-09-27,Dovish/Co-operative,Dovish/Co-operative,126052.85696712031,119019.95714012334,26.05285696712032,19.019957140123346,5.909008872114674
2007-09-28,Dovish/Co-operative,Dovish/Co-operative,125727.88964339343,118623.42750103801,25.727889643393432,18.623427501038,5.989088573834422
2007-10-01,Dovish/Co-operative,Dovish/Co-operative,127379.37952777387,119960.687630044,27.37937952777387,19.960687630044017,6.184269233775108
2007-10-02,Dovish/Co-operative,Dovish/Co-operative,126885.85100773835,119797.34409998838,26.88585100773835,19.79734409998837,5.91708185269415
2007-10-03,Dovish/Co-operative,Dovish/Co-operative,125738.13750083307,119556.30517684486,25.73813750083307,19.55630517684486,5.1706451741246
2007-10-04,Dovish/Co-operative,Dovish/Co-operative,126585.37208691031,119742.95732482686,26.58537208691032,19.742957324826847,5.714252357674798
2007-10-05,Dovish/Co-operative,Dovish/Co-operative,128308.8064058917,121165.63242134653,28.308806405891684,21.165632421346526,5.895379607069762
2007-10-08,Dovish/Co-operative,Dovish/Co-operative,127306.34014490274,120520.3609396529,27.30634014490274,20.520360939652903,5.630566613261068
2007-10-09,Dovish/Co-operative,Dovish/Co-operative,128473.59193998548,121655.50478938385,28.473591939985464,21.65550478938385,5.604421404855819
2007-10-10,Dovish/Co-operative,Dovish/Co-operative,128241.16898012401,121453.3385452258,28.24116898012401,21.453338545225797,5.588838080700942
2007-10-11,Dovish/Co-operative,Dovish/Co-operative,127908.25796736049,120870.26501540499,27.908257967360495,20.87026501540499,5.822766212234676
2007-10-12,Dovish/Co-operative,Dovish/Co-operative,128788.25604201833,121538.82846006397,28.788256042018332,21.538828460063964,5.964700889260599
2007-10-15,Dovish/Co-operative,Dovish/Co-operative,128070.1360120654,120512.59972782462,28.070136012065404,20.51259972782462,6.27115861852563
2007-10-16,Dovish/Co-operative,Dovish/Co-operative,126908.73255500148,119556.30517684486,26.908732555001478,19.55630517684486,6.149761292205436
2007-10-17,Dovish/Co-operative,Dovish/Co-operative,127094.32494856726,119921.76498617553,27.094324948567248,19.92176498617553,5.981032686784227
2007-10-18,Dovish/Co-operative,Dovish/Co-operative,127750.32657627651,119486.38765054627,27.750326576276517,19.486387650546266,6.916217895798482
2007-10-19,Dovish/Co-operative,Dovish/Co-operative,124974.65090718496,116361.02592561195,24.97465090718496,16.361025925611948,7.402500032166781
2007-10-22,Dovish/Co-operative,Dovish/Co-operative,125323.1167432963,117037.41720194323,25.323116743296303,17.037417201943228,7.079530409541102
2007-10-23,Dovish/Co-operative,Dovish/Co-operative,126448.86167704852,117985.89224873118,26.44886167704852,17.985892248731172,7.172865557922958
2007-10-24,Dovish/Co-operative,Dovish/Co-operative,126105.19371237031,117768.23689083854,26.1051937123703,17.76823689083853,7.079121706865199
2007-10-25,Dovish/Co-operative,Dovish/Co-operative,126993.71107616437,118048.18180288952,26.993711076164374,18.048181802889516,7.577862815550707
2007-10-26,Dovish/Co-operative,Dovish/Co-operative,129118.32241652104,119431.97589294323,29.118322416521035,19.431975892943232,8.110346036860761
2007-10-29,Dovish/Co-operative,Dovish/Co-operative,130084.06180927652,119828.51385950907,30.08406180927652,19.82851385950908,8.558520521911328
2007-10-30,Dovish/Co-operative,Dovish/Co-operative,128519.60713847724,118996.56524739195,28.519607138477234,18.99656524739195,8.002787199182638
2007-10-31,Dovish/Co-operative,Dovish/Co-operative,130490.91678341023,120232.73809057866,30.490916783410228,20.23273809057866,8.531934692449127
2007-11-01,Dovish/Co-operative,Dovish/Co-operative,127094.65165973046,117418.36612500847,27.094651659730463,17.41836612500847,8.240862016782113
2007-11-02,Dovish/Co-operative,Dovish/Co-operative,128017.96099909476,117550.54822302391,28.017960999094772,17.55054822302391,8.904605664800002
2007-11-05,Dovish/Co-operative,Dovish/Co-operative,126687.10691898881,116656.48493383899,26.68710691898881,16.656484933839,8.598426389101842
2007-11-06,Dovish/Co-operative,Dovish/Co-operative,129394.14400918181,118226.91451691369,29.39414400918181,18.226914516913695,9.445589896258788
2007-11-07,Dovish/Co-operative,Dovish/Co-operative,126933.86198762094,114992.7625866953,26.933861987620933,14.992762586695306,10.38421821714477
2007-11-08,Dovish/Co-operative,Dovish/Co-operative,127516.59857032975,114409.68072939402,27.516598570329755,14.409680729394015,11.456126577205206
2007-11-09,Dovish/Co-operative,Dovish/Co-operative,126464.40381474854,112839.1761989948,26.46440381474855,12.839176198994796,12.074908799161467
2007-11-12,Dovish/Co-operative,Dovish/Co-operative,123294.75123569621,111719.67135764746,23.29475123569622,11.719671357647465,10.360825213129687
2007-11-13,Dovish/Co-operative,Dovish/Co-operative,126311.40592052869,115124.86140990573,26.311405920528696,15.124861409905721,9.716879893381947
2007-11-14,Dovish/Co-operative,Dovish/Co-operative,126653.68163292673,114806.11876619382,26.65368163292674,14.806118766193821,10.319626683714333
2007-11-15,Dovish/Co-operative,Dovish/Co-operative,124316.20912311267,113150.14097591741,24.316209123112674,13.150140975917424,9.868364326273182
2007-11-16,Dovish/Co-operative,Dovish/Co-operative,124284.96114546095,113344.53768076669,24.284961145460947,13.344537680766688,9.652360571188545
2007-11-19,Dovish/Co-operative,Dovish/Co-operative,122110.20234628074,111766.2885935002,22.110202346280737,11.766288593500196,9.254949665906764
2007-11-20,Dovish/Co-operative,Dovish/Co-operative,123833.20513234133,112450.50770150378,23.833205132341327,12.450507701503778,10.122406437730413
2007-11-21,Dovish/Co-operative,Dovish/Co-operative,121992.27548629684,110149.19180968974,21.992275486296855,10.14919180968974,10.751857078596627
2007-11-23,Dovish/Co-operative,Dovish/Co-operative,124202.41941946137,112053.92809753543,24.202419419461375,12.053928097535426,10.841646989252784
2007-11-26,Dovish/Co-operative,Dovish/Co-operative,121801.67654684438,109581.67401344754,21.801676546844373,9.58167401344754,11.151501967288091
2007-11-27,Dovish/Co-operative,Dovish/Co-operative,122893.62526161147,110841.15547456063,22.893625261611472,10.841155474560615,10.873641415455126
2007-11-28,Dovish/Co-operative,Dovish/Co-operative,125865.17124842716,114386.28883666263,25.865171248427153,14.386288836662619,10.035190868160559
2007-11-29,Dovish/Co-operative,Dovish/Co-operative,125122.85346287164,114425.18649808958,25.122853462871642,14.42518649808957,9.349049184167747
2007-11-30,Dovish/Co-operative,Dovish/Co-operative,125395.47884770205,115575.8361165161,25.39547884770206,15.575836116516095,8.496276610351682
2007-12-03,Dovish/Co-operative,Dovish/Co-operative,124955.24069897851,114813.8799780221,24.9552406989785,14.813879978022104,8.832869965632796
2007-12-04,Dovish/Co-operative,Dovish/Co-operative,124827.09669806084,113787.70121066576,24.827096698060846,13.78770121066577,9.701747526261052
2007-12-05,Dovish/Co-operative,Dovish/Co-operative,126457.62599391089,115692.39586110895,26.45762599391088,15.692395861108954,9.305045550034086
2007-12-06,Dovish/Co-operative,Dovish/Co-operative,128451.32949102441,117348.37365138534,28.451329491024424,17.34837365138533,9.461533632007013
2007-12-07,Dovish/Co-operative,Dovish/Co-operative,128158.90488799254,117325.09834338099,28.15890488799253,17.325098343380986,9.234005935289069
2007-12-10,Dovish/Co-operative,Dovish/Co-operative,129152.39499714685,118234.67572874198,29.152394997146857,18.234675728741976,9.233940213489223
2007-12-11,Dovish/Co-operative,Dovish/Co-operative,125677.73697399643,114992.7625866953,25.677736973996424,14.992762586695306,9.291866850529406
2007-12-12,Dovish/Co-operative,Dovish/Co-operative,127441.57400444064,116127.76486925772,27.44157400444065,16.12776486925771,9.742553081875439
2007-12-13,Dovish/Co-operative,Dovish/Co-operative,126247.92950400044,115886.80089343872,26.24792950400043,15.886800893438725,8.94073227553247
2007-12-14,Dovish/Co-operative,Dovish/Co-operative,124645.2259068126,114417.37532137828,24.645225906812595,14.417375321378278,8.939071147809585
2007-12-17,Dovish/Co-operative,Dovish/Co-operative,122564.53422596167,112784.80607879428,22.564534225961673,12.784806078794286,8.671139745840438
2007-12-18,Dovish/Co-operative,Dovish/Co-operative,124043.29875781143,113414.51349942881,24.043298757811414,13.414513499428814,9.371627078783117
2007-12-19,Dovish/Co-operative,Dovish/Co-operative,124285.3361354944,113414.51349942881,24.285336135494397,13.414513499428814,9.585036606554187
2007-12-20,Dovish/Co-operative,Dovish/Co-operative,124762.0130393591,114129.78578222606,24.762013039359097,14.129785782226056,9.315909238120067
2007-12-21,Dovish/Co-operative,Dovish/Co-operative,127320.22630143302,115774.99614021278,27.320226301433024,15.774996140212782,9.97212744212752
2007-12-24,Dovish/Co-operative,Dovish/Co-operative,128330.54719943236,116634.70024484457,28.330547199432353,16.63470024484457,10.027759260353353
2007-12-26,Dovish/Co-operative,Dovish/Co-operative,129074.01870604482,116884.77448433325,29.074018706044825,16.884774484333253,10.428427719082745
2007-12-27,Dovish/Co-operative,Dovish/Co-operative,127418.201466976,115415.44884203885,27.418201466976,15.415448842038849,10.399606591111121
2007-12-28,Dovish/Co-operative,Dovish/Co-operative,127411.27253382241,115126.27708159115,27.411272533822405,15.126277081591155,10.670887449547916
2007-12-31,Dovish/Co-operative,Dovish/Co-operative,126811.82121022636,114274.38415367065,26.811821210226363,14.274384153670638,10.971345108888087
2008-01-02,Dovish/Co-operative,Dovish/Co-operative,126566.69797681959,113273.91231862539,26.566697976819587,13.273912318625381,11.735081261079117
2008-01-03,Dovish/Co-operative,Dovish/Co-operative,126836.85594753858,113219.21742668527,26.836855947538574,13.219217426685258,12.027674126674981
2008-01-04,Dovish/Co-operative,Dovish/Co-operative,124224.5960274849,110444.59252555328,24.2245960274849,10.444592525553276,12.476847609124352
2008-01-07,Dovish/Co-operative,Dovish/Co-operative,123861.52055537571,110350.84175005666,23.861520555375716,10.350841750056649,12.243385361681769
2008-01-08,Dovish/Co-operative,Dovish/Co-operative,122601.67558919232,108568.85252481714,22.601675589192325,8.568852524817139,12.925275286636651
2008-01-09,Dovish/Co-operative,Dovish/Co-operative,123432.46520828202,109709.93386814633,23.432465208282018,9.709933868146337,12.508011677983477
2008-01-10,Dovish/Co-operative,Dovish/Co-operative,124821.75255974525,110429.0367919747,24.821752559745256,10.429036791974688,13.033452238547948
2008-01-11,Dovish/Co-operative,Dovish/Co-operative,123504.84183733152,109537.96306829016,23.504841837331526,9.537963068290157,12.750719821523315
2008-01-14,Dovish/Co-operative,Dovish/Co-operative,124894.9369877163,110421.18397786088,24.8949369877163,10.421183977860892,13.10776835426557
2008-01-15,Dovish/Co-operative,Dovish/Co-operative,122218.0026308118,107990.46736651922,22.218002630811796,7.990467366519227,13.174806639186375
2008-01-16,Dovish/Co-operative,Dovish/Co-operative,120723.33155963253,107060.3960516417,20.72333155963253,7.060396051641704,12.761895165603887
2008-01-17,Dovish/Co-operative,Dovish/Co-operative,118103.14750284073,104285.77115050971,18.10314750284072,4.285771150509721,13.24953174329908
2008-01-18,Dovish/Co-operative,Dovish/Co-operative,118507.20215562909,103215.01538002373,18.507202155629088,3.2150153800237335,14.815854766190363
2008-01-22,Dovish/Co-operative,Dovish/Co-operative,118420.62902192315,102167.69313967165,18.42062902192314,2.167693139671645,15.90809715164303
2008-01-23,Dovish/Co-operative,Dovish/Co-operative,120519.78739834258,104621.85993610823,20.519787398342572,4.621859936108241,15.195607755342033
2008-01-24,Dovish/Co-operative,Dovish/Co-operative,122116.69547343886,105505.07251819845,22.116695473438863,5.505072518198451,15.744857151181147
2008-01-25,Dovish/Co-operative,Dovish/Co-operative,121730.04391789611,103980.98536411992,21.730043917896104,3.9809853641199044,17.069523328349568
2008-01-28,Dovish/Co-operative,Dovish/Co-operative,123885.20677092235,105700.45186574702,23.88520677092234,5.700451865747014,17.204046514647153
2008-01-29,Dovish/Co-operative,Dovish/Co-operative,124234.41261799421,106224.1338046243,24.234412617994217,6.224133804624299,16.954978278755206
2008-01-30,Dovish/Co-operative,Dovish/Co-operative,123771.23649229205,105442.52481214452,23.771236492292047,5.442524812144511,17.38265629811293
2008-01-31,Dovish/Co-operative,Dovish/Co-operative,125304.93298408616,107365.190165512,25.304932984086157,7.365190165512003,16.709086800776497
2008-02-01,Dovish/Co-operative,Dovish/Co-operative,126424.77820729317,109092.52613621393,26.424778207293166,9.09252613621392,15.887662230351186
2008-02-04,Dovish/Co-operative,Dovish/Co-operative,125613.45853679106,107716.95126941614,25.613458536791068,7.716951269416139,16.614383396920584
2008-02-05,Dovish/Co-operative,Dovish/Co-operative,122423.56924178933,104832.9116019624,22.42356924178932,4.832911601962397,16.77970913048421
2008-02-06,Dovish/Co-operative,Dovish/Co-operative,121956.35882484341,103988.78821335071,21.956358824843413,3.9887882133507135,17.278372909422867
2008-02-07,Dovish/Co-operative,Dovish/Co-operative,123225.30357126186,104676.57148300935,23.22530357126187,4.676571483009351,17.720041672613696
2008-02-08,Dovish/Co-operative,Dovish/Co-operative,123738.22776618891,104004.45220417582,23.738227766188903,4.0044522041758235,18.973971925041088
2008-02-11,Dovish/Co-operative,Dovish/Co-operative,124025.59115125812,104535.92033732291,24.02559115125813,4.535920337322907,18.643994094130267
2008-02-12,Dovish/Co-operative,Dovish/Co-operative,124352.72377117485,105505.07251819845,24.352723771174855,5.505072518198451,17.864213353083457
2008-02-13,Dovish/Co-operative,Dovish/Co-operative,125593.68418210563,106583.61448295422,25.593684182105637,6.583614482954214,17.835827571968554
2008-02-14,Dovish/Co-operative,Dovish/Co-operative,124473.31610107904,105645.7569738069,24.473316101079035,5.6457569738068925,17.82140586293506
2008-02-15,Dovish/Co-operative,Dovish/Co-operative,124282.21158322247,105622.24849634847,24.282211583222455,5.62224849634847,17.66669745486349
2008-02-19,Dovish/Co-operative,Dovish/Co-operative,125870.72985814979,105919.2980533515,25.8707298581498,5.919298053351496,18.836446399738005
2008-02-20,Dovish/Co-operative,Dovish/Co-operative,126991.01774560673,106231.9199988941,26.991017745606726,6.231919998894098,19.5412995895478
2008-02-21,Dovish/Co-operative,Dovish/Co-operative,125752.8800295303,105348.7407267259,25.75288002953029,5.348740726725887,19.36818528826332
2008-02-22,Dovish/Co-operative,Dovish/Co-operative,126545.81992506768,105997.42647542551,26.545819925067683,5.997426475425516,19.38574749680939
2008-02-25,Dovish/Co-operative,Dovish/Co-operative,127825.4347538847,107333.93713118629,27.825434753884704,7.3339371311862855,19.09135001509652
2008-02-26,Dovish/Co-operative,Dovish/Co-operative,128910.76140163213,108138.97965379998,28.910761401632136,8.138979653799971,19.208412927819076
2008-02-27,Dovish/Co-operative,Dovish/Co-operative,129312.84243022291,108029.52325007573,29.31284243022292,8.029523250075732,19.70139137879816
2008-02-28,Dovish/Co-operative,Dovish/Co-operative,128522.63963208566,106974.42314293436,28.522639632085657,6.974423142934372,20.143335066513558
2008-02-29,Dovish/Co-operative,Dovish/Co-operative,125958.78574711333,104590.63188422403,25.95878574711332,4.590631884224039,20.43027513835336
2008-03-03,Dovish/Co-operative,Dovish/Co-operative,126545.13341965945,104340.47436993032,26.54513341965945,4.340474369930325,21.280964250751232
2008-03-04,Dovish/Co-operative,Dovish/Co-operative,124892.48450230244,103941.90449812189,24.892484502302437,3.9419044981218843,20.156047847438764
2008-03-05,Dovish/Co-operative,Dovish/Co-operative,126828.34018101805,104598.40142353282,26.82834018101805,4.598401423532827,21.25265630731128
2008-03-06,Dovish/Co-operative,Dovish/Co-operative,124662.21975711446,102433.47300738796,24.662219757114467,2.433473007387965,21.70066687880754
2008-03-07,Dovish/Co-operative,Dovish/Co-operative,123558.22417200154,101378.31460788309,23.55822417200155,1.378314607883091,21.878356973981262
2008-03-10,Dovish/Co-operative,Dovish/Co-operative,122517.99898479307,100041.83726204431,22.517998984793074,0.0418372620443197,22.46676224455564
2008-03-11,Dovish/Co-operative,Dovish/Co-operative,126801.7053674888,103637.1187117321,26.801705367488804,3.6371187117320902,22.351631291670017
2008-03-12,Dovish/Co-operative,Dovish/Co-operative,126238.52831723241,102667.92489345404,26.23852831723241,2.6679248934540434,22.958098596264897
2008-03-13,Dovish/Co-operative,Dovish/Co-operative,127501.9157060327,102894.61556769183,27.501915706032687,2.8946155676918384,23.915051339253356
2008-03-14,Dovish/Co-operative,Dovish/Co-operative,125828.22030032243,101300.17785832856,25.828220300322435,1.3001778583285661,24.21322742028853
2008-03-17,Dovish/Co-operative,Dovish/Co-operative,124204.463589943,100276.3058030714,24.204463589942993,0.2763058030714083,23.862225074249487
2008-03-18,Dovish/Co-operative,Dovish/Co-operative,127397.05847389555,104442.09461450177,27.39705847389555,4.442094614501757,21.97865137052364
2008-03-19,Dovish/Co-operative,Dovish/Co-operative,122784.0090576988,101855.12948649257,22.784009057698796,1.8551294864925794,20.547693254841626
2008-03-20,Dovish/Co-operative,Dovish/Co-operative,122794.63943958638,103741.72019432341,22.794639439586373,3.741720194323417,18.36572519674251
2008-03-24,Dovish/Co-operative,Dovish/Co-operative,125448.67858582982,105815.31280431736,25.44867858582982,5.815312804317374,18.554371065197483
2008-03-25,Dovish/Co-operative,Dovish/Co-operative,127071.15019259126,105917.40771527744,27.071150192591254,5.917407715277445,19.971922400308717
2008-03-26,Dovish/Co-operative,Dovish/Co-operative,126907.82384552865,104621.4269071221,26.907823845528654,4.621426907122106,21.30194320346188
2008-03-27,Dovish/Co-operative,Dovish/Co-operative,126138.22837092426,104291.4921296149,26.138228370924253,4.2914921296149044,20.947764573315286
2008-03-28,Dovish/Co-operative,Dovish/Co-operative,124648.85484340675,103294.00153258951,24.648854843406752,3.2940015325894967,20.673856171676853
2008-03-31,Dovish/Co-operative,Dovish/Co-operative,124532.95102892627,103655.33091159097,24.532951028926277,3.6553309115909594,20.141385815595058
2008-04-01,Dovish/Co-operative,Dovish/Co-operative,126231.58895946937,107299.79446112624,26.231588959469377,7.29979446112623,17.6438310934528
2008-04-02,Dovish/Co-operative,Dovish/Co-operative,127427.86583769662,107370.49477059206,27.42786583769663,7.370494770592062,18.680524021016343
2008-04-03,Dovish/Co-operative,Dovish/Co-operative,127834.88185303468,107637.51543290324,27.834881853034666,7.63751543290323,18.76424436117874
2008-04-04,Dovish/Co-operative,Dovish/Co-operative,127874.08200018395,107519.71489371553,27.874082000183954,7.519714893715523,18.930823176557855
2008-04-07,Dovish/Co-operative,Dovish/Co-operative,128232.55240201004,107574.69291999273,28.232552402010036,7.5746929199927315,19.20327069618626
2008-04-08,Dovish/Co-operative,Dovish/Co-operative,127965.62295805188,107464.74519491883,27.965622958051895,7.46474519491882,19.076840247421334
2008-04-09,Dovish/Co-operative,Dovish/Co-operative,127286.83832880305,106687.19168544374,27.286838328803054,6.6871916854437385,19.30845335595228
2008-04-10,Dovish/Co-operative,Dovish/Co-operative,127705.84581671929,106836.41180856721,27.70584581671929,6.8364118085672,19.534008728734342
2008-04-11,Dovish/Co-operative,Dovish/Co-operative,125646.59632884766,104762.80254361226,25.64659632884767,4.7628025436122545,19.934359599192277
2008-04-14,Dovish/Co-operative,Dovish/Co-operative,125215.98579368733,104409.38427108813,25.215985793687334,4.409384271088124,19.92790367250612
2008-04-15,Dovish/Co-operative,Dovish/Co-operative,126291.75615182937,104652.83816357735,26.29175615182937,4.652838163577355,20.676857281624184
2008-04-16,Dovish/Co-operative,Dovish/Co-operative,129614.08259979362,107488.32029222128,29.614082599793612,7.488320292221284,20.584340928782318
2008-04-17,Dovish/Co-operative,Dovish/Co-operative,128968.17179360379,107645.40155693906,28.96817179360378,7.645401556939069,19.808342881591678
2008-04-18,Dovish/Co-operative,Dovish/Co-operative,129733.96929486757,108768.58714466848,29.733969294867556,8.768587144668484,19.275217873625515
2008-04-21,Dovish/Co-operative,Dovish/Co-operative,129324.209595721,108823.56517094567,29.324209595720994,8.823565170945669,18.838423821689588
2008-04-22,Dovish/Co-operative,Dovish/Co-operative,128359.55194242389,108344.42692527601,28.359551942423877,8.344426925276016,18.473608274242004
2008-04-23,Dovish/Co-operative,Dovish/Co-operative,127855.85617544281,108171.67334225262,27.855856175442817,8.171673342252618,18.197169577759876
2008-04-24,Dovish/Co-operative,Dovish/Co-operative,127562.9913760872,108642.92546388645,27.562991376087197,8.642925463886453,17.414908362799842
2008-04-25,Dovish/Co-operative,Dovish/Co-operative,128864.14261697963,109648.31883990868,28.864142616979628,9.648318839908686,17.524959780848892
2008-04-28,Dovish/Co-operative,Dovish/Co-operative,129320.56483629366,109671.8606272891,29.320564836293663,9.671860627289108,17.915903037132818
2008-04-29,Dovish/Co-operative,Dovish/Co-operative,127350.21117047788,109239.87257622434,27.35021117047789,9.23987257622434,16.578505784704834
2008-04-30,Dovish/Co-operative,Dovish/Co-operative,127733.09004375075,108595.80857920357,27.733090043750753,8.595808579203567,17.622486277257686
2008-05-01,Dovish/Co-operative,Dovish/Co-operative,127935.88160894535,110842.18808214292,27.93588160894536,10.842188082142922,15.421649303904594
2008-05-02,Dovish/Co-operative,Dovish/Co-operative,128610.43483411125,111148.51445242568,28.610434834111253,11.148514452425683,15.710439737059833
2008-05-05,Dovish/Co-operative,Dovish/Co-operative,129303.03468805148,110614.3815255178,29.30303468805149,10.614381525517814,16.895319491726646
2008-05-06,Dovish/Co-operative,Dovish/Co-operative,130145.69569474939,111572.66634433765,30.145695694749385,11.572666344337645,16.646576584529505
2008-05-07,Dovish/Co-operative,Dovish/Co-operative,128196.36561755644,109585.48799951766,28.19636561755643,9.58548799951766,16.98297644859754
2008-05-08,Dovish/Co-operative,Dovish/Co-operative,129110.71710024809,109302.69508913484,29.110717100248085,9.302695089134838,18.122171639921667
2008-05-09,Dovish/Co-operative,Dovish/Co-operative,128784.08770369456,109098.50526721468,28.78408770369456,9.098505267214673,18.043860810250358
2008-05-12,Dovish/Co-operative,Dovish/Co-operative,130066.70993721405,110323.76078346268,30.066709937214053,10.323760783462689,17.89546423503612
2008-05-13,Dovish/Co-operative,Dovish/Co-operative,130144.38590801625,110339.46641169031,30.144385908016247,10.339466411690324,17.94908036117495
2008-05-14,Dovish/Co-operative,Dovish/Co-operative,129948.18983725496,110567.28129579592,29.948189837254958,10.567281295795915,17.528610918459787
2008-05-15,Dovish/Co-operative,Dovish/Co-operative,131339.81029996497,111949.65138668372,31.339810299964977,11.949651386683712,17.320428132737973
2008-05-16,Dovish/Co-operative,Dovish/Co-operative,132280.67744401528,112051.7629526048,32.28067744401528,12.051762952604793,18.053187168475727
2008-05-19,Dovish/Co-operative,Dovish/Co-operative,132435.88792398354,112358.11430532906,32.43588792398353,12.35811430532905,17.869446940070443
2008-05-20,Dovish/Co-operative,Dovish/Co-operative,132167.43619966903,111446.9713536336,32.16743619966902,11.446971353633595,18.592218877161848
2008-05-21,Dovish/Co-operative,Dovish/Co-operative,131481.43306950852,109561.87126481271,31.481433069508526,9.561871264812716,20.00656026740899
2008-05-22,Dovish/Co-operative,Dovish/Co-operative,131274.90988337013,109577.60187548184,31.27490988337014,9.577601875481845,19.80086042815936
2008-05-23,Dovish/Co-operative,Dovish/Co-operative,130143.01237513285,108108.80086445909,30.143012375132862,8.108800864459088,20.381515042701338
2008-05-27,Dovish/Co-operative,Dovish/Co-operative,130080.8712532879,108909.97943611964,30.08087125328791,8.909979436119642,19.43889065701816
2008-05-28,Dovish/Co-operative,Dovish/Co-operative,130694.75606760615,109412.66779665025,30.694756067606164,9.412667796650243,19.451210448967295
2008-05-29,Dovish/Co-operative,Dovish/Co-operative,130260.61704628787,109962.45638690273,30.260617046287862,9.96245638690274,18.459173545529104
2008-05-30,Dovish/Co-operative,Dovish/Co-operative,130698.6022932994,110237.38815569124,30.698602293299395,10.23738815569124,18.561047644479967
2008-06-02,Dovish/Co-operative,Dovish/Co-operative,130122.5220747262,109098.50526721468,30.12252207472621,9.098505267214673,19.270673558741656
2008-06-03,Dovish/Co-operative,Dovish/Co-operative,129017.61517563733,108462.27742934674,29.017615175637324,8.46227742934673,18.95160071636934
2008-06-04,Dovish/Co-operative,Dovish/Co-operative,128488.9393953917,108407.28274810853,28.4889393953917,8.407282748108535,18.52426897733821
2008-06-05,Dovish/Co-operative,Dovish/Co-operative,130842.8457726671,110575.13410990975,30.842845772667093,10.575134109909756,18.329357523194687
2008-06-06,Dovish/Co-operative,Dovish/Co-operative,128858.41392453104,107048.45444460117,28.858413924531035,7.048454444601182,20.373913470387173
2008-06-09,Dovish/Co-operative,Dovish/Co-operative,128835.83600814617,107307.63894775954,28.835836008146167,7.307638947759543,20.062129100489457
2008-06-10,Dovish/Co-operative,Dovish/Co-operative,127466.55377709001,106773.56431321519,27.46655377709002,6.773564313215186,19.38025540027204
2008-06-11,Dovish/Co-operative,Dovish/Co-operative,126728.72967441828,105202.69337367386,26.728729674418283,5.20269337367385,20.461487829294622
2008-06-12,Dovish/Co-operative,Dovish/Co-operative,126603.22666321976,105603.27016828339,26.603226663219747,5.603270168283392,19.88570662771336
2008-06-13,Dovish/Co-operative,Dovish/Co-operative,127448.55956916229,106938.44842716376,27.448559569162278,6.938448427163757,19.179361065789212
2008-06-16,Dovish/Co-operative,Dovish/Co-operative,128012.73942277618,107001.3292324378,28.01273942277618,7.001329232437792,19.6365880134961
2008-06-17,Dovish/Co-operative,Dovish/Co-operative,128059.2794292433,106482.90193375754,28.05927942924329,6.482901933757534,20.26276247515146
2008-06-18,Dovish/Co-operative,Dovish/Co-operative,127602.8705302718,105446.1805760851,27.602870530271794,5.446180576085102,21.01232100881971
2008-06-19,Dovish/Co-operative,Dovish/Co-operative,127865.6044243733,105579.69507098093,27.865604424373313,5.579695070980928,21.108139532331126
2008-06-20,Dovish/Co-operative,Dovish/Co-operative,126572.74664031646,103865.96620342002,26.57274664031646,3.8659662034200126,21.861617685648383
2008-06-23,Dovish/Co-operative,Dovish/Co-operative,125889.85195780019,103763.29669630527,25.889851957800182,3.763296696305285,21.324067339779095
2008-06-24,Dovish/Co-operative,Dovish/Co-operative,125303.62211235613,103558.09092176381,25.303622112356127,3.5580909217638013,20.998389403509442
2008-06-25,Dovish/Co-operative,Dovish/Co-operative,125819.25766175272,104047.50527837352,25.819257661752726,4.04750527837352,20.924819220922263
2008-06-26,Dovish/Co-operative,Dovish/Co-operative,125159.36775201086,101221.5497874244,25.159367752010866,1.221549787424392,23.648934456010927
2008-06-27,Dovish/Co-operative,Dovish/Co-operative,125037.51715662343,100668.95483624258,25.037517156623434,0.6689548362425857,24.20663089233519
2008-06-30,Dovish/Co-operative,Dovish/Co-operative,124407.92294249639,101024.19682699675,24.407922942496384,1.0241968269967483,23.14665877081321
2008-07-01,Dovish/Co-operative,Dovish/Co-operative,124421.33582874654,101339.94990520828,24.42133582874655,1.339949905208293,22.776196302769236
2008-07-02,Dovish/Co-operative,Dovish/Co-operative,122383.83213847266,99603.32879374611,22.38383213847266,-0.39667120625388463,22.871226916420984
2008-07-03,Dovish/Co-operative,Dovish/Co-operative,121796.19784552255,99705.94833597785,21.796197845522556,-0.29405166402214356,22.155397825521362
2008-07-07,Dovish/Co-operative,Dovish/Co-operative,120746.85484546942,98687.65569265734,20.746854845469432,-1.312344307342661,22.352541458184994
2008-07-08,Dovish/Co-operative,Dovish/Co-operative,122243.18566314707,100440.03239723014,22.24318566314707,0.440032397230139,21.70763264958704
2008-07-09,Dovish/Co-operative,Dovish/Co-operative,120507.63778328308,98506.09163526235,20.507637783283084,-1.4939083647376505,22.335213774885787
2008-07-10,Dovish/Co-operative,Dovish/Co-operative,122204.43824688262,98908.68368015345,22.20443824688263,-1.091316319846547,23.55279000786419
2008-07-11,Dovish/Co-operative,Dovish/Co-operative,122316.2733865521,97756.16037861389,22.316273386552112,-2.2438396213861123,25.123851952466026
2008-07-14,Dovish/Co-operative,Dovish/Co-operative,121397.68841308304,96872.09839351242,21.39768841308305,-3.127901606487571,25.317496396065597
2008-07-15,Dovish/Co-operative,Dovish/Co-operative,119939.05209517125,95506.46653843456,19.939052095171263,-4.4935334615654465,25.582126993363662
2008-07-16,Dovish/Co-operative,Dovish/Co-operative,122345.3271897559,97850.91877925131,22.345327189755903,-2.1490812207486942,25.03237446933251
2008-07-17,Dovish/Co-operative,Dovish/Co-operative,123948.92724025507,98829.7225100292,23.94892724025508,-1.1702774899708057,25.416650064636958
2008-07-18,Dovish/Co-operative,Dovish/Co-operative,123827.16331836287,99445.46474586111,23.827163318362878,-0.5545352541388882,24.517657627535506
2008-07-21,Dovish/Co-operative,Dovish/Co-operative,124739.14669045292,99500.71757899488,24.73914669045292,-0.49928242100512055,25.365072459322647
2008-07-22,Dovish/Co-operative,Dovish/Co-operative,125565.28470512465,100629.51588858297,25.565284705124647,0.6295158885829766,24.779776188281154
2008-07-23,Dovish/Co-operative,Dovish/Co-operative,125181.63291075472,101174.17475084594,25.181632910754725,1.1741747508459355,23.72884011066081
2008-07-24,Dovish/Co-operative,Dovish/Co-operative,122851.51305392582,99074.40886963278,22.85151305392583,-0.9255911303672204,23.999239011943207
2008-07-25,Dovish/Co-operative,Dovish/Co-operative,122789.89984646154,99050.75882500582,22.789899846461537,-0.9492411749941865,23.966642258032532
2008-07-28,Dovish/Co-operative,Dovish/Co-operative,121549.13217074318,97598.30465820938,21.549132170743167,-2.4016953417906217,24.540208558345288
2008-07-29,Dovish/Co-operative,Dovish/Co-operative,124590.0616855585,99682.25665394838,24.590061685558506,-0.31774334605161325,24.98720019760259
2008-07-30,Dovish/Co-operative,Dovish/Co-operative,125287.39727541793,101458.32504055066,25.287397275417934,1.4583250405506565,23.48656182264326
2008-07-31,Dovish/Co-operative,Dovish/Co-operative,123933.7244154217,100116.41817742429,23.933724415421697,0.11641817742429339,23.78961080667994
2008-08-01,Dovish/Co-operative,Dovish/Co-operative,123671.59525073081,99587.51490827196,23.671595250730814,-0.41248509172804315,24.18383505667574
2008-08-04,Dovish/Co-operative,Dovish/Co-operative,121590.20295229008,98663.96401062785,21.590202952290085,-1.3360359893721419,23.236689475797533
2008-08-05,Dovish/Co-operative,Dovish/Co-operative,122948.77592161248,101324.18598461714,22.948775921612487,1.3241859846171433,21.34198239725147
2008-08-06,Dovish/Co-operative,Dovish/Co-operative,124013.65461824911,101774.11142868419,24.013654618249113,1.7741114286841997,21.85186672462256
2008-08-07,Dovish/Co-operative,Dovish/Co-operative,121951.7697760764,100258.50997723766,21.951769776076404,0.2585099772376642,21.637325154506982
2008-08-08,Dovish/Co-operative,Dovish/Co-operative,123095.20152288454,102121.42565800002,23.095201522884533,2.12142565800002,20.53807585405705
2008-08-11,Dovish/Co-operative,Dovish/Co-operative,123690.29916685482,103179.19888638268,23.69029916685481,3.1791988863826948,19.879104026634508
2008-08-12,Dovish/Co-operative,Dovish/Co-operative,122532.23812102037,102105.64508244788,22.532238121020363,2.1056450824478823,20.00535134181709
2008-08-13,Dovish/Co-operative,Dovish/Co-operative,122722.67277003215,101489.88619165495,22.722672770032148,1.4898861916549544,20.921086203881334
2008-08-14,Dovish/Co-operative,Dovish/Co-operative,122850.4510696671,102255.61467881656,22.8504510696671,2.2556146788165643,20.140543338904806
2008-08-15,Dovish/Co-operative,Dovish/Co-operative,122443.62860033875,102752.9318144231,22.443628600338748,2.7529318144230874,19.163148377584037
2008-08-18,Dovish/Co-operative,Dovish/Co-operative,121466.75817989909,101347.8360292441,21.46675817989909,1.3478360292441094,19.851358389980444
2008-08-19,Dovish/Co-operative,Dovish/Co-operative,120645.78699230832,100242.704419244,20.645786992308324,0.24270441924398867,20.353683284254508
2008-08-20,Dovish/Co-operative,Dovish/Co-operative,120886.26153325003,100708.45207626572,20.88626153325004,0.7084520762657087,20.035864955707794
2008-08-21,Dovish/Co-operative,Dovish/Co-operative,121495.83726166729,100882.10502718338,21.495837261667283,0.8821050271833775,20.433487414769335
2008-08-22,Dovish/Co-operative,Dovish/Co-operative,122090.88930271092,102342.41200809364,22.090889302710927,2.3424120080936417,19.296474362022554
2008-08-25,Dovish/Co-operative,Dovish/Co-operative,120136.68014739644,100266.38777379297,20.136680147396447,0.2663877737929754,19.817500973937598
2008-08-26,Dovish/Co-operative,Dovish/Co-operative,120412.42349933856,100558.47415241653,20.412423499338562,0.5584741524165215,19.74368596407836
2008-08-27,Dovish/Co-operative,Dovish/Co-operative,121440.02339276312,101537.28621067492,21.44002339276312,1.5372862106749263,19.601407448287468
2008-08-28,Dovish/Co-operative,Dovish/Co-operative,123018.23087855958,102768.72071745574,23.018230878559585,2.7687207174557305,19.703962470036252
2008-08-29,Dovish/Co-operative,Dovish/Co-operative,122250.22606190102,101663.58910745564,22.250226061901014,1.663589107455632,20.249764084844447
2008-09-02,Dovish/Co-operative,Dovish/Co-operative,120990.98419280871,101032.09960599359,20.990984192808714,1.032099605993575,19.754993377996755
2008-09-03,Dovish/Co-operative,Dovish/Co-operative,121097.34146730528,100945.2523118335,21.097341467305284,0.9452523118334888,19.963384799137707
2008-09-04,Dovish/Co-operative,Dovish/Co-operative,117659.62236210518,97906.14662994359,17.659622362105164,-2.09385337005642,20.175930125024657
2008-09-05,Dovish/Co-operative,Dovish/Co-operative,118465.00702982329,98214.02191159979,18.465007029823298,-1.7859780884002086,20.61924023073911
2008-09-08,Dovish/Co-operative,Dovish/Co-operative,120097.45117918537,100242.704419244,20.097451179185377,0.24270441924398867,19.806675084206702
2008-09-09,Dovish/Co-operative,Dovish/Co-operative,116535.26197404094,97266.7460220042,16.53526197404094,-2.7332539779957976,19.80997282224053
2008-09-10,Dovish/Co-operative,Dovish/Co-operative,116607.45409548629,97661.4685978205,16.607454095486297,-2.338531402179511,19.39965246241302
2008-09-11,Dovish/Co-operative,Dovish/Co-operative,117076.66901506302,99074.40886963278,17.07666901506302,-0.9255911303672204,18.170444164969513
2008-09-12,Dovish/Co-operative,Dovish/Co-operative,119011.7349252314,99532.27873009919,19.011734925231405,-0.46772126990081153,19.570993896316267
2008-09-15,Dovish/Co-operative,Dovish/Co-operative,115088.35513120412,94796.01586684825,15.088355131204123,-5.203984133151751,21.406320802404565
2008-09-16,Dovish/Co-operative,Dovish/Co-operative,116413.48704889673,96382.70901934423,16.413487048896734,-3.617290980655774,20.782543086159034
2008-09-17,Dovish/Co-operative,Dovish/Co-operative,115033.79263881063,92049.0382009844,15.033792638810617,-7.950961799015599,24.970119065926767
2008-09-18,Dovish/Co-operative,Dovish/Co-operative,119864.78709158798,94780.22696381558,19.864787091587964,-5.219773036184416,26.466026650631424
2008-09-19,Dovish/Co-operative,Dovish/Co-operative,124807.02873323754,98544.3147707686,24.807028733237544,-1.455685229231396,26.650663737995075
2008-09-22,Dovish/Co-operative,Dovish/Co-operative,122152.37631615253,96313.3327792783,22.152376316152523,-3.6866672207217066,26.82810654687828
2008-09-23,Dovish/Co-operative,Dovish/Co-operative,119895.72630291109,94122.05621482368,19.8957263029111,-5.8779437851763205,27.383241638136035
2008-09-24,Dovish/Co-operative,Dovish/Co-operative,119706.40652824403,94423.75250594706,19.706406528244024,-5.576247494052932,26.775735290444636
2008-09-25,Dovish/Co-operative,Dovish/Co-operative,120020.29068434313,95900.50626084965,20.020290684343124,-4.0994937391503505,25.150841600238884
2008-09-26,Dovish/Co-operative,Dovish/Co-operative,119086.81227070354,95948.10613940169,19.086812270703547,-4.051893860598311,24.115854978610972
2008-09-29,Dovish/Co-operative,Dovish/Co-operative,113504.9977739474,88429.46549067096,13.504997773947402,-11.570534509329033,28.35653494470327
2008-09-30,Dovish/Co-operative,Dovish/Co-operative,115339.83746171757,92089.57637607034,15.339837461717565,-7.910423623929663,25.247440590560544
2008-10-01,Dovish/Co-operative,Dovish/Co-operative,115358.70302170288,92145.14565346322,15.35870302170288,-7.854854346536788,25.19238230469627
2008-10-02,Dovish/Co-operative,Dovish/Co-operative,109584.13978332728,88802.59490954441,9.584139783327284,-11.197405090455593,23.401956772717348
2008-10-03,Dovish/Co-operative,Dovish/Co-operative,107847.46697917122,87603.76248893069,7.847466979171225,-12.396237511069309,23.108259183272484
2008-10-06,Dovish/Co-operative,Dovish/Co-operative,104720.74407843483,83141.79850595006,4.720744078434835,-16.85820149404994,25.95438871934008
2008-10-07,Dovish/Co-operative,Dovish/Co-operative,101478.5543361793,79418.21556416099,1.478554336179294,-20.581784435839012,27.777429416298126
2008-10-08,Dovish/Co-operative,Dovish/Co-operative,101558.87674453785,77417.463426122,1.5588767445378515,-22.582536573878,31.183420703848718
2008-10-09,Dovish/Co-operative,Dovish/Co-operative,96246.3511194647,72010.69681525501,-3.7536488805352985,-27.989303184744983,33.65563086604588
2008-10-10,Dovish/Co-operative,Dovish/Co-operative,94922.64694988701,70264.0743997094,-5.077353050112987,-29.735925600290603,35.09413987282184
2008-10-13,Dovish/Co-operative,Dovish/Co-operative,103246.4708005998,80466.21233043376,3.2464708005997878,-19.533787669566237,28.310340216610562
2008-10-14,Dovish/Co-operative,Dovish/Co-operative,101956.82209529178,79275.28268881686,1.956822095291777,-20.724717311183138,28.611111354226093
2008-10-15,Dovish/Co-operative,Dovish/Co-operative,94672.93647855513,71470.82625428094,-5.327063521444875,-28.52917374571906,32.46374981272086
2008-10-16,Dovish/Co-operative,Dovish/Co-operative,96146.73799255598,74448.12537588165,-3.853262007444025,-25.551874624118355,29.145948950521007
2008-10-17,Dovish/Co-operative,Dovish/Co-operative,94554.93987972107,74003.51286437515,-5.445060120278922,-25.996487135624847,27.77088035403148
2008-10-20,Dovish/Co-operative,Dovish/Co-operative,98049.03966602209,78449.5880145571,-1.9509603339779136,-21.550411985442896,24.983498508402757
2008-10-21,Dovish/Co-operative,Dovish/Co-operative,94878.44892120625,76107.45081332003,-5.121551078793751,-23.892549186679968,24.66381137101623
2008-10-22,Dovish/Co-operative,Dovish/Co-operative,89855.76297376271,71963.06362678098,-10.14423702623729,-28.036936373219024,24.86372653584885
2008-10-23,Dovish/Co-operative,Dovish/Co-operative,89049.7502230634,72796.70271744009,-10.950249776936605,-27.203297282559912,22.326625930722987
2008-10-24,Dovish/Co-operative,Dovish/Co-operative,85857.12855366197,69104.87245880686,-14.142871446338035,-30.895127541193148,24.24178715450356
2008-10-27,Dovish/Co-operative,Dovish/Co-operative,83766.36858238377,66651.5925390438,-16.233631417616223,-33.348407460956196,25.677970159999262
2008-10-28,Dovish/Co-operative,Dovish/Co-operative,90333.59319569751,74440.19761444331,-9.666406804302486,-25.559802385556686,21.350555332446454
2008-10-29,Dovish/Co-operative,Dovish/Co-operative,90891.38253749444,73900.29374354724,-9.108617462505553,-26.09970625645276,22.991909684297852
2008-10-30,Dovish/Co-operative,Dovish/Co-operative,93713.16677459076,76456.80527535896,-6.2868332254092385,-23.543194724641037,22.570079193190274
2008-10-31,Dovish/Co-operative,Dovish/Co-operative,95103.8218567427,76877.60952010895,-4.896178143257302,-23.122390479891052,23.70808932588662
2008-11-03,Dovish/Co-operative,Dovish/Co-operative,94586.33967724447,77099.87830219993,-5.413660322755531,-22.900121697800067,22.680271045960374
2008-11-04,Dovish/Co-operative,Dovish/Co-operative,98613.15902980088,79719.92851024537,-1.3868409701991213,-20.280071489754626,23.69950760445978
2008-11-05,Dovish/Co-operative,Dovish/Co-operative,93376.2749020367,76369.45833236873,-6.623725097963296,-23.630541667631277,22.26913342196608
2008-11-06,Dovish/Co-operative,Dovish/Co-operative,90294.04337245114,72137.76584024195,-9.705956627548861,-27.86223415975805,25.16889360341228
2008-11-07,Dovish/Co-operative,Dovish/Co-operative,91903.72902881536,74519.5834860732,-8.096270971184637,-25.480416513926794,23.328291342357076
2008-11-10,Dovish/Co-operative,Dovish/Co-operative,91800.97689534441,73543.01152006997,-8.19902310465559,-26.456988479930033,24.8262411314117
2008-11-11,Dovish/Co-operative,Dovish/Co-operative,89613.44885178187,71272.34075650497,-10.386551148218137,-28.72765924349503,25.733837138782235
2008-11-12,Dovish/Co-operative,Dovish/Co-operative,85595.37225832514,68136.25740042372,-14.404627741674858,-31.863742599576273,25.62382426627505
2008-11-13,Dovish/Co-operative,Dovish/Co-operative,90711.020860589,72383.88452649195,-9.288979139411001,-27.616115473508053,25.319360039857287
2008-11-14,Dovish/Co-operative,Dovish/Co-operative,87143.33176847573,68771.42348452762,-12.85666823152426,-31.228576515472373,26.714451080224432
2008-11-17,Dovish/Co-operative,Dovish/Co-operative,85977.22324504965,67858.39852223861,-14.02277675495035,-32.1416014777614,26.700931818886243
2008-11-18,Dovish/Co-operative,Dovish/Co-operative,85456.00399668819,69136.64179692372,-14.54399600331181,-30.863358203076274,23.6045051880009
2008-11-19,Dovish/Co-operative,Dovish/Co-operative,81490.16305495189,64706.42216961845,-18.509836945048107,-35.29357783038155,25.9382922476185
2008-11-20,Dovish/Co-operative,Dovish/Co-operative,78865.7255134832,59903.077287179985,-21.1342744865168,-40.09692271282002,31.655549405909156
2008-11-21,Dovish/Co-operative,Dovish/Co-operative,82727.87185408689,63134.43118394954,-17.27212814591311,-36.865568816050455,31.034477230102176
2008-11-24,Dovish/Co-operative,Dovish/Co-operative,86906.58478754031,67509.03989645944,-13.093415212459691,-32.490960103540566,28.733255458574813
2008-11-25,Dovish/Co-operative,Dovish/Co-operative,87203.5670746767,68009.24250406006,-12.796432925323298,-31.99075749593994,28.223111835822557
2008-11-26,Dovish/Co-operative,Dovish/Co-operative,89760.94939927201,70637.21214606334,-10.239050600727994,-29.362787853936666,27.07317669002096
2008-11-28,Dovish/Co-operative,Dovish/Co-operative,89747.38876971799,71526.41218663481,-10.252611230282016,-28.473587813365185,25.47447303177872
2008-12-01,Dovish/Co-operative,Dovish/Co-operative,82797.36223952875,65190.69430701788,-17.20263776047125,-34.809305692982115,27.007946639733028
2008-12-02,Dovish/Co-operative,Dovish/Co-operative,85783.91865235084,67699.60179653733,-14.216081347649157,-32.30039820346266,26.7125896990704
2008-12-03,Dovish/Co-operative,Dovish/Co-operative,86477.1389969486,69327.18704204062,-13.5228610030514,-30.672812957959383,24.737700585641974
2008-12-04,Dovish/Co-operative,Dovish/Co-operative,84508.50961978156,67723.38508085234,-15.491490380218442,-32.27661491914766,24.784828045571118
2008-12-05,Dovish/Co-operative,Dovish/Co-operative,86180.23552517487,69811.49248936205,-13.819764474825135,-30.18850751063795,23.447060723285794
2008-12-08,Dovish/Co-operative,Dovish/Co-operative,89159.1905894084,72248.88774006668,-10.84080941059159,-27.75111225993332,23.40562377953932
2008-12-09,Dovish/Co-operative,Dovish/Co-operative,87683.17628184946,71057.9497709693,-12.316823718150538,-28.942050229030702,23.396715729156025
2008-12-10,Dovish/Co-operative,Dovish/Co-operative,90088.05438125973,71542.292691953,-9.911945618740269,-28.457707308047,25.922794743468902
2008-12-11,Dovish/Co-operative,Dovish/Co-operative,88035.9311404113,69819.44939698215,-11.964068859588705,-30.180550603017853,26.090841306772795
2008-12-12,Dovish/Co-operative,Dovish/Co-operative,89212.51005599115,70653.0759964205,-10.787489944008843,-29.34692400357949,26.268402044535065
2008-12-15,Dovish/Co-operative,Dovish/Co-operative,88539.60336168425,69668.5804327192,-11.46039663831575,-30.331419567280793,27.086848636437043
2008-12-16,Dovish/Co-operative,Dovish/Co-operative,92468.1009984406,72947.54669926153,-7.531899001559406,-27.052453300738478,26.759713221961846
2008-12-17,Dovish/Co-operative,Dovish/Co-operative,92459.95375645762,72240.97663358935,-7.5400462435423865,-27.759023366410652,27.98823889856883
2008-12-18,Dovish/Co-operative,Dovish/Co-operative,90724.59428720319,70891.2835761932,-9.275405712796815,-29.1087164238068,27.977079424289684
2008-12-19,Dovish/Co-operative,Dovish/Co-operative,90587.85265373786,70586.27294782983,-9.412147346262135,-29.41372705217017,28.336358998145663
2008-12-22,Dovish/Co-operative,Dovish/Co-operative,89218.1001895905,69681.86276412061,-10.78189981040949,-30.318137235879384,28.03633061820092
2008-12-23,Dovish/Co-operative,Dovish/Co-operative,88621.51635795087,68961.51071821687,-11.378483642049131,-31.038489281783132,28.508664376664548
2008-12-24,Dovish/Co-operative,Dovish/Co-operative,89056.21807262444,69361.75024986605,-10.943781927375563,-30.63824975013395,28.39384495317927
2008-12-26,Dovish/Co-operative,Dovish/Co-operative,90027.17950902473,69761.92732541145,-9.972820490975264,-30.238072674588544,29.049157557078374
2008-12-29,Dovish/Co-operative,Dovish/Co-operative,89542.1937930651,69561.83878763874,-10.457806206934894,-30.43816121236126,28.723155330069993
2008-12-30,Dovish/Co-operative,Dovish/Co-operative,91170.29412992793,71210.57583361826,-8.829705870072068,-28.78942416638174,28.029148848543308
2008-12-31,Dovish/Co-operative,Dovish/Co-operative,92821.13096061967,72227.06974115026,-7.178869039380331,-27.772930258849737,28.512940222101047
2009-01-02,Dovish/Co-operative,Dovish/Co-operative,94583.0423595796,74404.1812612702,-5.416957640420394,-25.595818738729793,27.120600961189734
2009-01-05,Dovish/Co-operative,Dovish/Co-operative,94135.44824615112,74316.14313739826,-5.864551753848879,-25.68385686260174,26.668909703925614
2009-01-06,Dovish/Co-operative,Dovish/Co-operative,95601.2393399702,74812.36937305896,-4.398760660029799,-25.187630626941036,27.788011716679595
2009-01-07,Dovish/Co-operative,Dovish/Co-operative,92111.4251173466,72571.25283779716,-7.888574882653399,-27.42874716220284,26.92549944428184
2009-01-08,Dovish/Co-operative,Dovish/Co-operative,92663.74307872842,72867.42800934742,-7.336256921271578,-27.132571990652576,27.167577627196525
2009-01-09,Dovish/Co-operative,Dovish/Co-operative,90685.55467903128,71306.63332121407,-9.314445320968723,-28.693366678785925,27.17688447093165
2009-01-12,Dovish/Co-operative,Dovish/Co-operative,87801.44854345004,69593.82880398893,-12.198551456549966,-30.406171196011066,26.162692946156028
2009-01-13,Dovish/Co-operative,Dovish/Co-operative,88150.94711545529,69721.88047167515,-11.849052884544708,-30.278119528324854,26.432257017604456
2009-01-14,Dovish/Co-operative,Dovish/Co-operative,85327.77058095863,67528.82182639302,-14.672229419041372,-32.47117817360699,26.357558555255387
2009-01-15,Dovish/Co-operative,Dovish/Co-operative,85967.19536436143,67552.82995268158,-14.032804635638573,-32.447170047318416,27.259206497460543
2009-01-16,Dovish/Co-operative,Dovish/Co-operative,86812.59350226623,68081.07118713397,-13.187406497733766,-31.91892881286602,27.513554044478905
2009-01-20,Dovish/Co-operative,Dovish/Co-operative,83133.36375709731,64487.334485079395,-16.86663624290269,-35.512665514920606,28.914250249143247
2009-01-21,Dovish/Co-operative,Dovish/Co-operative,85425.67539144987,67272.71016354005,-14.574324608550127,-32.72728983645995,26.98414436370995
2009-01-22,Dovish/Co-operative,Dovish/Co-operative,83971.2555775154,66232.19980223899,-16.028744422484596,-33.76780019776101,26.783129396642423
2009-01-23,Dovish/Co-operative,Dovish/Co-operative,85153.84455636387,66520.33479136413,-14.846155443636134,-33.479665208635865,28.011749825737176
2009-01-26,Dovish/Co-operative,Dovish/Co-operative,85454.69426700738,66976.5683019118,-14.54530573299262,-33.0234316980882,27.588941078320573
2009-01-27,Dovish/Co-operative,Dovish/Co-operative,85933.58547665837,67656.87349407923,-14.066414523341631,-32.34312650592076,27.0138288080642
2009-01-28,Dovish/Co-operative,Dovish/Co-operative,88302.81597385013,69945.99795443768,-11.697184026149877,-30.05400204556231,26.24427209026303
2009-01-29,Dovish/Co-operative,Dovish/Co-operative,86229.5776996535,67672.87891160496,-13.770422300346496,-32.32712108839504,27.42117534601638
2009-01-30,Dovish/Co-operative,Dovish/Co-operative,85287.26418782602,66296.22979982235,-14.712735812173982,-33.70377020017765,28.64572306049078
2009-02-02,Dovish/Co-operative,Dovish/Co-operative,84313.23977648365,66096.1370983094,-15.68676022351635,-33.90386290169061,27.561523982980553
2009-02-03,Dovish/Co-operative,Dovish/Co-operative,84821.69715266733,67024.5803907487,-15.17830284733267,-32.9754196092513,26.553119255894874
2009-02-04,Dovish/Co-operative,Dovish/Co-operative,85038.16438859144,66696.411039108,-14.961835611408558,-33.30358896089199,27.500360309835248
2009-02-05,Dovish/Co-operative,Dovish/Co-operative,86279.00741087232,67688.89682035142,-13.720992589127679,-32.31110317964858,27.464047227508615
2009-02-06,Dovish/Co-operative,Dovish/Co-operative,88458.068975871,69617.8535852385,-11.541931024128992,-30.3821464147615,27.06233303726462
2009-02-09,Dovish/Co-operative,Dovish/Co-operative,88296.07620735186,69713.87359917205,-11.70392379264814,-30.28612640082795,26.65495639364459
2009-02-10,Dovish/Co-operative,Dovish/Co-operative,85356.61752885777,66520.33479136413,-14.64338247114223,-33.479665208635865,28.316578376480162
2009-02-11,Dovish/Co-operative,Dovish/Co-operative,86351.01948728955,66912.52164936744,-13.648980512710452,-33.08747835063256,29.0506131868457
2009-02-12,Dovish/Co-operative,Dovish/Co-operative,86447.45771616047,66960.52541072383,-13.55254228383953,-33.039474589276175,29.10211977266799
2009-02-13,Dovish/Co-operative,Dovish/Co-operative,85719.83190573033,66240.20251100184,-14.280168094269674,-33.75979748899815,29.40756316602915
2009-02-17,Dovish/Co-operative,Dovish/Co-operative,83029.0637463325,63406.81474370429,-16.970936253667503,-36.593185256295705,30.946593172899473
2009-02-18,Dovish/Co-operative,Dovish/Co-operative,82834.49749388997,63254.74662224899,-17.16550250611003,-36.745253377751006,30.953804919288185
2009-02-19,Dovish/Co-operative,Dovish/Co-operative,81886.2721591178,62574.412283899794,-18.1137278408822,-37.4255877161002,30.862231334431378
2009-02-20,Dovish/Co-operative,Dovish/Co-operative,81581.74945511902,61966.11481563707,-18.418250544880987,-38.03388518436292,31.65542118921416
2009-02-23,Dovish/Co-operative,Dovish/Co-operative,79695.91232059128,59749.03971658585,-20.304087679408724,-40.25096028341415,33.38442374743027
2009-02-24,Dovish/Co-operative,Dovish/Co-operative,81233.73554114424,62014.14772317522,-18.766264458855765,-37.98585227682479,30.992263094162453
2009-02-25,Dovish/Co-operative,Dovish/Co-operative,80292.83099187116,61525.915868796874,-19.707169008128844,-38.47408413120312,30.502455523123718
2009-02-26,Dovish/Co-operative,Dovish/Co-operative,80137.7682158386,60525.4190513101,-19.8622317841614,-39.4745809486899,32.403491742704404
2009-02-27,Dovish/Co-operative,Dovish/Co-operative,79177.29867520017,59172.75308337456,-20.82270132479983,-40.827246916625434,33.80702189678273
2009-03-02,Dovish/Co-operative,Dovish/Co-operative,75718.08811447909,56507.46800123979,-24.281911885520913,-43.49253199876021,33.996603975987426
2009-03-03,Dovish/Co-operative,Dovish/Co-operative,75271.99302983817,56083.25781696431,-24.728006970161832,-43.916742183035694,34.21472995648544
2009-03-04,Dovish/Co-operative,Dovish/Co-operative,76813.31885768929,57411.89483991001,-23.186681142310718,-42.58810516008998,33.793387366640836
2009-03-05,Dovish/Co-operative,Dovish/Co-operative,75129.55646089092,55066.75974569206,-24.870443539109075,-44.93324025430794,36.433588625610746
2009-03-06,Dovish/Co-operative,Dovish/Co-operative,75561.53681993144,55162.79225084636,-24.43846318006856,-44.83720774915364,36.97917334627328
2009-03-09,Dovish/Co-operative,Dovish/Co-operative,74550.46487148911,54514.51038495111,-25.44953512851089,-45.48548961504889,36.75343380148743
2009-03-10,Dovish/Co-operative,Dovish/Co-operative,77418.05205187191,57764.07231783927,-22.58194794812809,-42.23592768216072,34.02457435114543
2009-03-11,Dovish/Co-operative,Dovish/Co-operative,77661.31132934295,58140.25375831686,-22.33868867065705,-41.85974624168314,33.57580386933492
2009-03-12,Dovish/Co-operative,Dovish/Co-operative,80548.19288453684,60429.34907249355,-19.45180711546316,-39.570650927506456,33.29316651732901
2009-03-13,Dovish/Co-operative,Dovish/Co-operative,80634.14463127863,60901.59216430718,-19.365855368721373,-39.09840783569282,32.40071690364801
2009-03-16,Dovish/Co-operative,Dovish/Co-operative,80789.36111281932,60717.52153528095,-19.210638887180686,-39.28247846471905,33.05773863953798
2009-03-17,Dovish/Co-operative,Dovish/Co-operative,82304.63354155517,62574.412283899794,-17.695366458444827,-37.4255877161002,31.53081353467526
2009-03-18,Dovish/Co-operative,Dovish/Co-operative,84425.80803538879,63975.131978074736,-15.574191964611206,-36.02486802192526,31.966602373439134
2009-03-19,Dovish/Co-operative,Dovish/Co-operative,84269.55892203352,63182.69309720151,-15.730441077966473,-36.817306902798485,33.374433394903825
2009-03-20,Dovish/Co-operative,Dovish/Co-operative,83007.81989923713,61837.292856004366,-16.992180100762866,-38.16270714399563,34.23585681949388
2009-03-23,Dovish/Co-operative,Dovish/Co-operative,87172.89584089353,66279.00857014328,-12.827104159106472,-33.72099142985672,31.524139726136944
2009-03-24,Dovish/Co-operative,Dovish/Co-operative,85256.7269259277,64973.11806019003,-14.743273074072306,-35.026881939809975,31.218463067983393
2009-03-25,Dovish/Co-operative,Dovish/Co-operative,86176.22086784164,65658.29899219165,-13.823779132158364,-34.34170100780835,31.249548329130583
2009-03-26,Dovish/Co-operative,Dovish/Co-operative,88289.65403717177,66996.47098031266,-11.710345962828228,-33.00352901968734,31.782544282244718
2009-03-27,Dovish/Co-operative,Dovish/Co-operative,86367.58336698328,65787.28333769416,-13.63241663301672,-34.212716662305844,31.283097561040684
2009-03-30,Dovish/Co-operative,Dovish/Co-operative,83621.00239601592,63514.039382653886,-16.37899760398408,-36.485960617346116,31.657509440115028
2009-03-31,Dovish/Co-operative,Dovish/Co-operative,84442.61148897345,64102.509119840266,-15.55738851102656,-35.89749088015973,31.730586912139678
2009-04-01,Dovish/Co-operative,Dovish/Co-operative,85757.08422171019,65343.93660322403,-14.242915778289811,-34.65606339677597,31.239543681668835
2009-04-02,Dovish/Co-operative,Dovish/Co-operative,88416.90944113041,67254.39803391516,-11.583090558869591,-32.745601966084834,31.466360603723476
2009-04-03,Dovish/Co-operative,Dovish/Co-operative,89054.35481222204,67923.49860106655,-10.945645187777963,-32.07650139893345,31.109787696983695
2009-04-06,Dovish/Co-operative,Dovish/Co-operative,87794.46752329096,67391.4641992453,-12.205532476709035,-32.6085358007547,30.275352474496554
2009-04-07,Dovish/Co-operative,Dovish/Co-operative,86079.85682438202,65819.52734219965,-13.920143175617984,-34.180472657800344,30.78163927985642
2009-04-08,Dovish/Co-operative,Dovish/Co-operative,86725.5144183221,66528.89544132065,-13.274485581677897,-33.47110455867934,30.357664655375395
2009-04-09,Dovish/Co-operative,Dovish/Co-operative,90162.11748047249,69172.95793939492,-9.837882519527508,-30.82704206060508,30.343012885854858
2009-04-13,Dovish/Co-operative,Dovish/Co-operative,91156.54917795128,69189.11741530993,-8.843450822048716,-30.81088258469007,31.749836655353093
2009-04-14,Dovish/Co-operative,Dovish/Co-operative,89066.42236419623,67996.03511998316,-10.93357763580377,-32.00396488001683,30.987670394359146
2009-04-15,Dovish/Co-operative,Dovish/Co-operative,89991.12004483302,68721.54604005818,-10.008879955166982,-31.27845395994182,30.950371798062704
2009-04-16,Dovish/Co-operative,Dovish/Co-operative,90877.99595325887,69729.18783581606,-9.122004046741129,-30.270812164183937,30.329921764239764
2009-04-17,Dovish/Co-operative,Dovish/Co-operative,91111.04829177508,70196.76337480807,-8.888951708224923,-29.803236625191932,29.79380232290403
2009-04-20,Dovish/Co-operative,Dovish/Co-operative,87524.43326785804,67254.39803391516,-12.475566732141964,-32.745601966084834,30.139345271845386
2009-04-21,Dovish/Co-operative,Dovish/Co-operative,89310.27094333328,68568.37036369604,-10.68972905666672,-31.43162963630396,30.249954125523693
2009-04-22,Dovish/Co-operative,Dovish/Co-operative,89214.60866015387,68149.18997764404,-10.785391339846129,-31.850810022355958,30.91073964256981
2009-04-23,Dovish/Co-operative,Dovish/Co-operative,89803.03077233452,68818.26556235392,-10.196969227665488,-31.18173443764608,30.49301669913056
2009-04-24,Dovish/Co-operative,Dovish/Co-operative,91762.73671691133,69858.1763450588,-8.23726328308867,-30.14182365494119,31.3557575045428
2009-04-27,Dovish/Co-operative,Dovish/Co-operative,89939.16736966479,69197.1617614753,-10.060832630335204,-30.8028382385247,29.97522597774718
2009-04-28,Dovish/Co-operative,Dovish/Co-operative,89456.4897175338,68979.51889480343,-10.543510282466206,-31.020481105196563,29.685580808353528
2009-04-29,Dovish/Co-operative,Dovish/Co-operative,92159.02308320202,70446.60444484268,-7.840976916797981,-29.553395555157312,30.821100334735686
2009-04-30,Dovish/Co-operative,Dovish/Co-operative,92056.16734596476,70470.84574058533,-7.943832654035243,-29.529154259414668,30.63014410929381
2009-05-01,Dovish/Co-operative,Dovish/Co-operative,92545.38169337885,70849.66282864193,-7.454618306621152,-29.150337171358075,30.62219070429526
2009-05-04,Dovish/Co-operative,Dovish/Co-operative,96325.10128110727,73259.97711275257,-3.6748987188927273,-26.740022887247427,31.483935809665553
2009-05-05,Dovish/Co-operative,Dovish/Co-operative,95709.16164147349,73010.09440531545,-4.290838358526516,-26.98990559468455,31.090313498492673
2009-05-06,Dovish/Co-operative,Dovish/Co-operative,97255.65892348089,74275.68823711734,-2.744341076519108,-25.724311762882657,30.938751604700588
2009-05-07,Dovish/Co-operative,Dovish/Co-operative,95535.09105780454,73243.86343798034,-4.464908942195455,-26.756136562019663,30.43425970927849
2009-05-08,Dovish/Co-operative,Dovish/Co-operative,98337.02338743497,74952.83731417435,-1.662976612565037,-25.047162685825654,31.19853351947548
2009-05-11,Dovish/Co-operative,Dovish/Co-operative,96675.34660444756,73550.17315330208,-3.324653395552435,-26.44982684669792,31.441358272461486
2009-05-12,Dovish/Co-operative,Dovish/Co-operative,96357.1906831901,73332.50946792895,-3.642809316809903,-26.66749053207106,31.39764530399809
2009-05-13,Dovish/Co-operative,Dovish/Co-operative,93360.04928095009,71486.53188250857,-6.639950719049914,-28.513468117491424,30.598095644633673
2009-05-14,Dovish/Co-operative,Dovish/Co-operative,94161.67093294367,72099.16796811308,-5.838329067056325,-27.900832031886925,30.600218541478963
2009-05-15,Dovish/Co-operative,Dovish/Co-operative,93615.7224480385,71510.7481958097,-6.3842775519614925,-28.489251804190296,30.911401166858553
2009-05-18,Dovish/Co-operative,Dovish/Co-operative,96367.1492157062,73542.14546209772,-3.632850784293795,-26.457854537902282,31.036630234525965
2009-05-19,Dovish/Co-operative,Dovish/Co-operative,96186.55080963612,73453.41615734408,-3.8134491903638823,-26.546583842655924,30.949050216528452
2009-05-20,Dovish/Co-operative,Dovish/Co-operative,96084.45103274897,72961.7367260377,-3.9155489672510257,-27.038263273962293,31.6915623781465
2009-05-21,Dovish/Co-operative,Dovish/Co-operative,94899.12773248587,71913.78159716746,-5.100872267514134,-28.086218402832543,31.962366078971094
2009-05-22,Happiness Zone,Dovish/Co-operative,94833.09190288198,71760.61424828583,-5.166908097118029,-28.239385751714174,32.15200691394207
2009-05-26,Happiness Zone,Happiness Zone,97029.5840540183,73598.59745242386,-2.970415945981697,-26.401402547576147,31.836186303333935
2009-05-27,Happiness Zone,Happiness Zone,95172.7212283703,72284.5876489807,-4.827278771629706,-27.715412351019296,31.663919410505702
2009-05-28,Happiness Zone,Happiness Zone,96327.83827666772,73292.23777221909,-3.672161723332279,-26.70776222778092,31.42979557540555
2009-05-29,Happiness Zone,Happiness Zone,98201.02345790625,74590.07560852647,-1.7989765420937442,-25.409924391473528,31.654275259483434
2009-06-01,Happiness Zone,Happiness Zone,100814.5970179213,76395.76484327597,0.8145970179213036,-23.60423515672403,31.96359408763032
2009-06-02,Happiness Zone,Happiness Zone,100877.69912104467,76460.27783472849,0.8776991210446727,-23.539722165271503,31.93477970233809
2009-06-03,Happiness Zone,Happiness Zone,98810.90219202572,75492.93271712198,-1.189097807974282,-24.507067282878026,30.88761906002251
2009-06-04,Happiness Zone,Happiness Zone,100811.50165920523,76202.30914372348,0.8115016592052271,-23.79769085627652,32.29454959044207
2009-06-05,Happiness Zone,Happiness Zone,100269.99058163594,76218.45612841773,0.26999058163594825,-23.781543871582265,31.556050430481886
2009-06-08,Happiness Zone,Happiness Zone,99695.31058438637,75904.06042952811,-0.3046894156136237,-24.09593957047189,31.343843821038874
2009-06-09,Happiness Zone,Happiness Zone,100125.13589849377,76290.9718286331,0.12513589849376672,-23.709028171366896,31.24113312306156
2009-06-10,Happiness Zone,Happiness Zone,100069.54023902249,76097.5161290806,0.06954023902248085,-23.9024838709194,31.50171691449073
2009-06-11,Happiness Zone,Happiness Zone,100698.77493830127,76436.05319394685,0.6987749383012609,-23.56394680605315,31.742509889660077
2009-06-12,Happiness Zone,Happiness Zone,100021.13051574357,76645.68086063511,0.02113051574357261,-23.354319139364886,30.498065112908378
2009-06-15,Happiness Zone,Happiness Zone,97460.26138570432,74888.35763264385,-2.5397386142956835,-25.111642367356147,30.140738115508327
2009-06-16,Happiness Zone,Happiness Zone,96401.29557103426,73872.62985331808,-3.5987044289657377,-26.127370146681915,30.496634223594366
2009-06-17,Happiness Zone,Happiness Zone,95932.48366180582,73800.07251570022,-4.067516338194177,-26.199927484299778,29.989687532349187
2009-06-18,Happiness Zone,Happiness Zone,96061.08277586605,74340.19290108935,-3.938917224133953,-25.659807098910647,29.21823178973537
2009-06-19,Happiness Zone,Happiness Zone,96484.81607686247,74614.21697450308,-3.5151839231375326,-25.38578302549691,29.31157088981169
2009-06-22,Happiness Zone,Happiness Zone,93349.98252396865,72376.72289325985,-6.650017476031356,-27.62327710674015,28.97790725015259
2009-06-23,Happiness Zone,Happiness Zone,93396.02423771154,72433.48300036458,-6.603975762288461,-27.566516999635425,28.94040210276987
2009-06-24,Happiness Zone,Happiness Zone,94122.20527463332,73057.71093882849,-5.87779472536668,-26.942289061171508,28.832677707959142
2009-06-25,Happiness Zone,Happiness Zone,96199.7194603385,74646.62752861863,-3.8002805396615047,-25.353372471381373,28.873497229940725
2009-06-26,Happiness Zone,Happiness Zone,96213.04519021971,74452.01430927629,-3.7869548097802963,-25.547985690723706,29.22826344301086
2009-06-29,Happiness Zone,Happiness Zone,96628.48327099689,75149.26592426622,-3.37151672900311,-24.850734075733783,28.582072070240795
2009-06-30,Happiness Zone,Happiness Zone,95695.1285293287,74541.23493537957,-4.304871470671312,-25.458765064620426,28.378780700759254
2009-07-01,Happiness Zone,Happiness Zone,96450.32797567375,74849.29342160684,-3.549672024326256,-25.150706578393155,28.8593700309151
2009-07-02,Happiness Zone,Happiness Zone,93709.71542820784,72806.41255970595,-6.29028457179216,-27.193587440294053,28.710799136490685
2009-07-06,Happiness Zone,Happiness Zone,93754.78921269995,72798.30159369655,-6.245210787300048,-27.201698406303443,28.787055687049133
2009-07-07,Happiness Zone,Happiness Zone,91709.79114848004,71387.67636146395,-8.290208851519953,-28.612323638536054,28.46725908841354
2009-07-08,Happiness Zone,Happiness Zone,91467.51399543989,71339.08551273213,-8.532486004560113,-28.660914487267874,28.215147892686932
2009-07-09,Happiness Zone,Happiness Zone,91602.35740191014,71476.89698756723,-8.39764259808986,-28.52310301243277,28.156595015370556
2009-07-10,Happiness Zone,Happiness Zone,91499.29256217518,71306.67495861658,-8.500707437824817,-28.69332504138342,28.317990728466235
2009-07-13,Happiness Zone,Happiness Zone,94093.2480166997,73041.50566177072,-5.906751983300307,-26.95849433822929,28.821616099224645
2009-07-14,Happiness Zone,Happiness Zone,94426.26470410364,73454.94008627602,-5.573735295896364,-26.54505991372398,28.54991725974574
2009-07-15,Happiness Zone,Happiness Zone,97534.32481365078,75603.23852385748,-2.4656751863492254,-24.396761476142526,29.008130759997396
2009-07-16,Happiness Zone,Happiness Zone,98042.67563082234,75481.60734363864,-1.9573243691776598,-24.518392656361364,29.889491070946427
2009-07-17,Happiness Zone,Happiness Zone,98217.04335363158,76308.50117509077,-1.7829566463684166,-23.691498824909228,28.710486828029037
2009-07-20,Happiness Zone,Happiness Zone,99371.2623218533,77119.16474704361,-0.6287376781467069,-22.880835252956388,28.85417347010715
2009-07-21,Happiness Zone,Happiness Zone,99569.7187547473,77475.8640468857,-0.43028124525269495,-22.5241359531143,28.517080744644762
2009-07-22,Happiness Zone,Happiness Zone,99896.3855101073,77459.63378738642,-0.1036144898927005,-22.54036621261357,28.96573431305647
2009-07-23,Happiness Zone,Happiness Zone,102290.54941222248,79170.1649024344,2.2905494122224868,-20.829835097565606,29.20340577574969
2009-07-24,Happiness Zone,Happiness Zone,102164.9914089754,79494.47030312195,2.164991408975392,-20.505529696878043,28.518362370876904
2009-07-27,Happiness Zone,Happiness Zone,102871.66667769101,79729.5384227452,2.8716666776910094,-20.270461577254796,29.025789829913062
2009-07-28,Happiness Zone,Happiness Zone,102526.50531670131,79356.60886340383,2.5265053167013107,-20.64339113659617,29.197185697765526
2009-07-29,Happiness Zone,Happiness Zone,102458.41857996417,79162.06226390551,2.458418579964161,-20.837937736094492,29.428687997534396
2009-07-30,Happiness Zone,Happiness Zone,103790.93024090547,79988.93944039663,3.7909302409054657,-20.011060559603365,29.75660255908852
2009-07-31,Happiness Zone,Happiness Zone,103846.12618805126,80102.45132712559,3.8461261880512687,-19.89754867287441,29.64163326782636
2009-08-03,Happiness Zone,Happiness Zone,105573.67296366827,81423.79764089138,5.573672963668264,-18.576202359108617,29.659480425227326
2009-08-04,Happiness Zone,Happiness Zone,106590.36500641768,81634.624464772,6.5903650064176755,-18.365375535228,30.57004390632665
2009-08-05,Happiness Zone,Happiness Zone,107149.96436890829,81399.49805278523,7.14996436890829,-18.600501947214767,31.634674576770273
2009-08-06,Happiness Zone,Happiness Zone,106396.4800645024,80977.95266227053,6.396480064502397,-19.022047337729465,31.389441899381243
2009-08-07,Happiness Zone,Happiness Zone,108469.34738372301,82039.92294082642,8.469347383723003,-17.960077059173575,32.215320901702384
2009-08-10,Happiness Zone,Happiness Zone,107843.35616441998,81869.70923935626,7.843356164419979,-18.130290760643742,31.725588335884435
2009-08-11,Happiness Zone,Happiness Zone,105994.10331599925,80848.24382596431,5.994103315999255,-19.151756174035693,31.102542615723937
2009-08-12,Happiness Zone,Happiness Zone,107446.41941877402,81715.68415998289,7.44641941877402,-18.284315840017108,31.488123147100524
2009-08-13,Happiness Zone,Happiness Zone,108339.9152062195,82339.8871160053,8.339915206219505,-17.660112883994707,31.57646798031657
2009-08-14,Happiness Zone,Happiness Zone,107372.13243403992,81707.581521454,7.372132434039913,-18.29241847854599,31.41024423277925
2009-08-17,Happiness Zone,Happiness Zone,104079.5471165502,79697.10288618815,4.079547116550186,-20.302897113811845,30.59389030135953
2009-08-18,Happiness Zone,Happiness Zone,105361.58676846158,80329.40848073945,5.36158676846159,-19.67059151926055,31.1619103901706
2009-08-19,Happiness Zone,Happiness Zone,105802.49673302384,81034.71276937526,5.802496733023843,-18.96528723062475,30.564412604432476
2009-08-20,Happiness Zone,Happiness Zone,107486.18803297098,81869.70923935626,7.486188032970986,-18.130290760643742,31.289324258770424
2009-08-21,Happiness Zone,Happiness Zone,109378.32045540679,83474.84776116519,9.378320455406786,-16.525152238834806,31.03147042370842
2009-08-24,Happiness Zone,Happiness Zone,109141.28457836393,83466.7534501168,9.14128457836394,-16.533246549883206,30.760189017764183
2009-08-25,Happiness Zone,Happiness Zone,109684.28285809986,83628.84785809705,9.684282858099857,-16.371152141902947,31.15603726146525
2009-08-26,Happiness Zone,Happiness Zone,109688.62466146704,83636.96715158696,9.688624661467049,-16.363032848413038,31.148496169956786
2009-08-27,Happiness Zone,Happiness Zone,110138.91245737046,83823.43609499789,10.138912457370463,-16.176563905002116,31.393936574669866
2009-08-28,Happiness Zone,Happiness Zone,110293.0248144595,83807.21416297911,10.293024814459507,-16.192785837020885,31.603258640686562
2009-08-31,Happiness Zone,Happiness Zone,109262.23212326903,83061.36337177687,9.26223212326902,-16.938636628223136,31.54399071710261
2009-09-01,Happiness Zone,Happiness Zone,106114.56424656854,81229.28435131507,6.114564246568532,-18.770715648684934,30.63584776596715
2009-09-02,Happiness Zone,Happiness Zone,105594.66476946644,80921.21753760731,5.59466476946644,-19.078782462392684,30.490701923006025
2009-09-03,Happiness Zone,Happiness Zone,106685.28027806456,81594.04465228354,6.685280278064565,-18.405955347716464,30.751307565041518
2009-09-04,Happiness Zone,Happiness Zone,108276.28123350066,82737.09960849183,8.27628123350066,-17.262900391508175,30.86787154234203
2009-09-08,Happiness Zone,Happiness Zone,109416.29372322751,83450.50653565652,9.41629372322752,-16.549493464343477,31.11519422171081
2009-09-09,Happiness Zone,Happiness Zone,110568.52312895957,84090.95640613922,10.568523128959573,-15.909043593860783,31.48681838620082
2009-09-10,Happiness Zone,Happiness Zone,111702.38778075104,84950.24413674588,11.702387780751033,-15.049755863254122,31.491544157238405
2009-09-11,Happiness Zone,Happiness Zone,111603.90976587946,84934.0138772466,11.603909765879461,-15.065986122753394,31.400724716929453
2009-09-14,Happiness Zone,Happiness Zone,112487.60125968076,85347.47328419342,12.487601259680758,-14.65252671580658,31.799568201761595
2009-09-15,Happiness Zone,Happiness Zone,113070.01031551423,85704.19756647701,13.070010315514224,-14.295802433522987,31.930539607247056
2009-09-16,Happiness Zone,Happiness Zone,115322.4286620504,87001.21930969517,15.322428662050402,-12.998780690304834,32.55265797085121
2009-09-17,Happiness Zone,Happiness Zone,115092.1526813012,86871.55211079145,15.092152681301197,-13.12844788920855,32.48543382132585
2009-09-18,Happiness Zone,Happiness Zone,115241.57828174977,86926.92985613277,15.241578281749767,-13.073070143867227,32.57293047445569
2009-09-21,Happiness Zone,Happiness Zone,114799.96112218098,86707.00942354348,14.799961122180981,-13.292990576456521,32.39986234724115
2009-09-22,Happiness Zone,Happiness Zone,115978.39858073664,87212.02115113426,15.978398580736641,-12.787978848865734,32.98441780147672
2009-09-23,Happiness Zone,Happiness Zone,114641.30357519069,86487.08066347368,14.64130357519069,-13.51291933652632,32.55309659631911
2009-09-24,Happiness Zone,Happiness Zone,112955.63614821329,85534.12543217541,12.95563614821329,-14.465874567824589,32.05914665928498
2009-09-25,Happiness Zone,Happiness Zone,112299.04120303864,85077.93772277051,12.299041203038641,-14.922062277229486,31.99549049833468
2009-09-28,Happiness Zone,Happiness Zone,114794.98439404357,86601.14216391579,14.794984394043563,-13.398857836084211,32.555970424458614
2009-09-29,Happiness Zone,Happiness Zone,114185.68373448856,86340.45871426698,14.185683734488563,-13.659541285733024,32.250494652074856
2009-09-30,Happiness Zone,Happiness Zone,113828.7538852222,86006.5350735991,13.8287538852222,-13.9934649264009,32.348959050396076
2009-10-01,Happiness Zone,Happiness Zone,110189.49150627552,83872.42666279382,10.189491506275527,-16.12757333720618,31.37749304582369
2009-10-02,Happiness Zone,Happiness Zone,109846.6124434131,83481.47643564513,9.846612443413093,-16.51852356435487,31.58201930950819
2009-10-05,Happiness Zone,Happiness Zone,111573.1479764406,84727.69222031781,11.573147976440602,-15.272307779682192,31.68439391257869
2009-10-06,Happiness Zone,Happiness Zone,113037.70094095985,85941.33090126488,13.037700940959862,-14.058669098735121,31.528916012279453
2009-10-07,Happiness Zone,Happiness Zone,113368.7084162853,86177.556540678,13.368708416285301,-13.82244345932201,31.552474875256408
2009-10-08,Happiness Zone,Happiness Zone,114110.4631927891,86837.35114836789,14.110463192789101,-13.162648851632108,31.407121110618785
2009-10-09,Happiness Zone,Happiness Zone,114872.09393016435,87366.76239383087,14.872093930164354,-12.633237606169134,31.482603661499176
2009-10-12,Happiness Zone,Happiness Zone,115196.31080436772,87708.88860279367,15.19631080436772,-12.291111397206333,31.339380351809098
2009-10-13,Happiness Zone,Happiness Zone,114815.99705487659,87529.68954986136,14.815997054876595,-12.470310450138644,31.173773887855006
2009-10-14,Happiness Zone,Happiness Zone,117064.67766736096,89036.60543914385,17.06467766736095,-10.963394560856143,31.479268655827376
2009-10-15,Happiness Zone,Happiness Zone,116837.8858681194,89362.37647639983,16.837885868119407,-10.63762352360017,30.74617134759807
2009-10-16,Happiness Zone,Happiness Zone,115483.52866055115,88694.46257522004,15.48352866055116,-11.305537424779965,30.203763918871296
2009-10-19,Happiness Zone,Happiness Zone,116561.58223569138,89427.54733881203,16.561582235691375,-10.57245266118797,30.34192002837479
2009-10-20,Happiness Zone,Happiness Zone,115909.11382795722,88955.10438746633,15.90911382795721,-11.044895612533667,30.3006888992968
2009-10-21,Happiness Zone,Happiness Zone,114986.66035423832,88156.85708894265,14.986660354238325,-11.843142911057347,30.43416490928972
2009-10-22,Happiness Zone,Happiness Zone,116393.30757931901,89052.91064596766,16.393307579319007,-10.947089354032347,30.70129514580817
2009-10-23,Happiness Zone,Happiness Zone,115325.6918530418,88034.70960493266,15.3256918530418,-11.96529039506734,31.000252480619306
2009-10-26,Happiness Zone,Happiness Zone,114248.65104940966,87081.68775379036,14.248651049409666,-12.91831224620964,31.197102394741783
2009-10-27,Happiness Zone,Happiness Zone,113233.44085856849,86682.56826826878,13.233440858568478,-13.317431731731222,30.630002226201913
2009-10-28,Happiness Zone,Happiness Zone,110602.67078613747,85045.38560148641,10.60267078613748,-14.954614398513588,30.051348469874384
2009-10-29,Happiness Zone,Happiness Zone,113286.86929303469,86869.89494217146,13.286869293034687,-13.130105057828533,30.40981500950217
2009-10-30,Happiness Zone,Happiness Zone,110085.47799707405,84353.02221755142,10.085477997074044,-15.646977782448579,30.50567140695577
2009-11-02,Happiness Zone,Happiness Zone,110635.2478773353,84972.0454807013,10.635247877335296,-15.027954519298703,30.201935532389392
2009-11-03,Happiness Zone,Happiness Zone,111073.26870224251,85240.84822384,11.073268702242501,-14.759151776159996,30.305212837121598
2009-11-04,Happiness Zone,Happiness Zone,110723.7984041052,85460.7936388708,10.7237984041052,-14.539206361129198,29.56092927475906
2009-11-05,Happiness Zone,Happiness Zone,113108.99422234602,87032.82209820197,13.108994222346016,-12.967177901798033,29.961308269105036
2009-11-06,Happiness Zone,Happiness Zone,113133.83059569093,87260.89513420317,13.133830595690931,-12.739104865796836,29.65009174120481
2009-11-09,Happiness Zone,Happiness Zone,116038.50573767579,89248.36494084074,16.038505737675802,-10.751635059159259,30.017514398827583
2009-11-10,Happiness Zone,Happiness Zone,115934.23079944594,89264.63683774254,15.934230799445936,-10.73536316225746,29.876998222914473
2009-11-11,Happiness Zone,Happiness Zone,116858.22898386241,89720.79956470593,16.85822898386242,-10.279200435294067,30.246530961402307
2009-11-12,Happiness Zone,Happiness Zone,115695.99650019269,88808.51574818164,15.695996500192688,-11.191484251818363,30.275791150762
2009-11-13,Happiness Zone,Happiness Zone,116410.72888769823,89289.07799301723,16.410728887698234,-10.71092200698277,30.375104664875163
2009-11-16,Happiness Zone,Happiness Zone,117970.8298932008,90584.22605312233,17.9708298932008,-9.415773946877671,30.233303339168383
2009-11-17,Happiness Zone,Happiness Zone,117998.61293145208,90690.08498526951,17.998612931452087,-9.309915014730485,30.111922323833085
2009-11-18,Happiness Zone,Happiness Zone,118084.84775215793,90633.05007130821,18.084847752157927,-9.366949928691781,30.288948302248684
2009-11-19,Happiness Zone,Happiness Zone,116227.22835626447,89452.00514904773,16.22722835626447,-10.54799485095227,29.932501974218482
2009-11-20,Happiness Zone,Happiness Zone,115699.560500995,89134.31176787913,15.699560500994991,-10.865688232120874,29.803616818511223
2009-11-23,Happiness Zone,Happiness Zone,117311.19489624473,90266.52434447322,17.31119489624473,-9.73347565552678,29.960908263803553
2009-11-24,Happiness Zone,Happiness Zone,116914.73113825433,90405.00201774851,16.914731138254325,-9.594997982251485,29.323299075090304
2009-11-25,Happiness Zone,Happiness Zone,117201.27055355227,90722.65376151461,17.201270553552273,-9.277346238485396,29.186334056808793
2009-11-27,Happiness Zone,Happiness Zone,115016.13414333567,89248.36494084074,15.01613414333567,-10.751635059159259,28.871979021212745
2009-11-30,Happiness Zone,Happiness Zone,116102.25724032916,89549.72813274403,16.102257240329166,-10.450271867255967,29.651155465514066
2009-12-01,Happiness Zone,Happiness Zone,117301.79578404593,90657.49955406341,17.301795784045936,-9.342500445936587,29.390062996490695
2009-12-02,Happiness Zone,Happiness Zone,117559.23202323393,90616.77817440641,17.55923202323393,-9.38322182559359,29.732301668210347
2009-12-03,Happiness Zone,Happiness Zone,116611.09435718958,89908.13456608912,16.61109435718957,-10.091865433910874,29.70027119345002
2009-12-04,Happiness Zone,Happiness Zone,117848.84184643473,90421.24893220881,17.848841846434738,-9.578751067791192,30.333127708498164
2009-12-07,Happiness Zone,Happiness Zone,117102.5496320321,90282.779586414,17.102549632032105,-9.717220413585991,29.70640710053416
2009-12-08,Happiness Zone,Happiness Zone,116152.17027108486,89280.91706212483,16.152170271084863,-10.719082937875168,30.0974206954685
2009-12-09,Happiness Zone,Happiness Zone,116709.14558204357,89614.87401271472,16.709145582043572,-10.385125987285281,30.234123372739074
2009-12-10,Happiness Zone,Happiness Zone,117017.62620226797,90119.91072274702,17.017626202267966,-9.88008927725298,29.846584693444143
2009-12-11,Happiness Zone,Happiness Zone,117388.01652964664,90502.72500144481,17.388016529646656,-9.497274998555195,29.706609969780075
2009-12-14,Happiness Zone,Happiness Zone,118411.4058047567,91121.80655695821,18.411405804756686,-8.878193443041793,29.948483550685935
2009-12-15,Happiness Zone,Happiness Zone,117594.81813347849,90698.22926120092,17.594818133478498,-9.301770738799087,29.65503195747996
2009-12-16,Happiness Zone,Happiness Zone,117958.14777463887,90836.6986069957,17.958147774638867,-9.163301393004296,29.857369965616986
2009-12-17,Happiness Zone,Happiness Zone,116565.13030061462,89745.21573753913,16.565130300614616,-10.25478426246087,29.884506201991456
2009-12-18,Happiness Zone,Happiness Zone,117805.7224289337,90252.93389629321,17.805722428933702,-9.747066103706793,30.52841314200436
2009-12-21,Happiness Zone,Happiness Zone,119101.54688799959,91170.18089119696,19.10154688799959,-8.829819108803038,30.63651483826284
2009-12-22,Happiness Zone,Happiness Zone,119731.57830577916,91497.70069935847,19.731578305779163,-8.502299300641535,30.857472254074516
2009-12-23,Happiness Zone,Happiness Zone,120230.90628003249,91677.85741254855,20.230906280032478,-8.322142587451452,31.144978376835077
2009-12-24,Happiness Zone,Happiness Zone,121158.33239504958,92111.88569633642,21.158332395049584,-7.888114303663574,31.533874786224715
2009-12-28,Happiness Zone,Happiness Zone,121430.2577572114,92308.42256367482,21.43025775721139,-7.691577436325181,31.548405210205168
2009-12-29,Happiness Zone,Happiness Zone,120966.85469632171,92177.39798544922,20.96685469632171,-7.8226020145507835,31.232663689874474
2009-12-30,Happiness Zone,Happiness Zone,121119.57601252696,92144.67098707458,21.119576012526963,-7.8553290129254165,31.44501436172773
2009-12-31,Happiness Zone,Happiness Zone,120052.35269059446,91260.242592831,20.052352690594468,-8.739757407169002,31.549456016924115
2010-01-04,Happiness Zone,Happiness Zone,121613.68772604,92807.9964464975,21.61368772604,-7.192003553502491,31.037941106883583
2010-01-05,Happiness Zone,Happiness Zone,121995.6697384398,93053.64879383938,21.995669738439805,-6.946351206160617,31.10251056218283
2010-01-06,Happiness Zone,Happiness Zone,121711.59567665972,93119.13610051069,21.711595676659723,-6.880863899489309,30.70524574593023
2010-01-07,Happiness Zone,Happiness Zone,122412.49240132706,93512.234817629,22.412492401327057,-6.4877651823710085,30.905322324998874
2010-01-08,Happiness Zone,Happiness Zone,122693.79216385435,93823.4494189667,22.693792163854344,-6.176550581033302,30.770924458306492
2010-01-11,Happiness Zone,Happiness Zone,122632.44961288263,93954.46566971179,22.63244961288262,-6.045534330288205,30.52327927017928
2010-01-12,Happiness Zone,Happiness Zone,121231.64370088845,93078.21486132163,21.23164370088846,-6.921785138678372,30.24706574090723
2010-01-13,Happiness Zone,Happiness Zone,122562.23286145453,93864.35400319475,22.562232861454532,-6.13564599680525,30.573777620930542
2010-01-14,Happiness Zone,Happiness Zone,122818.68621781221,94118.29219363656,22.8186862178122,-5.881707806363446,30.493959628090362
2010-01-15,Happiness Zone,Happiness Zone,121313.90988970347,93061.8513621343,21.313909889703474,-6.938148637865704,30.35836716554361
2010-01-19,Happiness Zone,Happiness Zone,123056.77240880705,94224.71739445793,23.056772408807056,-5.775282605542076,30.59924806529053
2010-01-20,Happiness Zone,Happiness Zone,121768.4522271999,93266.56581532612,21.768452227199898,-6.7334341846738806,30.559596745857863
2010-01-21,Happiness Zone,Happiness Zone,119668.44516858428,91473.13463187622,19.66844516858428,-8.526865368123781,30.823597168914183
2010-01-22,Happiness Zone,Happiness Zone,116581.41634944723,89434.00946368194,16.58141634944723,-10.56599053631806,30.35467944304735
2010-01-25,Happiness Zone,Happiness Zone,117142.46473661251,89892.65377983506,17.142464736612517,-10.107346220164937,30.313723992972385
2010-01-26,Happiness Zone,Happiness Zone,116511.00136770094,89515.93521686507,16.51100136770094,-10.484064783134938,30.156715768467922
2010-01-27,Happiness Zone,Happiness Zone,117590.48018515718,89941.80256976055,17.590480185157187,-10.058197430239456,30.740630969622607
2010-01-28,Happiness Zone,Happiness Zone,115811.99667815065,88909.89449581852,15.811996678150653,-11.09010550418148,30.257714661440026
2010-01-29,Happiness Zone,Happiness Zone,114486.36482587097,87943.61529571631,14.486364825870979,-12.056384704283685,30.18155376135365
2010-02-01,Happiness Zone,Happiness Zone,116034.40420532294,89311.16247130974,16.03440420532294,-10.688837528690254,29.921502525059786
2010-02-02,Happiness Zone,Happiness Zone,117224.27267181786,90392.18602525524,17.224272671817854,-9.607813974744762,29.684077602754112
2010-02-03,Happiness Zone,Happiness Zone,116798.66200971395,89941.80256976055,16.79866200971396,-10.058197430239456,29.860263717888813
2010-02-04,Happiness Zone,Happiness Zone,113160.62574585347,87165.6370847356,13.16062574585346,-12.834362915264396,29.82251897711432
2010-02-05,Happiness Zone,Happiness Zone,114005.81584262146,87345.80212540619,14.00581584262146,-12.654197874593809,30.522375510317403
2010-02-08,Happiness Zone,Happiness Zone,112851.82562366093,86715.2119918384,12.85182562366094,-13.284788008161607,30.140748124195895
2010-02-09,Happiness Zone,Happiness Zone,113878.56230441583,87804.3881491958,13.87856230441582,-12.1956118508042,29.695752917172214
2010-02-10,Happiness Zone,Happiness Zone,113892.40835760986,87632.39236689813,13.892408357609852,-12.367607633101873,29.966106460687115
2010-02-11,Happiness Zone,Happiness Zone,115028.79470904823,88549.60605187986,15.028794709048231,-11.45039394812014,29.903225816334643
2010-02-12,Happiness Zone,Happiness Zone,115267.85604998126,88475.89119447215,15.267856049981265,-11.524108805527856,30.28165582036322
2010-02-16,Happiness Zone,Happiness Zone,117133.80775652034,89868.04607495031,17.133807756520337,-10.131953925049686,30.33977355959234
2010-02-17,Happiness Zone,Happiness Zone,117705.33046821211,90293.88011792378,17.7053304682121,-9.706119882076225,30.3580379029996
2010-02-18,Happiness Zone,Happiness Zone,118509.57666225442,90826.21430904312,18.50957666225441,-9.173785690956882,30.47948498548727
2010-02-19,Happiness Zone,Happiness Zone,118654.4150420972,91014.5152981646,18.654415042097195,-8.9854847018354,30.368672132553787
2010-02-22,Happiness Zone,Happiness Zone,118865.25779538511,91030.92876223494,18.865257795385105,-8.969071237765059,30.57678243166242
2010-02-23,Happiness Zone,Happiness Zone,117409.82950402428,89925.39743317071,17.409829504024277,-10.074602566829283,30.563592550457173
2010-02-24,Happiness Zone,Happiness Zone,118624.29121007233,90752.4911241549,18.624291210072343,-9.247508875845101,30.711884313772853
2010-02-25,Happiness Zone,Happiness Zone,118536.62961380811,90629.6358043022,18.53662961380811,-9.3703641956978,30.79234906092512
2010-02-26,Happiness Zone,Happiness Zone,118761.4708361782,90686.9871625226,18.761470836178205,-9.313012837477409,30.957565745725525
2010-03-01,Happiness Zone,Happiness Zone,119997.0766028437,91628.73360506457,19.997076602843713,-8.371266394935429,30.96009502876196
2010-03-02,Happiness Zone,Happiness Zone,120287.2728452415,91882.58019322086,20.2872728452415,-8.117419806779147,30.91412168910377
2010-03-03,Happiness Zone,Happiness Zone,120372.35813441567,91964.47263648198,20.37235813441567,-8.035527363518025,30.890065134418432
2010-03-04,Happiness Zone,Happiness Zone,120906.45791376909,92242.88529212051,20.90645791376908,-7.757114707879486,31.07401999717918
2010-03-05,Happiness Zone,Happiness Zone,122841.944124976,93561.36695259348,22.841944124976,-6.438633047406517,31.295585054051923
2010-03-08,Happiness Zone,Happiness Zone,123147.29819777017,93577.74710674181,23.147298197770173,-6.422252893258196,31.59891320881996
2010-03-09,Happiness Zone,Happiness Zone,123546.32381068252,93733.32109748865,23.546323810682512,-6.266678902511358,31.80619481324729
2010-03-10,Happiness Zone,Happiness Zone,124418.54168779426,94150.9858820892,24.41854168779427,-5.8490141179108,32.14789045715454
2010-03-11,Happiness Zone,Happiness Zone,124995.43001191,94544.08459920752,24.995430011910003,-5.4559154007924775,32.20862049888389
2010-03-12,Happiness Zone,Happiness Zone,125021.15097688341,94552.26218506093,25.021150976883398,-5.447737814939069,32.22438901798852
2010-03-15,Happiness Zone,Happiness Zone,124889.72505528346,94576.82825254316,24.889725055283463,-5.423171747456845,32.05108202803915
2010-03-16,Happiness Zone,Happiness Zone,126080.12560764546,95330.25705100264,26.080125607645456,-4.669742948997357,32.256147741415745
2010-03-17,Happiness Zone,Happiness Zone,126897.98123559036,95895.28493057462,26.89798123559035,-4.10471506942538,32.32974001533109
2010-03-18,Happiness Zone,Happiness Zone,126793.62320519466,95846.17777805166,26.79362320519465,-4.153822221948344,32.28865891638073
2010-03-19,Happiness Zone,Happiness Zone,125983.16649970383,95360.9771265762,25.983166499703824,-4.639022873423803,32.111866190802196
2010-03-22,Happiness Zone,Happiness Zone,126914.63358804309,95870.81046537792,26.914633588043092,-4.12918953462208,32.38089150594603
2010-03-23,Happiness Zone,Happiness Zone,127718.47102172753,96545.12819906409,27.71847102172753,-3.4548718009359103,32.288882312515945
2010-03-24,Happiness Zone,Happiness Zone,127336.43934998996,96076.39097654198,27.33643934998995,-3.923609023458019,32.53665968893485
2010-03-25,Happiness Zone,Happiness Zone,127329.54045740199,95920.18409727696,27.32954045740199,-4.0798159027230385,32.74530450053285
2010-03-26,Happiness Zone,Happiness Zone,127232.44373001851,95862.57458716098,27.232443730018517,-4.137425412839013,32.723791613102506
2010-03-29,Happiness Zone,Happiness Zone,127761.06671377207,96471.11355235828,27.761066713772074,-3.5288864476417214,32.43453092767674
2010-03-30,Happiness Zone,Happiness Zone,127820.61715638574,96536.88399336666,27.82061715638573,-3.4631160066333377,32.40599019662647
2010-03-31,Happiness Zone,Happiness Zone,127330.44034390946,96207.94018603924,27.33044034390946,-3.7920598139607575,32.34920121737146
2010-04-01,Happiness Zone,Happiness Zone,127737.47812796297,96865.78616329156,27.737478127962966,-3.134213836708444,31.870584225300604
2010-04-05,Happiness Zone,Happiness Zone,129090.3435545584,97655.18135004114,29.090343554558416,-2.3448186499588575,32.18995835135381
2010-04-06,Happiness Zone,Happiness Zone,129826.29896182775,97885.41120349248,29.826298961827757,-2.1145887965075216,32.63089705158806
2010-04-07,Happiness Zone,Happiness Zone,129088.71544366676,97326.28750759673,29.088715443666757,-2.6737124924032685,32.63499384335484
2010-04-08,Happiness Zone,Happiness Zone,129481.55589729053,97663.43388321907,29.481555897290534,-2.336566116780925,32.579360308094365
2010-04-09,Happiness Zone,Happiness Zone,130323.67134993525,98304.80810403754,30.323671349935253,-1.6951918959624557,32.5710042707287
2010-04-12,Happiness Zone,Happiness Zone,130466.96880005056,98461.02331078306,30.46696880005055,-1.538976689216942,32.506208460015394
2010-04-13,Happiness Zone,Happiness Zone,131051.09063753932,98535.05461244988,31.051090637539325,-1.4649453875501206,32.999460093647784
2010-04-14,Happiness Zone,Happiness Zone,132748.8140881117,99653.36862408537,32.74881408811172,-0.34663137591463,33.21056369792146
2010-04-15,Happiness Zone,Happiness Zone,132555.37499991906,99735.59416656659,32.55537499991905,-0.26440583343341206,32.90678830121647
2010-04-16,Happiness Zone,Happiness Zone,130218.84874632426,98148.5679148505,30.218848746324255,-1.8514320851494959,32.675240722102615
2010-04-19,Happiness Zone,Happiness Zone,130588.66160231498,98518.58285601602,30.588661602314993,-1.4814171439839874,32.55231431126966
2010-04-20,Happiness Zone,Happiness Zone,131747.01617307315,99398.45611842476,31.74701617307314,-0.6015438815752394,32.544328471367656
2010-04-21,Happiness Zone,Happiness Zone,132045.7358190211,99217.56658695046,32.045735819021104,-0.7824334130495436,33.08705339321267
2010-04-22,Happiness Zone,Happiness Zone,132767.22475162783,99513.57520889067,32.767224751627836,-0.48642479110933,33.41619419554955
2010-04-23,Happiness Zone,Happiness Zone,133509.45100770905,100163.19363540657,33.50945100770906,0.16319363540657772,33.291927066226215
2010-04-26,Happiness Zone,Happiness Zone,133043.22943420126,99784.93448854363,33.04322943420126,-0.21506551145636932,33.32997622950391
2010-04-27,Happiness Zone,Happiness Zone,129869.06484435494,97424.95149658981,29.86906484435494,-2.575048503410182,33.30164690808266
2010-04-28,Happiness Zone,Happiness Zone,130548.09119530601,98165.01468884286,30.548091195306014,-1.8349853111571446,32.98840896536199
2010-04-29,Happiness Zone,Happiness Zone,132925.3574071797,99382.00934443242,32.9253574071797,-0.6179906555675796,33.75193184763923
2010-04-30,Happiness Zone,Happiness Zone,130206.80573278015,97696.29412128175,30.20680573278014,-2.303705878718243,33.27711854775097
2010-05-03,Happiness Zone,Happiness Zone,132317.27139368787,98962.64575380935,32.317271393687875,-1.037354246190647,33.70425819339475
2010-05-04,Happiness Zone,Happiness Zone,128951.02330972905,96635.58129228173,28.951023309729052,-3.3644187077182752,33.44052116756744
2010-05-05,Happiness Zone,Happiness Zone,128112.13597316788,96059.93587506913,28.112135973167884,-3.9400641249308643,33.366876425760154
2010-05-06,Happiness Zone,Happiness Zone,123795.96461302551,92869.46158008612,23.79596461302551,-7.130538419913879,33.3010469822417
2010-05-07,Happiness Zone,Happiness Zone,121604.41625959631,91488.03249449511,21.604416259596306,-8.511967505504892,32.91838609264366
2010-05-10,Happiness Zone,Happiness Zone,127509.90525366853,95517.22564324373,27.509905253668542,-4.48277435675627,33.49414662640775
2010-05-11,Happiness Zone,Happiness Zone,127338.31565270947,95245.88301855179,27.338315652709476,-4.754116981448209,33.69429902592933
2010-05-12,Happiness Zone,Happiness Zone,129425.50873076498,96577.99676460726,29.42550873076497,-3.4220032353927343,34.01138257839209
2010-05-13,Happiness Zone,Happiness Zone,127613.43839628236,95377.44888301005,27.613438396282362,-4.622551116989959,33.79833481687371
2010-05-14,Happiness Zone,Happiness Zone,125022.82345075591,93650.63754357978,25.022823450755904,-6.349362456420216,33.4991696053081
2010-05-17,Happiness Zone,Happiness Zone,125245.21364740496,93699.95288311531,25.245213647404952,-6.300047116884688,33.66625040211102
2010-05-18,Happiness Zone,Happiness Zone,123134.39088233915,92425.4319922148,23.13439088233915,-7.5745680077851985,33.22565902933625
2010-05-19,Happiness Zone,Happiness Zone,122414.4367690633,91899.13522445974,22.414436769063293,-8.100864775540263,33.20521076729528
2010-05-20,Happiness Zone,Happiness Zone,117715.41904847704,88429.07409908735,17.715419048477045,-11.570925900912654,33.11845707733352
2010-05-21,Happiness Zone,Happiness Zone,119734.85588401218,89720.08340138273,19.73485588401218,-10.279916598617278,33.45379467421101
2010-05-24,Happiness Zone,Happiness Zone,118240.39032758032,88568.85918680154,18.240390327580315,-11.431140813198459,33.50108764322937
2010-05-25,Happiness Zone,Happiness Zone,118522.63951240297,88659.32893498019,18.52263951240296,-11.340671065019803,33.683212963774544
2010-05-26,Happiness Zone,Happiness Zone,117732.29965833841,88124.82959893021,17.732299658338402,-11.87517040106979,33.597194109941995
2010-05-27,Happiness Zone,Happiness Zone,122122.22357101219,91076.85481720597,22.12222357101219,-8.923145182794034,34.0870013749544
2010-05-28,Happiness Zone,Happiness Zone,120749.87259449449,89933.89146328322,20.749872594494477,-10.066108536716778,34.26514813249499
2010-06-01,Happiness Zone,Happiness Zone,118929.59366972774,88420.89651323394,18.92959366972773,-11.579103486766062,34.503944609889324
2010-06-02,Happiness Zone,Happiness Zone,121772.92298371489,90723.2949775133,21.772922983714892,-9.276705022486698,34.22453738468996
2010-06-03,Happiness Zone,Happiness Zone,122258.1792128582,91035.76702840686,22.2581792128582,-8.964232971593145,34.29686287446634
2010-06-04,Happiness Zone,Happiness Zone,117791.18071586253,87837.06518268742,17.79118071586252,-12.162934817312577,34.10190842655685
2010-06-07,Happiness Zone,Happiness Zone,116089.62477865568,86743.35887593668,16.089624778655676,-13.256641124063318,33.83113852518789
2010-06-08,Happiness Zone,Happiness Zone,116986.06268402014,87672.58078780296,16.98606268402014,-12.327419212197043,33.4351762350485
2010-06-09,Happiness Zone,Happiness Zone,116391.67863513759,87203.86854772236,16.391678635137595,-12.796131452277637,33.470774374467325
2010-06-10,Happiness Zone,Happiness Zone,119796.36929633305,89752.98527684792,19.79636929633306,-10.24701472315208,33.473409187242865
2010-06-11,Happiness Zone,Happiness Zone,120642.45418474781,90188.80396894382,20.642454184747816,-9.81119603105618,33.766552915249434
2010-06-14,Happiness Zone,Happiness Zone,120686.61564138939,90049.03553619064,20.686615641389384,-9.950964463809363,34.023218486205245
2010-06-15,Happiness Zone,Happiness Zone,123476.41093244344,92096.51316732889,23.476410932443436,-7.903486832671113,34.07284020416805
2010-06-16,Happiness Zone,Happiness Zone,123483.2534541455,92063.66125674671,23.483253454145505,-7.936338743253291,34.128115011389745
2010-06-17,Happiness Zone,Happiness Zone,123698.04065561922,92211.6322577948,23.698040655619224,-7.788367742205193,34.145809619548096
2010-06-18,Happiness Zone,Happiness Zone,123821.86601911508,92311.59533374626,23.82186601911509,-7.688404666253746,34.13468326643647
2010-06-21,Happiness Zone,Happiness Zone,123169.53658064484,92047.23113771537,23.169536580644845,-7.952768862284632,33.81123479571721
2010-06-22,Happiness Zone,Happiness Zone,121426.96524519783,90527.00793458997,21.426965245197827,-9.472992065410024,34.13341279647124
2010-06-23,Happiness Zone,Happiness Zone,121100.53838453468,90246.13034472271,21.100538384534673,-9.753869655277292,34.189175670972396
2010-06-24,Happiness Zone,Happiness Zone,119118.2273157427,88750.6647411311,19.118227315742686,-11.249335258868898,34.21671563045532
2010-06-25,Happiness Zone,Happiness Zone,120146.62543464502,89122.47841808514,20.146625434645003,-10.877521581914863,34.81068700874943
2010-06-28,Happiness Zone,Happiness Zone,119596.54730088203,88841.55086333488,19.59654730088203,-11.158449136665116,34.61780680174935
2010-06-29,Happiness Zone,Happiness Zone,115639.05243345755,86098.58704307322,15.639052433457557,-13.901412956926784,34.31004666267739
2010-06-30,Happiness Zone,Happiness Zone,114296.2918348079,85280.63692568072,14.296291834807896,-14.719363074319281,34.02373147659927
2010-07-01,Happiness Zone,Happiness Zone,113674.92698140175,84900.56238806824,13.674926981401736,-15.099437611931766,33.89184215507317
2010-07-02,Happiness Zone,Happiness Zone,112911.58705305953,84437.91255379343,12.911587053059526,-15.562087446206574,33.72143346287271
2010-07-06,Happiness Zone,Happiness Zone,113111.376723854,84991.45683775253,13.111376723854008,-15.008543162247467,33.08558404850266
2010-07-07,Happiness Zone,Happiness Zone,116938.3801590535,87668.37541014922,16.93838015905349,-12.331624589850776,33.38718735458139
2010-07-08,Happiness Zone,Happiness Zone,117882.69917272982,88535.84072660931,17.882699172729822,-11.464159273390685,33.146868212096116
2010-07-09,Happiness Zone,Happiness Zone,118977.73543543923,89196.81783653055,18.977735435439236,-10.80318216346945,33.38787001738967
2010-07-12,Happiness Zone,Happiness Zone,119138.83106310762,89254.6688435811,19.13883106310761,-10.745331156418903,33.48190364349293
2010-07-13,Happiness Zone,Happiness Zone,121165.48412512254,90601.38899043787,21.165484125122536,-9.39861100956213,33.734687155745945
2010-07-14,Happiness Zone,Happiness Zone,121158.48089324353,90593.12812977945,21.158480893243524,-9.406871870220556,33.73915151674374
2010-07-15,Happiness Zone,Happiness Zone,121102.15426696943,90617.91071175475,21.102154266969443,-9.382089288245243,33.64041756842262
2010-07-16,Happiness Zone,Happiness Zone,117525.78382161686,88122.78936620711,17.52578382161687,-11.87721063379289,33.36593708265556
2010-07-19,Happiness Zone,Happiness Zone,118260.89732147552,88643.27355257147,18.260897321475532,-11.356726447428533,33.412150275947106
2010-07-20,Happiness Zone,Happiness Zone,119597.83453369046,89626.45753809363,19.59783453369046,-10.373542461906371,33.44032311313676
2010-07-21,Happiness Zone,Happiness Zone,117929.42349234471,88461.5013081639,17.929423492344696,-11.538498691836097,33.311578198889634
2010-07-22,Happiness Zone,Happiness Zone,120956.57452947792,90436.13846734719,20.956574529477923,-9.563861532652806,33.74805313381488
2010-07-23,Happiness Zone,Happiness Zone,121988.52134368553,91221.05346958645,21.98852134368552,-8.778946530413556,33.72847243466346
2010-07-26,Happiness Zone,Happiness Zone,123398.4396297627,92171.14404759188,23.39843962976269,-7.82885595240812,33.8796875148331
2010-07-27,Happiness Zone,Happiness Zone,123440.2477697105,92162.89984189445,23.4402477697105,-7.837100158105548,33.93702670106124
2010-07-28,Happiness Zone,Happiness Zone,122565.78418261223,91568.05125464319,22.565784182612237,-8.43194874535681,33.85212691899155
2010-07-29,Happiness Zone,Happiness Zone,121988.12138864983,91121.90648672424,21.98812138864983,-8.878093513275754,33.87353940670958
2010-07-30,Happiness Zone,Happiness Zone,122062.81134904371,91105.34312800485,22.06281134904371,-8.894656871995144,33.97986019057411
2010-08-02,Happiness Zone,Happiness Zone,124709.77972158176,93162.58889377248,24.709779721581747,-6.8374111062275205,33.862509836196786
2010-08-03,Happiness Zone,Happiness Zone,123942.42978019264,92716.42747089254,23.942429780192654,-7.283572529107463,33.67903958454743
2010-08-04,Happiness Zone,Happiness Zone,124836.87518559325,93336.0752950801,24.836875185593254,-6.663924704919899,33.749865516547615
2010-08-05,Happiness Zone,Happiness Zone,124357.2462860391,93236.9366396984,24.357246286039103,-6.763063360301603,33.377662081070895
2010-08-06,Happiness Zone,Happiness Zone,123866.28805779362,92856.89541200791,23.866288057793604,-7.143104587992088,33.39481953192212
2010-08-09,Happiness Zone,Happiness Zone,124675.75264152302,93352.63865379948,24.67575264152302,-6.64736134620052,33.553538967319454
2010-08-10,Happiness Zone,Happiness Zone,123666.39453746744,92848.62622386898,23.66639453746744,-7.15137377613102,33.19141011229738
2010-08-11,Happiness Zone,Happiness Zone,120293.79712133885,90303.95636933175,20.29379712133885,-9.69604363066825,33.20988576552777
2010-08-12,Happiness Zone,Happiness Zone,119354.16040603531,89750.38710293116,19.354160406035305,-10.24961289706885,32.98456336366857
2010-08-13,Happiness Zone,Happiness Zone,118862.39032191229,89485.96461453674,18.86239032191228,-10.514035385463261,32.827970100021055
2010-08-16,Happiness Zone,Happiness Zone,118907.95282332638,89444.66863872508,18.90795282332638,-10.555331361274922,32.940235156559304
2010-08-17,Happiness Zone,Happiness Zone,120376.17048061769,90543.53798338733,20.376170480617684,-9.456462016612665,32.9483839064296
2010-08-18,Happiness Zone,Happiness Zone,120735.0520247611,90708.78850647803,20.735052024761092,-9.291211493521967,33.10182399375638
2010-08-19,Happiness Zone,Happiness Zone,118601.3819024207,89130.75593370458,18.601381902420712,-10.869244066295414,33.06448560880193
2010-08-20,Happiness Zone,Happiness Zone,118413.6090641863,88841.55086333488,18.413609064186296,-11.158449136665116,33.2862921836452
2010-08-23,Happiness Zone,Happiness Zone,117622.95263792844,88502.80561145607,17.622952637928435,-11.49719438854393,32.9030778462722
2010-08-24,Happiness Zone,Happiness Zone,115977.0495957029,87189.12057975252,15.977049595702898,-12.810879420247478,33.01779949669048
2010-08-25,Happiness Zone,Happiness Zone,116792.68198216512,87527.88248659234,16.792681982165124,-12.472117513407666,33.43483089523571
2010-08-26,Happiness Zone,Happiness Zone,115832.028749201,86941.30308748,15.832028749201,-13.058696912519995,33.23015026891334
2010-08-27,Happiness Zone,Happiness Zone,117578.31094024878,88287.98992441478,17.578310940248777,-11.712010075585223,33.175883878328264
2010-08-30,Happiness Zone,Happiness Zone,116014.8266100754,87007.36499030597,16.014826610075406,-12.99263500969403,33.33908758528812
2010-08-31,Happiness Zone,Happiness Zone,116107.21402464544,87007.36499030597,16.107214024645433,-12.99263500969403,33.44527102686268
2010-09-01,Happiness Zone,Happiness Zone,119589.32532288681,89609.91083433526,19.58932532288682,-10.39008916566474,33.45546738013776
2010-09-02,Happiness Zone,Happiness Zone,120766.84372120997,90444.39932800563,20.76684372120996,-9.55560067199437,33.52606089320906
2010-09-03,Happiness Zone,Happiness Zone,122588.32203938066,91617.58310867178,22.58832203938066,-8.382416891328216,33.804361433517705
2010-09-07,Happiness Zone,Happiness Zone,121137.38616541702,90584.8256317185,21.137386165417027,-9.415174368281498,33.7281220343824
2010-09-08,Happiness Zone,Happiness Zone,122064.22512669182,91221.05346958645,22.064225126691817,-8.778946530413556,33.81146181061001
2010-09-09,Happiness Zone,Happiness Zone,122465.94123802996,91642.34903568607,22.465941238029963,-8.357650964313933,33.63465965973984
2010-09-10,Happiness Zone,Happiness Zone,122883.65268271822,92105.0571623244,22.883652682718214,-7.8949428376756,33.41683558824586
2010-09-13,Happiness Zone,Happiness Zone,124691.8657031153,93129.56210609975,24.6918657031153,-6.87043789390025,33.890746271369295
2010-09-14,Happiness Zone,Happiness Zone,124614.92083421876,93071.71942652971,24.61492083421877,-6.92828057347028,33.89128470178213
2010-09-15,Happiness Zone,Happiness Zone,125246.66440711144,93426.95308980337,25.246664407111453,-6.573046910196634,34.05838493600717
2010-09-16,Happiness Zone,Happiness Zone,125278.22606107214,93402.21214523059,25.27822606107215,-6.59778785476941,34.12768625466569
2010-09-17,Happiness Zone,Happiness Zone,125437.12119155288,93437.08763357486,25.43712119155288,-6.562912366425133,34.2476786984951
2010-09-20,Happiness Zone,Happiness Zone,127598.95576769672,94865.72520613429,27.59895576769673,-5.134274793865712,34.50480190863055
2010-09-21,Happiness Zone,Happiness Zone,127084.7673134182,94674.7011308885,27.0847673134182,-5.3252988691115055,34.23308000489227
2010-09-22,Happiness Zone,Happiness Zone,126195.18731711063,94209.53639750194,26.195187317110637,-5.790463602498052,33.95160632640244
2010-09-23,Happiness Zone,Happiness Zone,125110.89732744107,93445.39845911632,25.110897327441073,-6.554601540883686,33.886632611640955
2010-09-24,Happiness Zone,Happiness Zone,127829.68591530516,95372.45239470858,27.82968591530517,-4.627547605291415,34.03208442860315
2010-09-27,Happiness Zone,Happiness Zone,127093.67583968252,94915.57350442196,27.09367583968252,-5.084426495578043,33.90181521029469
2010-09-28,Happiness Zone,Happiness Zone,127382.51633511441,95247.82332150885,27.382516335114417,-4.752176678491149,33.737981502354096
2010-09-29,Happiness Zone,Happiness Zone,127012.86300649784,95081.74837784843,27.012863006497835,-4.918251622151571,33.582801298265274
2010-09-30,Happiness Zone,Happiness Zone,126697.58448152416,94799.32187660772,26.69758448152415,-5.200678123392278,33.648197026594474
2010-10-01,Happiness Zone,Happiness Zone,126988.13394269398,95198.00000566267,26.98813394269397,-4.801999994337325,33.39369937933605
2010-10-04,Happiness Zone,Happiness Zone,126152.38002197594,94483.66872816221,26.15238002197595,-5.516331271837782,33.5176562469514
2010-10-05,Happiness Zone,Happiness Zone,128743.66441039856,96385.83182453265,28.74366441039855,-3.614168175467347,33.57115042050196
2010-10-06,Happiness Zone,Happiness Zone,128295.69064277929,96377.5126715107,28.29569064277928,-3.622487328489299,33.11786856344512
2010-10-07,Happiness Zone,Happiness Zone,128304.60906161764,96261.20275133294,28.304609061617647,-3.7387972486670584,33.28797625047437
2010-10-08,Happiness Zone,Happiness Zone,128983.59066971466,96801.1316046705,28.983590669714655,-3.1988683953295016,33.24595335979667
2010-10-11,Happiness Zone,Happiness Zone,129032.12051764032,96892.52570318493,29.032120517640326,-3.1074742968150715,33.17035507249548
2010-10-12,Happiness Zone,Happiness Zone,129782.28875013416,97191.49890818402,29.782288750134157,-2.8085010918159847,33.532551928989584
2010-10-13,Happiness Zone,Happiness Zone,130704.21341226553,97947.36765843072,30.704213412265524,-2.0526323415692715,33.443314033784844
2010-10-14,Happiness Zone,Happiness Zone,130111.29067409788,97565.31118045867,30.11129067409788,-2.4346888195413308,33.35814655830036
2010-10-15,Happiness Zone,Happiness Zone,130737.44386594588,97764.62942628488,30.737443865945878,-2.235370573715123,33.72673187957276
2010-10-18,Happiness Zone,Happiness Zone,131541.5940006146,98246.43246571533,31.5415940006146,-1.7535675342846613,33.8894356764742
2010-10-19,Happiness Zone,Happiness Zone,129919.93299223097,96958.9290327115,29.91993299223097,-3.041070967288495,33.994810264869216
2010-10-20,Happiness Zone,Happiness Zone,131189.1002899091,97905.83018568449,31.18910028990911,-2.094169814315505,33.99518704974038
2010-10-21,Happiness Zone,Happiness Zone,131305.08423986283,98121.82004747662,31.305084239862822,-1.8781799525233844,33.81843526376738
2010-10-22,Happiness Zone,Happiness Zone,131680.119516114,98304.54162466146,31.680119516114004,-1.6954583753385433,33.95120646499172
2010-10-25,Happiness Zone,Happiness Zone,131995.15972127774,98595.24564152161,31.995159721277734,-1.4047543584783884,33.87578565521658
2010-10-26,Happiness Zone,Happiness Zone,132050.20034290894,98611.86729260451,32.05020034290893,-1.3881327073954841,33.909035462319224
2010-10-27,Happiness Zone,Happiness Zone,131981.02955024145,98329.4574463248,31.981029550241445,-1.6705425536752028,34.22328667102232
2010-10-28,Happiness Zone,Happiness Zone,131936.18526523036,98346.0957523687,31.936185265230364,-1.6539042476312993,34.154980180850394
2010-10-29,Happiness Zone,Happiness Zone,131907.10896813683,98420.81823491721,31.90710896813682,-1.5791817650827822,34.023584983100186
2010-11-01,Happiness Zone,Happiness Zone,132026.5912134591,98454.07819204402,32.0265912134591,-1.5459218079559744,34.09966721330597
2010-11-02,Happiness Zone,Happiness Zone,133115.6053296309,99234.87109143456,33.115605329630895,-0.7651289085654378,34.14196427683045
2010-11-03,Happiness Zone,Happiness Zone,133718.48694901366,99633.54089300902,33.71848694901367,-0.3664591069909795,34.2103128630213
2010-11-04,Happiness Zone,Happiness Zone,136237.41474742393,101552.32564046235,36.23741474742393,1.5523256404623487,34.15489393099798
2010-11-05,Happiness Zone,Happiness Zone,137026.1571066187,101934.37379095392,37.0261571066187,1.9343737909539138,34.42585853093156
2010-11-08,Happiness Zone,Happiness Zone,136767.38001971444,101743.31640578613,36.767380019714444,1.7433164057861328,34.42394532751489
2010-11-09,Happiness Zone,Happiness Zone,135213.8168573245,101012.37180468327,35.213816857324495,1.0123718046832764,33.85866942989211
2010-11-10,Happiness Zone,Happiness Zone,136027.4921178177,101419.41072416269,36.02749211781769,1.4194107241626952,34.12372557338257
2010-11-11,Happiness Zone,Happiness Zone,135113.00223199438,101037.32093626862,35.113002231994386,1.0373209362686264,33.72583613654969
2010-11-12,Happiness Zone,Happiness Zone,133309.77187231946,99841.21160177921,33.30977187231945,-0.15878839822078827,33.52178898232021
2010-11-15,Happiness Zone,Happiness Zone,133051.60070297407,99700.0108423796,33.051600702974085,-0.299989157620395,33.45194205978728
2010-11-16,Happiness Zone,Happiness Zone,130719.82517789892,98146.71088669846,30.71982517789893,-1.8532891133015372,33.18818735434057
2010-11-17,Happiness Zone,Happiness Zone,130826.0285369544,98196.56751246664,30.826028536954396,-1.8034324875333518,33.22871852964233
2010-11-18,Happiness Zone,Happiness Zone,132670.2512874332,99641.85171855048,32.670251287433196,-0.3581482814495218,33.147115393012896
2010-11-19,Happiness Zone,Happiness Zone,132935.09065165507,99915.94241180822,32.935090651655074,-0.08405758819177711,33.046926689393466
2010-11-22,Happiness Zone,Happiness Zone,133041.88281806317,99832.90910371827,33.04188281806317,-0.16709089628172968,33.26455575870626
2010-11-23,Happiness Zone,Happiness Zone,131250.55800056114,98387.60824267344,31.250558000561135,-1.612391757326559,33.40151300032734
2010-11-24,Happiness Zone,Happiness Zone,133423.10110772453,99841.21160177921,33.42310110772453,-0.15878839822078827,33.635298457602936
2010-11-26,Happiness Zone,Happiness Zone,132247.27214680228,98678.30393205308,32.247272146802274,-1.3216960679469203,34.0185905889341
2010-11-29,Happiness Zone,Happiness Zone,132468.81205617517,98977.34375689618,32.46881205617518,-1.0226562431038144,33.83750970478585
2010-11-30,Happiness Zone,Happiness Zone,131480.66488535775,98420.81823491721,31.480664885357747,-1.5791817650827822,33.59029851949731
2010-12-01,Happiness Zone,Happiness Zone,133923.08871367387,100513.98042409193,33.92308871367386,0.5139804240919421,33.238270088022695
2010-12-02,Happiness Zone,Happiness Zone,135720.47760363098,101801.50051205677,35.720477603630975,1.801500512056764,33.31873982305109
2010-12-03,Happiness Zone,Happiness Zone,136068.06463264558,102075.58287783402,36.06806463264558,2.0755828778340257,33.30128596521893
2010-12-06,Happiness Zone,Happiness Zone,136056.28163561836,101967.61709311971,36.05628163561836,1.9676170931197223,33.43087297153164
2010-12-07,Happiness Zone,Happiness Zone,136212.22798725253,102025.76788946835,36.21222798725252,2.025767889468355,33.507672429205094
2010-12-08,Happiness Zone,Happiness Zone,136734.85993486017,102399.51354189897,36.73485993486017,2.3995135418989566,33.53077100206357
2010-12-09,Happiness Zone,Happiness Zone,137095.64200207728,102798.24163583694,37.09564200207729,2.798241635836929,33.363800606375136
2010-12-10,Happiness Zone,Happiness Zone,137993.8439309917,103396.27964812063,37.99384393099168,3.396279648120637,33.46113071051866
2010-12-13,Happiness Zone,Happiness Zone,137840.9047657636,103462.74127001072,37.840904765763604,3.4627412700107163,33.22757842461846
2010-12-14,Happiness Zone,Happiness Zone,137647.85512570725,103554.08540364214,37.64785512570725,3.5540854036421266,32.92363559503371
2010-12-15,Happiness Zone,Happiness Zone,136930.1617564978,103080.63482715563,36.93016175649782,3.080634827155637,32.837910812346706
2010-12-16,Happiness Zone,Happiness Zone,137578.76821501812,103678.69782188085,37.57876821501811,3.678697821880861,32.697237817721536
2010-12-17,Happiness Zone,Happiness Zone,137924.9508480554,103789.73644690056,37.92495084805538,3.789736446900549,32.8888149924329
2010-12-20,Happiness Zone,Happiness Zone,138260.0110860791,104040.23538789486,38.26001108607908,4.040235387894864,32.89090568721043
2010-12-21,Happiness Zone,Happiness Zone,139397.9381018944,104699.88010093571,39.397938101894404,4.699880100935716,33.14049449484382
2010-12-22,Happiness Zone,Happiness Zone,139842.64825034275,105025.54288094517,39.84264825034276,5.025542880945166,33.15108345487492
2010-12-23,Happiness Zone,Happiness Zone,139457.46887117802,104875.23185787589,39.45746887117802,4.8752318578758835,32.97464654015454
2010-12-27,Happiness Zone,Happiness Zone,139894.43934897406,104916.99417259569,39.89443934897405,4.916994172595679,33.338207458400944
2010-12-28,Happiness Zone,Happiness Zone,139906.3692066315,105067.28021322346,39.90636920663151,5.067280213223468,33.158837768242975
2010-12-29,Happiness Zone,Happiness Zone,140045.52954763712,105142.4190697971,40.045529547637116,5.142419069797111,33.19603142730638
2010-12-30,Happiness Zone,Happiness Zone,139817.68248829702,104975.4281032814,39.817682488297024,4.9754281032813985,33.19086667666231
2010-12-31,Happiness Zone,Happiness Zone,139631.6327356486,105000.48549211328,39.6316327356486,5.000485492113271,32.98189249433185
2011-01-03,Happiness Zone,Happiness Zone,141481.51033560897,106085.9725756081,41.48151033560896,6.085972575608101,33.364955705877385
2011-01-04,Happiness Zone,Happiness Zone,141085.90177966736,106027.52198996139,41.08590177966735,6.027521989961393,33.06535806149018
2011-01-05,Happiness Zone,Happiness Zone,142070.50101173532,106578.61799465276,42.07050101173533,6.578617994652758,33.30112895521245
2011-01-06,Happiness Zone,Happiness Zone,141878.7040215499,106369.87304089774,41.87870402154989,6.369873040897733,33.38241361536598
2011-01-07,Happiness Zone,Happiness Zone,141478.90508200333,106161.10310470124,41.47890508200334,6.161103104701238,33.26811887256858
2011-01-10,Happiness Zone,Happiness Zone,141556.3462044962,106027.52198996139,41.556346204496194,6.027521989961393,33.50905835364016
2011-01-11,Happiness Zone,Happiness Zone,141812.31591450126,106403.2828926736,41.812315914501255,6.403282892673601,33.278139601711246
2011-01-12,Happiness Zone,Happiness Zone,143050.905339894,107363.516341931,43.050905339893994,7.363516341930998,33.23977288924284
2011-01-13,Happiness Zone,Happiness Zone,142959.76593530524,107188.18956743235,42.95976593530524,7.188189567432346,33.37268453943698
2011-01-14,Happiness Zone,Happiness Zone,144152.55116185924,107964.69381436413,44.152551161859236,7.964693814364132,33.5182327379328
2011-01-18,Happiness Zone,Happiness Zone,144340.77101254096,108148.44799913127,44.34077101254097,8.148447999131259,33.46541137021257
2011-01-19,Happiness Zone,Happiness Zone,142542.2292236011,107087.97666706583,42.54222922360111,7.087976667065821,33.10759401754482
2011-01-20,Happiness Zone,Happiness Zone,142185.33189529262,106946.0181069405,42.18533189529261,6.946018106940488,32.950561799425415
2011-01-21,Happiness Zone,Happiness Zone,142056.86713755532,107188.18956743235,42.05686713755532,7.188189567432346,32.53033539500825
2011-01-24,Happiness Zone,Happiness Zone,143088.9616586886,107797.73615777044,43.0889616586886,7.797736157770441,32.73837351209927
2011-01-25,Happiness Zone,Happiness Zone,143365.08290417833,107856.16176097565,43.36508290417833,7.856161760975655,32.92247801465011
2011-01-26,Happiness Zone,Happiness Zone,143927.58152548503,108273.65166848566,43.92758152548504,8.273651668485659,32.929460960793364
2011-01-27,Happiness Zone,Happiness Zone,144735.06389816682,108540.9055002509,44.735063898166814,8.540905500250906,33.34609954754087
2011-01-28,Happiness Zone,Happiness Zone,141919.62583211318,106645.42104324343,41.91962583211317,6.645421043243438,33.076155022695694
2011-01-31,Happiness Zone,Happiness Zone,142934.27199476343,107447.04097137062,42.93427199476343,7.447040971370611,33.02764850718265
2011-02-01,Happiness Zone,Happiness Zone,145178.2488448981,109167.1403615159,45.17824884489809,9.167140361515912,32.987131809195034
2011-02-02,Happiness Zone,Happiness Zone,144868.75683564576,108958.3870802804,44.868756835645776,8.958387080280406,32.957875678635595
2011-02-03,Happiness Zone,Happiness Zone,145130.06543759225,109200.50024840873,45.130065437592236,9.200500248408726,32.902381497750575
2011-02-04,Happiness Zone,Happiness Zone,145447.13823497214,109509.50806741328,45.44713823497213,9.509508067413286,32.81690403123345
2011-02-07,Happiness Zone,Happiness Zone,146490.07526180206,110194.12689448099,46.49007526180207,10.19412689448098,32.938187714919806
2011-02-08,Happiness Zone,Happiness Zone,147264.98214734317,110695.1580863916,47.26498214734316,10.69515808639161,33.03651640518079
2011-02-09,Happiness Zone,Happiness Zone,146894.48430428427,110444.6258354753,46.89448430428427,10.444625835475296,33.00283575871477
2011-02-10,Happiness Zone,Happiness Zone,146990.83552321268,110486.4048051561,46.99083552321268,10.486404805156102,33.03974890162507
2011-02-11,Happiness Zone,Happiness Zone,148075.11331502706,111146.03286323595,48.07511331502705,11.146032863235945,33.22572970034115
2011-02-14,Happiness Zone,Happiness Zone,148346.90126846978,111413.25338507918,48.346901268469786,11.41325338507917,33.150138570800294
2011-02-15,Happiness Zone,Happiness Zone,147976.50307688914,111062.54154371835,47.976503076889145,11.062541543718352,33.237094181425775
2011-02-16,Happiness Zone,Happiness Zone,148792.68356841817,111763.9402439985,48.79268356841817,11.763940243998494,33.13120783284844
2011-02-17,Happiness Zone,Happiness Zone,148982.04522078487,112097.9305045104,48.98204522078486,12.097930504510401,32.90347515808099
2011-02-18,Happiness Zone,Happiness Zone,149088.11032358737,112331.7495020583,49.08811032358737,12.331749502058308,32.72125733326674
2011-02-22,Happiness Zone,Happiness Zone,145720.98790683981,110077.25903310956,45.7209879068398,10.077259033109565,32.380647180730726
2011-02-23,Happiness Zone,Happiness Zone,144638.09667560278,109400.92604914178,44.63809667560277,9.400926049141777,32.20920690436644
2011-02-24,Happiness Zone,Happiness Zone,144732.82893797904,109325.76221012665,44.73282893797903,9.325762210126642,32.38675497162251
2011-02-25,Happiness Zone,Happiness Zone,146636.57728781755,110494.77392306106,46.63657728781754,10.494773923061063,32.70906132621485
2011-02-28,Happiness Zone,Happiness Zone,147525.09308623534,111179.45104249229,47.52509308623534,11.179451042492294,32.690970950964584
2011-03-01,Happiness Zone,Happiness Zone,144841.00204293313,109325.76221012665,44.841002042933134,9.325762210126642,32.485700638926595
2011-03-02,Happiness Zone,Happiness Zone,144982.4722216424,109559.58953515503,44.982472221642425,9.559589535155034,32.332069549348795
2011-03-03,Happiness Zone,Happiness Zone,147510.22562197765,111446.66323685502,47.51022562197764,11.446663236855015,32.35948151132848
2011-03-04,Happiness Zone,Happiness Zone,146420.73039200983,110611.6584393935,46.420730392009844,10.611658439393512,32.37368687699127
2011-03-07,Happiness Zone,Happiness Zone,145015.72350097762,109743.26877259766,45.01572350097762,9.743268772597657,32.14088219065998
2011-03-08,Happiness Zone,Happiness Zone,146459.7904476379,110703.48556689406,46.45979044763791,10.703485566894066,32.29916808639022
2011-03-09,Happiness Zone,Happiness Zone,146041.04536696797,110544.85539080283,46.04104536696798,10.544855390802832,32.11021431135581
2011-03-10,Happiness Zone,Happiness Zone,143525.36538894073,108499.1265305701,43.52536538894072,8.4991265305701,32.282507683139585
2011-03-11,Happiness Zone,Happiness Zone,144413.62262001436,109250.640008514,44.41362262001436,9.250640008514011,32.18560789095613
2011-03-14,Happiness Zone,Happiness Zone,143575.33696772077,108590.95365807065,43.57533696772076,8.590953658070655,32.21666458497856
2011-03-15,Happiness Zone,Happiness Zone,141967.6388801247,107346.84472596509,41.96763888012469,7.346844725965096,32.251338399875216
2011-03-16,Happiness Zone,Happiness Zone,139297.13832445221,105359.53314145707,39.297138324452206,5.3595331414570735,32.21123345092094
2011-03-17,Happiness Zone,Happiness Zone,140690.90607627353,106754.00306151493,40.69090607627353,6.754003061514924,31.789817750630966
2011-03-18,Happiness Zone,Happiness Zone,141317.81912233625,107142.28016742232,41.31781912233625,7.14228016742231,31.897341461755957
2011-03-21,Happiness Zone,Happiness Zone,143314.04731445055,108802.71315976753,43.31404731445054,8.802713159767528,31.719185259659888
2011-03-22,Happiness Zone,Happiness Zone,142827.74141906245,108425.34505331835,42.82774141906245,8.425345053318356,31.72910941517102
2011-03-23,Happiness Zone,Happiness Zone,143040.6185871909,108735.64363180078,43.040618587190906,8.735643631800771,31.548969417565754
2011-03-24,Happiness Zone,Happiness Zone,144529.4270356706,109775.49612214214,44.52942703567062,9.775496122142147,31.65909710383761
2011-03-25,Happiness Zone,Happiness Zone,145014.32883095113,110110.98532914449,45.014328830951136,10.110985329144494,31.69833000537896
2011-03-28,Happiness Zone,Happiness Zone,144575.59122137498,109842.62394247242,44.57559122137498,9.842623942472418,31.620664212367288
2011-03-29,Happiness Zone,Happiness Zone,145490.13442603732,110580.61359208036,45.49013442603731,10.580613592080358,31.569295647729277
2011-03-30,Happiness Zone,Happiness Zone,146505.3559234233,111343.76888776671,46.50535592342331,11.343768887766714,31.579303796604098
2011-03-31,Happiness Zone,Happiness Zone,146534.62628198822,111192.82497617924,46.53462628198823,11.192824976179239,31.784246252741788
2011-04-01,Happiness Zone,Happiness Zone,146812.90805249792,111662.4449116346,46.81290805249792,11.662444911634594,31.47921682055239
2011-04-04,Dovish/Co-operative,Happiness Zone,146656.79237849324,111754.69674064078,46.65679237849323,11.75469674064078,31.230987739918348
2011-04-05,Dovish/Co-operative,Happiness Zone,146573.35032170627,111737.88355750633,46.573350321706265,11.737883557506334,31.176057443643757
2011-04-06,Dovish/Co-operative,Happiness Zone,147186.7013077793,112090.1193277991,47.18670130777929,12.090119327799087,31.311039894018577
2011-04-07,Dovish/Co-operative,Happiness Zone,146740.10230317095,111805.03636027811,46.740102303170936,11.80503636027812,31.246415260148773
2011-04-08,Dovish/Co-operative,Happiness Zone,145947.62736925966,111419.24084356044,45.947627369259656,11.419240843560452,30.989608495160393
2011-04-11,Dovish/Co-operative,Happiness Zone,145615.9792944725,111083.80992892162,45.615979294472496,11.083809928921617,31.08659073509157
2011-04-12,Dovish/Co-operative,Happiness Zone,144720.33995542955,110253.576777788,44.720339955429544,10.253576777787998,31.261356034832353
2011-04-13,Dovish/Co-operative,Happiness Zone,144941.28067499385,110245.18267744152,44.941280674993855,10.245182677441523,31.47175881513766
2011-04-14,Dovish/Co-operative,Happiness Zone,144923.47492730507,110329.00709617922,44.923474927305065,10.329007096179232,31.3557320433131
2011-04-15,Dovish/Co-operative,Happiness Zone,145268.2376182011,110731.54917618733,45.26823761820109,10.731549176187327,31.18956494238305
2011-04-18,Dovish/Co-operative,Happiness Zone,143846.20395844217,109490.39649966014,43.84620395844217,9.490396499660147,31.37791857287564
2011-04-19,Dovish/Co-operative,Happiness Zone,144541.6985098316,110119.35444704945,44.54169850983158,10.119354447049457,31.25912264526942
2011-04-20,Dovish/Co-operative,Happiness Zone,146630.36330093068,111620.51604730474,46.63036330093069,11.62051604730474,31.365064858496773
2011-04-21,Dovish/Co-operative,Happiness Zone,147553.84005870187,112190.76525715175,47.553840058701866,12.190765257151748,31.52048630784774
2011-04-25,Dovish/Co-operative,Happiness Zone,147678.84363265312,112073.36443702817,47.67884363265311,12.073364437028179,31.769795949715586
2011-04-26,Dovish/Co-operative,Happiness Zone,148734.2478463414,113037.7449715758,48.7342478463414,13.037744971575794,31.579277243846082
2011-04-27,Dovish/Co-operative,Happiness Zone,149662.37713333528,113775.74294866424,49.662377133335276,13.775742948664238,31.54155117305024
2011-04-28,Dovish/Co-operative,Happiness Zone,150169.1723620861,114144.75026468896,50.169172362086115,14.144750264688955,31.560296915855112
2011-04-29,Dovish/Co-operative,Happiness Zone,150128.47508024488,114413.13663380254,50.1284750802449,14.413136633802548,31.216116870176336
2011-05-02,Dovish/Co-operative,Happiness Zone,149773.59334581328,114237.03540361715,49.77359334581328,14.237035403617138,31.107738236238337
2011-05-03,Dovish/Co-operative,Happiness Zone,149304.43000129928,113826.07424082106,49.304430001299274,13.826074240821074,31.16891801558306
2011-05-04,Dovish/Co-operative,Happiness Zone,148534.45017591838,113071.30471800068,48.53445017591837,13.071304718000686,31.363523704234787
2011-05-05,Dovish/Co-operative,Happiness Zone,147523.6984250528,112048.17380850825,47.5236984250528,12.048173808508245,31.660957435301597
2011-05-06,Dovish/Co-operative,Happiness Zone,147878.18569066084,112542.95939004203,47.87818569066084,12.542959390042018,31.397100709034078
2011-05-09,Dovish/Co-operative,Happiness Zone,148361.93613562878,112979.061216475,48.36193613562878,12.979061216475007,31.31808189781109
2011-05-10,Dovish/Co-operative,Happiness Zone,149751.03435165866,113943.48338842516,49.75103435165866,13.943483388425149,31.42571202704776
2011-05-11,Dovish/Co-operative,Happiness Zone,148273.21430266788,112744.23459378633,48.27321430266789,12.74423459378633,31.512901601479903
2011-05-12,Dovish/Co-operative,Happiness Zone,148911.3042159484,113280.95736713045,48.911304215948384,13.280957367130464,31.453077089862603
2011-05-13,Dovish/Co-operative,Happiness Zone,147360.59506164215,112408.795351667,47.360595061642144,12.40879535166699,31.093474136636434
2011-05-16,Dovish/Co-operative,Happiness Zone,146108.58869057038,111695.97967561797,46.10858869057037,11.695979675617973,30.80917425577163
2011-05-17,Dovish/Co-operative,Happiness Zone,146336.6801339917,111679.22478484704,46.336680133991706,11.679224784847042,31.03303717939765
2011-05-18,Dovish/Co-operative,Happiness Zone,147495.8361059808,112677.19004826107,47.49583610598081,12.677190048261068,30.901237457915354
2011-05-19,Dovish/Co-operative,Happiness Zone,147819.62026434645,112945.53477997213,47.819620264346455,12.945534779972135,30.876905007632317
2011-05-20,Dovish/Co-operative,Happiness Zone,146564.65813609026,112048.17380850825,46.56465813609025,12.048173808508245,30.805039613203444
2011-05-23,Dovish/Co-operative,Happiness Zone,144720.4945639644,110748.32904939978,44.72049456396441,10.748329049399775,30.675104361539574
2011-05-24,Dovish/Co-operative,Happiness Zone,144399.70891066047,110656.0855478741,44.39970891066047,10.656085547874095,30.494141551923583
2011-05-25,Dovish/Co-operative,Happiness Zone,144903.48813243667,111025.0678814573,44.90348813243668,11.025067881457296,30.514208095014837
2011-05-26,Dovish/Co-operative,Happiness Zone,145829.11718243407,111536.64999116454,45.829117182434075,11.536649991164527,30.74546993655094
2011-05-27,Dovish/Co-operative,Happiness Zone,146540.8943552053,111964.32440732904,46.540894355205296,11.964324407329041,30.881774289179663
2011-05-31,Dovish/Co-operative,Happiness Zone,148361.84386980618,113130.030110504,48.36184386980618,13.130030110503998,31.142759994749582
2011-06-01,Dovish/Co-operative,Happiness Zone,144840.13725169218,110588.99103746582,44.840137251692184,10.588991037465822,30.971569496119745
2011-06-02,Dovish/Co-operative,Happiness Zone,144782.1328376083,110471.60687230324,44.7821328376083,10.47160687230324,31.058230197525248
2011-06-03,Dovish/Co-operative,Happiness Zone,143400.76211766276,109373.00400701707,43.40076211766275,9.37300400701706,31.11166088888129
2011-06-06,Dovish/Co-operative,Happiness Zone,141816.74306727247,108215.70073166909,41.816743067272476,8.215700731669084,31.0500621521828
2011-06-07,Dovish/Co-operative,Happiness Zone,141815.72500518383,108148.63120370232,41.81572500518382,8.148631203702305,31.13039289241506
2011-06-08,Dovish/Co-operative,Happiness Zone,140978.38936189207,107695.74950405689,40.97838936189206,7.695749504056892,30.90432074720035
2011-06-09,Dovish/Co-operative,Happiness Zone,141478.2082427634,108517.58022736352,41.47820824276338,8.517580227363531,30.373537583810407
2011-06-10,Dovish/Co-operative,Happiness Zone,139520.87785551953,107008.09114660579,39.52087785551952,7.008091146605788,30.383484426770856
2011-06-13,Dovish/Co-operative,Happiness Zone,139806.44499075363,107091.9655302265,39.80644499075363,7.091965530226507,30.54802411978659
2011-06-14,Dovish/Co-operative,Happiness Zone,141435.6556118687,108450.53568183827,41.43565561186868,8.450535681838268,30.414898112443623
2011-06-15,Dovish/Co-operative,Happiness Zone,138935.36070146068,106521.68301045748,38.93536070146069,6.52168301045748,30.429182843291237
2011-06-16,Dovish/Co-operative,Happiness Zone,139097.67158960318,106756.49297818515,39.09767158960318,6.756492978185147,30.29434342511297
2011-06-17,Dovish/Co-operative,Happiness Zone,139422.92991079862,107075.06074480651,39.42292991079861,7.075060744806505,30.21046071884772
2011-06-20,Dovish/Co-operative,Happiness Zone,140099.57350982368,107622.89237714092,40.09957350982367,7.622892377140911,30.176369000449576
2011-06-21,Dovish/Co-operative,Happiness Zone,142222.40308853553,109097.73913900845,42.22240308853553,9.097739139008443,30.36237433602618
2011-06-22,Dovish/Co-operative,Happiness Zone,141384.92613806558,108440.35950066427,41.384926138065566,8.440359500664263,30.380355422188998
2011-06-23,Dovish/Co-operative,Happiness Zone,141205.10556330855,108128.54532073041,41.20510556330854,8.128545320730417,30.590035355110533
2011-06-24,Dovish/Co-operative,Happiness Zone,139696.42068450074,106872.78624340192,39.696420684500744,6.872786243401929,30.71280874660014
2011-06-27,Dovish/Co-operative,Happiness Zone,141135.01406011917,107825.15022358451,41.13501406011917,7.8251502235845205,30.892480805696863
2011-06-28,Dovish/Co-operative,Happiness Zone,142718.33492252504,109232.58603078469,42.71833492252504,9.232586030784695,30.65545741295841
2011-06-29,Dovish/Co-operative,Happiness Zone,143954.18980984704,110168.0535530278,43.954189809847044,10.16805355302779,30.667816274485382
2011-06-30,Dovish/Co-operative,Happiness Zone,145205.17716894514,111221.54645643219,45.20517716894514,11.221546456432186,30.55489857428395
2011-07-01,Dovish/Co-operative,Happiness Zone,147250.7779643302,112864.98306107191,47.25077796433019,12.86498306107191,30.46630936421788
2011-07-05,Dovish/Co-operative,Happiness Zone,147354.59637715784,112772.23991071607,47.35459637715784,12.772239910716078,30.66566425728643
2011-07-06,Dovish/Co-operative,Happiness Zone,147623.6637486014,112907.08680249231,47.62366374860139,12.907086802492307,30.747916653662834
2011-07-07,Dovish/Co-operative,Happiness Zone,149425.5204153,114078.54679469446,49.425520415300014,14.078546794694446,30.984768489573234
2011-07-08,Dovish/Co-operative,Happiness Zone,148585.51036018366,113269.47377151757,48.58551036018366,13.269473771517571,31.178776957950838
2011-07-11,Dovish/Co-operative,Happiness Zone,145838.0578279664,111221.54645643219,45.838057827966395,11.221546456432186,31.123925601137216
2011-07-12,Dovish/Co-operative,Happiness Zone,145164.55651214824,110741.15908868716,45.16455651214824,10.741159088687159,31.084555829773343
2011-07-13,Dovish/Co-operative,Happiness Zone,145428.51565281683,111111.99845042241,45.42851565281683,11.111998450422412,30.884618835927302
2011-07-14,Dovish/Co-operative,Happiness Zone,144167.65250333946,110345.05415110746,44.16765250333945,10.345054151107448,30.65166682134666
2011-07-15,Dovish/Co-operative,Happiness Zone,145227.6432491246,110985.57896891468,45.227643249124604,10.985578968914677,30.852714918755876
2011-07-18,Dovish/Co-operative,Happiness Zone,144119.527611407,110075.360367555,44.11952761140698,10.075360367554985,30.928054316764797
2011-07-19,Dovish/Co-operative,Happiness Zone,146655.53337024697,111862.0462917979,46.65553337024697,11.8620462917979,31.103925086162356
2011-07-20,Dovish/Co-operative,Happiness Zone,146761.5534712547,111794.61868216954,46.7615534712547,11.794618682169556,31.277833585617977
2011-07-21,Dovish/Co-operative,Happiness Zone,148381.53133370698,113345.33711889492,48.381531333706974,13.345337118894918,30.911015049574054
2011-07-22,Dovish/Co-operative,Happiness Zone,148957.0021840672,113421.22544871378,48.95700218406722,13.42122544871378,31.330799499624362
2011-07-25,Dovish/Co-operative,Happiness Zone,148208.63046504065,112789.10305873354,48.20863046504065,12.78910305873353,31.403323943327077
2011-07-26,Dovish/Co-operative,Happiness Zone,148156.7935694861,112367.69923538738,48.1567935694861,12.367699235387386,31.84998409474227
2011-07-27,Dovish/Co-operative,Happiness Zone,144725.0637700961,110066.93295728651,44.72506377009611,10.066932957286511,31.488231643793796
2011-07-28,Dovish/Co-operative,Happiness Zone,144657.83181017914,109746.66638464265,44.657831810179125,9.746666384642655,31.810684165274793
2011-07-29,Dovish/Co-operative,Happiness Zone,144061.6298064332,108996.64352570867,44.0616298064332,8.99664352570868,32.17070282760943
2011-08-01,Dovish/Co-operative,Happiness Zone,143358.7050437508,108533.0776685786,43.35870504375079,8.533077668578603,32.08757009684851
2011-08-02,Dovish/Co-operative,Dovish/Co-operative,139792.86509943675,105760.32645055966,39.79286509943676,5.760326450559661,32.1789273833099
2011-08-03,Dovish/Co-operative,Dovish/Co-operative,140535.79591982858,106333.43198621902,40.53579591982859,6.333431986219007,32.16520269753189
2011-08-04,Dovish/Co-operative,Dovish/Co-operative,134201.29386878136,101352.60767557201,34.20129386878137,1.3526076755720151,32.410301961206
2011-08-05,Dovish/Co-operative,Dovish/Co-operative,133031.15137108523,101200.8893082978,33.03115137108523,1.2008893082978034,31.452551731852772
2011-08-08,Dovish/Co-operative,Dovish/Co-operative,124151.084611925,94610.39632644855,24.15108461192501,-5.389603673551447,31.223511825854477
2011-08-09,Dovish/Co-operative,Dovish/Co-operative,130803.70347096262,99009.6627087262,30.803703470962617,-0.9903372912738018,32.112058452083026
2011-08-10,Dovish/Co-operative,Dovish/Co-operative,125296.30266174239,94635.69521221501,25.296302661742388,-5.36430478778499,32.39856523563627
2011-08-11,Dovish/Co-operative,Dovish/Co-operative,130785.17429332894,98883.25988217947,30.785174293328943,-1.116740117820536,32.26219933400352
2011-08-12,Dovish/Co-operative,Dovish/Co-operative,131349.07359114877,99549.05860331163,31.34907359114878,-0.45094139668837574,31.94406399618055
2011-08-15,Dovish/Co-operative,Dovish/Co-operative,134155.16833006902,101655.9944452374,34.15516833006902,1.6559944452374076,31.96975649314915
2011-08-16,Dovish/Co-operative,Dovish/Co-operative,132896.02646804566,100787.92122270064,32.89602646804566,0.7879212227006382,31.857096421702224
2011-08-17,Dovish/Co-operative,Dovish/Co-operative,132810.24096785244,100855.34883232901,32.81024096785244,0.8553488323290059,31.683884400269257
2011-08-18,Dovish/Co-operative,Dovish/Co-operative,126913.61394302858,96506.63025670125,26.91361394302858,-3.4933697432987576,31.507662847046646
2011-08-19,Dovish/Co-operative,Dovish/Co-operative,124687.54644646683,94930.6212616899,24.687546446466826,-5.069378738310104,31.345971183257817
2011-08-22,Dovish/Co-operative,Dovish/Co-operative,124681.60755363789,95006.49293654776,24.681607553637885,-4.99350706345224,31.234827957400068
2011-08-23,Dovish/Co-operative,Dovish/Co-operative,128835.56808457553,98133.17040340147,28.835568084575524,-1.8668295965985293,31.286462625189838
2011-08-24,Dovish/Co-operative,Dovish/Co-operative,130485.59867163977,99515.3572897182,30.485598671639778,-0.48464271028180184,31.12106736627411
2011-08-25,Dovish/Co-operative,Dovish/Co-operative,128697.85333427305,97998.33183910574,28.69785333427306,-2.0016681608942655,31.32657558454155
2011-08-26,Dovish/Co-operative,Dovish/Co-operative,130798.84841891,99422.63079432338,30.79884841891001,-0.5773692056766144,31.558426259605742
2011-08-29,Dovish/Co-operative,Dovish/Co-operative,134688.85063727797,102279.65611502714,34.68885063727796,2.27965611502714,31.686843457708093
2011-08-30,Dovish/Co-operative,Dovish/Co-operative,135028.1881516742,102549.34157109911,35.028188151674186,2.5493415710991174,31.671433558700123
2011-08-31,Dovish/Co-operative,Dovish/Co-operative,135611.48795553824,103004.4633629997,35.61148795553824,3.0044633629996875,31.65593366340602
2011-09-01,Dovish/Co-operative,Dovish/Co-operative,133956.74677943843,101925.66324634835,33.95674677943843,1.9256632463483525,31.425926025786865
2011-09-02,Dovish/Co-operative,Dovish/Co-operative,130493.59942496728,99321.51852606259,30.49359942496728,-0.678481473937409,31.38502246189978
2011-09-06,Dovish/Co-operative,Dovish/Co-operative,129768.18956742603,98596.72793305105,29.76818956742604,-1.4032720669489462,31.615107608379223
2011-09-07,Dovish/Co-operative,Dovish/Co-operative,133623.82712181698,101377.88157889695,33.62382712181697,1.3778815788969556,31.80767346950799
2011-09-08,Dovish/Co-operative,Dovish/Co-operative,132367.90258692738,100324.43031289509,32.367902586927364,0.3244303128950854,31.939849719648606
2011-09-09,Dovish/Co-operative,Dovish/Co-operative,129104.88372168315,97694.94506944035,29.104883721683137,-2.305054930559647,32.15103773272712
2011-09-12,Dovish/Co-operative,Dovish/Co-operative,130235.59684074046,98327.00916705708,30.235596840740463,-1.672990832942911,32.45149826480622
2011-09-13,Dovish/Co-operative,Dovish/Co-operative,131446.2145992797,99228.79203066777,31.446214599279678,-0.7712079693322327,32.46781696047933
2011-09-14,Dovish/Co-operative,Dovish/Co-operative,133091.82815380036,100602.53485175502,33.091828153800364,0.60253485175501,32.29470644046955
2011-09-15,Dovish/Co-operative,Dovish/Co-operative,135275.29435844964,102338.64798690652,35.27529435844965,2.338647986906528,32.18397645409301
2011-09-16,Dovish/Co-operative,Dovish/Co-operative,136194.54023900552,102944.33895377198,36.194540239005526,2.9443389537719744,32.299203261837285
2011-09-19,Dovish/Co-operative,Dovish/Co-operative,134860.83782433116,101919.32603368598,34.860837824331156,1.9193260336859863,32.321163289244545
2011-09-20,Dovish/Co-operative,Dovish/Co-operative,134461.16398520453,101800.70940140904,34.461163985204536,1.8007094014090397,32.082737709628795
2011-09-21,Dovish/Co-operative,Dovish/Co-operative,130635.27682872767,98801.83377782648,30.635276828727665,-1.1981662221735134,32.21948604970668
2011-09-22,Dovish/Co-operative,Dovish/Co-operative,126848.80792916418,95608.13674788902,26.848807929164174,-4.3918632521109835,32.67574522831074
2011-09-23,Dovish/Co-operative,Dovish/Co-operative,127911.19499737634,96184.19021164624,27.91119499737633,-3.8158097883537523,32.98567541704842
2011-09-26,Dovish/Co-operative,Dovish/Co-operative,130401.03781107509,98471.45764385264,30.40103781107508,-1.5285423561473555,32.42521328637582
2011-09-27,Dovish/Co-operative,Dovish/Co-operative,131709.45019082577,99572.75028534111,31.709450190825763,-0.42724971465888384,32.2745930120359
2011-09-28,Dovish/Co-operative,Dovish/Co-operative,129139.2733949781,97539.59592066708,29.139273394978105,-2.460404079332923,32.39676889784566
2011-09-29,Dovish/Co-operative,Dovish/Co-operative,129761.69794218722,98310.52908314273,29.761697942187215,-1.689470916857272,31.991658627374253
2011-09-30,Dovish/Co-operative,Dovish/Co-operative,126439.48948103415,95853.82240515291,26.43948948103414,-4.146177594847089,31.908656648664866
2011-10-03,Dovish/Co-operative,Dovish/Co-operative,122468.23162166562,93126.03958184722,22.468231621665623,-6.87396041815278,31.50804240314542
2011-10-04,Dovish/Co-operative,Dovish/Co-operative,125466.23462324809,95167.60470182872,25.466234623248084,-4.832395298171277,31.837125686149758
2011-10-05,Dovish/Co-operative,Dovish/Co-operative,127628.18871975862,96929.65793874538,27.62818871975863,-3.070342061254616,31.67093687714564
2011-10-06,Dovish/Co-operative,Dovish/Co-operative,130215.28373446448,98683.22547303003,30.21528373446447,-1.316774526969966,31.95280465376773
2011-10-07,Dovish/Co-operative,Dovish/Co-operative,128353.48101484624,98022.46487760184,28.35348101484625,-1.9775351223981552,30.942923313668924
2011-10-10,Dovish/Co-operative,Dovish/Co-operative,132822.35207693942,101300.90234913227,32.822352076939424,1.3009023491322713,31.11665246491968
2011-10-11,Dovish/Co-operative,Dovish/Co-operative,133150.86624439424,101402.58088606724,33.15086624439425,1.4025808860672395,31.30914921583543
2011-10-12,Dovish/Co-operative,Dovish/Co-operative,134941.46584950516,102292.0640609758,34.94146584950515,2.292064060975796,31.917824797305116
2011-10-13,Dovish/Co-operative,Dovish/Co-operative,134103.61787070634,102088.72364206689,34.10361787070633,2.088723642066892,31.359873144155294
2011-10-14,Dovish/Co-operative,Dovish/Co-operative,136223.32038591502,103833.87209356356,36.223320385915024,3.8338720935635617,31.19352831527431
2011-10-17,Dovish/Co-operative,Dovish/Co-operative,132888.437947381,101851.54034239601,32.888437947380986,1.8515403423960075,30.47268357517985
2011-10-18,Dovish/Co-operative,Dovish/Co-operative,135733.07854659116,103842.33281375405,35.73307854659116,3.842332813754057,30.710737007453993
2011-10-19,Dovish/Co-operative,Dovish/Co-operative,133773.89252768015,102613.97947475915,33.77389252768015,2.6139794747591427,30.366148172419006
2011-10-20,Dovish/Co-operative,Dovish/Co-operative,133717.49523617578,103062.96391352943,33.71749523617578,3.062963913529426,29.743498691116365
2011-10-21,Dovish/Co-operative,Dovish/Co-operative,136224.14454074332,105019.82190183998,36.22414454074332,5.019821901839983,29.712793331595467
2011-10-24,Dovish/Co-operative,Dovish/Co-operative,139193.5305492166,106307.46690201235,39.19353054921662,6.30746690201236,30.93485773442104
2011-10-25,Dovish/Co-operative,Dovish/Co-operative,137367.3535552451,104240.48631153736,37.367353555245096,4.24048631153735,31.779271582351832
2011-10-26,Dovish/Co-operative,Dovish/Co-operative,139015.5796574527,105299.40873222936,39.015579657452705,5.29940873222936,32.019335465559664
2011-10-27,Dovish/Co-operative,Dovish/Co-operative,144578.15444941283,108967.48901646958,44.57815444941282,8.967489016469576,32.68008261396294
2011-10-28,Dovish/Co-operative,Dovish/Co-operative,144207.08728083767,108942.13183833961,44.20708728083766,8.942131838339606,32.37035557081636
2011-10-31,Dovish/Co-operative,Dovish/Co-operative,140600.26545725533,106315.93594968335,40.600265457255325,6.31593594968336,32.24759223659366
2011-11-01,Dovish/Co-operative,Dovish/Co-operative,137312.36995684856,103350.96982670679,37.31236995684857,3.3509698267067956,32.86026264396587
2011-11-02,Dovish/Co-operative,Dovish/Co-operative,140120.94926718902,105036.77665214297,40.12094926718901,5.036776652142971,33.40179862072172
2011-11-03,Dovish/Co-operative,Dovish/Co-operative,142568.98162152967,106951.33936698157,42.568981621529666,6.951339366981579,33.30266125264076
2011-11-04,Dovish/Co-operative,Dovish/Co-operative,141902.0869944285,106299.03949174388,41.9020869944285,6.299039491743885,33.49329182362919
2011-11-07,Dovish/Co-operative,Dovish/Co-operative,143018.23725455056,106959.80008717206,43.01823725455056,6.959800087172052,33.71213964310979
2011-11-08,Dovish/Co-operative,Dovish/Co-operative,144280.13757503754,108332.1772014569,44.28013757503755,8.332177201456892,33.18308678199187
2011-11-09,Dovish/Co-operative,Dovish/Co-operative,138903.62364721915,104333.66249087932,38.903623647219156,4.33366249087932,33.13404353974623
2011-11-10,Dovish/Co-operative,Dovish/Co-operative,139675.5058229595,105316.35515505185,39.67550582295951,5.316355155051844,32.62470545749751
2011-11-11,Dovish/Co-operative,Dovish/Co-operative,142395.0240421425,107298.6452688169,42.3950240421425,7.298645268816895,32.70906047825499
2011-11-14,Dovish/Co-operative,Dovish/Co-operative,140871.22415306862,106282.08474144088,40.87122415306861,6.282084741440874,32.54465651080793
2011-11-15,Dovish/Co-operative,Dovish/Co-operative,141756.93864083567,106807.33224665263,41.75693864083567,6.80733224665262,32.72210405318721
2011-11-16,Dovish/Co-operative,Dovish/Co-operative,139732.59016865568,105113.03139110394,39.73259016865567,5.11303139110395,32.935553583969515
2011-11-17,Dovish/Co-operative,Dovish/Co-operative,137118.4351046739,103444.14600604874,37.1184351046739,3.4441460060487428,32.55311237878662
2011-11-18,Dovish/Co-operative,Dovish/Co-operative,137560.1061714744,103334.0483863258,37.5601061714744,3.3340483863258052,33.1217622067711
2011-11-21,Dovish/Co-operative,Dovish/Co-operative,134588.55664118557,101368.68804042225,34.58855664118556,1.3686880404222501,32.771331308457306
2011-11-22,Dovish/Co-operative,Dovish/Co-operative,134430.73872603377,100970.53454263894,34.43073872603377,0.9705345426389345,33.138582790472306
2011-11-23,Dovish/Co-operative,Dovish/Co-operative,131495.2966651595,98742.5337891685,31.49529666515949,-1.2574662108314927,33.169862691516
2011-11-25,Dovish/Co-operative,Dovish/Co-operative,130782.2790968239,98556.2147404066,30.782279096823896,-1.4437852595933998,32.69815550576851
2011-11-28,Dovish/Co-operative,Dovish/Co-operative,134786.68544710905,101411.03327877722,34.78668544710906,1.4110332787772295,32.9112632908322
2011-11-29,Dovish/Co-operative,Dovish/Co-operative,134844.91864122034,101699.05584691558,34.844918641220346,1.699055846915587,32.59210473320244
2011-11-30,Dovish/Co-operative,Dovish/Co-operative,140794.9607857875,105883.92291617708,40.7949607857875,5.883922916177076,32.97104688617147
2011-12-01,Dovish/Co-operative,Dovish/Co-operative,140155.03835687926,105866.97649335458,40.15503835687926,5.866976493354592,32.38787296969512
2011-12-02,Dovish/Co-operative,Dovish/Co-operative,140282.19992199208,105773.80031401262,40.28219992199209,5.773800314012623,32.624713781232906
2011-12-05,Dovish/Co-operative,Dovish/Co-operative,141354.54109564784,106925.89891404657,41.354541095647846,6.92589891404658,32.19859971369245
2011-12-06,Dovish/Co-operative,Dovish/Co-operative,141237.10520751742,106959.80008717206,41.23710520751742,6.959800087172052,32.046904624362995
2011-12-07,Dovish/Co-operative,Dovish/Co-operative,141374.45097595308,107357.97023991637,41.37445097595307,7.357970239916356,31.685100472763207
2011-12-08,Dovish/Co-operative,Dovish/Co-operative,137803.74965992564,105002.900461459,37.803749659925636,5.002900461458992,31.238041096308677
2011-12-09,Dovish/Co-operative,Dovish/Co-operative,140086.67592826003,106781.89179371764,40.08667592826003,6.781891793717643,31.18954307241615
2011-12-12,Dovish/Co-operative,Dovish/Co-operative,137327.0033064334,105223.16232074889,37.32700330643341,5.223162320748886,30.510241545319893
2011-12-13,Dovish/Co-operative,Dovish/Co-operative,135543.7575401137,104240.48631153736,35.543757540113695,4.24048631153735,30.02985916146066
2011-12-14,Dovish/Co-operative,Dovish/Co-operative,133365.6155380621,103130.70796741689,33.3656155380621,3.1307079674169014,29.317075550569882
2011-12-15,Dovish/Co-operative,Dovish/Co-operative,134014.9203887303,103503.49595958972,34.01492038873031,3.5034959595897197,29.478641418114982
2011-12-16,Dovish/Co-operative,Dovish/Co-operative,135130.58002393047,103656.89647792542,35.130580023930456,3.65689647792542,30.3633280711888
2011-12-19,Dovish/Co-operative,Dovish/Co-operative,133304.95836494677,102548.68370013942,33.304958364946756,2.548683700139409,29.991876594672995
2011-12-20,Dovish/Co-operative,Dovish/Co-operative,137424.6745756302,105651.78606969067,37.42467457563019,5.6517860696906785,30.073214744312327
2011-12-21,Dovish/Co-operative,Dovish/Co-operative,137938.7471417911,105856.37561067495,37.938747141791104,5.856375610674958,30.307453231830507
2011-12-22,Dovish/Co-operative,Dovish/Co-operative,138967.55639995274,106794.16649997825,38.96755639995273,6.79416649997826,30.126542445538007
2011-12-23,Dovish/Co-operative,Dovish/Co-operative,139526.998589336,107748.96210446757,39.526998589335996,7.748962104467583,29.492661334462
2011-12-27,Dovish/Co-operative,Dovish/Co-operative,139360.09511849206,107834.19386741018,39.360095118492055,7.834193867410177,29.23553292367096
2011-12-28,Dovish/Co-operative,Dovish/Co-operative,137011.3658324787,106419.05514074524,37.0113658324787,6.419055140745233,28.747023407859995
2011-12-29,Dovish/Co-operative,Dovish/Co-operative,138185.95161498158,107518.78221589925,38.185951614981576,7.518782215899256,28.52261601838293
2011-12-30,Dovish/Co-operative,Dovish/Co-operative,137892.2700387982,106990.21204596701,37.89227003879818,6.990212045967015,28.883070144355337
2012-01-03,Dovish/Co-operative,Dovish/Co-operative,140868.93599530868,108695.28033380538,40.868935995308675,8.695280333805378,29.599864467617508
2012-01-04,Dovish/Co-operative,Dovish/Co-operative,141150.03156149993,108865.7688421321,41.15003156149992,8.865768842132105,29.655109280662618
2012-01-05,Dovish/Co-operative,Dovish/Co-operative,141445.64795961426,109155.5818185785,41.44564795961425,9.155581818578495,29.5816902837853
2012-01-06,Dovish/Co-operative,Dovish/Co-operative,140989.74192675017,108874.30450964713,40.98974192675018,8.874304509647125,29.497719927347376
2012-01-09,Dovish/Co-operative,Dovish/Co-operative,141647.33815118665,109138.54379347048,41.647338151186645,9.138543793470477,29.786721746292066
2012-01-10,Dovish/Co-operative,Dovish/Co-operative,143478.6405242892,110084.8703502888,43.478640524289204,10.0848703502888,30.33456829057599
2012-01-11,Dovish/Co-operative,Dovish/Co-operative,143951.22431113402,110144.53674808888,43.95122431113403,10.144536748088884,30.693022605709697
2012-01-12,Dovish/Co-operative,Dovish/Co-operative,144456.91157077285,110408.80934183423,44.45691157077285,10.408809341834235,30.838211581037033
2012-01-13,Dovish/Co-operative,Dovish/Co-operative,143631.96850722076,109837.61079920994,43.631968507220776,9.837610799209951,30.76756446367814
2012-01-17,Dovish/Co-operative,Dovish/Co-operative,144418.90381841536,110263.89452613055,44.41890381841536,10.263894526130546,30.975696477137117
2012-01-18,Dovish/Co-operative,Dovish/Co-operative,145968.855017951,111482.97937932622,45.968855017950986,11.482979379326231,30.933758525850763
2012-01-19,Dovish/Co-operative,Dovish/Co-operative,146497.5584331578,112071.20761957802,46.49755843315779,12.07120761957803,30.718283085196042
2012-01-20,Dovish/Co-operative,Dovish/Co-operative,146472.3291664116,112488.94735150311,46.4723291664116,12.488947351503121,30.210418547804462
2012-01-23,Dovish/Co-operative,Dovish/Co-operative,146859.885681598,112199.0594277322,46.859885681598,12.199059427732184,30.89226097852538
2012-01-24,Dovish/Co-operative,Dovish/Co-operative,146930.25420018507,112071.20761957802,46.93025420018506,12.07120761957803,31.104373122251804
2012-01-25,Dovish/Co-operative,Dovish/Co-operative,148645.13502005028,113008.94854399831,48.645135020050276,13.0089485439983,31.53395101466461
2012-01-26,Dovish/Co-operative,Dovish/Co-operative,148247.72406223183,112429.25597126152,48.24772406223183,12.429255971261522,31.858672177040837
2012-01-27,Dovish/Co-operative,Dovish/Co-operative,148887.3384383762,112378.09193105444,48.887338438376204,12.378091931054435,32.487868302409595
2012-01-30,Dovish/Co-operative,Dovish/Co-operative,147926.3596333015,111994.49486918942,47.926359633301495,11.99449486918942,32.08359911447507
2012-01-31,Dovish/Co-operative,Dovish/Co-operative,148196.62752567916,111951.85816901686,48.19662752567915,11.951858169016871,32.37531734573136
2012-02-01,Dovish/Co-operative,Dovish/Co-operative,149920.46886511054,112932.25244857073,49.92046886511054,12.932252448570726,32.75257122263122
2012-02-02,Dovish/Co-operative,Dovish/Co-operative,150376.11564474006,113111.27662441247,50.37611564474005,13.111276624412472,32.94529080779982
2012-02-03,Dovish/Co-operative,Dovish/Co-operative,151994.4884560584,114696.91218688464,51.994488456058406,14.696912186884648,32.51837870613456
2012-02-06,Dovish/Co-operative,Dovish/Co-operative,151428.08946394775,114620.21609145704,51.42808946394774,14.62021609145705,32.11289825445907
2012-02-07,Dovish/Co-operative,Dovish/Co-operative,151775.9373136462,114910.03739538393,51.7759373136462,14.910037395383924,32.08240181091717
2012-02-08,Dovish/Co-operative,Dovish/Co-operative,152042.34872871006,115251.08103188142,52.04234872871005,15.25108103188142,31.922709416192994
2012-02-09,Dovish/Co-operative,Dovish/Co-operative,151920.37416390228,115396.02915750712,51.920374163902274,15.396029157507108,31.651301412236734
2012-02-10,Dovish/Co-operative,Dovish/Co-operative,150098.52689833686,114543.51166854895,50.09852689833685,14.543511668548948,31.040619160230023
2012-02-13,Dovish/Co-operative,Dovish/Co-operative,151413.04856798548,115396.02915750712,51.41304856798548,15.396029157507108,31.211662717889332
2012-02-14,Dovish/Co-operative,Dovish/Co-operative,150610.46045734824,115251.08103188142,50.610460457348225,15.25108103188142,30.680301745443494
2012-02-15,Dovish/Co-operative,Dovish/Co-operative,150403.2066525149,114713.98352191468,50.403206652514896,14.713983521914686,31.11148443710199
2012-02-16,Dovish/Co-operative,Dovish/Co-operative,151959.15763550205,115984.25739775893,51.95915763550205,15.984257397758928,31.017054421765188
2012-02-17,Dovish/Co-operative,Dovish/Co-operative,152042.01857274887,116291.15003671586,52.04201857274886,16.291150036715862,30.74255308744098
2012-02-21,Dovish/Co-operative,Dovish/Co-operative,152587.97104267182,116342.28909448141,52.58797104267183,16.34228909448141,31.154348285820088
2012-02-22,Dovish/Co-operative,Dovish/Co-operative,152424.7118011878,115967.20271768991,52.4247118011878,15.967202717689922,31.43777570650721
2012-02-23,Dovish/Co-operative,Dovish/Co-operative,153171.2587459465,116478.67657015061,53.1712587459465,16.478676570150608,31.50154453694998
2012-02-24,Dovish/Co-operative,Dovish/Co-operative,153221.65970925108,116734.43847882246,53.22165970925108,16.734438478822454,31.256604054379377
2012-02-27,Dovish/Co-operative,Dovish/Co-operative,152890.76395335872,116930.51733473323,52.89076395335872,16.93051733473323,30.753517078593994
2012-02-28,Dovish/Co-operative,Dovish/Co-operative,153358.43962771757,117271.5276613087,53.35843962771758,17.271527661308706,30.772100173054184
2012-02-29,Dovish/Co-operative,Dovish/Co-operative,151191.71823883793,116811.19286661358,51.19171823883792,16.811192866613588,29.43256080903427
2012-03-01,Dovish/Co-operative,Dovish/Co-operative,152396.3877026919,117416.4757869344,52.39638770269188,17.41647578693439,29.791314788933487
2012-03-02,Dovish/Co-operative,Dovish/Co-operative,151445.18553787205,117058.4024528094,51.44518553787205,17.058402452809407,29.375749510100512
2012-03-05,Dovish/Co-operative,Dovish/Co-operative,150444.4319945171,116580.98799560375,50.44443199451709,16.580987995603746,29.04714103142645
2012-03-06,Dovish/Co-operative,Dovish/Co-operative,147364.58937577647,114876.00298257041,47.364589375776475,14.876002982570412,28.281438724966247
2012-03-07,Dovish/Co-operative,Dovish/Co-operative,148542.30311544344,115677.34810384101,48.54230311544345,15.677348103841005,28.41088212196936
2012-03-08,Dovish/Co-operative,Dovish/Co-operative,150450.47116849603,116828.18092683858,50.45047116849604,16.828180926838577,28.779263680149892
2012-03-09,Dovish/Co-operative,Dovish/Co-operative,151232.81768148867,117280.04667386271,51.23281768148866,17.280046673862714,28.9501683965417
2012-03-12,Dovish/Co-operative,Dovish/Co-operative,150574.23401871294,117288.61565129974,50.57423401871295,17.288615651299732,28.379240544855342
2012-03-13,Dovish/Co-operative,Dovish/Co-operative,152670.1649256045,119402.80472874314,52.6701649256045,19.40280472874314,27.86145624672509
2012-03-14,Dovish/Co-operative,Dovish/Co-operative,151605.07279379503,119274.91961066696,51.605072793795024,19.274919610666963,27.1055753285427
2012-03-15,Dovish/Co-operative,Dovish/Co-operative,152906.41884918127,119965.4342939304,52.90641884918126,19.965434293930407,27.45872988259377
2012-03-16,Dovish/Co-operative,Dovish/Co-operative,153167.67541197097,120131.57585743486,53.16767541197096,20.131575857434857,27.499930237942948
2012-03-19,Dovish/Co-operative,Dovish/Co-operative,153534.3668965541,120602.51986229011,53.53436689655411,20.602519862290116,27.306101955305074
2012-03-20,Dovish/Co-operative,Dovish/Co-operative,152087.7428041746,120251.45826674817,52.08774280417461,20.251458266748166,26.474759638095602
2012-03-21,Dovish/Co-operative,Dovish/Co-operative,152020.29361849526,120054.52168034566,52.02029361849525,20.05452168034565,26.62604580880419
2012-03-22,Dovish/Co-operative,Dovish/Co-operative,150439.44623490097,119189.70450268536,50.43944623490098,19.189704502685355,26.218490818988105
2012-03-23,Dovish/Co-operative,Dovish/Co-operative,151513.09151874605,119575.00869805338,51.51309151874606,19.575008698053374,26.709663807210404
2012-03-26,Dovish/Co-operative,Dovish/Co-operative,153629.26926903668,121253.22086127133,53.62926926903668,21.253220861271327,26.7011863089456
2012-03-27,Dovish/Co-operative,Dovish/Co-operative,152876.70373724977,120876.49397082083,52.87670373724978,20.87649397082083,26.473476120306483
2012-03-28,Dovish/Co-operative,Dovish/Co-operative,151665.96982395393,120277.15687157874,51.66596982395393,20.27715687157874,26.09706927632931
2012-03-29,Dovish/Co-operative,Dovish/Co-operative,151221.50204941473,120071.6263252977,51.22150204941474,20.071626325297686,25.942744907715245
2012-03-30,Dovish/Co-operative,Dovish/Co-operative,151680.22874999867,120568.26060750302,51.68022874999867,20.56826060750303,25.80444304805667
2012-04-02,Dovish/Co-operative,Dovish/Co-operative,152924.35137724847,121450.17410263486,52.92435137724847,21.450174102634854,25.915300251455786
2012-04-03,Dovish/Co-operative,Dovish/Co-operative,151883.5836468045,120953.56480287104,51.883583646804496,20.95356480287105,25.571812533465142
2012-04-04,Dovish/Co-operative,Dovish/Co-operative,149845.0817443748,119754.82398454285,49.84508174437479,19.754823984542845,25.12655169842326
2012-04-05,Dovish/Co-operative,Dovish/Co-operative,149807.1946409072,119694.88277988619,49.80719464090719,19.69488277988618,25.15755992375737
2012-04-09,Dovish/Co-operative,Dovish/Co-operative,148356.0363027107,118350.53596497262,48.356036302710706,18.350535964972625,25.353075161922888
2012-04-10,Dovish/Co-operative,Dovish/Co-operative,146408.80302998138,116364.09876591734,46.408803029981385,16.364098765917333,25.819565125927003
2012-04-11,Dovish/Co-operative,Dovish/Co-operative,147659.238692209,117305.96179318635,47.659238692209,17.305961793186352,25.87530628028636
2012-04-12,Dovish/Co-operative,Dovish/Co-operative,150011.8427967139,118838.66788958493,50.01184279671389,18.838667889584926,26.231508195709917
2012-04-13,Dovish/Co-operative,Dovish/Co-operative,148082.0573949703,117425.84420249966,48.08205739497029,17.42584420249966,26.106870596224386
2012-04-16,Dovish/Co-operative,Dovish/Co-operative,148065.74749631618,117348.76504296895,48.06574749631618,17.34876504296896,26.175803760780745
2012-04-17,Dovish/Co-operative,Dovish/Co-operative,149537.25532616617,119086.98503068759,49.537255326166175,19.086985030687597,25.56977178289621
2012-04-18,Dovish/Co-operative,Dovish/Co-operative,148670.70803600724,118684.55120792602,48.67070803600724,18.684551207926027,25.26542546851598
2012-04-19,Dovish/Co-operative,Dovish/Co-operative,148110.28059804978,117922.47848470499,48.11028059804978,17.922478484704985,25.599701177634483
2012-04-20,Dovish/Co-operative,Dovish/Co-operative,148733.9910302533,118119.40674362701,48.733991030253286,18.11940674362702,25.918335632241952
2012-04-23,Dovish/Co-operative,Dovish/Co-operative,147343.23300988442,117126.15483417737,47.343233009884436,17.126154834177363,25.79874513808398
2012-04-24,Dovish/Co-operative,Dovish/Co-operative,148077.61644064068,117571.40023420205,48.07761644064068,17.571400234202052,25.94697022036847
2012-04-25,Dovish/Co-operative,Dovish/Co-operative,149302.4902339751,119181.14385272883,49.30249023397511,19.181143852728823,25.27358389718679
2012-04-26,Dovish/Co-operative,Dovish/Co-operative,150092.06040954217,120011.71010308254,50.09206040954217,20.011710103082535,25.064512688488882
2012-04-27,Dovish/Co-operative,Dovish/Co-operative,150721.34919871145,120208.66334444607,50.72134919871145,20.208663344446066,25.383100523158042
2012-04-30,Dovish/Co-operative,Dovish/Co-operative,149982.38208424323,119763.40961694089,49.98238208424324,19.763409616940898,25.232224570055806
2012-05-01,Dovish/Co-operative,Dovish/Co-operative,150288.6600152318,120508.32773032686,50.28866001523183,20.508327730326847,24.712260841879143
2012-05-02,Dovish/Co-operative,Dovish/Co-operative,149920.9530542475,120148.6888298674,49.920953054247505,20.1486888298674,24.779516542655024
2012-05-03,Dovish/Co-operative,Dovish/Co-operative,148585.1762306046,119232.54106238998,48.58517623060459,19.232541062389984,24.61797333737563
2012-05-04,Dovish/Co-operative,Dovish/Co-operative,146808.87128128452,117305.96179318635,46.808871281284524,17.305961793186352,25.150392219717375
2012-05-07,Dovish/Co-operative,Dovish/Co-operative,146943.79708296427,117391.60993015408,46.94379708296428,17.391609930154072,25.174019821683345
2012-05-08,Dovish/Co-operative,Dovish/Co-operative,145982.02618413093,116920.64927033782,45.982026184130916,16.920649270337805,24.855641065248378
2012-05-09,Dovish/Co-operative,Dovish/Co-operative,144690.6339964219,116227.12836661299,44.6906339964219,16.227128366612998,24.489554228705558
2012-05-10,Dovish/Co-operative,Dovish/Co-operative,145071.7081574587,116466.86820279813,45.07170815745869,16.466868202798125,24.5604955263778
2012-05-11,Dovish/Co-operative,Dovish/Co-operative,144330.39009411988,116115.78995229519,44.33039009411988,16.115789952295188,24.298676479242243
2012-05-14,Dovish/Co-operative,Dovish/Co-operative,142373.56106262,114831.42597944077,42.37356106262,14.831425979440759,23.98484112538175
2012-05-15,Dovish/Co-operative,Dovish/Co-operative,141529.3175426523,114172.11436562001,41.5293175426523,14.172114365620025,23.961370365293156
2012-05-16,Dovish/Co-operative,Dovish/Co-operative,140748.49908942252,113735.41296059085,40.74849908942253,13.735412960590843,23.750813775294112
2012-05-17,Dovish/Co-operative,Dovish/Co-operative,139445.20981545444,112048.59851001386,39.44520981545443,12.048598510013875,24.450650583543098
2012-05-18,Dovish/Co-operative,Dovish/Co-operative,139006.83399127252,111089.62251031233,39.006833991272515,11.089622510312335,25.13035047748826
2012-05-21,Dovish/Co-operative,Dovish/Co-operative,141133.99023916773,112999.00553227839,41.13399023916773,12.999005532278396,24.898435675925068
2012-05-22,Dovish/Co-operative,Dovish/Co-operative,140325.18148563913,113195.97542860292,40.32518148563913,13.195975428602914,23.966581810276153
2012-05-23,Dovish/Co-operative,Dovish/Co-operative,140421.80879728158,113255.91663325958,40.421808797281585,13.255916633259579,23.986289609918956
2012-05-24,Dovish/Co-operative,Dovish/Co-operative,140519.89346625475,113478.51851457066,40.51989346625475,13.47851851457067,23.829510030316413
2012-05-25,Dovish/Co-operative,Dovish/Co-operative,140412.6174948992,113110.3772565182,40.412617494899195,13.110377256518202,24.137697088980104
2012-05-29,Dovish/Co-operative,Dovish/Co-operative,141634.22766801636,114480.35605641834,41.634227668016365,14.480356056418353,23.71924105321268
2012-05-30,Dovish/Co-operative,Dovish/Co-operative,139834.53701637744,112819.22355571092,39.834537016377425,12.819223555710924,23.945665117369085
2012-05-31,Dovish/Co-operative,Dovish/Co-operative,139662.86786242624,112570.92306956927,39.66286786242623,12.570923069569261,24.066556490892445
2012-06-01,Dovish/Co-operative,Dovish/Co-operative,137512.18387705684,109736.74835536422,37.512183877056835,9.736748355364222,25.310970060591266
2012-06-04,Dovish/Co-operative,Dovish/Co-operative,137162.0676027166,109685.34281822259,37.16206760271659,9.685342818222598,25.050498160023203
2012-06-05,Dovish/Co-operative,Dovish/Co-operative,137626.03818650896,110515.94237849831,37.62603818650896,10.51594237849831,24.53048422205295
2012-06-06,Dovish/Co-operative,Dovish/Co-operative,140124.55594340063,112999.00553227839,40.12455594340063,12.999005532278396,24.00512312771972
2012-06-07,Dovish/Co-operative,Dovish/Co-operative,139858.243119882,113067.54069681358,39.85824311988202,13.067540696813573,23.69442393277723
2012-06-08,Dovish/Co-operative,Dovish/Co-operative,140496.00264638342,113966.60047429996,40.496002646383424,13.966600474299963,23.2782254289194
2012-06-11,Dovish/Co-operative,Dovish/Co-operative,138774.5123898837,112519.52585990811,38.7745123898837,12.519525859908121,23.33371593003708
2012-06-12,Dovish/Co-operative,Dovish/Co-operative,140443.35812687053,113812.45881019956,40.44335812687052,13.81245881019957,23.398931536205758
2012-06-13,Dovish/Co-operative,Dovish/Co-operative,139611.9741305685,113084.68697916814,39.6119741305685,13.084686979168136,23.457895016579112
2012-06-14,Dovish/Co-operative,Dovish/Co-operative,140680.59409516517,114283.41114253532,40.680594095165176,14.283411142535329,23.098000566072564
2012-06-15,Dovish/Co-operative,Dovish/Co-operative,141865.9319461344,115452.22299593769,41.865931946134396,15.452222995937692,22.878475844615064
2012-06-18,Dovish/Co-operative,Dovish/Co-operative,142068.1215582034,115675.9657420776,42.06812155820339,15.675965742077613,22.815591507549904
2012-06-19,Dovish/Co-operative,Dovish/Co-operative,143558.4450345308,116794.90431475078,43.55844503453079,16.79490431475077,22.91499006468203
2012-06-20,Dovish/Co-operative,Dovish/Co-operative,142897.17324680614,116605.55406308599,42.89717324680613,16.605554063085993,22.547484461585633
2012-06-21,Dovish/Co-operative,Dovish/Co-operative,139542.6530422014,113989.03470677359,39.542653042201394,13.989034706773595,22.417610958073443
2012-06-22,Dovish/Co-operative,Dovish/Co-operative,140404.07493589848,114866.98432118625,40.40407493589848,14.86698432118625,22.23188043598889
2012-06-25,Dovish/Co-operative,Dovish/Co-operative,139188.9965860117,113025.09552869257,39.18899658601169,13.025095528692576,23.148753765642383
2012-06-26,Dovish/Co-operative,Dovish/Co-operative,139516.3390694601,113593.15461116744,39.5163390694601,13.593154611167435,22.821079797482913
2012-06-27,Dovish/Co-operative,Dovish/Co-operative,140684.10365963104,114617.3680931252,40.68410365963104,14.617368093125194,22.742395851671393
2012-06-28,Dovish/Co-operative,Dovish/Co-operative,140225.94740661964,114290.28964143034,40.225947406619646,14.29028964143033,22.692792053077106
2012-06-29,Dovish/Co-operative,Dovish/Co-operative,144344.77399520687,117139.1623587222,44.344773995206864,17.139162358722192,23.225035153633165
2012-07-02,Dovish/Co-operative,Dovish/Co-operative,144276.90170860916,117492.00603509166,44.27690170860916,17.492006035091666,22.79720687168929
2012-07-03,Dovish/Co-operative,Dovish/Co-operative,146258.60912737323,118266.6615813519,46.25860912737323,18.266661581351904,23.66850232494857
2012-07-05,Dovish/Co-operative,Dovish/Co-operative,145680.67497586043,117733.03663075468,45.680674975860434,17.733036630754672,23.738144487649414
2012-07-06,Dovish/Co-operative,Dovish/Co-operative,143893.80090519582,116614.13136800351,43.89380090519581,16.614131368003516,23.393107865379427
2012-07-09,Dovish/Co-operative,Dovish/Co-operative,143793.37856577194,116467.8175355754,43.793378565771945,16.467817535575403,23.46189840970436
2012-07-10,Dovish/Co-operative,Dovish/Co-operative,142193.0479631477,115452.22299593769,42.19304796314769,15.452222995937692,23.161810377744672
2012-07-11,Dovish/Co-operative,Dovish/Co-operative,142378.3363076419,115469.39426073374,42.378336307641895,15.469394260733749,23.30396051627921
2012-07-12,Dovish/Co-operative,Dovish/Co-operative,141737.80215832626,114909.97910302042,41.737802158326254,14.909979103020433,23.346817451993317
2012-07-13,Dovish/Co-operative,Dovish/Co-operative,143786.9071073247,116837.93240650695,43.786907107324694,16.83793240650695,23.065261551407666
2012-07-16,Dovish/Co-operative,Dovish/Co-operative,143614.25152746929,116562.4926614078,43.61425152746929,16.56249266140779,23.207944724244854
2012-07-17,Dovish/Co-operative,Dovish/Co-operative,144320.55814791296,117362.97172470615,44.32055814791296,17.362971724706156,22.969413629402812
2012-07-18,Dovish/Co-operative,Dovish/Co-operative,144837.44666819868,118232.23577695475,44.83744666819869,18.23223577695474,22.502501721641032
2012-07-19,Dovish/Co-operative,Dovish/Co-operative,145257.1033971424,118542.10965393155,45.257103397142394,18.542109653931547,22.536290117665224
2012-07-20,Dovish/Co-operative,Dovish/Co-operative,144143.11253840555,117457.62186809703,44.143112538405546,17.45762186809703,22.719249926816907
2012-07-23,Dovish/Co-operative,Dovish/Co-operative,142284.88005303824,116269.88165151258,42.28488005303825,16.269881651512573,22.374666622176974
2012-07-24,Dovish/Co-operative,Dovish/Co-operative,141423.59342607125,115271.49168659293,41.42359342607125,15.27149168659292,22.68739768769734
2012-07-25,Dovish/Co-operative,Dovish/Co-operative,142049.93703199102,115297.29854867003,42.04993703199102,15.297298548670035,23.203178929667633
2012-07-26,Dovish/Co-operative,Dovish/Co-operative,143369.74339238944,117199.42833511846,43.36974339238944,17.199428335118448,22.32972927345682
2012-07-27,Dovish/Co-operative,Dovish/Co-operative,145688.8112409359,119359.71834462344,45.68881124093591,19.359718344623445,22.058608432949978
2012-07-30,Dovish/Co-operative,Dovish/Co-operative,145406.02323117788,119359.71834462344,45.40602323117788,19.359718344623445,21.82168762442267
2012-07-31,Dovish/Co-operative,Dovish/Co-operative,144573.2564161447,118524.84678684997,44.57325641614469,18.52484678684998,21.9771721587956
2012-08-01,Dovish/Co-operative,Dovish/Co-operative,143861.61915495867,118421.61101106105,43.861619154958674,18.421611011061056,21.482572249014087
2012-08-02,Dovish/Co-operative,Dovish/Co-operative,142830.61829956088,117603.89406312263,42.830618299560875,17.603894063122638,21.450585830855285
2012-08-03,Dovish/Co-operative,Dovish/Co-operative,145624.8052018141,119936.40469689886,45.62480520181411,19.936404696898858,21.418351308624374
2012-08-06,Dovish/Co-operative,Dovish/Co-operative,146237.9490641492,120168.7330754368,46.2379490641492,20.168733075436805,21.693842750549152
2012-08-07,Dovish/Co-operative,Dovish/Co-operative,147097.326437751,120771.21796230882,47.09732643775099,20.771217962308807,21.798329866689127
2012-08-08,Dovish/Co-operative,Dovish/Co-operative,147183.73316648253,120917.56510465893,47.183733166482526,20.91756510465894,21.722375933628157
2012-08-09,Dovish/Co-operative,Dovish/Co-operative,147655.03840589614,121020.85084533086,47.655038405896136,21.020850845330852,22.007932826885135
2012-08-10,Dovish/Co-operative,Dovish/Co-operative,147666.5641200745,121218.82003931569,47.666564120074504,21.218820039315677,21.818183077661413
2012-08-13,Dovish/Co-operative,Dovish/Co-operative,147016.43288244796,121158.57904536094,47.016432882447965,21.158579045360938,21.342156734444707
2012-08-14,Dovish/Co-operative,Dovish/Co-operative,146781.00782327662,121175.77529259851,46.78100782327663,21.17577529259851,21.13065294515355
2012-08-15,Dovish/Co-operative,Dovish/Co-operative,147293.07640059173,121313.48683766759,47.29307640059173,21.313486837667583,21.41525253304115
2012-08-16,Dovish/Co-operative,Dovish/Co-operative,148438.85045401717,122208.60771687631,48.43885045401717,22.208607716876315,21.463498543334293
2012-08-17,Dovish/Co-operative,Dovish/Co-operative,148725.97600932172,122372.10114158098,48.72597600932171,22.37210114158097,21.535852226031537
2012-08-20,Dovish/Co-operative,Dovish/Co-operative,148758.0455473792,122380.72008390102,48.75804554737921,22.380720083901018,21.5534975161076
2012-08-21,Dovish/Co-operative,Dovish/Co-operative,149069.2585371672,122010.65517785249,49.069258537167194,22.010655177852477,22.17724617564909
2012-08-22,Dovish/Co-operative,Dovish/Co-operative,149196.45474705612,122062.24391956518,49.196454747056116,22.062243919565173,22.2298148519795
2012-08-23,Dovish/Co-operative,Dovish/Co-operative,148340.71179054424,121063.87893708704,48.34071179054425,21.063878937087033,22.53094241894569
2012-08-24,Dovish/Co-operative,Dovish/Co-operative,148481.73971831726,121795.4814091496,48.481739718317264,21.7954814091496,21.910712943052513
2012-08-27,Dovish/Co-operative,Dovish/Co-operative,148033.56716505918,121821.27161626569,48.033567165059175,21.82127161626568,21.517010289764205
2012-08-28,Dovish/Co-operative,Dovish/Co-operative,148099.0446427985,121700.7896283562,48.09904464279848,21.700789628356198,21.69111235437007
2012-08-29,Dovish/Co-operative,Dovish/Co-operative,148115.92573599637,121795.4814091496,48.11592573599637,21.7954814091496,21.610361913532785
2012-08-30,Dovish/Co-operative,Dovish/Co-operative,147218.91722277988,120917.56510465893,47.218917222779886,20.91756510465894,21.751473489691996
2012-08-31,Dovish/Co-operative,Dovish/Co-operative,148482.97160402933,121494.22647449284,48.48297160402932,21.49422647449284,22.21401453607563
2012-09-04,Dovish/Co-operative,Dovish/Co-operative,148404.62237032776,121382.36342890338,48.404622370327765,21.382363428903382,22.262096550173016
2012-09-05,Dovish/Co-operative,Dovish/Co-operative,148159.56098280885,121279.05270578993,48.15956098280885,21.279052705789937,22.164180604401796
2012-09-06,Dovish/Co-operative,Dovish/Co-operative,150298.9392363894,123740.6476148347,50.298939236389394,23.7406476148347,21.462867807369324
2012-09-07,Dovish/Co-operative,Dovish/Co-operative,152273.97120020678,124222.6088763947,52.27397120020678,24.222608876394712,22.581527290031424
2012-09-10,Dovish/Co-operative,Dovish/Co-operative,151474.53860655308,123516.85490381176,51.47453860655307,23.51685490381177,22.634711452548917
2012-09-11,Dovish/Co-operative,Dovish/Co-operative,152125.46967496196,123861.1379302247,52.12546967496196,23.861137930224686,22.819370318283006
2012-09-12,Dovish/Co-operative,Dovish/Co-operative,152619.6279454809,124274.26423795141,52.61962794548089,24.274264237951403,22.808715771799548
2012-09-13,Dovish/Co-operative,Dovish/Co-operative,154927.90857549815,126167.7584271188,54.927908575498144,26.167758427118805,22.79516613984447
2012-09-14,Dovish/Co-operative,Dovish/Co-operative,156300.0997186766,126727.17358483211,56.3000997186766,26.72717358483212,23.335899710607965
2012-09-17,Dovish/Co-operative,Dovish/Co-operative,154656.43247620694,126296.82604742632,54.65643247620695,26.296826047426315,22.454726152921033
2012-09-18,Dovish/Co-operative,Dovish/Co-operative,154618.2744195958,126193.59027163741,54.618274419595814,26.19359027163741,22.524665545035184
2012-09-19,Dovish/Co-operative,Dovish/Co-operative,154507.1330544618,126262.4418804317,54.5071330544618,26.262441880431698,22.369828076647934
2012-09-20,Dovish/Co-operative,Dovish/Co-operative,153968.75849778406,126271.06082275174,53.968758497784066,26.271060822751746,21.935111255548833
2012-09-21,Dovish/Co-operative,Dovish/Co-operative,154122.3072237455,126218.23128644416,54.122307223745516,26.21823128644416,22.10780142685951
2012-09-24,Dovish/Co-operative,Dovish/Co-operative,153731.21548988935,126027.88173711908,53.73121548988935,26.027881737119074,21.981908583178857
2012-09-25,Dovish/Co-operative,Dovish/Co-operative,152280.96059621486,124686.69936479643,52.280960596214854,24.686699364796418,22.130877930039496
2012-09-26,Dovish/Co-operative,Dovish/Co-operative,151520.24951734618,123985.79198586593,51.52024951734617,23.985791985865923,22.207752267791392
2012-09-27,Dovish/Co-operative,Dovish/Co-operative,153184.59555724033,125153.9792782306,53.184595557240335,25.153979278230597,22.396903750614825
2012-09-28,Dovish/Co-operative,Dovish/Co-operative,152648.08210631684,124574.2034306888,52.64808210631684,24.57420343068879,22.53586850446765
2012-10-01,Dovish/Co-operative,Dovish/Co-operative,153018.85014738597,124902.98901588666,53.01885014738596,24.902989015886657,22.510158766435275
2012-10-02,Dovish/Co-operative,Dovish/Co-operative,152907.40446200102,125032.7811269979,52.90740446200102,25.032781126997893,22.293852127219658
2012-10-03,Dovish/Co-operative,Dovish/Co-operative,152574.82586379928,125543.2973192008,52.57482586379929,25.543297319200796,21.531638185246415
2012-10-04,Dovish/Co-operative,Dovish/Co-operative,153951.0732394564,126443.22315465946,53.951073239456406,26.443223154659456,21.75510035136532
2012-10-05,Dovish/Co-operative,Dovish/Co-operative,153920.36229155952,126451.8587519405,53.92036229155952,26.45185875194049,21.72249883135664
2012-10-08,Dovish/Co-operative,Dovish/Co-operative,153286.86689177647,126019.20450243553,53.28686689177646,26.019204502435535,21.637703949173837
2012-10-09,Dovish/Co-operative,Dovish/Co-operative,152258.94496474985,124773.21355973642,52.25894496474985,24.77321355973643,22.028551337947523
2012-10-10,Dovish/Co-operative,Dovish/Co-operative,151681.67608248536,123977.14806110438,51.68167608248535,23.97714806110438,22.346479536475794
2012-10-11,Dovish/Co-operative,Dovish/Co-operative,152478.1569603231,124046.39106148228,52.4781569603231,24.046391061482275,22.920268502409648
2012-10-12,Dovish/Co-operative,Dovish/Co-operative,151312.5763873203,123639.73520610596,51.3125763873203,23.63973520610596,22.38183471930284
2012-10-15,Dovish/Co-operative,Dovish/Co-operative,151618.1597375945,124669.41984275384,51.61815973759452,24.669419842753836,21.61615890154238
2012-10-16,Dovish/Co-operative,Dovish/Co-operative,152527.6034943298,125932.67365253453,52.52760349432979,25.932673652534532,21.11837148409499
2012-10-17,Dovish/Co-operative,Dovish/Co-operative,153449.12518413056,126503.7639379123,53.449125184130565,26.503763937912296,21.300047055867033
2012-10-18,Dovish/Co-operative,Dovish/Co-operative,153176.29554159314,126175.01166263643,53.176295541593134,26.17501166263643,21.39986636272486
2012-10-19,Dovish/Co-operative,Dovish/Co-operative,151064.2780120824,124072.34781820842,51.0642780120824,24.072347818208417,21.754992686543417
2012-10-22,Dovish/Co-operative,Dovish/Co-operative,151363.16975700986,124089.70228757554,51.36316975700985,24.08970228757554,21.978832221088407
2012-10-23,Dovish/Co-operative,Dovish/Co-operative,149495.2417596824,122367.7708517197,49.495241759682386,22.367770851719705,22.168803696550675
2012-10-24,Dovish/Co-operative,Dovish/Co-operative,149202.00617361645,122021.63912463523,49.202006173616454,22.02163912463524,22.27503846364387
2012-10-25,Dovish/Co-operative,Dovish/Co-operative,149990.33580103642,122376.42310396176,49.99033580103642,22.376423103961752,22.56473264757539
2012-10-26,Dovish/Co-operative,Dovish/Co-operative,149614.29482580707,122307.19675854486,49.61429482580706,22.30719675854487,22.32664862818421
2012-10-31,Dovish/Co-operative,Dovish/Co-operative,149925.08221267228,122307.19675854486,49.925082212672265,22.30719675854487,22.580752552648065
2012-11-01,Dovish/Co-operative,Dovish/Co-operative,151345.29751948552,123587.80503769267,51.345297519485534,23.587805037692668,22.459734173066014
2012-11-02,Dovish/Co-operative,Dovish/Co-operative,149482.71893539574,122488.86907318639,49.48271893539573,22.48886907318639,22.03779826400445
2012-11-05,Dovish/Co-operative,Dovish/Co-operative,150171.17717268533,122739.80937064732,50.17117717268533,22.739809370647322,22.349201895206882
2012-11-06,Dovish/Co-operative,Dovish/Co-operative,151823.91215884345,123700.31762676132,51.823912158843456,23.700317626761326,22.735264606950278
2012-11-07,Dovish/Co-operative,Dovish/Co-operative,149273.3176042995,120896.76305836381,49.27331760429949,20.89676305836381,23.471723996643878
2012-11-08,Dovish/Co-operative,Dovish/Co-operative,148301.86146541924,119443.08475193351,48.301861465419236,19.443084751933505,24.16111135560619
2012-11-09,Dovish/Co-operative,Dovish/Co-operative,148585.0443042055,119546.96174372111,48.58504430420552,19.546961743721102,24.29010502394433
2012-11-12,Dovish/Co-operative,Dovish/Co-operative,148575.2110234238,119642.13651838365,48.57521102342379,19.642136518383644,24.18301390045339
2012-11-13,Dovish/Co-operative,Dovish/Co-operative,147856.90907902992,119226.81175580429,47.85690907902993,19.226811755804295,24.01313672789027
2012-11-14,Dovish/Co-operative,Dovish/Co-operative,146151.5399994663,117617.32628917308,46.15153999946631,17.617326289173075,24.26021285345257
2012-11-15,Dovish/Co-operative,Dovish/Co-operative,145854.30486222115,117418.35779752796,45.85430486222115,17.41835779752796,24.21763308402518
2012-11-16,Dovish/Co-operative,Dovish/Co-operative,146367.0275950582,117998.06702522576,46.3670275950582,17.99806702522575,24.041885841882227
2012-11-19,Dovish/Co-operative,Dovish/Co-operative,148837.74231484445,120386.2551936414,48.837742314844455,20.38625519364139,23.633501246000897
2012-11-20,Dovish/Co-operative,Dovish/Co-operative,148815.87475416492,120438.1936895352,48.81587475416491,20.43819368953519,23.562028120233624
2012-11-21,Dovish/Co-operative,Dovish/Co-operative,148997.7920484738,120663.15224782848,48.99779204847381,20.663152247828464,23.48242961732774
2012-11-23,Dovish/Co-operative,Dovish/Co-operative,150775.4095019446,122307.19675854486,50.775409501944615,22.30719675854487,23.27599151798143
2012-11-26,Dovish/Co-operative,Dovish/Co-operative,150773.7381704135,122047.62919128338,50.77373817041351,22.04762919128338,23.5368021234629
2012-11-27,Dovish/Co-operative,Dovish/Co-operative,150175.2091969396,121424.60041001182,50.175209196939605,21.42460041001182,23.677746263809986
2012-11-28,Dovish/Co-operative,Dovish/Co-operative,150408.66237099268,122402.39651564891,50.40866237099269,22.402396515648903,22.8804881706407
2012-11-29,Dovish/Co-operative,Dovish/Co-operative,151335.19034985875,122973.43683614365,51.33519034985874,22.973436836143655,23.0633169596665
2012-11-30,Dovish/Co-operative,Dovish/Co-operative,151070.49479107241,122999.37693790879,51.07049479107242,22.99937693790879,22.822162641794662
2012-12-03,Dovish/Co-operative,Dovish/Co-operative,150561.02650949894,122393.71095348484,50.561026509498944,22.393710953484835,23.013695178111693
2012-12-04,Dovish/Co-operative,Dovish/Co-operative,150286.64169694507,122220.64925368286,50.286641696945054,22.220649253682858,22.963380259098475
2012-12-05,Dovish/Co-operative,Dovish/Co-operative,150580.91226560093,122436.9971971366,50.58091226560093,22.43699719713661,22.986446672772963
2012-12-06,Dovish/Co-operative,Dovish/Co-operative,150735.7884198647,122852.28864979396,50.735788419864704,22.852288649793962,22.696768677672896
2012-12-07,Dovish/Co-operative,Dovish/Co-operative,151175.86186591614,123224.4021160461,51.17586186591614,23.224402116046107,22.683380296336807
2012-12-10,Dovish/Co-operative,Dovish/Co-operative,151701.22596849373,123276.27399209588,51.70122596849374,23.276273992095888,23.0579259543652
2012-12-11,Dovish/Co-operative,Dovish/Co-operative,152318.67496781424,124115.60075193817,52.31867496781424,24.11560075193817,22.72323063741497
2012-12-12,Dovish/Co-operative,Dovish/Co-operative,152346.82896653897,124176.16651763252,52.34682896653897,24.176166517632524,22.68604615436114
2012-12-13,Dovish/Co-operative,Dovish/Co-operative,151542.3340792395,123414.73501041018,51.542334079239495,23.414735010410183,22.791118958734312
2012-12-14,Dovish/Co-operative,Dovish/Co-operative,151657.3562757438,122956.11567669855,51.657356275743815,22.956115676698552,23.342670221066886
2012-12-17,Dovish/Co-operative,Dovish/Co-operative,152771.59508792238,124401.1250759258,52.77159508792237,24.4011250759258,22.805637806475797
2012-12-18,Dovish/Co-operative,Dovish/Co-operative,153704.61627091354,125785.6186743417,53.70461627091354,25.785618674341706,22.195699230811083
2012-12-19,Dovish/Co-operative,Dovish/Co-operative,153570.21375897952,124851.05884747335,53.57021375897952,24.85105884747336,23.002732356952983
2012-12-20,Dovish/Co-operative,Dovish/Co-operative,153865.39234030488,125569.27905836847,53.86539234030487,25.569279058368476,22.534264347240153
2012-12-21,Dovish/Co-operative,Dovish/Co-operative,153119.9957879545,124429.45516459514,53.11999578795452,24.429455164595137,23.05767600236419
2012-12-24,Dovish/Co-operative,Dovish/Co-operative,152876.49246004576,124046.09127218419,52.87649246004575,24.046091272184178,23.241684515960582
2012-12-26,Dovish/Co-operative,Dovish/Co-operative,152934.9301572191,123523.17546151312,52.934930157219085,23.523175461513123,23.810717774876156
2012-12-27,Dovish/Co-operative,Dovish/Co-operative,152936.31557845764,123357.61682164384,52.93631557845764,23.357616821643834,23.978007616327446
2012-12-28,Dovish/Co-operative,Dovish/Co-operative,152205.4465996051,122024.34555579853,52.20544659960509,22.02434555579853,24.733671716358874
2012-12-31,Dovish/Co-operative,Dovish/Co-operative,154214.2085808965,124098.35453981759,54.214208580896496,24.098354539817592,24.267730344011994
2013-01-02,Dovish/Co-operative,Dovish/Co-operative,156976.3715425689,127279.0024078077,56.97637154256889,27.279002407807695,23.332496777127055
2013-01-03,Dovish/Co-operative,Dovish/Co-operative,156320.1912164433,126991.47948849949,56.32019121644329,26.991479488499493,23.095023261462067
2013-01-04,Dovish/Co-operative,Dovish/Co-operative,156915.63565116,127549.1458753073,56.91563565116,27.549145875307303,23.023666347841743
2013-01-07,Dovish/Co-operative,Dovish/Co-operative,156297.73652642904,127200.58252391609,56.29773652642904,27.200582523916083,22.875016312949768
2013-01-08,Dovish/Co-operative,Dovish/Co-operative,156052.96847446248,126834.63972071628,56.05296847446248,26.83463972071629,23.036552804567844
2013-01-09,Dovish/Co-operative,Dovish/Co-operative,156496.4480440376,127157.02147340776,56.49644804403759,27.15702147340775,23.073382995814782
2013-01-10,Dovish/Co-operative,Dovish/Co-operative,157297.0447458171,128167.83603923708,57.29704474581712,28.16783603923707,22.727393710277255
2013-01-11,Dovish/Co-operative,Dovish/Co-operative,156607.0341845022,128159.11716715101,56.60703418450221,28.159117167151003,22.197341590803976
2013-01-14,Dovish/Co-operative,Dovish/Co-operative,157039.74851671423,128072.01172109535,57.039748516714226,28.072011721095347,22.618319495677497
2013-01-15,Dovish/Co-operative,Dovish/Co-operative,157293.3797847544,128159.11716715101,57.29337978475439,28.159117167151003,22.732883357494682
2013-01-16,Dovish/Co-operative,Dovish/Co-operative,157090.7416836264,128141.69607793988,57.0907416836264,28.141696077939883,22.591433149190387
2013-01-17,Dovish/Co-operative,Dovish/Co-operative,158193.0677386874,128969.53091468879,58.193067738687375,28.96953091468879,22.659256505576874
2013-01-18,Dovish/Co-operative,Dovish/Co-operative,158617.8478462293,129257.15376376302,58.617847846229296,29.257153763763032,22.714947086122116
2013-01-22,Dovish/Co-operative,Dovish/Co-operative,159309.6243605042,129954.25548410391,59.30962436050422,29.95425548410391,22.589001619874672
2013-01-23,Dovish/Co-operative,Dovish/Co-operative,158869.67653871386,130163.42513936454,58.86967653871387,30.16342513936454,22.05400739002823
2013-01-24,Dovish/Co-operative,Dovish/Co-operative,158784.52855039472,130198.2340078648,58.78452855039473,30.198234007864787,21.955977176159802
2013-01-25,Dovish/Co-operative,Dovish/Co-operative,158895.56526630832,130930.25285395246,58.895565266308324,30.930252853952457,21.358938673669293
2013-01-28,Dovish/Co-operative,Dovish/Co-operative,158571.97692127747,130773.41308616925,58.57197692127747,30.773413086169256,21.25704543383844
2013-01-29,Dovish/Co-operative,Dovish/Co-operative,159214.59929909642,131287.57671483225,59.214599299096406,31.287576714832245,21.27164144778453
2013-01-30,Dovish/Co-operative,Dovish/Co-operative,158834.81960467662,130773.41308616925,58.834819604676625,30.773413086169256,21.45803635179051
2013-01-31,Dovish/Co-operative,Dovish/Co-operative,158693.78885528533,130450.93140371174,58.693788855285334,30.450931403711735,21.650176926808797
2013-02-01,Dovish/Co-operative,Dovish/Co-operative,159817.81636616675,131792.96317904565,59.817816366166745,31.792963179045653,21.264301606944148
2013-02-04,Dovish/Co-operative,Dovish/Co-operative,158669.3553965283,130311.52105262017,58.66935539652829,30.31152105262016,21.7615711295835
2013-02-05,Dovish/Co-operative,Dovish/Co-operative,159464.76907913783,131627.44617657887,59.464769079137824,31.627446176578864,21.148570234520125
2013-02-06,Dovish/Co-operative,Dovish/Co-operative,159674.25375037518,131723.26216724011,59.674253750375186,31.723262167240108,21.219480237019628
2013-02-07,Dovish/Co-operative,Dovish/Co-operative,159142.83712246298,131548.92636292125,59.14283712246298,31.548926362921257,20.97615808996782
2013-02-08,Dovish/Co-operative,Dovish/Co-operative,159746.1905756837,132280.8869166454,59.74619057568369,32.28088691664539,20.762866275870294
2013-02-11,Dovish/Co-operative,Dovish/Co-operative,159376.02605904618,132254.80524771172,59.3760260590462,32.254805247711715,20.50679426016826
2013-02-12,Dovish/Co-operative,Dovish/Co-operative,159844.8398735841,132472.6521376559,59.84483987358411,32.47265213765591,20.662519617622664
2013-02-13,Dovish/Co-operative,Dovish/Co-operative,160148.59906251353,132585.9475098918,60.14859906251353,32.58594750989179,20.788516483291254
2013-02-14,Dovish/Co-operative,Dovish/Co-operative,160022.40379314788,132707.8784794087,60.02240379314787,32.707878479408706,20.582444408511403
2013-02-15,Dovish/Co-operative,Dovish/Co-operative,159497.26540544437,132551.0387116255,59.49726540544438,32.5510387116255,20.328944198198528
2013-02-19,Dovish/Co-operative,Dovish/Co-operative,159833.98924589044,133544.4988080877,59.83398924589043,33.544498808087695,19.685940396228887
2013-02-20,Dovish/Co-operative,Dovish/Co-operative,157449.4787798357,131880.04364265982,57.44947877983571,31.880043642659817,19.38840360597578
2013-02-21,Dovish/Co-operative,Dovish/Co-operative,156400.3925035753,131078.3487672081,56.40039250357531,31.07834876720812,19.318250477306908
2013-02-22,Dovish/Co-operative,Dovish/Co-operative,157436.64677417098,132359.37342038105,57.436646774170974,32.35937342038105,18.946352423521272
2013-02-25,Dovish/Co-operative,Dovish/Co-operative,155459.27507422765,129841.00174927054,55.459275074227655,29.841001749270536,19.73049574465491
2013-02-26,Dovish/Co-operative,Dovish/Co-operative,156340.15325559553,130729.7854158169,56.34015325559554,30.729785415816902,19.59030817523246
2013-02-27,Dovish/Co-operative,Dovish/Co-operative,157392.93635065015,132376.79450959218,57.392936350650146,32.376794509592166,18.897679108890397
2013-02-28,Dovish/Co-operative,Dovish/Co-operative,157088.75206234786,132115.39489662016,57.08875206234787,32.11539489662017,18.902685175538615
2013-03-01,Dovish/Co-operative,Dovish/Co-operative,157051.54309187713,132551.0387116255,57.05154309187712,32.5510387116255,18.483826772232458
2013-03-04,Dovish/Co-operative,Dovish/Co-operative,156901.20956988048,133256.94257885747,56.90120956988047,33.256942578857476,17.743365961612877
2013-03-05,Dovish/Co-operative,Dovish/Co-operative,158173.7453908013,134450.77851116972,58.173745390801315,34.45077851116971,17.644350700178933
2013-03-06,Dovish/Co-operative,Dovish/Co-operative,158574.155187503,134633.74991276962,58.574155187502996,34.633749912769616,17.781875116933588
2013-03-07,Dovish/Co-operative,Dovish/Co-operative,159026.87189424117,134877.77840141352,59.02687189424116,34.87777840141353,17.904427088765384
2013-03-08,Dovish/Co-operative,Dovish/Co-operative,159900.9810763112,135452.82424002996,59.90098107631121,35.452824240029955,18.04920419596252
2013-03-11,Dovish/Co-operative,Dovish/Co-operative,160059.29380806797,135967.02117861496,60.059293808067984,35.967021178614964,17.71920309837771
2013-03-12,Dovish/Co-operative,Dovish/Co-operative,159782.8648322055,135662.0605151346,59.7828648322055,35.662060515134584,17.78006630997615
2013-03-13,Dovish/Co-operative,Dovish/Co-operative,159670.61163925938,135853.67584149606,59.67061163925938,35.853675841496056,17.531314960922483
2013-03-14,Dovish/Co-operative,Dovish/Co-operative,160527.98945244588,136576.95916053667,60.52798945244589,36.576959160536674,17.536655113075426
2013-03-15,Dovish/Co-operative,Dovish/Co-operative,160511.0431688245,136396.70251758056,60.5110431688245,36.39670251758056,17.67956277985221
2013-03-18,Dovish/Co-operative,Dovish/Co-operative,159781.62276862576,135643.89828015876,59.78162276862575,35.64389828015875,17.79492096180617
2013-03-19,Dovish/Co-operative,Dovish/Co-operative,159476.1706967238,135328.90300267295,59.4761706967238,35.32890300267295,17.84339276996423
2013-03-20,Dovish/Co-operative,Dovish/Co-operative,160125.86510435597,136274.10534962342,60.12586510435596,36.27410534962343,17.502782126904236
2013-03-21,Dovish/Co-operative,Dovish/Co-operative,159086.84773914033,135110.02350514647,59.086847739140325,35.11002350514647,17.74614762988369
2013-03-22,Dovish/Co-operative,Dovish/Co-operative,159418.86003648455,136195.46062375826,59.41886003648455,36.195460623758265,17.051522353510173
2013-03-25,Dovish/Co-operative,Dovish/Co-operative,159063.1519559343,135626.4188985841,59.0631519559343,35.62641889858409,17.280359717287276
2013-03-26,Dovish/Co-operative,Dovish/Co-operative,159827.2869263968,136711.8143797934,59.82728692639681,36.71181437979338,16.90817479928053
2013-03-27,Dovish/Co-operative,Dovish/Co-operative,160061.66138669805,136711.8143797934,60.06166138669804,36.71181437979338,17.079611672797657
2013-03-28,Dovish/Co-operative,Dovish/Co-operative,160075.1452120668,137131.91078870065,60.07514521206681,37.131910788700665,16.73077717025191
2013-04-01,Dovish/Co-operative,Dovish/Co-operative,158715.91939544812,136589.3088141218,58.71591939544811,36.58930881412179,16.19937224474679
2013-04-02,Dovish/Co-operative,Dovish/Co-operative,157801.11467876704,137263.20184630234,57.80111467876705,37.26320184630234,14.96243170508409
2013-04-03,Dovish/Co-operative,Dovish/Co-operative,156111.1186530955,135871.54661465433,56.1111186530955,35.87154661465433,14.896107789103684
2013-04-04,Dovish/Co-operative,Dovish/Co-operative,156518.19414464943,136422.9840460463,56.51819414464943,36.422984046046295,14.730076635635303
2013-04-05,Dovish/Co-operative,Dovish/Co-operative,156701.01180128744,135810.31465051978,56.701011801287436,35.81031465051978,15.382261063547077
2013-04-08,Dovish/Co-operative,Dovish/Co-operative,157165.07364719422,136729.31874380953,57.165073647194234,36.729318743809536,14.94613963642668
2013-04-09,Dovish/Co-operative,Dovish/Co-operative,157836.41242298795,137201.9448997263,57.83641242298796,37.2019448997263,15.03948616642592
2013-04-10,Dovish/Co-operative,Dovish/Co-operative,158730.96225029603,138882.51373992645,58.73096225029604,38.88251373992644,14.291538924430824
2013-04-11,Dovish/Co-operative,Dovish/Co-operative,158821.11091370496,139337.63553182705,58.82111091370496,39.337635531827054,13.982923786178048
2013-04-12,Dovish/Co-operative,Dovish/Co-operative,156584.86304735133,138996.31708847298,56.584863047351334,38.99631708847298,12.653965462756123
2013-04-15,Dovish/Co-operative,Dovish/Co-operative,150866.06420965906,135775.21432020195,50.866064209659065,35.77521432020194,11.114583736813689
2013-04-16,Dovish/Co-operative,Dovish/Co-operative,152907.79060227313,137779.680514545,52.90779060227313,37.779680514545014,10.979928267529338
2013-04-17,Dovish/Co-operative,Dovish/Co-operative,151059.49274866443,135766.46213819386,51.05949274866444,35.76646213819386,11.264218253624447
2013-04-18,Dovish/Co-operative,Dovish/Co-operative,151068.92708473152,134917.51713837124,51.06892708473152,34.91751713837124,11.971321655582656
2013-04-19,Dovish/Co-operative,Dovish/Co-operative,152298.32648556423,136090.3678198173,52.29832648556423,36.090367819817295,11.909703034388276
2013-04-22,Dovish/Co-operative,Dovish/Co-operative,153039.09295451324,136694.2517234137,53.03909295451324,36.69425172341369,11.957226456143587
2013-04-23,Dovish/Co-operative,Dovish/Co-operative,153820.25759204986,138103.49459388293,53.82025759204987,38.103494593882935,11.380423822282548
2013-04-24,Dovish/Co-operative,Dovish/Co-operative,155072.46707935267,138190.9997590027,55.07246707935267,38.19099975900271,12.216039647871636
2013-04-25,Dovish/Co-operative,Dovish/Co-operative,156475.12125040064,138751.24766476627,56.47512125040064,38.751247664766275,12.773848079879336
2013-04-26,Dovish/Co-operative,Dovish/Co-operative,155507.33903205313,138506.16991357907,55.50733903205314,38.50616991357907,12.274665546727581
2013-04-29,Dovish/Co-operative,Dovish/Co-operative,156813.11746890075,139434.05942856494,56.81311746890074,39.43405942856495,12.463997757477241
2013-04-30,Dovish/Co-operative,Dovish/Co-operative,157298.85962266775,139766.48412274237,57.29885962266774,39.766484122742376,12.54404846052255
2013-05-01,Dovish/Co-operative,Dovish/Co-operative,155004.84120973982,138541.18696909188,55.00484120973983,38.54118696909188,11.883581049670756
2013-05-02,Dovish/Co-operative,Dovish/Co-operative,156482.869747049,139827.85765404548,56.482869747048994,39.82785765404549,11.911082936141693
2013-05-03,Dovish/Co-operative,Dovish/Co-operative,158133.53551176446,141245.82772408126,58.13353551176446,41.24582772408125,11.956252485328456
2013-05-06,Dovish/Co-operative,Dovish/Co-operative,158758.45047598364,141604.69216885397,58.75845047598365,41.604692168853965,12.113834679062041
2013-05-07,Dovish/Co-operative,Dovish/Co-operative,159415.8883310259,142322.42105839946,59.41588833102589,42.32242105839945,12.01038258449274
2013-05-08,Dovish/Co-operative,Dovish/Co-operative,160373.42337604344,142970.09918195827,60.373423376043434,42.97009918195827,12.172702050053097
2013-05-09,Dovish/Co-operative,Dovish/Co-operative,159747.3678238409,142567.54877446967,59.74736782384091,42.567548774469664,12.050301206025726
2013-05-10,Happiness Zone,Happiness Zone,159595.71165905122,143031.40609341732,59.59571165905122,43.03140609341731,11.580887035967002
2013-05-13,Happiness Zone,Happiness Zone,158921.07616712686,143145.19278700286,58.92107616712685,43.14519278700286,11.02089638706778
2013-05-14,Happiness Zone,Happiness Zone,159926.1647382676,144624.38649369267,59.926164738267595,44.62438649369267,10.580358275360613
2013-05-15,Happiness Zone,Happiness Zone,159742.21895889644,145403.4556046192,59.742218958896444,45.403455604619204,9.86136353820035
2013-05-16,Happiness Zone,Happiness Zone,159242.80388953097,144720.78540798908,59.24280388953098,44.72078540798907,10.034507787255432
2013-05-17,Happiness Zone,Happiness Zone,160020.282970334,146121.16783920367,60.020282970333994,46.12116783920368,9.512047663364797
2013-05-20,Happiness Zone,Happiness Zone,161033.5969055564,146112.47394955912,61.03359690555639,46.11247394955913,10.212080154873249
2013-05-21,Happiness Zone,Happiness Zone,160569.88919508315,146322.47635286997,60.56988919508315,46.32247635286997,9.73699543455937
2013-05-22,Happiness Zone,Happiness Zone,158996.6325286269,145237.1391640242,58.996632528626904,45.23713916402421,9.473811893983509
2013-05-23,Happiness Zone,Happiness Zone,159226.63889475234,144817.01777267543,59.22663889475235,44.81701777267544,9.950226391691208
2013-05-24,Happiness Zone,Happiness Zone,158751.65015208474,144694.4372596793,58.75165015208474,44.69443725967932,9.715102500573192
2013-05-28,Happiness Zone,Happiness Zone,159790.6173922181,145561.01153572564,59.790617392218095,45.56101153572565,9.775698661588383
2013-05-29,Happiness Zone,Happiness Zone,159085.2378474448,144615.74256893113,59.085237847444816,44.615742568931125,10.005477288626974
2013-05-30,Happiness Zone,Happiness Zone,159907.3961441218,145149.6006889824,59.90739614412179,45.14960068898242,10.167300071848961
2013-05-31,Happiness Zone,Happiness Zone,157870.03141032075,143066.48144129367,57.87003141032074,43.06648144129366,10.347322321686935
2013-06-03,Happiness Zone,Happiness Zone,159254.91162709548,143854.24444186475,59.25491162709549,43.85424444186474,10.705744029300824
2013-06-04,Happiness Zone,Happiness Zone,158274.48214293626,143162.697151019,58.274482142936264,43.16269715101902,10.555672177631713
2013-06-05,Happiness Zone,Happiness Zone,156460.75234164807,141158.30590400047,56.46075234164807,41.15830590400047,10.840627719104635
2013-06-06,Happiness Zone,Happiness Zone,157530.89524016166,142436.17444206297,57.53089524016166,42.43617444206298,10.597533145794081
2013-06-07,Happiness Zone,Happiness Zone,157955.20672246104,144248.0343398648,57.95520672246104,44.248034339864795,9.502502023910143
2013-06-10,Happiness Zone,Happiness Zone,158006.93776743178,144248.0343398648,58.00693776743178,44.248034339864795,9.538364588836924
2013-06-11,Happiness Zone,Happiness Zone,156382.40850815165,142760.04681376438,56.38240850815166,42.760046813764376,9.542138713472227
2013-06-12,Happiness Zone,Happiness Zone,155706.38764791735,141578.42729534925,55.70638764791735,41.57842729534924,9.97889341085525
2013-06-13,Happiness Zone,Happiness Zone,157562.19789525509,143731.68058382964,57.562197895255096,43.731680583829636,9.622455714179857
2013-06-14,Happiness Zone,Happiness Zone,156613.82303036016,142830.13088967302,56.61382303036015,42.83013088967302,9.650409234263147
2013-06-17,Happiness Zone,Happiness Zone,157350.1481556985,143933.00575245696,57.3501481556985,43.93300575245696,9.321796854792975
2013-06-18,Happiness Zone,Happiness Zone,158059.269120147,145070.8560333512,58.059269120146986,45.07085603335121,8.953151199307596
2013-06-19,Happiness Zone,Happiness Zone,156245.7171897359,143066.48144129367,56.2457171897359,43.06648144129366,9.211966084348177
2013-06-20,Happiness Zone,Happiness Zone,151991.46511816874,139521.4813188797,51.99146511816875,39.521481318879694,8.937680191904352
2013-06-21,Happiness Zone,Happiness Zone,152627.39089597276,139969.42482258717,52.627390895972745,39.969424822587165,9.043379359049087
2013-06-24,Happiness Zone,Happiness Zone,150866.04343555178,138200.75123867107,50.86604343555179,38.20075123867108,9.164416317106628
2013-06-25,Happiness Zone,Happiness Zone,152197.2043510797,139529.42573527904,52.197204351079705,39.52942573527905,9.078929802115354
2013-06-26,Happiness Zone,Happiness Zone,152162.26140312018,140910.9297681946,52.16226140312019,40.91092976819459,7.984711798747335
2013-06-27,Happiness Zone,Happiness Zone,153152.3129971098,141737.96516681524,53.15231299710981,41.73796516681523,8.05313369418046
2013-06-28,Happiness Zone,Happiness Zone,153269.9304445703,141157.28995137915,53.26993044457029,41.15728995137915,8.580952848672062
2013-07-01,Happiness Zone,Happiness Zone,154654.08243636633,141984.42527976586,54.65408243636634,41.984425279765844,8.92327248684932
2013-07-02,Happiness Zone,Happiness Zone,154907.5814903712,141852.38474891896,54.90758149037121,41.85238474891897,9.203367828154697
2013-07-03,Happiness Zone,Happiness Zone,155015.37658793078,141914.0247595981,55.01537658793079,41.914024759598114,9.231893641608945
2013-07-05,Happiness Zone,Happiness Zone,156365.3037662236,143445.09866981822,56.3653037662236,43.44509866981823,9.00707324001715
2013-07-08,Happiness Zone,Happiness Zone,156886.54109888535,144263.3902139113,56.88654109888536,44.2633902139113,8.75007225759541
2013-07-09,Happiness Zone,Happiness Zone,158020.89266939263,145301.71044784022,58.02089266939263,45.301710447840215,8.753635578239315
2013-07-10,Happiness Zone,Happiness Zone,158201.19084341527,145354.49001926478,58.20119084341526,45.35449001926477,8.838186438167718
2013-07-11,Happiness Zone,Happiness Zone,160604.92611490315,147334.3318537621,60.60492611490316,47.3343318537621,9.007129631071242
2013-07-12,Happiness Zone,Happiness Zone,160897.0925078875,147395.95520948025,60.897092507887486,47.395955209480256,9.159774621507989
2013-07-15,Happiness Zone,Happiness Zone,161464.14509587933,147959.1260609002,61.46414509587932,47.95912606090018,9.12753366049246
2013-07-16,Happiness Zone,Happiness Zone,161114.0108020858,147404.73237392984,61.11401080208581,47.40473237392984,9.300433037237132
2013-07-17,Happiness Zone,Happiness Zone,161552.73201134623,147783.11643300034,61.55273201134624,47.78311643300033,9.317448373467307
2013-07-18,Happiness Zone,Happiness Zone,162188.1611070538,148592.5808477608,62.18816110705381,48.592580847760814,9.149568694295862
2013-07-19,Happiness Zone,Happiness Zone,161594.93030109786,148856.5786346496,61.59493030109786,48.85657863464961,8.557466376889522
2013-07-22,Happiness Zone,Happiness Zone,162087.59956293466,149146.99118969217,62.087599562934656,49.146991189692166,8.676412624901042
2013-07-23,Happiness Zone,Happiness Zone,161502.95589435528,148830.23048633983,61.50295589435528,48.83023048633983,8.514886637347917
2013-07-24,Happiness Zone,Happiness Zone,160994.29489887116,148284.6306187801,60.99429489887116,48.2846306187801,8.571127180918637
2013-07-25,Happiness Zone,Happiness Zone,161499.54255472549,148645.37707414638,61.499542554725494,48.64537707414638,8.647538008644062
2013-07-26,Happiness Zone,Happiness Zone,161769.1726381626,148803.81571818606,61.769172638162594,48.80381571818606,8.713054068809045
2013-07-29,Happiness Zone,Happiness Zone,161163.06040462406,148346.28728442025,61.16306040462407,48.34628728442026,8.639766693743113
2013-07-30,Happiness Zone,Happiness Zone,161407.24565379514,148346.28728442025,61.40724565379514,48.34628728442026,8.804371587900594
2013-07-31,Happiness Zone,Happiness Zone,161228.42211064475,148451.81311734734,61.22842211064474,48.45181311734734,8.606569852533784
2013-08-01,Happiness Zone,Happiness Zone,162819.33097818712,150167.7237847999,62.819330978187125,50.167723784799904,8.424984327203223
2013-08-02,Happiness Zone,Happiness Zone,163123.72895291616,150422.79451259004,63.12372895291616,50.422794512590045,8.443490550405297
2013-08-05,Happiness Zone,Happiness Zone,163083.52595862173,150202.83244259824,63.08352595862172,50.20283244259824,8.575533035268146
2013-08-06,Happiness Zone,Happiness Zone,162106.64917773707,149349.33231094078,62.10664917773707,49.34933231094079,8.541930967750112
2013-08-07,Happiness Zone,Happiness Zone,161566.9001722759,148865.3557990992,61.56690017227591,48.865355799099206,8.532236600648723
2013-08-08,Happiness Zone,Happiness Zone,162100.93963610663,149410.93901169792,62.10093963610663,49.41093901169793,8.493354441347268
2013-08-09,Happiness Zone,Happiness Zone,161755.56973147925,148979.7920361639,61.75556973147924,48.979792036163914,8.575510490855098
2013-08-12,Happiness Zone,Happiness Zone,161738.42686640157,148803.81571818606,61.73842686640156,48.80381571818606,8.692392117626802
2013-08-13,Happiness Zone,Happiness Zone,162120.8843248486,149243.75651313068,62.12088432484859,49.24375651313066,8.628252271702209
2013-08-14,Happiness Zone,Happiness Zone,161512.63735633416,148478.22788550114,61.51263735633417,48.478227885501134,8.778667186736966
2013-08-15,Happiness Zone,Happiness Zone,159083.21920722944,146401.6373825263,59.08321920722943,46.401637382526296,8.662185786602915
2013-08-16,Happiness Zone,Happiness Zone,158446.3912010193,145917.66087068472,58.44639120101929,45.91766087068472,8.586164454375256
2013-08-19,Happiness Zone,Happiness Zone,157438.2437367052,144984.9330895269,57.43824373670519,44.98493308952689,8.589382621909047
2013-08-20,Happiness Zone,Happiness Zone,158540.2309415449,145697.7154556539,58.540230941544905,45.697715455653906,8.814493381538213
2013-08-21,Happiness Zone,Happiness Zone,157821.70633131,144800.12964221646,57.82170633131001,44.80012964221647,8.992793529445242
2013-08-22,Happiness Zone,Happiness Zone,159197.79696097615,146120.03530185533,59.197796960976156,46.12003530185533,8.950012660553174
2013-08-23,Happiness Zone,Happiness Zone,159947.7993080984,146612.7889781465,59.947799308098396,46.61278897814651,9.095393671243478
2013-08-26,Happiness Zone,Happiness Zone,159518.6214087265,146067.2890403528,59.5186214087265,46.0672890403528,9.208997070286973
2013-08-27,Happiness Zone,Happiness Zone,156786.66069776574,143717.82365627357,56.78666069776575,43.717823656273566,9.093400323642943
2013-08-28,Happiness Zone,Happiness Zone,157081.34305805466,144228.23159122994,57.08134305805466,44.22823159122993,8.911647411203694
2013-08-29,Happiness Zone,Happiness Zone,157689.48709676295,144457.00413559336,57.68948709676296,44.45700413559337,9.160153251377846
2013-08-30,Happiness Zone,Happiness Zone,156843.21997506582,143999.40908198353,56.84321997506583,43.99940908198352,8.919349721615788
2013-09-03,Happiness Zone,Happiness Zone,157420.98592873086,144650.6014023144,57.42098592873086,44.65060140231441,8.828435141377945
2013-09-04,Happiness Zone,Happiness Zone,158773.41954162478,145847.31031539998,58.77341954162478,45.847310315399994,8.86276832824111
2013-09-05,Happiness Zone,Happiness Zone,158832.67621954432,146032.0637978274,58.83267621954431,46.032063797827405,8.765617693001037
2013-09-06,Happiness Zone,Happiness Zone,159159.90998439418,146102.44766303417,59.159909984394176,46.10244766303418,8.937196145731452
2013-09-09,Happiness Zone,Happiness Zone,160995.25189508178,147501.54766225137,60.99525189508177,47.50154766225136,9.148178067750345
2013-09-10,Happiness Zone,Happiness Zone,162012.61152877854,148592.5808477608,62.01261152877853,48.592580847760814,9.03142714424423
2013-09-11,Happiness Zone,Happiness Zone,162156.11374388385,149059.01968566424,62.15611374388386,49.05901968566424,8.7865156270575
2013-09-12,Happiness Zone,Happiness Zone,161678.38288741995,148662.99802288957,61.67838288741996,48.66299802288958,8.754959228338999
2013-09-13,Happiness Zone,Happiness Zone,161989.12642742269,148997.4129849071,61.98912642742269,48.99741298490709,8.71942215790793
2013-09-16,Happiness Zone,Happiness Zone,162561.6008070047,149859.67362605315,62.5616008070047,49.859673626053144,8.47588071801546
2013-09-17,Happiness Zone,Happiness Zone,163333.50062491017,150528.4535852052,63.333500624910165,50.52845358520519,8.506728618225523
2013-09-18,Happiness Zone,Happiness Zone,165423.34090716444,152270.71240096752,65.42334090716444,52.270712400967525,8.637661372176876
2013-09-19,Happiness Zone,Happiness Zone,165335.04745847106,152015.5084334893,65.33504745847105,52.0155084334893,8.761960646146449
2013-09-20,Happiness Zone,Happiness Zone,164306.73144453618,150952.70540688318,64.30673144453618,50.95270540688317,8.846496657120584
2013-09-23,Happiness Zone,Happiness Zone,163591.30371177758,150254.17968737637,63.59130371177759,50.25417968737638,8.876374721921776
2013-09-24,Happiness Zone,Happiness Zone,163161.17700876138,149900.41166067115,63.161177008761385,49.90041166067114,8.846383543034264
2013-09-25,Happiness Zone,Happiness Zone,163013.80681531195,149467.28274477753,63.013806815311945,49.46728274477754,9.063203546468257
2013-09-26,Happiness Zone,Happiness Zone,163732.71609366304,150041.96217425185,63.73271609366304,50.04196217425185,9.124616687904542
2013-09-27,Happiness Zone,Happiness Zone,163166.4597268139,149352.24692911663,63.1664597268139,49.35224692911664,9.249417455536202
2013-09-30,Happiness Zone,Happiness Zone,162375.4916237542,148556.4895472632,62.3754916237542,48.55648954726319,9.302186742972607
2013-10-01,Happiness Zone,Happiness Zone,163662.89059517218,149732.44637893667,63.662890595172186,49.73244637893668,9.30355748077536
2013-10-02,Happiness Zone,Happiness Zone,163584.84250458813,149590.99579512197,63.58484250458814,49.59099579512196,9.354738655949557
2013-10-03,Happiness Zone,Happiness Zone,161959.16943076364,148211.61526973458,61.95916943076363,48.21161526973459,9.275625352310946
2013-10-04,Happiness Zone,Happiness Zone,162961.43970438218,149334.62598037344,62.96143970438217,49.33462598037344,9.125019488648034
2013-10-07,Happiness Zone,Happiness Zone,161823.92704306383,148043.64998800008,61.82392704306383,48.043649988000084,9.308252705320852
2013-10-08,Happiness Zone,Happiness Zone,159606.19630359765,146319.39518508408,59.60619630359765,46.319395185084076,9.080683460799355
2013-10-09,Happiness Zone,Happiness Zone,159634.8225623944,146425.55390652936,59.634822562394405,46.42555390652936,9.02114986315652
2013-10-10,Happiness Zone,Happiness Zone,163061.26140882765,149582.1686657894,63.06126140882764,49.582168665789396,9.01116280320451
2013-10-11,Happiness Zone,Happiness Zone,164248.4621299453,150545.94129426035,64.24846212994531,50.54594129426035,9.101886585505303
2013-10-14,Happiness Zone,Happiness Zone,164962.73822726248,151147.2186964595,64.96273822726249,51.14721869645948,9.140439136063705
2013-10-15,Happiness Zone,Happiness Zone,164016.80133256558,150050.83926846748,64.01680133256558,50.05083926846747,9.307486803929521
2013-10-16,Happiness Zone,Happiness Zone,166262.38203678402,152146.39977202687,66.26238203678403,52.14639977202686,9.277894374042539
2013-10-17,Happiness Zone,Happiness Zone,167384.30189450784,153163.26841618147,67.38430189450784,53.16326841618147,9.284885093783979
2013-10-18,Happiness Zone,Happiness Zone,168807.91884415864,154197.80797396228,68.80791884415865,54.19780797396228,9.474914761864461
2013-10-21,Happiness Zone,Happiness Zone,168826.28553265322,154206.58513841187,68.82628553265322,54.20658513841188,9.480594088196082
2013-10-22,Happiness Zone,Happiness Zone,169403.32033838713,155099.69076733902,69.40332033838712,55.09969076733903,9.222216691911145
2013-10-23,Happiness Zone,Happiness Zone,168616.73890561934,154356.97943628617,68.61673890561934,54.35697943628617,9.23816954789476
2013-10-24,Happiness Zone,Happiness Zone,169087.3435829016,154869.76903066627,69.08734358290161,54.86976903066627,9.18034206496432
2013-10-25,Happiness Zone,Happiness Zone,170036.77905264177,155577.08856958366,70.03677905264176,55.57708856958365,9.29422874280801
2013-10-28,Happiness Zone,Happiness Zone,169994.48237641997,155824.71452980462,69.99448237641997,55.82471452980462,9.093402089246316
2013-10-29,Happiness Zone,Happiness Zone,170448.50932856434,156655.8803587545,70.44850932856434,56.65588035875451,8.80441189837471
2013-10-30,Happiness Zone,Happiness Zone,169759.00355586593,155877.74392564426,69.75900355586593,55.87774392564426,8.905222311174343
2013-10-31,Happiness Zone,Happiness Zone,169042.12676578126,155435.65464073,69.04212676578125,55.435654640730014,8.753765123260116
2013-11-01,Happiness Zone,Happiness Zone,169292.82928963366,155806.9936512954,69.29282928963367,55.8069936512954,8.655475163406523
2013-11-04,Happiness Zone,Happiness Zone,169739.2761608325,156355.1916927719,69.73927616083249,56.355191692771925,8.56005120339045
2013-11-05,Happiness Zone,Happiness Zone,169135.38831634293,155860.08966697904,69.13538831634294,55.86008966697904,8.517445792395462
2013-11-06,Happiness Zone,Happiness Zone,169621.11774733674,156655.8803587545,69.62111774733674,56.65588035875451,8.276253249409349
2013-11-07,Happiness Zone,Happiness Zone,167317.0350782465,154675.25574108996,67.31703507824649,54.675255741089956,8.173110350835655
2013-11-08,Happiness Zone,Happiness Zone,169221.33270770803,156761.93915043375,69.22133270770803,56.76193915043375,7.9479710603208575
2013-11-11,Happiness Zone,Happiness Zone,169224.22809361876,156788.50381323657,69.22422809361876,56.78850381323657,7.93152812733986
2013-11-12,Happiness Zone,Happiness Zone,168920.7016312437,156470.2275084328,68.92070163124369,56.47022750843283,7.957088272361501
2013-11-13,Happiness Zone,Happiness Zone,170399.0836910226,157725.76174378773,70.3990836910226,57.72576174378774,8.035036133045658
2013-11-14,Happiness Zone,Happiness Zone,171072.40383102707,158512.69199630857,71.07240383102706,58.512691996308575,7.923473935456848
2013-11-15,Happiness Zone,Happiness Zone,171631.98531262684,159202.40724144378,71.63198531262684,59.20240724144379,7.807405859342675
2013-11-18,Happiness Zone,Happiness Zone,170787.74788333056,158645.36541567367,70.78774788333055,58.645365415673666,7.653789592807891
2013-11-19,Happiness Zone,Happiness Zone,170360.7653596493,158300.49113814507,70.36076535964928,58.30049113814506,7.618595580338106
2013-11-20,Happiness Zone,Happiness Zone,169765.36508570996,157805.33914746917,69.76536508570996,57.80533914746917,7.5789741987526416
2013-11-21,Happiness Zone,Happiness Zone,171403.82157686996,159078.62757125532,71.40382157686996,59.078627571255325,7.747862924008375
2013-11-22,Happiness Zone,Happiness Zone,171961.6718826516,159874.40160806978,71.96167188265159,59.87440160806978,7.560478821502414
2013-11-25,Happiness Zone,Happiness Zone,171983.9603722463,159715.2468007069,71.9839603722463,59.7152468007069,7.6816170135894035
2013-11-26,Happiness Zone,Happiness Zone,172267.84451397287,159759.48237713592,72.26784451397288,59.75948237713593,7.829495908924589
2013-11-27,Happiness Zone,Happiness Zone,173093.7030649613,160148.49230132753,73.0937030649613,60.14849230132753,8.083254845307387
2013-11-29,Happiness Zone,Happiness Zone,173149.60276533992,160042.4168546873,73.14960276533992,60.042416854687296,8.189820029119833
2013-12-02,Happiness Zone,Happiness Zone,172637.32438673143,159626.82561273183,72.63732438673142,59.62682561273183,8.150571637353842
2013-12-03,Happiness Zone,Happiness Zone,172073.1379789071,158937.12702255763,72.07313797890708,58.937127022557625,8.264910283979843
2013-12-04,Happiness Zone,Happiness Zone,172220.74228139487,158919.45610893142,72.22074228139486,58.919456108931435,8.369828652915889
2013-12-05,Happiness Zone,Happiness Zone,171696.26753778476,158220.9303894246,71.69626753778475,58.220930389424616,8.516785431101749
2013-12-06,Happiness Zone,Happiness Zone,173253.29843033437,159989.37080388665,73.25329843033437,59.989370803886644,8.290505525336744
2013-12-09,Happiness Zone,Happiness Zone,173808.5993130788,160396.0849516265,73.80859931307879,60.39608495162649,8.362120787111094
2013-12-10,Happiness Zone,Happiness Zone,173336.60400948426,159821.33890230814,73.33660400948425,59.82133890230814,8.456483470857057
2013-12-11,Happiness Zone,Happiness Zone,171149.24625370372,158026.40044488732,71.14924625370371,58.026400444887315,8.304211050730782
2013-12-12,Happiness Zone,Happiness Zone,170678.697312429,157504.7004463696,70.678697312429,57.5047004463696,8.364192832800654
2013-12-13,Happiness Zone,Happiness Zone,170651.49223914338,157487.0128777824,70.65149223914338,57.4870128777824,8.35908886758634
2013-12-16,Happiness Zone,Happiness Zone,171700.0861756467,158468.50638476256,71.70008617564669,58.468506384762556,8.349658927659597
2013-12-17,Happiness Zone,Happiness Zone,171331.73227286743,157964.51060979307,71.33173227286744,57.96451060979307,8.462167616936656
2013-12-18,Happiness Zone,Happiness Zone,173860.09389910163,160661.33186059064,73.86009389910161,60.661331860590636,8.21526990076482
2013-12-19,Happiness Zone,Happiness Zone,173383.4698080163,160475.62904538593,73.38346980801629,60.47562904538593,8.043489743218114
2013-12-20,Happiness Zone,Happiness Zone,174680.0327915821,161409.12295474997,74.68003279158211,61.40912295474996,8.221908151097846
2013-12-23,Happiness Zone,Happiness Zone,175919.56814204753,162271.48352566204,75.91956814204752,62.27148352566205,8.410648821255862
2013-12-24,Happiness Zone,Happiness Zone,176205.06596088706,162627.11690799982,76.20506596088705,62.62711690799983,8.349129782930632
2013-12-26,Happiness Zone,Happiness Zone,176746.53918477573,163453.8858272444,76.74653918477571,63.453885827244406,8.13235689702747
2013-12-27,Happiness Zone,Happiness Zone,176631.9272577832,163444.95876814576,76.63192725778319,63.44495876814575,8.068140240619925
2013-12-30,Happiness Zone,Happiness Zone,176470.90090409174,163418.36079542094,76.47090090409175,63.41836079542094,7.987193143499294
2013-12-31,Happiness Zone,Happiness Zone,177205.04372547043,164191.7672196058,77.20504372547043,64.1917672196058,7.925657130213737
2014-01-02,Happiness Zone,Happiness Zone,175746.43670635106,162618.17319394017,75.74643670635106,62.618173193940166,8.073060503978224
2014-01-03,Happiness Zone,Happiness Zone,175660.62014975824,162591.50860137132,75.66062014975823,62.59150860137132,8.038003743743282
2014-01-06,Happiness Zone,Happiness Zone,175359.15586579102,162120.3730644645,75.35915586579102,62.120373064464516,8.166020439678068
2014-01-07,Happiness Zone,Happiness Zone,176408.85343915378,163116.03994325988,76.40885343915377,63.11603994325987,8.149298806247284
2014-01-08,Happiness Zone,Happiness Zone,176525.5021041226,163151.63159492734,76.5255021041226,63.15163159492734,8.197203042627166
2014-01-09,Happiness Zone,Happiness Zone,176399.0601790822,163258.30662016378,76.3990601790822,63.258306620163786,8.049056633603136
2014-01-10,Happiness Zone,Happiness Zone,176961.72232571561,163702.86083930676,76.96172232571561,63.702860839306766,8.09934622915598
2014-01-13,Happiness Zone,Happiness Zone,174773.680537278,161524.75834900702,74.773680537278,61.524758349007016,8.202409539993871
2014-01-14,Happiness Zone,Happiness Zone,176921.8250307901,163284.97121273263,76.92182503079007,63.28497121273264,8.351567028352513
2014-01-15,Happiness Zone,Happiness Zone,178302.05961069692,164165.00269727092,78.30205961069692,64.16500269727092,8.611492511284812
2014-01-16,Happiness Zone,Happiness Zone,178106.48295502592,163951.70261168107,78.10648295502591,63.951702611681085,8.633506159353765
2014-01-17,Happiness Zone,Happiness Zone,177307.2514097096,163258.30662016378,77.3072514097096,63.258306620163786,8.605347611642223
2014-01-21,Happiness Zone,Happiness Zone,178131.07409470898,163738.35256120822,78.13107409470899,63.73835256120821,8.790073497362517
2014-01-22,Happiness Zone,Happiness Zone,178398.32695156723,163844.99427652263,78.39832695156723,63.84499427652264,8.882378579404637
2014-01-23,Happiness Zone,Happiness Zone,177235.28916146894,162502.63772944914,77.23528916146893,62.50263772944913,9.066099872512968
2014-01-24,Happiness Zone,Happiness Zone,173837.76428217127,159035.4912222526,73.83776428217126,59.0354912222526,9.307528115992959
2014-01-27,Happiness Zone,Happiness Zone,172571.80668221874,158253.1244290471,72.57180668221875,58.25312442904711,9.047961804755023
2014-01-28,Happiness Zone,Happiness Zone,173328.70993753086,159195.49543262675,73.32870993753087,59.19549543262674,8.877898502401681
2014-01-29,Happiness Zone,Happiness Zone,171707.48743094836,157666.38680780525,71.70748743094835,57.666386807805246,8.905576456356012
2014-01-30,Happiness Zone,Happiness Zone,174014.3812804555,159337.8120744137,74.0143812804555,59.33781207441369,9.210976989685026
2014-01-31,Happiness Zone,Happiness Zone,173365.1690689284,158404.28485512765,73.36516906892841,58.404284855127656,9.444747171759627
2014-02-03,Happiness Zone,Happiness Zone,169642.25050273686,154839.35707187132,69.64225050273687,54.839357071871305,9.560162035544062
2014-02-04,Happiness Zone,Happiness Zone,170895.17962347306,155923.91147754985,70.89517962347304,55.92391147754985,9.601649935570533
2014-02-05,Happiness Zone,Happiness Zone,170610.1125801046,155728.3156155082,70.61011258010458,55.728315615508215,9.556256295315869
2014-02-06,Happiness Zone,Happiness Zone,172597.91312933908,157781.9722371793,72.59791312933908,57.78197223717929,9.39013543948375
2014-02-07,Happiness Zone,Happiness Zone,174787.39536514963,159737.81427286853,74.78739536514962,59.737814272868526,9.421426705246505
2014-02-10,Happiness Zone,Happiness Zone,175390.33285633303,160031.174756009,75.39033285633303,60.03117475600899,9.597603794224053
2014-02-11,Happiness Zone,Happiness Zone,177093.2839294847,161782.577145363,77.09328392948468,61.78257714536299,9.463755031152022
2014-02-12,Happiness Zone,Happiness Zone,177319.31793107468,161862.53761314755,77.31931793107466,61.86253761314755,9.549325338559145
2014-02-13,Happiness Zone,Happiness Zone,178330.52560082305,162698.23359149077,78.33052560082305,62.698233591490784,9.608151031671586
2014-02-14,Happiness Zone,Happiness Zone,178869.72205473145,163596.13584918733,78.86972205473144,63.59613584918733,9.336153403784685
2014-02-18,Happiness Zone,Happiness Zone,179397.7655917598,163791.68174634594,79.39776559175979,63.79168174634595,9.528007575856034
2014-02-19,Happiness Zone,Happiness Zone,178207.7281784821,162707.1273406674,78.2077281784821,62.70712734066739,9.526688284134233
2014-02-20,Happiness Zone,Happiness Zone,178917.3827427464,163667.20256779526,78.91738274274643,63.66720256779526,9.317798517778254
2014-02-21,Happiness Zone,Happiness Zone,178849.33928471024,163480.51710989125,78.84933928471023,63.480517109891245,9.401011476179821
2014-02-24,Happiness Zone,Happiness Zone,179761.12894932463,164387.34642668642,79.76112894932463,64.38734642668642,9.35216904270344
2014-02-25,Happiness Zone,Happiness Zone,179554.96638902577,164325.1068374111,79.55496638902576,64.32510683741108,9.268126973855328
2014-02-26,Happiness Zone,Happiness Zone,179595.1208924395,164333.98393162672,79.5951208924395,64.33398393162673,9.28665915332667
2014-02-27,Happiness Zone,Happiness Zone,180445.212390037,165196.29453765578,80.44521239003699,65.19629453765579,9.230786861811424
2014-02-28,Happiness Zone,Happiness Zone,180824.4524467692,165614.13419934688,80.82445244676919,65.61413419934688,9.18419090312299
2014-03-03,Happiness Zone,Happiness Zone,179669.60962103723,164449.51939611774,79.66960962103724,64.44951939611774,9.255174646183129
2014-03-04,Happiness Zone,Happiness Zone,182268.78873168875,166760.96150422277,82.26878873168874,66.76096150422278,9.299435004201072
2014-03-05,Happiness Zone,Happiness Zone,182718.42942825257,166912.05531045928,82.71842942825256,66.91205531045927,9.469881662168223
2014-03-06,Happiness Zone,Happiness Zone,182746.83866524784,167294.40325024893,82.74683866524784,67.29440325024893,9.236672067196562
2014-03-07,Happiness Zone,Happiness Zone,182396.04915717687,167365.5032787789,82.39604915717686,67.3655032787789,8.980671395204865
2014-03-10,Happiness Zone,Happiness Zone,182258.38720113432,167276.66571677872,82.25838720113433,67.27666571677872,8.956253055474939
2014-03-11,Happiness Zone,Happiness Zone,181595.152834517,166449.8135227291,81.59515283451701,66.4498135227291,9.09904252294027
2014-03-12,Happiness Zone,Happiness Zone,181847.8598056154,166494.2822686122,81.84785980561537,66.49428226861221,9.221684569463239
2014-03-13,Happiness Zone,Happiness Zone,179851.75855880836,164627.32775980612,79.85175855880836,64.62732775980614,9.247815053655572
2014-03-14,Happiness Zone,Happiness Zone,179200.58137614722,164165.00269727092,79.20058137614723,64.16500269727092,9.158820961738545
2014-03-17,Happiness Zone,Happiness Zone,180645.99274359609,165649.74250597536,80.6459927435961,65.64974250597535,9.052987351960272
2014-03-18,Happiness Zone,Happiness Zone,182133.15428582148,166832.12815259674,82.13315428582149,66.83212815259674,9.17151048941205
2014-03-19,Happiness Zone,Happiness Zone,181084.79902471343,165943.0530242328,81.08479902471343,65.9430530242328,9.124663988355985
2014-03-20,Happiness Zone,Happiness Zone,182134.7733725294,166912.05531045928,82.1347733725294,66.91205531045927,9.120202871958893
2014-03-21,Happiness Zone,Happiness Zone,181419.2027832178,166264.74359604256,81.4192027832178,66.26474359604258,9.114655855118968
2014-03-24,Happiness Zone,Happiness Zone,180543.89181909274,165577.160185916,80.54389181909274,65.577160185916,9.039128111855256
2014-03-25,Happiness Zone,Happiness Zone,181202.89059174166,166362.9412461275,81.20289059174166,66.36294124612752,8.920225402638815
2014-03-26,Happiness Zone,Happiness Zone,179346.77558420473,165166.43219257396,79.34677558420474,65.16643219257396,8.585487500933219
2014-03-27,Happiness Zone,Happiness Zone,178872.41299942773,164818.21026788338,78.87241299942774,64.81821026788337,8.527093401088193
2014-03-28,Happiness Zone,Happiness Zone,179508.51741945694,165630.68923058576,79.50851741945695,65.63068923058577,8.378778264667442
2014-03-31,Happiness Zone,Happiness Zone,181003.6495257622,166988.03524256367,81.00364952576217,66.98803524256367,8.39318473496602
2014-04-01,Happiness Zone,Happiness Zone,182439.6952315581,168095.24039520888,82.43969523155809,68.09524039520889,8.533528256138577
2014-04-02,Happiness Zone,Happiness Zone,182868.3804357832,168657.81166803263,82.86838043578322,68.65781166803264,8.425680748023145
2014-04-03,Happiness Zone,Happiness Zone,182162.37489210142,168434.60188064488,82.16237489210141,68.43460188064488,8.150209552063558
2014-04-04,Happiness Zone,Happiness Zone,179540.69237245515,166443.3180879372,79.54069237245514,66.4433180879372,7.868969709915419
2014-04-07,Happiness Zone,Happiness Zone,177896.25687409498,164603.8609197502,77.89625687409499,64.60386091975022,8.075385279586644
2014-04-08,Happiness Zone,Happiness Zone,178891.7712723945,165282.53392573918,78.89177127239448,65.28253392573917,8.233923466329408
2014-04-09,Happiness Zone,Happiness Zone,180779.8403270781,167059.4184054307,80.7798403270781,67.0594184054307,8.212899369941407
2014-04-10,Happiness Zone,Happiness Zone,176773.02247591273,163550.2347766578,76.77302247591274,63.5502347766578,8.084847886223944
2014-04-11,Happiness Zone,Happiness Zone,175038.61320037395,162076.8703063197,75.03861320037394,62.0768703063197,7.997281086164243
2014-04-14,Happiness Zone,Happiness Zone,176306.52145082108,163353.83947648792,76.30652145082108,63.35383947648792,7.929217957682266
2014-04-15,Happiness Zone,Happiness Zone,177400.20422429562,164478.8820923694,77.40020422429563,64.4788820923694,7.855915584755602
2014-04-16,Happiness Zone,Happiness Zone,179134.1089904341,166202.22087243016,79.1341089904341,66.20222087243015,7.780815472935165
2014-04-17,Happiness Zone,Happiness Zone,179179.43363422237,166434.44099372157,79.17943363422238,66.43444099372158,7.657665423337212
2014-04-21,Happiness Zone,Happiness Zone,179887.71393135202,167014.78310993756,79.88771393135201,67.01478310993755,7.707659514751364
2014-04-22,Happiness Zone,Happiness Zone,180878.07386943078,167773.81630277517,80.87807386943078,67.77381630277517,7.8106690635247
2014-04-23,Happiness Zone,Happiness Zone,180093.1399818301,167380.94242763042,80.09313998183012,67.38094242763042,7.5947699719136175
2014-04-24,Happiness Zone,Happiness Zone,180809.98082668826,167720.1706733784,80.80998082668826,67.72017067337839,7.8045533228088715
2014-04-25,Happiness Zone,Happiness Zone,178969.6772225733,166345.08712793025,78.96967722257328,66.34508712793026,7.589397626714334
2014-04-28,Happiness Zone,Happiness Zone,179388.17198693255,166871.93350939846,79.38817198693255,66.87193350939846,7.500505456077278
2014-04-29,Happiness Zone,Happiness Zone,180410.1719329653,167648.73754562833,80.41017193296531,67.64873754562832,7.612007447335389
2014-04-30,Happiness Zone,Happiness Zone,180906.43960521434,168148.83605972267,80.90643960521436,68.14883605972267,7.587090011708719
2014-05-01,Happiness Zone,Happiness Zone,181190.83034345467,168166.72348784195,81.19083034345466,68.16672348784196,7.744758645163419
2014-05-02,Happiness Zone,Happiness Zone,180970.30641449895,167925.62627233492,80.97030641449894,67.92562627233491,7.768129517652467
2014-05-05,Happiness Zone,Happiness Zone,181322.43467450072,168247.0670197296,81.32243467450071,68.24706701972963,7.771527840802017
2014-05-06,Happiness Zone,Happiness Zone,179470.86643947446,166782.64626345117,79.47086643947445,66.78264626345116,7.6076381208035615
2014-05-07,Happiness Zone,Happiness Zone,180259.87895701913,167764.85593375456,80.25987895701914,67.76485593375456,7.447938338288496
2014-05-08,Happiness Zone,Happiness Zone,180241.59474478397,167586.28144185993,80.24159474478397,67.58628144185994,7.551521039814046
2014-05-09,Happiness Zone,Happiness Zone,180584.80134593803,167836.3223714266,80.58480134593805,67.83632237142658,7.59578069537219
2014-05-12,Happiness Zone,Happiness Zone,182614.56533684762,169470.35725057905,82.61456533684762,69.47035725057904,7.756051441393685
2014-05-13,Happiness Zone,Happiness Zone,182471.447626827,169622.16722013877,82.47144762682699,69.62216722013876,7.575236549131104
2014-05-14,Happiness Zone,Happiness Zone,181561.41028601534,168818.582006613,81.56141028601533,68.818582006613,7.548237953392589
2014-05-15,Happiness Zone,Happiness Zone,180242.3610736934,167336.27382221527,80.2423610736934,67.33627382221528,7.7126656143844174
2014-05-16,Happiness Zone,Happiness Zone,181102.61899158393,167916.64924835326,81.10261899158392,67.91664924835325,7.85268751029462
2014-05-19,Happiness Zone,Happiness Zone,181883.57637626276,168532.8161856908,81.88357637626275,68.5328161856908,7.921757016070963
2014-05-20,Happiness Zone,Happiness Zone,180920.01804296573,167470.26298349976,80.92001804296574,67.47026298349977,8.031130315231616
2014-05-21,Happiness Zone,Happiness Zone,182022.4265542532,168881.05476534241,82.0224265542532,68.88105476534241,7.781436353041804
2014-05-22,Happiness Zone,Happiness Zone,182567.83710676138,169291.7327938014,82.56783710676139,69.2917327938014,7.842145681815649
2014-05-23,Happiness Zone,Happiness Zone,183622.26850356697,169970.38914482936,83.62226850356697,69.97038914482935,8.031916281079422
2014-05-27,Happiness Zone,Happiness Zone,185188.5487164299,171015.2048135502,85.1885487164299,71.0152048135502,8.287768282552555
2014-05-28,Happiness Zone,Happiness Zone,184739.1923185233,170890.17602128634,84.7391923185233,70.89017602128635,8.10404472607711
2014-05-29,Happiness Zone,Happiness Zone,185562.61170647704,171774.1713865438,85.56261170647703,71.7741713865438,8.02707427352689
2014-05-30,Happiness Zone,Happiness Zone,185787.01767496025,172050.96018348436,85.78701767496027,72.05096018348436,7.983714520876273
2014-06-02,Happiness Zone,Happiness Zone,185860.57653318596,172247.40544853723,85.86057653318595,72.24740544853722,7.903266263546693
2014-06-03,Happiness Zone,Happiness Zone,185786.7136910963,172158.13485755093,85.7867136910963,72.15813485755093,7.9163141752331745
2014-06-04,Happiness Zone,Happiness Zone,186255.0955169971,172506.37343720254,86.2550955169971,72.50637343720254,7.969979198942179
2014-06-05,Happiness Zone,Happiness Zone,187935.0552134297,173631.48267292802,87.9350552134297,73.63148267292803,8.237891147566545
2014-06-06,Happiness Zone,Happiness Zone,188747.7870677539,174461.94899351572,88.7477870677539,74.46194899351572,8.188512255339496
2014-06-09,Happiness Zone,Happiness Zone,188794.28908719186,174640.4402106053,88.79428908719187,74.64044021060529,8.104565505857586
2014-06-10,Happiness Zone,Happiness Zone,188717.74915833265,174658.37760360757,88.71774915833264,74.65837760360756,8.049640531205004
2014-06-11,Happiness Zone,Happiness Zone,188185.7017895986,174051.18769025168,88.1857017895986,74.05118769025168,8.120894942987267
2014-06-12,Happiness Zone,Happiness Zone,186915.08580724619,172818.88712549862,86.91508580724619,72.81888712549862,8.156630861481663
2014-06-13,Happiness Zone,Happiness Zone,187410.85527874448,173345.73350696685,87.41085527874448,73.34573350696685,8.11391286490033
2014-06-16,Happiness Zone,Happiness Zone,187309.25209263669,173488.5331426229,87.3092520926367,73.48853314262291,7.966358755625613
2014-06-17,Happiness Zone,Happiness Zone,187930.65255311667,173970.827503403,87.93065255311667,73.970827503403,8.024233286721927
2014-06-18,Happiness Zone,Happiness Zone,189066.35012961944,175247.61346900018,89.06635012961945,75.24761346900017,7.885263820191013
2014-06-19,Happiness Zone,Happiness Zone,189195.5528664551,175444.07538901406,89.1955528664551,75.44407538901406,7.838097380575393
2014-06-20,Happiness Zone,Happiness Zone,189533.3971851059,175800.34165987003,89.53339718510588,75.80034165987001,7.811734263751258
2014-06-23,Happiness Zone,Happiness Zone,189544.81327628854,175746.4961709412,89.54481327628854,75.74649617094119,7.8512615647974515
2014-06-24,Happiness Zone,Happiness Zone,188786.18459804315,174687.74029985923,88.78618459804315,74.68774029985923,8.070654685888833
2014-06-25,Happiness Zone,Happiness Zone,189483.3578112225,175477.28538125785,89.4833578112225,75.47728538125786,7.981701107088468
2014-06-26,Happiness Zone,Happiness Zone,189316.16030195868,175351.74028520286,89.31616030195867,75.35174028520287,7.963662062345778
2014-06-27,Happiness Zone,Happiness Zone,190072.26861118525,175692.6173720903,90.07226861118525,75.6926173720903,8.184550639735221
2014-06-30,Happiness Zone,Happiness Zone,190095.14310005153,175602.91375211786,90.09514310005153,75.60291375211787,8.252841048179294
2014-07-01,Happiness Zone,Happiness Zone,191388.65815409488,176778.27100519516,91.3886581540949,76.77827100519517,8.264809394176243
2014-07-02,Happiness Zone,Happiness Zone,191439.63604676138,176957.72821002305,91.43963604676138,76.95772821002305,8.183823325054451
2014-07-03,Happiness Zone,Happiness Zone,192283.53041564132,177827.98323245146,92.28353041564132,77.82798323245146,8.12894962897599
2014-07-07,Happiness Zone,Happiness Zone,191721.94004892776,177208.88502197704,91.72194004892775,77.20888502197705,8.18980099397999
2014-07-08,Happiness Zone,Happiness Zone,190288.5961815702,176069.50248467035,90.28859618157021,76.06950248467035,8.075841355965574
2014-07-09,Happiness Zone,Happiness Zone,191110.26999902152,176858.99760118595,91.11026999902153,76.85899760118595,8.057985508869582
2014-07-10,Happiness Zone,Happiness Zone,190475.8418951389,176159.18944968175,90.47584189513891,76.15918944968176,8.127110762817491
2014-07-11,Happiness Zone,Happiness Zone,191002.01698537468,176401.45251245916,91.00201698537467,76.40145251245916,8.276895833317631
2014-07-14,Happiness Zone,Happiness Zone,192034.08669663366,177289.72820269485,92.03408669663366,77.28972820269486,8.316532854673685
2014-07-15,Happiness Zone,Happiness Zone,191847.43057799706,176957.72821002305,91.84743057799707,76.95772821002305,8.414270751883812
2014-07-16,Happiness Zone,Happiness Zone,192416.10875226406,177612.73451642404,92.41610875226407,77.61273451642403,8.334635619537245
2014-07-17,Happiness Zone,Happiness Zone,190249.85945937643,175593.97003805824,90.24985945937642,75.59397003805823,8.346465096803545
2014-07-18,Happiness Zone,Happiness Zone,192480.0272015789,177388.37553672693,92.48002720157888,77.38837553672693,8.507689198454461
2014-07-21,Happiness Zone,Happiness Zone,192103.3538817742,177056.39219901612,92.10335388177423,77.05639219901612,8.498400704926201
2014-07-22,Happiness Zone,Happiness Zone,193051.02259796555,177827.98323245146,93.05102259796556,77.82798323245146,8.560542097367762
2014-07-23,Happiness Zone,Happiness Zone,193636.4348175212,178222.77242811176,93.63643481752119,78.22277242811175,8.64853698515251
2014-07-24,Happiness Zone,Happiness Zone,193587.91302471163,178231.7661070544,93.58791302471164,78.2317661070544,8.615830529577773
2014-07-25,Happiness Zone,Happiness Zone,192718.7175820282,177397.36921566958,92.7187175820282,77.39736921566957,8.636739335030285
2014-07-28,Happiness Zone,Happiness Zone,192893.60658352898,177469.11878767872,92.89360658352899,77.46911878767872,8.691364391291012
2014-07-29,Happiness Zone,Happiness Zone,192300.30191943303,176706.48812326402,92.30030191943304,76.70648812326402,8.824697928064374
2014-07-30,Happiness Zone,Happiness Zone,192641.42771281814,176733.41919520896,92.64142771281814,76.73341919520895,9.001132094908538
2014-07-31,Happiness Zone,Happiness Zone,189060.86172644823,173243.27218686466,89.06086172644822,73.24327218686466,9.13027636797481
2014-08-01,Happiness Zone,Happiness Zone,188283.01063388115,172713.86094140168,88.28301063388115,72.71386094140169,9.014418187178252
2014-08-04,Happiness Zone,Happiness Zone,189591.81358005878,173961.03438633212,89.59181358005878,73.96103438633213,8.985218585797705
2014-08-05,Happiness Zone,Happiness Zone,187984.86856837512,172274.23659071614,87.98486856837513,72.27423659071614,9.11954816260996
2014-08-06,Happiness Zone,Happiness Zone,188041.17743058378,172328.115389567,88.04117743058377,72.328115389567,9.118107051478885
2014-08-07,Happiness Zone,Happiness Zone,187348.6828769523,171394.9878893451,87.34868287695232,71.39498788934509,9.30814557885855
2014-08-08,Happiness Zone,Happiness Zone,188934.81521717238,173377.8609267453,88.93481521717237,73.37786092674531,8.972860898889579
2014-08-11,Happiness Zone,Happiness Zone,189705.14709205503,173880.29113538034,89.70514709205504,73.88029113538033,9.101006130909761
2014-08-12,Happiness Zone,Happiness Zone,189566.05595024617,173638.02807260296,89.56605595024615,73.63802807260296,9.173121841134503
2014-08-13,Happiness Zone,Happiness Zone,191119.2052438667,174813.40198064127,91.1192052438667,74.81340198064126,9.327547589875929
2014-08-14,Happiness Zone,Happiness Zone,191851.11325417674,175638.82184804446,91.85111325417674,75.63882184804447,9.23047150712415
2014-08-15,Hawkish Policy,Happiness Zone,191900.38608235534,175602.91375211786,91.90038608235534,75.60291375211787,9.2808666906536
2014-08-18,Hawkish Policy,Happiness Zone,193577.20656610926,177074.3795569014,93.57720656610925,77.07437955690139,9.31971471564852
2014-08-19,Hawkish Policy,Happiness Zone,194401.7280599966,177998.48006825868,94.40172805999659,77.99848006825867,9.215386550181549
2014-08-20,Hawkish Policy,Happiness Zone,194681.55608716098,178474.0791347148,94.68155608716098,78.47407913471478,9.081137737773414
2014-08-21,Hawkish Policy,Happiness Zone,195374.12237175743,178994.3801165081,95.37412237175744,78.9943801165081,9.15098130152896
2014-08-22,Hawkish Policy,Happiness Zone,195106.78387583327,178716.25892268715,95.10678387583327,78.71625892268715,9.171255627187612
2014-08-25,Hawkish Policy,Happiness Zone,195848.91230784162,179622.45535096416,95.8489123078416,79.62245535096415,9.033646113551107
2014-08-26,Hawkish Policy,Happiness Zone,196132.26157160077,179739.1066978425,96.13226157160078,79.7391066978425,9.120527621914043
2014-08-27,Hawkish Policy,Happiness Zone,196040.77770430938,179667.30716095035,96.04077770430939,79.66730716095036,9.113216423225667
2014-08-28,Hawkish Policy,Happiness Zone,195784.9818990881,179568.55989715227,95.78498189908811,79.56855989715228,9.030769089657875
2014-08-29,Hawkish Policy,Happiness Zone,196521.52074737498,180080.01709465196,96.52152074737496,80.08001709465195,9.130110002200409
2014-09-02,Hawkish Policy,Happiness Zone,196810.47154158325,179990.33012964053,96.81047154158324,79.99033012964051,9.345025035415944
2014-09-03,Hawkish Policy,Happiness Zone,196313.36395004293,179891.61617576444,96.31336395004293,79.89161617576444,9.128689887489516
2014-09-04,Hawkish Policy,Happiness Zone,196088.70327955528,179631.4490299068,96.08870327955528,79.6314490299068,9.16167761186879
2014-09-05,Hawkish Policy,Happiness Zone,196998.22644316356,180438.8981943857,96.99822644316356,80.4388981943857,9.177249703076008
2014-09-08,Hawkish Policy,Happiness Zone,196978.6844934941,179972.35942671626,96.9786844934941,79.97235942671625,9.449409409839248
2014-09-09,Hawkish Policy,Happiness Zone,195511.93923343305,178832.96023444855,95.51193923343304,78.83296023444855,9.326568758420418
2014-09-10,Hawkish Policy,Happiness Zone,196157.60043100553,179505.7873491248,96.15760043100552,79.50578734912479,9.276477002657458
2014-09-11,Hawkish Policy,Happiness Zone,196379.54289967593,179712.14231597556,96.37954289967593,79.71214231597557,9.274498856284975
2014-09-12,Hawkish Policy,Happiness Zone,194976.6737870211,178662.38012383628,94.9766737870211,78.66238012383629,9.131353590989267
2014-09-15,Hawkish Policy,Happiness Zone,194124.84106577112,178527.89131372166,94.12484106577112,78.52789131372167,8.736421876311429
2014-09-16,Hawkish Policy,Happiness Zone,195479.10276678117,179873.69543772316,95.47910276678118,79.87369543772316,8.67575844877273
2014-09-17,Hawkish Policy,Happiness Zone,195817.58548825863,180115.94184553955,95.81758548825863,80.11594184553954,8.717520216052943
2014-09-18,Hawkish Policy,Happiness Zone,196806.18117556273,181075.93379786238,96.80618117556273,81.07593379786238,8.687099962858813
2014-09-19,Hawkish Policy,Happiness Zone,196506.84072177336,180912.79845481933,96.50684072177336,80.91279845481934,8.619645707845503
2014-09-22,Hawkish Policy,Happiness Zone,194970.63330061882,179515.63043107867,94.97063330061881,79.51563043107865,8.609279778271883
2014-09-23,Hawkish Policy,Happiness Zone,194034.43967306096,178487.9860271539,94.03443967306096,78.4879860271539,8.710084074533686
2014-09-24,Hawkish Policy,Happiness Zone,195349.15698729877,179885.20401577756,95.34915698729878,79.88520401577756,8.596567492101737
2014-09-25,Hawkish Policy,Happiness Zone,192180.70076553975,176982.61072176436,92.18070076553974,76.98261072176436,8.587335208693702
2014-09-26,Hawkish Policy,Happiness Zone,193980.98991064623,178388.8723542137,93.98098991064623,78.3888723542137,8.740521396128575
2014-09-29,Hawkish Policy,Happiness Zone,193670.95031103873,178064.31712911106,93.67095031103874,78.06431712911106,8.764604516811536
2014-09-30,Hawkish Policy,Happiness Zone,193371.0176964893,177595.54659666697,93.37101769648928,77.59554659666696,8.882807819302819
2014-10-01,Hawkish Policy,Happiness Zone,190837.9918154842,175188.8547665749,90.8379918154842,75.18885476657489,8.932724099235955
2014-10-02,Hawkish Policy,Happiness Zone,190971.58158378466,175215.85245836384,90.97158158378467,75.21585245836384,8.992182444887419
2014-10-03,Hawkish Policy,Happiness Zone,192835.0994229098,177144.88000683518,92.83509942290982,77.1448800068352,8.857280783655286
2014-10-06,Hawkish Policy,Happiness Zone,192548.51465736152,176937.5757072071,92.54851465736151,76.93757570720712,8.822851159658196
2014-10-07,Hawkish Policy,Happiness Zone,189872.5558941645,174206.26203216836,89.87255589416452,74.20626203216835,8.992956785389982
2014-10-08,Hawkish Policy,Happiness Zone,193286.91677085386,177253.08728848406,93.28691677085385,77.25308728848405,9.045726496303175
2014-10-09,Hawkish Policy,Happiness Zone,190161.0786014971,173737.6080844513,90.16107860149711,73.7376080844513,9.453031325873095
2014-10-10,Hawkish Policy,Happiness Zone,187516.19719256592,171754.468567675,87.51619719256591,71.754468567675,9.176895807331164
2014-10-13,Hawkish Policy,Hawkish Policy,185393.02055055363,168933.06820856073,85.39302055055362,68.93306820856073,9.743475635967158
2014-10-14,Hawkish Policy,Hawkish Policy,186049.4737696056,169194.48447649376,86.04947376960558,69.19448447649377,9.961902331073635
2014-10-15,Hawkish Policy,Hawkish Policy,184732.44425241838,168049.70573182148,84.73244425241839,68.04970573182148,9.9272643459547
2014-10-16,Hawkish Policy,Hawkish Policy,184431.54793089774,167905.47376951898,84.43154793089774,67.90547376951899,9.842486841175768
2014-10-17,Hawkish Policy,Hawkish Policy,186234.64729843644,169888.53001149025,86.23464729843644,69.88853001149025,9.621672096309641
2014-10-20,Hawkish Policy,Hawkish Policy,188165.59999121135,171538.12062422125,88.16559999121134,71.53812062422125,9.69316867089558
2014-10-21,Hawkish Policy,Hawkish Policy,191723.04098487773,174936.4321775845,91.72304098487774,74.93643217758449,9.595833525547448
2014-10-22,Hawkish Policy,Hawkish Policy,190585.40200206285,173692.473140128,90.58540200206284,73.69247314012799,9.725769088627324
2014-10-23,Hawkish Policy,Hawkish Policy,192770.4061715276,175711.60402763588,92.77040617152761,75.71160402763589,9.708409548870044
2014-10-24,Hawkish Policy,Hawkish Policy,194047.35478553383,177063.77034674128,94.04735478553383,77.06377034674128,9.591789673027895
2014-10-27,Hawkish Policy,Hawkish Policy,194205.27498448393,176820.4746763816,94.20527498448392,76.8204746763816,9.831893246480728
2014-10-28,Hawkish Policy,Hawkish Policy,196546.4892412938,178848.59924283216,96.54648924129381,78.84859924283217,9.89545910529177
2014-10-29,Hawkish Policy,Hawkish Policy,196191.08596836802,178578.12267611246,96.191085968368,78.57812267611246,9.862889713652233
2014-10-30,Hawkish Policy,Hawkish Policy,197110.7930742372,179722.93473070677,97.11079307423722,79.72293473070677,9.674813272765693
2014-10-31,Hawkish Policy,Hawkish Policy,199510.55437604102,181778.1735736733,99.51055437604101,81.7781735736733,9.754955973953017
2014-11-03,Hawkish Policy,Hawkish Policy,200051.2371055974,181877.25393669147,100.05123710559741,81.87725393669147,9.992444231224207
2014-11-04,Hawkish Policy,Hawkish Policy,199672.1657075253,181246.3140489426,99.67216570752531,81.24631404894258,10.166193864558881
2014-11-05,Hawkish Policy,Hawkish Policy,200278.78156289976,182391.14275849788,100.27878156289978,82.39114275849788,9.807295756728006
2014-11-06,Hawkish Policy,Hawkish Policy,200597.43719813274,183121.27959399202,100.59743719813272,83.12127959399203,9.543488142332812
2014-11-07,Hawkish Policy,Hawkish Policy,200635.43699168696,183292.50924808346,100.63543699168696,83.29250924808346,9.46188571194153
2014-11-10,Hawkish Policy,Hawkish Policy,201441.28917884437,183869.45375225446,101.44128917884436,83.86945375225446,9.556690939141088
2014-11-11,Hawkish Policy,Hawkish Policy,201491.7906771357,184049.69374024955,101.49179067713567,84.04969374024955,9.476841054406894
2014-11-12,Hawkish Policy,Hawkish Policy,201403.54515286282,183851.38311956413,101.4035451528628,83.85138311956413,9.546929555533445
2014-11-13,Hawkish Policy,Hawkish Policy,201807.6026168515,184058.67076423118,101.80760261685151,84.0586707642312,9.643083794381901
2014-11-14,Hawkish Policy,Hawkish Policy,201829.16118595537,184103.75574367147,101.82916118595537,84.10375574367146,9.627943422818097
2014-11-17,Hawkish Policy,Hawkish Policy,201683.32718101185,184220.90673937998,101.68332718101185,84.22090673937998,9.479065514717178
2014-11-18,Hawkish Policy,Hawkish Policy,202727.45268269582,185284.5924789194,102.72745268269583,85.2845924789194,9.414091031752125
2014-11-19,Hawkish Policy,Hawkish Policy,201906.88671471085,184987.16818529376,101.90688671471086,84.98716818529377,9.146428206560442
2014-11-20,Hawkish Policy,Hawkish Policy,202524.49929303664,185311.65679055237,102.52449929303667,85.31165679055238,9.288591338827112
2014-11-21,Hawkish Policy,Hawkish Policy,203269.03625971242,186303.2432039015,103.2690362597124,86.3032432039015,9.106547349389139
2014-11-24,Hawkish Policy,Hawkish Policy,204342.79302137883,186826.04242984555,104.34279302137885,86.82604242984556,9.375968341303897
2014-11-25,Hawkish Policy,Hawkish Policy,204406.99848368423,186690.8374564077,104.40699848368422,86.69083745640769,9.48957178008978
2014-11-26,Hawkish Policy,Hawkish Policy,205358.7669860506,187168.56835787246,105.3587669860506,87.16856835787246,9.718618242245626
2014-11-28,Hawkish Policy,Hawkish Policy,205489.23284008662,186771.93046154059,105.48923284008663,86.77193046154059,10.021475032298955
2014-12-01,Hawkish Policy,Hawkish Policy,203814.55910343208,185473.94273058418,103.81455910343207,85.47394273058417,9.888513773327778
2014-12-02,Hawkish Policy,Hawkish Policy,204960.87308765124,186672.8001336394,104.96087308765124,86.67280013363938,9.796860035805643
2014-12-03,Hawkish Policy,Hawkish Policy,205578.74804502388,187393.94329019086,105.57874804502387,87.39394329019086,9.704051494702126
2014-12-04,Hawkish Policy,Hawkish Policy,205530.05219542753,187186.57237071876,105.53005219542753,87.18657237071876,9.799570339041153
2014-12-05,Hawkish Policy,Hawkish Policy,205855.33470173192,187493.04030817005,105.85533470173192,87.49304030817004,9.793587198426646
2014-12-08,Hawkish Policy,Hawkish Policy,205023.40498914712,186240.15421161492,105.02340498914711,86.24015421161492,10.085500013165682
2014-12-09,Hawkish Policy,Hawkish Policy,205335.32548684743,186113.94291711974,105.33532548684744,86.11394291711973,10.327749908714456
2014-12-10,Hawkish Policy,Hawkish Policy,202598.19827562143,183130.20665309063,102.59819827562144,83.13020665309064,10.630682932286328
2014-12-11,Hawkish Policy,Hawkish Policy,203385.84560059127,184058.67076423118,103.38584560059125,84.0586707642312,10.500551131936131
2014-12-12,Hawkish Policy,Hawkish Policy,200646.6918086762,181084.02810891077,100.64669180867618,81.08402810891077,10.803086226908821
2014-12-15,Hawkish Policy,Hawkish Policy,198940.39083814286,179840.1023813763,98.94039083814286,79.84010238137628,10.620705951480014
2014-12-16,Hawkish Policy,Hawkish Policy,197073.97273880054,178397.88268811736,97.07397273880053,78.39788268811736,10.468784589407655
2014-12-17,Hawkish Policy,Hawkish Policy,200948.99328240266,181895.3245693818,100.94899328240268,81.8953245693818,10.475073374276356
2014-12-18,Hawkish Policy,Hawkish Policy,205194.61439722928,186393.37985286006,105.19461439722929,86.39337985286006,10.086857462003751
2014-12-19,Hawkish Policy,Hawkish Policy,205735.2520032648,187186.43913103073,105.73525200326479,87.18643913103072,9.909271717728373
2014-12-22,Hawkish Policy,Hawkish Policy,207039.48565516795,188047.4839600234,107.03948565516797,88.04748396002341,10.099577667937321
2014-12-23,Hawkish Policy,Hawkish Policy,207121.38997008893,188301.3388756602,107.12138997008891,88.3013388756602,9.994645394877445
2014-12-24,Hawkish Policy,Hawkish Policy,207040.9368259865,188319.42616331152,107.0409368259865,88.31942616331152,9.941359234197943
2014-12-26,Hawkish Policy,Hawkish Policy,207839.88885360095,188926.71600643347,107.83988885360097,88.92671600643347,10.010851427980905
2014-12-29,Hawkish Policy,Hawkish Policy,208090.15949288307,189180.52095718725,108.09015949288306,89.18052095718724,9.995552628790572
2014-12-30,Hawkish Policy,Hawkish Policy,207149.22212054726,188165.33446409414,107.14922212054728,88.16533446409413,10.088939979577184
